TIMESTAMP,TA_F_MDS,TA_F_MDS_QC,TA_F_MDS_NIGHT,TA_F_MDS_NIGHT_SD,TA_F_MDS_NIGHT_QC,TA_F_MDS_DAY,TA_F_MDS_DAY_SD,TA_F_MDS_DAY_QC,TA_ERA,TA_ERA_NIGHT,TA_ERA_NIGHT_SD,TA_ERA_DAY,TA_ERA_DAY_SD,TA_F,TA_F_QC,TA_F_NIGHT,TA_F_NIGHT_SD,TA_F_NIGHT_QC,TA_F_DAY,TA_F_DAY_SD,TA_F_DAY_QC,SW_IN_POT,SW_IN_F_MDS,SW_IN_F_MDS_QC,SW_IN_ERA,SW_IN_F,SW_IN_F_QC,LW_IN_F_MDS,LW_IN_F_MDS_QC,LW_IN_ERA,LW_IN_F,LW_IN_F_QC,LW_IN_JSB,LW_IN_JSB_QC,LW_IN_JSB_ERA,LW_IN_JSB_F,LW_IN_JSB_F_QC,VPD_F_MDS,VPD_F_MDS_QC,VPD_ERA,VPD_F,VPD_F_QC,PA_ERA,PA_F,PA_F_QC,P_ERA,P_F,P_F_QC,WS_ERA,WS_F,WS_F_QC,USTAR,USTAR_QC,NETRAD,NETRAD_QC,PPFD_IN,PPFD_IN_QC,SW_OUT,SW_OUT_QC,LW_OUT,LW_OUT_QC,CO2_F_MDS,CO2_F_MDS_QC,TS_F_MDS_1,TS_F_MDS_2,TS_F_MDS_3,TS_F_MDS_4,TS_F_MDS_5,TS_F_MDS_6,TS_F_MDS_1_QC,TS_F_MDS_2_QC,TS_F_MDS_3_QC,TS_F_MDS_4_QC,TS_F_MDS_5_QC,TS_F_MDS_6_QC,SWC_F_MDS_1,SWC_F_MDS_2,SWC_F_MDS_3,SWC_F_MDS_4,SWC_F_MDS_1_QC,SWC_F_MDS_2_QC,SWC_F_MDS_3_QC,SWC_F_MDS_4_QC,G_F_MDS,G_F_MDS_QC,LE_F_MDS,LE_F_MDS_QC,LE_CORR,LE_RANDUNC,H_F_MDS,H_F_MDS_QC,H_CORR,H_RANDUNC,EBC_CF_N,EBC_CF_METHOD,NIGHT_D,DAY_D,NIGHT_RANDUNC_N,DAY_RANDUNC_N,NEE_VUT_REF,NEE_VUT_REF_QC,NEE_VUT_REF_RANDUNC,NEE_VUT_REF_JOINTUNC,NEE_VUT_USTAR50,NEE_VUT_USTAR50_QC,NEE_VUT_USTAR50_RANDUNC,NEE_VUT_USTAR50_JOINTUNC,NEE_VUT_MEAN,NEE_VUT_MEAN_QC,NEE_VUT_SE,NEE_VUT_05,NEE_VUT_16,NEE_VUT_25,NEE_VUT_50,NEE_VUT_75,NEE_VUT_84,NEE_VUT_95,NEE_VUT_05_QC,NEE_VUT_16_QC,NEE_VUT_25_QC,NEE_VUT_50_QC,NEE_VUT_75_QC,NEE_VUT_84_QC,NEE_VUT_95_QC,NEE_VUT_REF_NIGHT,NEE_VUT_REF_NIGHT_SD,NEE_VUT_REF_NIGHT_QC,NEE_VUT_REF_NIGHT_RANDUNC,NEE_VUT_REF_NIGHT_JOINTUNC,NEE_VUT_REF_DAY,NEE_VUT_REF_DAY_SD,NEE_VUT_REF_DAY_QC,NEE_VUT_REF_DAY_RANDUNC,NEE_VUT_REF_DAY_JOINTUNC,NEE_VUT_USTAR50_NIGHT,NEE_VUT_USTAR50_NIGHT_SD,NEE_VUT_USTAR50_NIGHT_QC,NEE_VUT_USTAR50_NIGHT_RANDUNC,NEE_VUT_USTAR50_NIGHT_JOINTUNC,NEE_VUT_USTAR50_DAY,NEE_VUT_USTAR50_DAY_SD,NEE_VUT_USTAR50_DAY_QC,NEE_VUT_USTAR50_DAY_RANDUNC,NEE_VUT_USTAR50_DAY_JOINTUNC,NEE_VUT_05_NIGHT,NEE_VUT_16_NIGHT,NEE_VUT_25_NIGHT,NEE_VUT_50_NIGHT,NEE_VUT_75_NIGHT,NEE_VUT_84_NIGHT,NEE_VUT_95_NIGHT,NEE_VUT_05_NIGHT_QC,NEE_VUT_16_NIGHT_QC,NEE_VUT_25_NIGHT_QC,NEE_VUT_50_NIGHT_QC,NEE_VUT_75_NIGHT_QC,NEE_VUT_84_NIGHT_QC,NEE_VUT_95_NIGHT_QC,NEE_VUT_05_DAY,NEE_VUT_16_DAY,NEE_VUT_25_DAY,NEE_VUT_50_DAY,NEE_VUT_75_DAY,NEE_VUT_84_DAY,NEE_VUT_95_DAY,NEE_VUT_05_DAY_QC,NEE_VUT_16_DAY_QC,NEE_VUT_25_DAY_QC,NEE_VUT_50_DAY_QC,NEE_VUT_75_DAY_QC,NEE_VUT_84_DAY_QC,NEE_VUT_95_DAY_QC,RECO_NT_VUT_REF,RECO_NT_VUT_USTAR50,RECO_NT_VUT_MEAN,RECO_NT_VUT_SE,RECO_NT_VUT_05,RECO_NT_VUT_16,RECO_NT_VUT_25,RECO_NT_VUT_50,RECO_NT_VUT_75,RECO_NT_VUT_84,RECO_NT_VUT_95,GPP_NT_VUT_REF,GPP_NT_VUT_USTAR50,GPP_NT_VUT_MEAN,GPP_NT_VUT_SE,GPP_NT_VUT_05,GPP_NT_VUT_16,GPP_NT_VUT_25,GPP_NT_VUT_50,GPP_NT_VUT_75,GPP_NT_VUT_84,GPP_NT_VUT_95,RECO_DT_VUT_REF,RECO_DT_VUT_USTAR50,RECO_DT_VUT_MEAN,RECO_DT_VUT_SE,RECO_DT_VUT_05,RECO_DT_VUT_16,RECO_DT_VUT_25,RECO_DT_VUT_50,RECO_DT_VUT_75,RECO_DT_VUT_84,RECO_DT_VUT_95,GPP_DT_VUT_REF,GPP_DT_VUT_USTAR50,GPP_DT_VUT_MEAN,GPP_DT_VUT_SE,GPP_DT_VUT_05,GPP_DT_VUT_16,GPP_DT_VUT_25,GPP_DT_VUT_50,GPP_DT_VUT_75,GPP_DT_VUT_84,GPP_DT_VUT_95,RECO_SR,RECO_SR_N
201301,4.472,1.0,3.639,1.479,1.0,5.76,1.944,1.0,5.282,4.563,1.236,6.413,1.542,4.472,1.0,3.639,1.479,1.0,5.76,1.944,1.0,136.682,59.652,1.0,63.014,59.652,1.0,290.591,1.0,294.427,290.591,1.0,275.723,1.0,289.718,275.723,1.0,3.016,1.0,4.393,3.016,1.0,98.134,98.298,0.998656,1.324,0.471,0.998656,1.474,1.109,0.994624,-9999,-9999,12.0365644234,0.998655913978,103.005201339,0.998655913978,6.31459750658,0.998655913978,331.247757539,0.998655913978,417.9,1.0,4.154,4.656,5.121,5.534,6.444,7.862,1.0,1.0,1.0,1.0,1.0,1.0,24.089,19.655,23.702,34.155,1.0,1.0,1.0,1.0,-3.61606,1.0,4.64815,0.999328,6.50227,0.158888,6.45397,0.999328,9.02841,0.660682,0.997312,1,29.3548,18.6452,29.2581,17.871,2.35447,0.834677,0.0400235,0.325232,2.61804,0.80914,0.0404184,0.325281,2.33322,0.829486,0.0413211,1.81487,1.93432,2.14742,2.38881,2.54618,2.57984,2.61804,0.982527,0.981855,0.903226,0.575941,0.835349,0.769489,0.80914,2.78225,0.499451,0.875017,0.0487218,0.423378,1.43589,1.96402,0.77193,0.0648243,0.215972,2.9271,0.543702,0.893705,0.0487615,0.423383,1.86094,1.91267,0.674986,0.0646333,0.215915,1.95635,2.10692,2.36159,2.78225,2.92992,2.94805,2.9749,0.998888,0.979117,0.995508,0.875017,0.883916,0.864646,0.86695,1.31497,1.43589,1.48348,1.58844,1.72981,1.84792,1.86876,0.830164,0.77193,0.634842,0.955518,0.564045,0.476127,0.674986,2.09456,3.46144,2.81353,0.0697149,2.23016,2.39906,2.45171,2.66225,3.35753,3.42935,3.50402,0.367463,0.843406,0.481267,0.0574606,-0.0709269,0.0525447,0.0819021,0.519063,0.809624,0.95047,1.00762,7.67863,8.73166,5.6925,0.458011,0.918406,2.59299,2.82075,3.90961,8.78323,8.83374,8.84495,1.69445,1.90291,1.30012,0.108577,0.202449,0.474072,0.613239,1.06175,1.9554,2.02388,2.04751,2.09454,1.0
201302,3.399,1.0,2.432,1.605,1.0,4.624,2.271,1.0,3.109,1.774,1.775,4.761,2.112,3.399,1.0,2.432,1.605,1.0,4.624,2.271,1.0,199.952,98.231,0.987351,105.031,99.253,0.987351,278.093,1.0,284.007,278.093,1.0,261.124,0.987351,277.415,261.42,0.987351,3.438,1.0,4.126,3.438,1.0,97.923,98.191,1.0,2.297,0.374,1.0,1.423,1.527,0.994048,-9999,-9999,35.5999351318,1.0,160.327852749,0.979910714286,10.3010289861,1.0,328.011610119,1.0,413.235,1.0,3.332,3.801,4.226,4.606,5.479,6.929,1.0,1.0,1.0,1.0,1.0,1.0,24.139,19.506,21.641,26.782,1.0,1.0,1.0,1.0,-3.32973,1.0,6.99279,0.997024,13.865,0.222497,12.8412,0.997024,25.4609,0.821684,0.991071,1,26.7143,21.2857,26.6429,19.0714,1.55816,0.866815,0.04922,0.131906,1.48028,0.853423,0.0503967,0.132349,1.55427,0.868136,0.0158353,1.40354,1.42502,1.44589,1.55816,1.60874,1.66978,1.72147,0.851935,0.850446,0.843006,0.866815,0.799851,0.886905,0.899554,2.04294,0.949499,0.971743,0.0611923,0.185851,0.842579,2.28507,0.736259,0.0801243,0.314127,2.05196,1.01292,0.976746,0.0611648,0.185842,0.665953,2.41957,0.698209,0.0790565,0.313857,1.82768,1.90087,2.04294,2.09179,2.22927,2.25184,2.27018,0.990977,0.990977,0.971743,0.976746,0.976746,0.947392,0.947392,0.323512,0.426855,0.538398,0.717987,1.01007,1.03433,1.08654,0.690918,0.699351,0.675844,0.699684,0.754756,0.867298,0.836725,2.23706,2.39055,2.40926,0.0392916,1.98867,2.09105,2.23706,2.40793,2.53609,2.61986,2.88355,0.727907,0.904771,0.863998,0.0449484,0.4572,0.524581,0.605971,0.870702,1.08002,1.14233,1.26902,3.035,2.82683,3.1285,0.111691,0.898612,2.59104,2.85144,3.19687,3.46309,3.67023,4.18386,1.10118,0.778323,1.06684,0.0465651,0.334506,0.856229,0.960049,1.04986,1.19451,1.41193,1.48776,1.92366,1.0
201303,6.623,1.0,5.477,1.483,1.0,7.745,2.073,1.0,6.782,5.515,1.529,8.034,2.008,6.623,1.0,5.477,1.483,1.0,7.745,2.073,1.0,290.801,115.627,0.999328,133.064,115.593,0.999328,305.426,1.0,306.489,305.426,1.0,289.535,0.999328,303.962,289.548,0.999328,3.474,1.0,4.372,3.474,1.0,97.659,97.785,1.0,4.089,2.178,1.0,1.184,1.512,1.0,0.225861759972,0.545698924731,63.5972413735,1.0,208.711811167,0.999327956989,10.0344870884,1.0,346.958385081,1.0,402.941,1.0,5.773,5.917,5.742,5.76,6.096,6.805,1.0,1.0,1.0,1.0,1.0,1.0,25.339,19.745,23.089,29.497,1.0,1.0,1.0,1.0,-0.323999,1.0,10.0814,0.989247,20.3616,0.252979,21.7515,0.987903,43.932,0.666452,0.986559,1,23.5806,24.4194,23.4516,23.7742,1.36092,0.907258,0.0531953,0.310738,1.49043,0.897849,0.0551781,0.311083,1.57839,0.889197,0.048913,1.23289,1.26155,1.29379,1.50481,1.84853,1.87386,2.10706,0.954973,0.953629,0.931452,0.897849,0.850134,0.853495,0.790323,2.13997,1.02235,0.979362,0.0758795,0.464377,0.505659,2.08602,0.834931,0.0742335,0.190131,2.29479,1.03474,0.979362,0.0760015,0.464397,0.608417,2.11118,0.815646,0.0744019,0.190197,1.72106,1.8652,1.96557,2.30766,2.76641,2.78147,3.05062,1.0,0.995792,0.995792,0.979362,0.976551,0.976551,0.925936,0.505659,0.529983,0.575199,0.667107,0.845479,0.880063,1.10438,0.834931,0.867962,0.816927,0.911203,0.723931,0.745333,0.652706,2.12315,2.96033,2.62139,0.0926718,1.68252,1.81087,1.93822,2.92265,3.10495,3.1406,3.26599,0.896498,1.42667,1.04663,0.0592276,0.461025,0.588363,0.624636,1.20753,1.39418,1.41926,1.43789,1.98924,2.20121,2.20425,0.0614636,0.956343,2.06858,2.11463,2.24559,2.40172,2.48693,2.65873,0.81341,0.909446,0.928985,0.0396308,0.235671,0.792895,0.831404,0.929381,1.07311,1.09978,1.1513,2.49189,1.0
201304,12.274,1.0,10.927,1.749,1.0,13.268,2.441,1.0,12.549,11.078,1.721,13.642,2.374,12.274,1.0,10.927,1.749,1.0,13.268,2.441,1.0,384.628,156.44,1.0,175.02,156.44,1.0,338.086,1.0,338.182,338.086,1.0,333.549,1.0,341.385,333.549,1.0,5.189,1.0,5.692,5.189,1.0,98.436,98.513,1.0,7.689,8.863,1.0,1.056,1.572,1.0,0.302165526868,0.563194444444,102.488234797,1.0,287.330235443,0.999305555556,13.604001783,1.0,378.210465972,1.0,402.382,1.0,10.344,10.177,9.374,8.995,8.657,8.156,1.0,1.0,1.0,1.0,1.0,1.0,26.879,23.049,29.071,41.142,1.0,1.0,1.0,1.0,2.95856,1.0,21.0091,0.993056,34.6368,0.425498,38.9296,0.995833,64.1814,1.02071,0.990278,1,20.4,27.6,20.3667,26.9333,1.37724,0.889583,0.0799511,0.13457,1.4551,0.891667,0.0779917,0.133415,1.43608,0.903368,0.0167854,1.18918,1.31146,1.37724,1.45063,1.50069,1.52795,1.58519,0.9625,0.954167,0.889583,0.888194,0.883333,0.883333,0.86875,3.14346,1.21143,0.894975,0.110651,0.232635,0.014089,3.11746,0.884837,0.10683,0.114755,3.20045,1.21378,0.901729,0.106777,0.230818,0.103379,3.07997,0.883741,0.104411,0.112506,2.61848,2.92857,3.10165,3.21469,3.27022,3.33784,3.39398,0.998333,0.991667,0.963246,0.901729,0.891729,0.891729,0.866967,0.014089,0.0565953,0.0684496,0.102107,0.129665,0.140406,0.178871,0.884837,0.927972,0.915013,0.907728,0.87399,0.873899,0.86909,3.18538,3.977,4.00045,0.131946,2.84307,2.99801,3.11845,4.04537,4.85438,4.96318,5.1655,1.8462,2.53793,2.56644,0.116698,1.62454,1.68096,1.75221,2.63463,3.34891,3.43948,3.59276,2.29195,2.25122,2.64262,0.0755953,2.03717,2.19516,2.26376,2.57035,2.89584,2.9821,3.27334,1.56909,1.5177,1.65265,0.038743,1.38859,1.4389,1.45106,1.60107,1.73395,1.82249,2.02416,4.087,1.0
201305,14.406,1.0,12.591,1.503,1.0,15.456,2.472,1.0,14.298,12.703,1.355,15.23,2.103,14.406,1.0,12.591,1.503,1.0,15.456,2.472,1.0,454.621,210.143,1.0,203.937,210.143,1.0,341.758,1.0,344.814,341.758,1.0,345.862,1.0,349.216,345.862,1.0,6.691,1.0,6.239,6.691,1.0,98.221,98.119,1.0,8.463,8.325,1.0,1.446,1.883,1.0,0.3296982424,0.551075268817,139.155400856,1.0,400.995809541,0.867607526882,25.1435894709,1.0,388.353774866,1.0,398.146,1.0,12.439,12.399,11.787,11.522,11.235,10.49,1.0,1.0,1.0,1.0,1.0,1.0,35.08,36.578,42.614,47.72,1.0,1.0,1.0,1.0,2.00333,1.0,53.4719,0.998656,90.5295,0.817211,27.1022,0.998656,45.8848,0.912338,0.988575,1,17.5806,30.4194,17.5484,29.7097,-2.2853,0.942876,0.117958,0.362284,-2.2808,0.928091,0.116482,0.361806,-2.38196,0.935753,0.0523206,-2.94328,-2.83121,-2.6593,-2.32561,-2.17382,-2.14612,-1.93944,0.988575,0.988575,0.979839,0.922715,0.896505,0.885753,0.872984,5.7441,1.4068,0.944247,0.126826,0.705647,-6.77445,8.39786,0.940949,0.159173,0.237514,5.75006,1.40017,0.936657,0.133497,0.706876,-6.77829,8.36948,0.921938,0.160193,0.238198,4.5066,4.72033,5.28604,5.70971,6.05376,6.10864,6.14353,1.0,1.0,0.998208,0.946144,0.887426,0.887321,0.879941,-7.19388,-7.07338,-7.02502,-6.82426,-6.7462,-6.72081,-6.48349,0.978908,0.980051,0.9821,0.925164,0.9082,0.919822,0.86638,6.01686,5.77466,6.53631,0.149743,5.17508,5.36523,5.75656,6.42184,7.55344,7.6756,7.72086,8.84439,8.15874,8.92751,0.106951,8.05207,8.13329,8.22574,8.80074,9.58612,9.79802,9.88827,7.10861,7.91824,7.1685,0.138136,5.73491,5.98445,6.24409,7.51619,7.88583,7.94773,8.21461,9.58516,10.1029,9.64573,0.120952,8.49389,8.59147,8.82543,10.0384,10.2744,10.3343,10.4997,4.99646,1.0
201306,20.654,1.0,18.328,1.659,1.0,21.818,2.937,1.0,19.508,17.406,1.534,20.559,2.448,20.654,1.0,18.328,1.659,1.0,21.818,2.937,1.0,485.719,284.197,1.0,258.402,284.197,1.0,360.645,1.0,360.852,360.645,1.0,381.699,1.0,368.153,381.699,1.0,11.795,1.0,9.541,11.795,1.0,98.839,98.622,1.0,3.56,2.505,1.0,1.386,1.694,0.999306,0.306192422569,0.625,189.685593202,1.0,549.762000393,0.988888888889,32.4920251215,1.0,422.351725694,1.0,398.575,1.0,16.181,15.846,14.68,14.079,13.299,11.944,1.0,1.0,1.0,1.0,1.0,1.0,25.537,21.785,30.329,44.029,1.0,1.0,1.0,1.0,4.93064,1.0,105.986,0.985417,142.471,1.20784,31.7853,0.985417,42.7272,0.813421,0.984722,1,16.0,32.0,15.9,29.5,-4.68094,0.938889,0.133701,0.644682,-4.76027,0.936806,0.138158,0.645622,-4.93599,0.936024,0.0742799,-5.81621,-5.79076,-5.2571,-4.75776,-4.54697,-4.52943,-4.50334,0.976389,0.977083,0.96875,0.936806,0.889583,0.910417,0.909722,8.50063,1.44468,0.960417,0.148031,1.56879,-11.0165,11.6579,0.928125,0.185697,0.294727,8.41898,1.2373,0.960417,0.150298,1.569,-11.0903,11.7157,0.925,0.1882,0.29631,6.195,6.29952,7.27424,8.39854,9.10388,9.4231,9.48561,0.989583,0.989583,0.989583,0.960417,0.93125,0.93125,0.93125,-11.529,-11.4978,-11.3153,-11.1724,-11.0638,-11.0401,-11.0136,0.969792,0.853125,0.86875,0.952083,0.951042,0.939583,0.904167,7.38946,8.16722,8.43129,0.228769,6.15305,6.4058,7.15426,8.40346,9.76179,10.1603,10.4597,13.2541,13.0173,13.3823,0.162035,11.9552,12.1725,12.4126,13.2541,14.2604,14.7117,14.988,8.4421,10.2568,8.45832,0.181941,6.3704,7.09507,7.36872,8.70993,9.37829,9.6502,10.0241,13.7933,14.8152,13.8839,0.128101,12.4696,12.8673,13.013,14.0121,14.6417,14.6631,14.8349,7.44564,1.0
201307,23.889,1.0,21.527,1.65,1.0,25.143,3.191,1.0,23.161,20.98,1.866,24.315,2.544,23.889,1.0,21.527,1.65,1.0,25.143,3.191,1.0,470.727,282.518,1.0,261.072,282.518,1.0,383.827,1.0,377.038,383.827,1.0,410.086,1.0,387.266,410.086,1.0,13.369,1.0,11.123,13.369,1.0,99.109,98.838,1.0,6.016,2.854,1.0,0.859,1.503,0.998656,0.293959747216,0.652553763441,194.667219632,1.0,556.779347261,0.994623655914,31.1606226838,1.0,440.036677419,1.0,391.699,1.0,18.952,18.572,17.274,16.595,15.719,13.892,0.998656,0.998656,0.998656,0.998656,0.998656,0.998656,22.456,19.483,19.781,21.176,1.0,1.0,1.0,1.0,4.72984,1.0,119.513,0.997312,169.159,1.5071,14.5798,0.995296,20.6362,0.735299,0.993952,1,16.6129,31.3871,16.6129,31.2258,-5.17406,0.905914,0.130595,0.168114,-5.20815,0.877016,0.133277,0.170205,-5.13232,0.899345,0.021052,-5.33691,-5.25156,-5.19994,-5.13291,-5.09631,-5.03983,-4.84494,0.91129,0.865591,0.864247,0.872312,0.860887,0.950941,0.927419,7.68498,2.11406,0.936169,0.157527,0.693676,-11.66,11.1146,0.88794,0.175665,0.374589,7.76043,1.92344,0.888454,0.157443,0.693657,-11.7541,11.2021,0.869931,0.178041,0.375709,6.1008,6.51958,7.10516,7.59365,7.86151,7.87069,7.88108,0.998208,0.994624,0.955421,0.890694,0.88487,0.88487,0.899207,-11.8453,-11.7546,-11.7065,-11.5561,-11.2006,-11.0929,-10.9476,0.84695,0.858507,0.86469,0.809758,0.912433,0.974597,0.954973,9.00376,9.87671,9.07615,0.198744,6.59234,7.13617,7.92101,9.78997,10.0063,10.1339,10.1508,14.4345,15.0287,14.2106,0.194897,11.8781,12.3435,12.9945,14.9173,15.1783,15.2374,15.3371,6.39756,5.91934,6.08198,0.11767,4.90394,5.06863,5.39277,6.14451,6.63741,6.71489,7.05327,12.4831,12.4959,12.1372,0.0945298,11.1081,11.1862,11.6452,12.3094,12.4831,12.585,13.0438,9.8825,1.0
201308,22.682,1.0,20.569,1.538,1.0,24.082,2.97,1.0,22.227,20.4,1.608,23.427,2.547,22.682,1.0,20.569,1.538,1.0,24.082,2.97,1.0,413.269,247.373,1.0,229.967,247.373,1.0,375.421,1.0,370.624,375.421,1.0,398.839,1.0,379.692,398.839,1.0,12.478,1.0,10.881,12.478,1.0,98.987,98.718,1.0,4.907,3.052,1.0,1.033,1.464,0.995968,0.272883884751,0.626344086022,163.851417681,1.0,490.550283881,0.996639784946,26.8923189267,1.0,431.654926747,1.0,391.305,1.0,19.025,18.924,18.082,17.659,17.113,15.466,1.0,1.0,1.0,1.0,1.0,1.0,22.887,19.492,18.283,15.035,1.0,1.0,1.0,1.0,2.29042,1.0,102.546,0.997312,149.421,1.22202,8.0722,0.994624,11.7621,0.728192,0.993952,1,19.0645,28.9355,19.0,26.6774,-2.96806,0.922715,0.127668,0.639412,-2.71654,0.915323,0.131522,0.640193,-3.04219,0.923992,0.0813211,-3.92215,-3.82305,-3.59342,-2.85509,-2.5888,-2.56998,-2.5414,0.981183,0.982527,0.969758,0.849462,0.911962,0.899866,0.901882,8.20076,1.13269,0.941935,0.150354,1.34544,-10.1358,10.9754,0.912064,0.195287,0.314423,8.28474,1.06031,0.941935,0.150747,1.34548,-9.79441,10.8265,0.899889,0.188587,0.310306,5.49093,5.88289,6.7219,8.16277,8.46175,8.5569,8.6321,0.988172,0.991756,0.985305,0.941935,0.896774,0.919355,0.922581,-10.2751,-10.2081,-10.065,-9.81124,-9.74046,-9.71526,-9.5231,0.942976,0.918669,0.973696,0.889213,0.891363,0.888982,0.846779,6.87602,9.21373,8.22498,0.279848,5.38734,5.74794,6.20328,8.58833,9.52399,10.0918,10.3502,11.3068,11.8731,11.2836,0.202079,9.30649,9.56176,9.82372,11.5553,12.3096,12.8051,12.9026,7.4348,7.82839,7.77552,0.176918,6.09068,6.36096,6.59287,7.92483,8.59976,9.22262,9.35176,11.0507,11.3267,11.1458,0.0950073,9.89648,10.3699,10.7,11.2596,11.6069,11.6695,11.8795,9.94042,1.0
201309,18.895,1.0,17.143,1.623,1.0,20.374,2.793,1.0,18.651,17.114,1.601,19.971,2.655,18.895,1.0,17.143,1.623,1.0,20.374,2.793,1.0,328.317,177.361,1.0,168.582,177.361,1.0,358.217,1.0,355.995,358.217,1.0,376.294,1.0,362.419,376.294,1.0,8.438,1.0,8.735,8.438,1.0,98.765,98.573,1.0,4.118,5.298,1.0,1.098,1.108,1.0,0.219100002408,0.673611111111,106.757044956,1.0,345.445948003,1.0,19.2159333833,1.0,409.050315278,1.0,395.398,1.0,16.609,16.712,16.251,16.093,15.923,15.051,1.0,1.0,1.0,1.0,1.0,1.0,21.636,18.662,16.702,13.867,1.0,1.0,1.0,1.0,0.331419,1.0,58.4905,0.997917,91.0441,0.860451,9.96641,0.999306,15.5133,0.5997,0.996528,1,22.1,25.9,9.0,21.0667,-1.71035,0.910417,0.105104,0.41394,-1.8188,0.8875,0.128661,0.420539,-1.8601,0.900399,0.0543005,-2.43761,-2.37451,-2.22239,-1.76829,-1.67229,-1.57376,-1.33349,0.977083,0.983333,0.957639,0.880556,0.892361,0.929861,0.782639,6.18591,0.9721,0.941712,0.183338,0.982971,-8.29518,8.09507,0.882205,0.159533,0.387881,6.19984,0.977361,0.941712,0.183338,0.982971,-8.50524,8.20306,0.839377,0.158673,0.387528,4.03831,4.30453,4.84044,5.9991,6.20199,6.23597,6.31206,1.0,0.996825,0.97549,0.948602,0.941712,0.941712,0.961142,-8.59653,-8.46449,-8.38844,-8.10068,-7.85585,-7.75738,-7.36133,0.836615,0.866651,0.834051,0.928489,0.740587,0.989586,0.649425,6.81619,8.19273,7.08497,0.237313,4.38201,4.82154,5.38487,8.08019,8.23767,8.28602,8.32905,9.16309,10.0648,8.96823,0.194294,6.81498,7.1818,7.61778,9.81208,9.92896,10.0435,10.1422,6.691,7.1014,6.40504,0.345424,1.81173,4.8378,5.19162,5.92093,7.54822,8.15074,9.55777,8.41516,8.61816,8.06941,0.175299,5.43227,7.1967,7.38194,8.13366,8.64289,8.77015,9.89137,7.7666,1.0
201310,13.563,1.0,12.757,1.033,1.0,14.464,1.522,1.0,14.416,13.485,1.207,15.457,1.72,13.563,1.0,12.757,1.033,1.0,14.464,1.522,1.0,234.038,67.17,1.0,88.134,67.17,1.0,360.073,1.0,354.642,360.073,1.0,359.136,1.0,360.821,359.136,1.0,3.386,1.0,4.442,3.386,1.0,98.889,98.983,1.0,6.532,8.2,1.0,0.953,1.069,0.999328,0.187057427817,0.633064516129,37.7718663444,1.0,127.350222651,1.0,7.21375586929,1.0,381.869268817,1.0,401.706,1.0,13.576,13.832,13.665,13.77,13.982,13.864,1.0,1.0,1.0,1.0,1.0,1.0,25.31,20.493,23.522,20.061,1.0,1.0,1.0,1.0,-1.05312,1.0,13.8147,0.999328,21.5035,0.322078,-0.830685,0.999328,-1.29301,0.432909,1.0,2,25.4839,22.5161,25.4839,21.0,1.25871,0.966398,0.0763832,0.198711,1.3533,0.964382,0.079018,0.199738,1.17239,0.954133,0.0264305,0.857957,0.976881,1.04873,1.18794,1.32421,1.34377,1.42288,0.995968,0.99328,0.989247,0.954973,0.955645,0.958333,0.905242,3.94015,0.735755,0.99871,0.0997007,0.231918,-1.81166,4.63162,0.929297,0.119333,0.205925,3.93351,0.747389,0.99871,0.098324,0.23133,-1.61381,4.41774,0.925026,0.119047,0.205759,3.30032,3.56251,3.66693,3.77649,3.88456,3.9813,4.02446,1.0,1.0,1.0,0.99871,0.99871,0.99871,0.99871,-2.00739,-1.98756,-1.96458,-1.79437,-1.68861,-1.65191,-1.54576,0.976497,0.985644,0.985644,0.85785,0.903839,0.925026,0.917752,4.15188,4.66354,4.28901,0.0648414,3.49058,3.77914,3.98633,4.33552,4.57692,4.65498,4.71824,3.11927,3.23652,3.1312,0.0445693,2.67126,2.74896,2.9619,3.16522,3.25403,3.35518,3.43163,6.01923,5.9306,5.28874,0.137571,2.53937,4.94708,5.04611,5.27076,5.80781,5.98696,6.09287,3.88782,3.83731,3.40894,0.0731342,2.06528,3.11699,3.21451,3.3976,3.71032,3.80984,3.95402,5.64224,1.0
201311,8.768,1.0,8.119,1.3,1.0,9.686,1.595,1.0,8.097,7.35,1.308,9.158,1.497,8.768,1.0,8.119,1.3,1.0,9.686,1.595,1.0,156.035,62.856,1.0,59.602,62.856,1.0,311.388,1.0,315.413,311.388,1.0,303.932,1.0,314.499,303.932,1.0,3.994,1.0,4.234,3.994,1.0,98.323,98.417,1.0,5.053,3.182,1.0,1.409,1.573,1.0,-9999,-9999,12.0842906632,1.0,115.020407329,0.998611111111,7.10896765132,1.0,354.458751389,1.0,396.587,1.0,9.558,10.154,10.64,11.152,11.948,12.598,1.0,1.0,1.0,1.0,1.0,1.0,26.64,21.071,28.796,41.439,1.0,1.0,1.0,1.0,-4.63139,1.0,9.00895,0.999306,16.9907,0.279343,-7.77702,1.0,-14.6673,0.660488,1.0,3,28.2667,19.7333,28.2667,19.3333,2.73154,0.925,0.0882342,0.273616,2.72367,0.916667,0.0891055,0.273899,2.56108,0.931667,0.0355713,2.10222,2.22239,2.38929,2.6623,2.71971,2.74039,2.75593,0.980556,0.977083,0.969444,0.90625,0.91875,0.909722,0.938194,3.65562,1.07778,0.972456,0.110101,0.244422,1.19853,2.12124,0.855272,0.135332,0.320863,3.59051,1.10207,0.966504,0.110187,0.24446,1.26854,2.07591,0.843764,0.136895,0.321526,3.09562,3.20292,3.35199,3.54551,3.59453,3.63936,3.65562,0.987271,0.987271,0.987271,0.965269,0.986037,0.9628,0.972456,0.51972,0.674428,0.866754,1.17343,1.24006,1.25628,1.28034,0.971115,0.962343,0.943388,0.804365,0.81881,0.823651,0.823651,3.95949,3.72372,3.62957,0.0327536,3.29827,3.38518,3.44276,3.64244,3.73307,3.808,3.95949,1.32411,1.0123,1.0817,0.0290396,0.855713,0.888069,0.902406,1.0094,1.255,1.33262,1.34455,3.15034,3.48656,3.06768,0.0685853,2.42117,2.59703,2.68025,3.12256,3.27046,3.41564,3.91054,1.1371,1.36662,1.10404,0.0244271,0.852092,0.952874,0.988863,1.07393,1.18221,1.27369,1.38583,3.80499,1.0
201312,5.235,1.0,4.343,1.551,1.0,6.665,2.295,1.0,6.416,5.584,1.254,7.764,1.78,5.235,1.0,4.343,1.551,1.0,6.665,2.295,1.0,119.575,59.537,1.0,55.945,59.537,1.0,285.948,1.0,293.665,285.948,1.0,276.388,1.0,288.819,276.388,1.0,2.95,1.0,4.496,2.95,1.0,99.059,99.411,1.0,6.412,11.006,1.0,1.108,1.128,0.999328,0.176257542463,0.979166666667,4.73854791323,0.999327956989,105.997930765,0.999327956989,6.85068514441,0.999327956989,332.676368408,0.999327956989,419.488,0.981855,4.646,5.27,5.943,6.632,7.814,9.421,1.0,1.0,1.0,1.0,1.0,1.0,35.861,30.054,33.016,46.336,1.0,1.0,1.0,0.958333,-5.27572,1.0,4.54082,0.215054,8.56388,0.185691,-3.86795,1.0,-7.29487,0.557172,1.0,3,29.7419,18.2581,9.58065,5.6129,2.71826,0.155914,0.137687,0.459617,2.79037,0.155914,0.168512,0.469773,2.43341,0.165776,0.0627119,1.57341,1.83243,2.22072,2.62481,2.68618,2.70945,2.78887,0.206989,0.206989,0.176075,0.153226,0.153226,0.153226,0.153226,3.2692,0.748886,0.197998,0.192198,0.725504,1.56728,1.71438,0.0916808,0.230539,0.273124,3.31081,0.745155,0.197998,0.202384,0.728269,1.68241,1.70212,0.0916808,0.271807,0.308751,1.53577,1.87004,2.57063,3.12911,3.14925,3.2692,3.31902,0.237634,0.237634,0.206897,0.196885,0.197998,0.197998,0.197998,1.26093,1.38879,1.49584,1.61805,1.66324,1.6817,1.68586,0.168081,0.113752,0.147708,0.057725,0.0848896,0.0848896,0.0916808,3.63105,4.00578,3.61696,0.138538,1.96517,2.11333,3.12213,3.92206,4.22321,4.28226,4.48567,1.83891,1.21696,1.19557,0.0832718,0.138651,0.332496,0.858585,1.28329,1.58256,1.65811,1.81296,3.03229,2.74044,2.54316,0.0707543,1.87816,2.00221,2.12072,2.5344,2.95255,2.97016,3.14619,1.08054,1.25174,0.669083,0.0781824,0.0,0.0,0.0,0.684876,1.1463,1.16641,1.247,2.21125,1.0
201401,5.08,1.0,4.49,1.173,1.0,6.009,1.501,1.0,6.043,5.437,1.009,7.002,1.275,5.08,1.0,4.49,1.173,1.0,6.009,1.501,1.0,136.682,48.802,1.0,49.046,48.802,1.0,302.561,1.0,311.972,302.561,1.0,286.764,1.0,310.435,286.764,1.0,2.745,1.0,3.423,2.745,1.0,98.091,98.335,1.0,6.033,5.098,1.0,0.899,1.148,0.922043,0.199599607326,0.518817204301,10.1331401591,0.999327956989,89.179362123,1.0,4.96408315531,1.0,335.451372984,1.0,415.019,1.0,4.551,4.904,5.096,5.49,6.317,7.538,1.0,1.0,1.0,1.0,1.0,1.0,49.579,50.603,46.821,48.661,1.0,1.0,1.0,0.721774,-3.09594,1.0,3.61417,0.886425,-9999,0.122478,-4.77139,0.999328,-9999,0.491672,-9999,-9999,29.3548,18.6452,29.1935,18.2903,2.65584,0.655242,0.0722837,0.285822,2.66426,0.655242,0.0649581,0.284058,2.53613,0.681317,0.0423773,2.0301,2.19992,2.28226,2.66452,2.72614,2.75298,2.79954,0.80914,0.699597,0.686156,0.656586,0.658602,0.666667,0.658602,3.27072,0.769136,0.697619,0.0698964,0.41542,1.43245,1.53719,0.58921,0.101369,0.144369,3.22181,0.852927,0.697619,0.0766224,0.416605,1.53698,1.56152,0.589115,0.107014,0.148388,2.18747,2.53921,2.70874,3.24202,3.32864,3.35821,3.47048,0.85914,0.798925,0.71828,0.697619,0.708525,0.695315,0.706221,1.16508,1.40002,1.4339,1.50491,1.54968,1.60561,1.62945,0.67176,0.590898,0.586059,0.611668,0.587323,0.587323,0.704301,3.02387,2.66418,2.76677,0.0335875,2.57351,2.66433,2.67042,2.7015,2.7884,3.02387,3.16627,0.481682,-0.000233156,0.244283,0.0496291,-0.124484,-0.0314971,-0.0171701,0.0623594,0.508781,0.605485,0.717098,2.78113,9.7536,4.38738,0.444638,1.33153,1.89763,2.40728,3.81409,4.03023,9.22262,9.70509,0.173175,2.15845,0.947251,0.102231,0.179289,0.400603,0.480211,0.758195,0.904947,2.02931,2.14999,2.1884,1.0
201402,6.066,1.0,5.403,1.251,1.0,6.881,1.65,1.0,6.805,6.078,0.883,7.703,1.316,6.066,1.0,5.403,1.251,1.0,6.881,1.65,1.0,199.952,77.197,1.0,78.776,77.197,1.0,308.082,1.0,314.368,308.082,1.0,289.472,1.0,313.265,289.472,1.0,2.826,1.0,3.729,2.826,1.0,98.092,98.353,1.0,6.698,7.192,1.0,1.079,1.55,0.962798,0.296675681155,0.560267857143,35.1032308361,0.997767857143,145.078522622,0.999255952381,6.67440922475,1.0,342.295410714,1.0,399.534,1.0,5.187,5.385,5.306,5.521,6.051,6.928,1.0,1.0,1.0,1.0,1.0,1.0,51.182,50.135,47.456,48.991,1.0,1.0,1.0,1.0,-1.32679,1.0,7.5927,0.998512,15.624,0.238822,-2.08115,0.997024,-4.28251,0.660791,1.0,2,26.7143,21.2857,26.7143,21.25,2.38456,0.940476,0.0769407,0.307004,2.37786,0.933036,0.0757683,0.306712,2.31354,0.942448,0.0372947,1.89038,1.94862,2.10368,2.382,2.48976,2.54303,2.60803,0.976935,0.973958,0.959821,0.933036,0.93006,0.926339,0.922619,2.77137,1.08062,0.993183,0.0977493,0.23585,1.71075,1.87978,0.875441,0.109633,0.43033,2.76256,1.02069,0.987637,0.0978779,0.235903,1.70666,1.83862,0.866124,0.109634,0.43033,2.31043,2.34875,2.49232,2.66728,2.75964,2.77803,2.80042,0.998626,0.998626,0.997304,0.987637,0.987637,0.987637,0.987637,1.21265,1.29568,1.433,1.71981,2.06599,2.12795,2.18002,0.950673,0.944102,0.9141,0.866124,0.860454,0.851718,0.842298,2.73275,2.90956,2.75029,0.0349907,2.36291,2.41382,2.53185,2.7927,2.8828,2.94718,2.98175,0.53442,0.506748,0.44239,0.0146192,0.280612,0.295708,0.36718,0.445629,0.520235,0.530734,0.565018,3.44536,3.56219,3.59792,0.0533638,3.17418,3.26097,3.2923,3.53098,3.77546,4.05959,4.17141,0.927281,0.865969,0.935817,0.0191985,0.788644,0.820116,0.851232,0.891924,1.00692,1.04798,1.15714,2.32591,1.0
201403,11.048,1.0,9.305,2.285,1.0,12.729,3.234,1.0,10.285,8.525,1.93,12.0,2.787,11.048,1.0,9.305,2.285,1.0,12.729,3.234,1.0,290.801,166.973,1.0,172.896,166.973,1.0,303.134,1.0,303.9,303.134,1.0,299.682,1.0,300.904,299.682,1.0,7.048,1.0,6.34,7.048,1.0,98.533,98.614,1.0,3.257,2.815,1.0,1.259,1.63,0.864247,-9999,-9999,86.1221564576,0.998655913978,312.331432695,1.0,14.6303367862,1.0,367.926409946,1.0,399.575,1.0,7.826,7.837,7.404,7.366,7.435,7.538,1.0,1.0,1.0,1.0,1.0,1.0,34.183,37.329,42.473,49.069,1.0,1.0,1.0,1.0,0.907795,1.0,16.6505,0.998656,34.2627,0.392243,25.1991,0.999328,51.8538,0.99201,0.997312,1,23.5806,24.4194,23.5484,24.129,2.32718,0.922043,0.0621215,0.426022,2.56073,0.88172,0.0679447,0.42691,2.28562,0.895867,0.0567645,1.44406,1.7563,2.0637,2.36762,2.58599,2.59924,2.64102,0.975806,0.969758,0.952285,0.821237,0.882392,0.834677,0.872984,3.64062,1.26252,0.976906,0.0865073,0.588824,0.929017,2.66897,0.869687,0.0936685,0.270444,4.10837,1.32861,0.928397,0.0890718,0.589206,0.920913,2.88015,0.837352,0.0958178,0.271196,2.50344,3.01823,3.4741,3.96825,4.15064,4.1831,4.18828,1.0,1.0,0.998656,0.831506,0.928397,0.85307,0.85307,0.34485,0.4449,0.511571,0.857734,0.926187,0.952311,0.955575,0.952107,0.948133,0.798636,0.887385,0.818688,0.836008,0.809221,3.29611,4.11746,3.68622,0.107788,2.45112,2.71835,3.08168,3.7836,4.33041,4.40859,4.45745,1.27118,1.53147,1.41494,0.0566684,0.964737,0.998337,1.07416,1.40149,1.74974,1.81573,1.88413,3.53755,4.10385,3.43845,0.0745249,2.89176,2.97523,3.07417,3.26037,3.84122,3.98483,4.26368,1.84057,2.0632,1.76427,0.0381977,1.43258,1.53324,1.55531,1.73186,2.00455,2.06828,2.12628,3.01244,1.0
201404,14.158,1.0,12.271,2.015,1.0,15.57,3.032,1.0,13.556,11.758,1.816,14.905,2.739,14.158,1.0,12.271,2.015,1.0,15.57,3.032,1.0,384.628,203.459,0.999306,202.783,203.459,0.999306,327.542,1.0,329.16,327.542,1.0,328.152,0.999306,330.732,328.156,0.999306,8.044,1.0,7.268,8.044,1.0,98.399,98.33,1.0,3.969,5.059,1.0,1.174,1.511,0.884722,-9999,-9999,119.447304526,0.998611111111,393.997529669,0.999305555556,24.6575393889,1.0,385.580179861,1.0,392.871,1.0,11.132,11.005,10.259,10.001,9.712,9.137,1.0,1.0,1.0,1.0,1.0,1.0,29.322,28.57,33.392,48.517,1.0,1.0,1.0,1.0,2.33891,1.0,38.0355,0.995833,54.6376,0.716506,43.7462,0.996528,62.8409,0.946375,0.99375,1,20.4,27.6,20.3333,27.5333,-1.29349,0.922917,0.116721,0.295096,-1.0892,0.913889,0.115832,0.294745,-1.24865,0.919948,0.0382972,-1.75664,-1.58187,-1.45634,-1.11515,-1.0621,-1.03981,-0.99533,0.975694,0.975,0.951389,0.899306,0.897222,0.895833,0.891667,4.67107,1.25413,0.958369,0.143182,0.672015,-5.54011,6.92135,0.897867,0.169676,0.186028,4.8632,1.25046,0.950722,0.140438,0.671436,-5.35002,6.87287,0.888387,0.164013,0.180879,3.35374,3.70937,4.21604,4.8632,4.99181,5.02253,5.10503,0.998413,0.996898,0.987446,0.950722,0.937275,0.939596,0.938081,-5.53155,-5.48596,-5.45874,-5.38625,-5.34429,-5.33342,-5.31775,0.864369,0.936088,0.865604,0.875242,0.959793,0.958602,0.958602,4.0502,4.29857,4.09149,0.0660555,3.20201,3.3904,3.95667,4.18135,4.29525,4.31721,4.61288,5.35201,5.40066,5.34634,0.0352176,4.953,5.01953,5.28647,5.37163,5.404,5.41578,5.65959,4.23871,4.11605,4.50291,0.193046,2.99732,3.26283,3.52674,4.18035,5.11171,5.92937,7.14463,5.58189,5.47516,5.73698,0.105336,4.91338,5.03052,5.24042,5.6379,5.98231,6.4403,7.11529,4.10934,1.0
201405,16.579,1.0,14.56,1.844,1.0,17.75,3.006,1.0,15.784,13.787,1.659,16.942,2.573,16.579,1.0,14.56,1.844,1.0,17.75,3.006,1.0,454.621,254.0,1.0,247.826,254.0,1.0,337.809,1.0,335.636,337.809,1.0,345.284,1.0,338.379,345.284,1.0,9.648,1.0,8.299,9.648,1.0,98.598,98.503,1.0,3.162,3.619,1.0,1.462,1.677,0.998656,0.296274230695,0.609543010753,157.599394985,0.995295698925,497.416151002,0.987903225806,31.985759623,1.0,398.898850806,1.0,388.252,1.0,13.111,12.945,12.059,11.734,11.334,10.532,1.0,1.0,1.0,1.0,1.0,1.0,28.875,27.769,30.932,48.78,1.0,1.0,1.0,1.0,2.97948,1.0,73.6906,0.995296,108.689,1.06065,32.6846,0.99664,48.2077,0.822878,0.990591,1,17.5806,30.4194,17.5806,30.3871,-4.58948,0.896505,0.113617,0.345995,-4.43356,0.886425,0.109541,0.344678,-4.5144,0.903629,0.0442267,-5.10435,-4.9401,-4.67056,-4.4251,-4.31931,-4.28649,-4.20185,0.977151,0.969758,0.951613,0.875672,0.865591,0.869624,0.844758,4.91421,1.20599,0.931428,0.132374,0.271382,-9.82038,9.46279,0.876643,0.151791,0.452925,4.87772,1.19885,0.931428,0.127026,0.268813,-9.56546,9.34746,0.860685,0.149549,0.452179,4.26794,4.59357,4.7583,4.87772,4.95644,5.06739,5.19333,0.983022,0.981324,0.924637,0.931428,0.93322,0.919543,0.947557,-10.1945,-10.168,-10.0102,-9.69301,-9.39824,-9.31453,-9.23118,0.973463,0.968188,0.940328,0.864847,0.855378,0.839556,0.822831,6.12913,5.60435,5.72063,0.0788773,4.85356,5.41583,5.576,5.62133,5.9853,6.12913,6.32322,10.5268,10.008,10.2461,0.0693915,9.84373,9.9231,9.97214,10.1073,10.4566,10.5735,10.7379,5.42656,6.81588,6.26933,0.249107,4.45749,4.58541,4.82111,5.89927,6.96667,8.19848,8.96741,10.1067,10.7252,10.3863,0.141171,9.37837,9.56848,9.63173,10.1012,10.7932,11.4386,11.9065,4.96532,1.0
201406,20.8,1.0,18.543,1.377,1.0,21.928,2.906,1.0,20.656,18.387,1.716,21.791,2.589,20.8,1.0,18.543,1.377,1.0,21.928,2.906,1.0,485.719,259.63,1.0,259.639,259.63,1.0,372.419,1.0,361.352,372.419,1.0,391.741,1.0,368.744,391.741,1.0,11.008,1.0,10.794,11.008,1.0,98.815,98.609,1.0,5.754,5.749,1.0,0.966,1.496,0.997222,0.314561859033,0.718055555556,178.916105675,1.0,513.822048978,0.988888888889,30.3704643799,1.0,422.619625694,1.0,390.26,1.0,16.924,16.559,15.431,14.872,14.089,12.469,1.0,1.0,1.0,1.0,1.0,1.0,26.142,25.006,21.936,36.292,1.0,1.0,1.0,1.0,4.33399,1.0,95.4495,0.996528,153.736,1.15706,13.1771,0.993056,21.2237,0.748926,0.993056,1,16.0,32.0,16.0,31.9333,-3.98396,0.979167,0.128671,0.236357,-3.98179,0.975,0.121244,0.232397,-4.09813,0.971233,0.0288269,-4.39392,-4.35038,-4.31377,-4.0387,-3.97887,-3.95386,-3.90923,0.988194,0.986806,0.986111,0.964583,0.956944,0.977778,0.909722,7.3338,1.57831,0.995833,0.158136,0.406667,-9.4256,10.0744,0.970833,0.157977,0.196461,7.27958,1.4284,0.995833,0.158759,0.40691,-9.39536,10.0427,0.964583,0.156299,0.195115,6.51941,6.67688,6.7618,7.25362,7.36162,7.42621,7.58217,0.997917,0.997917,0.997917,0.995833,0.989583,0.989583,0.989583,-9.6823,-9.61954,-9.60132,-9.49599,-9.42762,-9.38596,-9.34433,0.980208,0.978125,0.982292,0.953125,0.972917,0.96875,0.960417,8.44216,8.90077,8.83073,0.0938701,8.01432,8.21588,8.30945,8.91102,9.17903,9.20184,9.34181,12.5997,12.8744,12.9329,0.0730519,12.4108,12.5227,12.5796,12.8826,13.1384,13.2274,13.3078,7.83157,8.61218,7.61133,0.087682,6.84591,7.0584,7.13926,7.55399,7.83157,8.06209,8.70786,12.2261,12.7496,12.1122,0.0652481,11.2266,11.6994,11.8184,12.0991,12.3471,12.4325,12.8932,7.14874,1.0
201407,20.736,1.0,18.808,1.55,1.0,21.755,2.536,1.0,21.2,19.308,1.484,22.192,2.164,20.736,1.0,18.808,1.55,1.0,21.755,2.536,1.0,470.727,220.702,1.0,220.476,220.702,1.0,382.35,1.0,378.25,382.35,1.0,401.985,1.0,388.697,401.985,1.0,8.733,1.0,9.368,8.733,1.0,98.682,98.419,1.0,8.175,8.757,1.0,1.183,1.402,0.973118,0.264181783023,0.629032258065,156.603675796,0.998655913978,436.63832761,0.987231182796,24.0120970198,1.0,421.993235887,1.0,401.075,0.999328,18.106,17.854,16.995,16.575,15.922,14.302,1.0,1.0,1.0,1.0,1.0,1.0,27.848,26.21,24.095,29.92,1.0,1.0,1.0,1.0,3.27027,1.0,76.8372,0.997984,134.799,1.05866,11.1304,0.997984,19.5266,0.742371,0.99664,1,16.6129,31.3871,16.6129,29.0645,-2.66221,0.936828,0.144393,0.826682,-2.58632,0.922043,0.144269,0.82666,-2.89964,0.92379,0.104151,-4.01807,-3.95672,-3.45357,-2.66221,-2.44085,-2.32877,-2.09815,0.986559,0.986559,0.97379,0.936828,0.868952,0.879032,0.856855,8.27878,1.92546,0.966174,0.194263,1.32269,-8.26902,11.1647,0.922615,0.183216,0.556697,8.39289,1.89894,0.958109,0.204033,1.32416,-8.21236,11.2419,0.904171,0.184761,0.557207,6.1467,6.2822,7.08437,8.19026,8.44568,8.8989,9.5883,1.0,1.0,0.9944,0.952061,0.952061,0.950045,0.950045,-9.16833,-9.10559,-8.81259,-8.26902,-8.11958,-8.05422,-7.97088,0.976613,0.979772,0.963476,0.922615,0.877257,0.771919,0.861869,7.82542,8.32289,8.23709,0.143707,6.75889,6.97617,7.56316,8.38633,8.78978,8.92819,9.76463,10.9022,10.9983,11.1576,0.0561869,10.5996,10.8674,10.941,11.1043,11.2327,11.3852,11.9143,9.09355,10.873,9.86724,0.320937,6.53899,7.39454,8.34314,10.0364,11.035,11.8481,12.9357,12.4491,13.8278,12.9599,0.180372,11.0613,11.4521,11.9794,13.1157,13.7133,13.9537,14.4576,7.99187,1.0
201408,20.169,1.0,18.713,1.092,1.0,21.137,2.375,1.0,20.035,18.426,1.271,21.095,2.084,20.169,1.0,18.713,1.092,1.0,21.137,2.375,1.0,413.269,188.934,1.0,194.343,188.934,1.0,381.195,1.0,372.052,381.195,1.0,401.711,1.0,381.378,401.711,1.0,7.732,1.0,7.501,7.732,1.0,98.701,98.461,1.0,7.478,8.682,1.0,1.045,1.324,0.997984,0.267459904608,0.700940860215,130.957513077,0.997311827957,373.898405936,0.994623655914,19.0084035797,1.0,418.386953629,1.0,398.169,1.0,18.151,17.98,17.327,17.025,16.562,15.439,1.0,1.0,1.0,1.0,1.0,1.0,31.12,29.348,33.965,-9999,1.0,1.0,1.0,-9999,2.40818,1.0,64.5238,1.0,119.21,0.864083,6.42612,0.999328,11.8725,0.710049,0.99664,1,19.0645,28.9355,19.0645,27.8387,-0.182867,0.958333,0.142505,0.880886,-0.13311,0.953629,0.147107,0.881642,-0.534507,0.952167,0.112776,-2.00663,-1.62559,-1.1962,-0.26821,-0.0835553,0.112976,0.286401,0.99664,0.995968,0.991935,0.946237,0.924731,0.909946,0.896505,9.36037,1.35741,0.996416,0.197156,1.40218,-6.46767,11.4386,0.932565,0.197916,0.522154,9.54051,1.3738,0.989964,0.198278,1.40234,-6.50498,11.6206,0.929226,0.196485,0.521613,6.58314,7.27519,8.00346,9.31351,9.63542,10.0517,10.2305,1.0,1.0,1.0,0.989964,0.989964,0.98172,0.98638,-7.53505,-7.38987,-7.17436,-6.5603,-6.51139,-6.42348,-6.31801,0.994393,0.993318,0.989939,0.90607,0.903843,0.873428,0.836334,9.51485,9.95601,9.82167,0.200919,7.14804,8.24997,8.92375,10.0491,10.6342,11.2628,11.5056,10.0784,10.2965,10.3793,0.0928268,9.20284,9.86667,10.0021,10.2935,10.8434,11.0684,11.2885,8.83822,10.4184,9.66905,0.299915,6.18061,6.98309,8.43961,10.1604,10.9033,11.1874,12.6969,9.92893,11.0844,10.5076,0.126983,9.13124,9.4975,9.81394,10.5775,11.1483,11.2254,11.6643,8.00728,1.0
201409,18.714,1.0,17.05,1.397,1.0,20.139,2.459,1.0,18.29,16.846,1.438,19.522,2.351,18.714,1.0,17.05,1.397,1.0,20.139,2.459,1.0,328.317,172.164,1.0,164.439,172.164,1.0,359.433,1.0,356.844,359.433,1.0,377.199,1.0,363.421,377.199,1.0,8.017,1.0,7.026,8.017,1.0,98.894,98.747,1.0,4.085,0.875,1.0,1.062,1.096,0.604861,-9999,-9999,104.527714167,1.0,332.796069185,1.0,17.8827792729,1.0,408.70673125,1.0,394.761,0.93125,16.781,16.746,16.381,16.27,16.114,15.411,1.0,1.0,1.0,1.0,1.0,1.0,28.331,26.426,25.648,-9999,1.0,1.0,1.0,-9999,0.595766,1.0,56.489,0.917361,92.0821,0.74825,6.80228,0.919444,11.0883,0.570952,0.915972,1,22.1333,25.8667,22.0667,21.6667,-0.751256,0.646528,0.127159,1.06919,-0.278639,0.609722,0.122684,1.06867,-0.643077,0.651667,0.150051,-2.51627,-1.91793,-1.42778,-0.327631,0.0187113,0.205277,0.644818,0.86875,0.805556,0.759028,0.609028,0.578472,0.574306,0.542361,6.97144,1.05017,0.693933,0.137066,1.70156,-7.23751,9.02243,0.607715,0.189819,0.496446,7.69685,1.34262,0.624349,0.138412,1.70167,-7.00895,9.16823,0.598034,0.192543,0.497494,4.01509,5.02736,5.92922,7.67313,8.27346,8.41943,8.4956,0.920996,0.850072,0.787618,0.625936,0.590109,0.591913,0.58881,-7.87796,-7.71522,-7.60697,-7.0741,-6.9952,-6.79777,-6.04354,0.825848,0.780649,0.622851,0.595608,0.589041,0.561299,0.500676,7.18884,8.45983,7.5827,0.324489,3.22504,5.30861,6.22798,8.43288,9.06321,9.49631,9.87738,8.2752,8.78746,8.25184,0.1832,5.56156,7.04386,7.28247,8.94488,9.0445,9.19062,9.32373,6.50603,5.41309,8.33619,0.438388,5.22009,5.44277,5.84997,7.96297,10.1442,10.5578,12.0212,7.65419,8.39467,8.77474,0.218852,6.87296,7.47429,7.65419,8.43667,9.58145,9.8014,11.4685,7.03446,1.0
201410,15.175,1.0,14.126,1.223,1.0,16.383,1.921,1.0,15.119,13.9,1.548,16.519,2.125,15.175,1.0,14.126,1.223,1.0,16.383,1.921,1.0,234.038,98.165,1.0,104.231,98.165,1.0,351.405,1.0,345.195,351.405,1.0,360.544,1.0,349.666,360.544,1.0,4.985,1.0,5.007,4.985,1.0,98.914,98.927,1.0,4.884,3.792,1.0,1.079,1.138,0.887769,-9999,-9999,48.8448117317,1.0,184.776235757,1.0,10.7945959415,1.0,389.430575269,1.0,403.942,1.0,14.866,14.968,14.892,14.97,15.064,14.736,1.0,1.0,1.0,1.0,1.0,1.0,29.034,26.403,24.653,-9999,1.0,1.0,1.0,-9999,-1.03358,1.0,18.6922,0.997312,35.253,0.409046,7.95235,0.993952,14.9979,0.490733,0.993952,1,25.4839,22.5161,25.4194,16.2903,1.16838,0.772849,0.0895314,0.373118,1.24564,0.713038,0.0833693,0.371687,1.11589,0.788088,0.0454463,0.458926,0.60759,1.0566,1.23768,1.31544,1.33202,1.36366,0.976478,0.959677,0.915995,0.635081,0.705645,0.705645,0.707661,4.73022,0.660085,0.741561,0.0723981,0.657001,-2.90703,5.74268,0.803926,0.169403,0.185057,4.83797,0.563284,0.651357,0.073333,0.657105,-2.87241,5.86449,0.782506,0.170933,0.186457,3.45123,3.76883,4.68385,4.86377,5.07226,5.07483,5.11334,0.979689,0.954296,0.741561,0.651357,0.648872,0.650113,0.650113,-3.13416,-3.04662,-3.01392,-2.96572,-2.91213,-2.89764,-2.86803,0.920214,0.668479,0.664271,0.862448,0.9646,0.741149,0.783796,5.41236,4.81467,4.78702,0.0959916,3.61607,3.87674,4.51805,4.95995,5.07197,5.11367,5.46664,4.14865,3.56903,3.67428,0.0683141,3.08152,3.22919,3.37705,3.63293,3.75957,3.79515,4.40964,5.55629,9.69513,7.06312,0.319101,4.13528,4.62898,5.01242,7.11294,8.80848,9.45813,9.69069,3.95583,5.8781,4.75657,0.132331,3.54312,3.69657,3.87099,4.96441,5.43167,5.66983,5.87731,5.89759,1.0
201411,9.839,1.0,9.18,1.106,1.0,10.785,1.54,1.0,10.638,9.848,1.292,11.767,1.54,9.839,1.0,9.18,1.106,1.0,10.785,1.54,1.0,156.035,52.488,1.0,50.745,52.488,1.0,334.419,1.0,337.812,334.419,1.0,325.418,1.0,340.948,325.418,1.0,2.637,1.0,3.515,2.637,1.0,98.395,98.492,1.0,15.517,21.788,1.0,0.974,1.308,0.999306,-9999,-9999,19.6325533625,1.0,100.931166542,0.997916666667,5.92242539021,1.0,361.077177083,1.0,417.138,1.0,10.294,10.536,10.803,11.243,11.971,12.786,1.0,1.0,1.0,1.0,1.0,1.0,50.192,48.833,42.334,-9999,1.0,1.0,1.0,-9999,-3.79065,1.0,3.71998,0.997917,7.0158,0.196339,-8.16032,0.997917,-15.3902,0.610115,1.0,2,28.2667,19.7333,28.2667,19.3,1.95466,0.915278,0.0818348,0.275838,1.9785,0.902083,0.0792359,0.275079,1.99606,0.910625,0.0368805,1.51822,1.71716,1.85113,1.97219,2.14861,2.244,2.37263,0.988889,0.985417,0.979167,0.890278,0.852083,0.879861,0.851389,2.6596,1.01456,1.0,0.0996602,0.384772,0.822202,2.40677,0.788459,0.128403,0.165671,2.62415,0.997801,1.0,0.0962017,0.383891,0.927924,2.30988,0.755986,0.124747,0.162854,1.94619,2.27599,2.51425,2.63245,2.98529,3.01928,3.08909,1.0,1.0,1.0,0.998765,0.975777,0.987271,0.975777,0.68436,0.775173,0.812524,0.886552,0.927755,0.98455,1.08072,0.669261,0.68312,0.963931,0.904202,0.701479,0.755986,0.715242,2.24956,2.84221,2.66035,0.0658972,1.90432,2.17256,2.24956,2.87323,2.9766,2.99469,3.14393,0.358731,0.885923,0.673585,0.0347368,0.338513,0.382049,0.422194,0.771299,0.857221,0.891156,0.920535,2.90668,2.83207,2.59438,0.054514,1.76645,2.3063,2.34411,2.57334,2.824,2.96797,3.17046,0.960796,0.886732,0.90889,0.0155851,0.705864,0.808696,0.855572,0.924854,0.977621,1.00539,1.01381,3.80933,1.0
201412,6.466,1.0,5.842,1.263,1.0,7.495,1.726,1.0,6.763,6.09,0.918,7.868,1.123,6.466,1.0,5.842,1.263,1.0,7.495,1.726,1.0,119.575,50.287,1.0,45.334,50.287,1.0,302.19,1.0,310.412,302.19,1.0,291.473,1.0,308.594,291.473,1.0,2.992,1.0,3.893,2.992,1.0,98.661,98.901,0.998656,2.124,1.82,0.998656,1.299,1.121,0.997312,-9999,-9999,4.31296495188,0.998655913978,90.9861690314,0.998655913978,5.72912363871,0.998655913978,341.634050988,0.998655913978,425.786,1.0,7.551,7.944,8.464,9.013,9.858,10.808,1.0,1.0,1.0,1.0,1.0,1.0,41.422,38.711,43.445,-9999,1.0,1.0,1.0,-9999,-5.08187,1.0,3.70978,1.0,-9999,0.147164,-2.14958,1.0,-9999,0.443504,-9999,-9999,29.7419,18.2581,26.4839,13.129,3.1129,0.903898,0.0838162,0.502413,3.08718,0.900538,0.0829402,0.502268,2.69359,0.906804,0.0695384,1.85797,2.12487,2.16399,2.75723,3.04032,3.11561,3.1714,0.987903,0.961022,0.963038,0.876344,0.882392,0.900538,0.90457,4.24141,1.1141,0.955914,0.123321,0.770392,0.962446,2.1744,0.817582,0.217815,0.305754,4.28524,1.01148,0.956989,0.0964283,0.766547,0.826843,2.21011,0.806829,0.142538,0.257603,2.43896,2.74925,2.82833,3.95066,4.16054,4.27016,4.28997,1.0,0.982796,0.982796,0.955914,0.955914,0.956989,0.956989,0.513242,0.539304,0.681151,0.871649,0.913072,0.968454,1.37216,0.745991,0.744199,0.749481,0.701188,0.940955,0.692511,0.692605,4.41549,5.17189,4.39156,0.127938,2.81576,3.18697,3.4984,4.67939,5.09338,5.17009,5.26353,1.99146,2.13045,1.71381,0.0640338,0.957437,1.10276,1.37409,1.84784,2.02895,2.12204,2.15102,0.53727,1.63612,1.57394,0.0860086,0.4155,0.630908,1.47422,1.65949,1.92128,2.05804,2.23868,0.00852053,0.130424,0.476614,0.0529925,0.0,0.0038798,0.130424,0.406022,0.804153,0.841548,0.881698,2.95841,1.0
