TIMESTAMP,TA_F_MDS,TA_F_MDS_QC,TA_F_MDS_NIGHT,TA_F_MDS_NIGHT_SD,TA_F_MDS_NIGHT_QC,TA_F_MDS_DAY,TA_F_MDS_DAY_SD,TA_F_MDS_DAY_QC,TA_ERA,TA_ERA_NIGHT,TA_ERA_NIGHT_SD,TA_ERA_DAY,TA_ERA_DAY_SD,TA_F,TA_F_QC,TA_F_NIGHT,TA_F_NIGHT_SD,TA_F_NIGHT_QC,TA_F_DAY,TA_F_DAY_SD,TA_F_DAY_QC,SW_IN_POT,SW_IN_F_MDS,SW_IN_F_MDS_QC,SW_IN_ERA,SW_IN_F,SW_IN_F_QC,LW_IN_F_MDS,LW_IN_F_MDS_QC,LW_IN_ERA,LW_IN_F,LW_IN_F_QC,LW_IN_JSB,LW_IN_JSB_QC,LW_IN_JSB_ERA,LW_IN_JSB_F,LW_IN_JSB_F_QC,VPD_F_MDS,VPD_F_MDS_QC,VPD_ERA,VPD_F,VPD_F_QC,PA_ERA,PA_F,PA_F_QC,P_ERA,P_F,P_F_QC,WS_ERA,WS_F,WS_F_QC,USTAR,USTAR_QC,NETRAD,NETRAD_QC,CO2_F_MDS,CO2_F_MDS_QC,TS_F_MDS_1,TS_F_MDS_2,TS_F_MDS_3,TS_F_MDS_4,TS_F_MDS_1_QC,TS_F_MDS_2_QC,TS_F_MDS_3_QC,TS_F_MDS_4_QC,SWC_F_MDS_1,SWC_F_MDS_2,SWC_F_MDS_3,SWC_F_MDS_1_QC,SWC_F_MDS_2_QC,SWC_F_MDS_3_QC,G_F_MDS,G_F_MDS_QC,LE_F_MDS,LE_F_MDS_QC,LE_CORR,LE_RANDUNC,H_F_MDS,H_F_MDS_QC,H_CORR,H_RANDUNC,EBC_CF_N,EBC_CF_METHOD,NIGHT_D,DAY_D,NIGHT_RANDUNC_N,DAY_RANDUNC_N,NEE_CUT_REF,NEE_VUT_REF,NEE_CUT_REF_QC,NEE_VUT_REF_QC,NEE_CUT_REF_RANDUNC,NEE_VUT_REF_RANDUNC,NEE_CUT_REF_JOINTUNC,NEE_VUT_REF_JOINTUNC,NEE_CUT_USTAR50,NEE_VUT_USTAR50,NEE_CUT_USTAR50_QC,NEE_VUT_USTAR50_QC,NEE_CUT_USTAR50_RANDUNC,NEE_VUT_USTAR50_RANDUNC,NEE_CUT_USTAR50_JOINTUNC,NEE_VUT_USTAR50_JOINTUNC,NEE_CUT_MEAN,NEE_VUT_MEAN,NEE_CUT_MEAN_QC,NEE_VUT_MEAN_QC,NEE_CUT_SE,NEE_VUT_SE,NEE_CUT_05,NEE_CUT_16,NEE_CUT_25,NEE_CUT_50,NEE_CUT_75,NEE_CUT_84,NEE_CUT_95,NEE_VUT_05,NEE_VUT_16,NEE_VUT_25,NEE_VUT_50,NEE_VUT_75,NEE_VUT_84,NEE_VUT_95,NEE_CUT_05_QC,NEE_CUT_16_QC,NEE_CUT_25_QC,NEE_CUT_50_QC,NEE_CUT_75_QC,NEE_CUT_84_QC,NEE_CUT_95_QC,NEE_VUT_05_QC,NEE_VUT_16_QC,NEE_VUT_25_QC,NEE_VUT_50_QC,NEE_VUT_75_QC,NEE_VUT_84_QC,NEE_VUT_95_QC,NEE_CUT_REF_NIGHT,NEE_VUT_REF_NIGHT,NEE_CUT_REF_NIGHT_SD,NEE_VUT_REF_NIGHT_SD,NEE_CUT_REF_NIGHT_QC,NEE_VUT_REF_NIGHT_QC,NEE_CUT_REF_NIGHT_RANDUNC,NEE_VUT_REF_NIGHT_RANDUNC,NEE_CUT_REF_NIGHT_JOINTUNC,NEE_VUT_REF_NIGHT_JOINTUNC,NEE_CUT_REF_DAY,NEE_VUT_REF_DAY,NEE_CUT_REF_DAY_SD,NEE_VUT_REF_DAY_SD,NEE_CUT_REF_DAY_QC,NEE_VUT_REF_DAY_QC,NEE_CUT_REF_DAY_RANDUNC,NEE_VUT_REF_DAY_RANDUNC,NEE_CUT_REF_DAY_JOINTUNC,NEE_VUT_REF_DAY_JOINTUNC,NEE_CUT_USTAR50_NIGHT,NEE_VUT_USTAR50_NIGHT,NEE_CUT_USTAR50_NIGHT_SD,NEE_VUT_USTAR50_NIGHT_SD,NEE_CUT_USTAR50_NIGHT_QC,NEE_VUT_USTAR50_NIGHT_QC,NEE_CUT_USTAR50_NIGHT_RANDUNC,NEE_VUT_USTAR50_NIGHT_RANDUNC,NEE_CUT_USTAR50_NIGHT_JOINTUNC,NEE_VUT_USTAR50_NIGHT_JOINTUNC,NEE_CUT_USTAR50_DAY,NEE_VUT_USTAR50_DAY,NEE_CUT_USTAR50_DAY_SD,NEE_VUT_USTAR50_DAY_SD,NEE_CUT_USTAR50_DAY_QC,NEE_VUT_USTAR50_DAY_QC,NEE_CUT_USTAR50_DAY_RANDUNC,NEE_VUT_USTAR50_DAY_RANDUNC,NEE_CUT_USTAR50_DAY_JOINTUNC,NEE_VUT_USTAR50_DAY_JOINTUNC,NEE_CUT_05_NIGHT,NEE_CUT_16_NIGHT,NEE_CUT_25_NIGHT,NEE_CUT_50_NIGHT,NEE_CUT_75_NIGHT,NEE_CUT_84_NIGHT,NEE_CUT_95_NIGHT,NEE_VUT_05_NIGHT,NEE_VUT_16_NIGHT,NEE_VUT_25_NIGHT,NEE_VUT_50_NIGHT,NEE_VUT_75_NIGHT,NEE_VUT_84_NIGHT,NEE_VUT_95_NIGHT,NEE_CUT_05_NIGHT_QC,NEE_CUT_16_NIGHT_QC,NEE_CUT_25_NIGHT_QC,NEE_CUT_50_NIGHT_QC,NEE_CUT_75_NIGHT_QC,NEE_CUT_84_NIGHT_QC,NEE_CUT_95_NIGHT_QC,NEE_VUT_05_NIGHT_QC,NEE_VUT_16_NIGHT_QC,NEE_VUT_25_NIGHT_QC,NEE_VUT_50_NIGHT_QC,NEE_VUT_75_NIGHT_QC,NEE_VUT_84_NIGHT_QC,NEE_VUT_95_NIGHT_QC,NEE_CUT_05_DAY,NEE_CUT_16_DAY,NEE_CUT_25_DAY,NEE_CUT_50_DAY,NEE_CUT_75_DAY,NEE_CUT_84_DAY,NEE_CUT_95_DAY,NEE_VUT_05_DAY,NEE_VUT_16_DAY,NEE_VUT_25_DAY,NEE_VUT_50_DAY,NEE_VUT_75_DAY,NEE_VUT_84_DAY,NEE_VUT_95_DAY,NEE_CUT_05_DAY_QC,NEE_CUT_16_DAY_QC,NEE_CUT_25_DAY_QC,NEE_CUT_50_DAY_QC,NEE_CUT_75_DAY_QC,NEE_CUT_84_DAY_QC,NEE_CUT_95_DAY_QC,NEE_VUT_05_DAY_QC,NEE_VUT_16_DAY_QC,NEE_VUT_25_DAY_QC,NEE_VUT_50_DAY_QC,NEE_VUT_75_DAY_QC,NEE_VUT_84_DAY_QC,NEE_VUT_95_DAY_QC,RECO_NT_VUT_REF,RECO_NT_VUT_USTAR50,RECO_NT_VUT_MEAN,RECO_NT_VUT_SE,RECO_NT_VUT_05,RECO_NT_VUT_16,RECO_NT_VUT_25,RECO_NT_VUT_50,RECO_NT_VUT_75,RECO_NT_VUT_84,RECO_NT_VUT_95,RECO_NT_CUT_REF,RECO_NT_CUT_USTAR50,RECO_NT_CUT_MEAN,RECO_NT_CUT_SE,RECO_NT_CUT_05,RECO_NT_CUT_16,RECO_NT_CUT_25,RECO_NT_CUT_50,RECO_NT_CUT_75,RECO_NT_CUT_84,RECO_NT_CUT_95,GPP_NT_VUT_REF,GPP_NT_VUT_USTAR50,GPP_NT_VUT_MEAN,GPP_NT_VUT_SE,GPP_NT_VUT_05,GPP_NT_VUT_16,GPP_NT_VUT_25,GPP_NT_VUT_50,GPP_NT_VUT_75,GPP_NT_VUT_84,GPP_NT_VUT_95,GPP_NT_CUT_REF,GPP_NT_CUT_USTAR50,GPP_NT_CUT_MEAN,GPP_NT_CUT_SE,GPP_NT_CUT_05,GPP_NT_CUT_16,GPP_NT_CUT_25,GPP_NT_CUT_50,GPP_NT_CUT_75,GPP_NT_CUT_84,GPP_NT_CUT_95,RECO_DT_VUT_REF,RECO_DT_VUT_USTAR50,RECO_DT_VUT_MEAN,RECO_DT_VUT_SE,RECO_DT_VUT_05,RECO_DT_VUT_16,RECO_DT_VUT_25,RECO_DT_VUT_50,RECO_DT_VUT_75,RECO_DT_VUT_84,RECO_DT_VUT_95,RECO_DT_CUT_REF,RECO_DT_CUT_USTAR50,RECO_DT_CUT_MEAN,RECO_DT_CUT_SE,RECO_DT_CUT_05,RECO_DT_CUT_16,RECO_DT_CUT_25,RECO_DT_CUT_50,RECO_DT_CUT_75,RECO_DT_CUT_84,RECO_DT_CUT_95,GPP_DT_VUT_REF,GPP_DT_VUT_USTAR50,GPP_DT_VUT_MEAN,GPP_DT_VUT_SE,GPP_DT_VUT_05,GPP_DT_VUT_16,GPP_DT_VUT_25,GPP_DT_VUT_50,GPP_DT_VUT_75,GPP_DT_VUT_84,GPP_DT_VUT_95,GPP_DT_CUT_REF,GPP_DT_CUT_USTAR50,GPP_DT_CUT_MEAN,GPP_DT_CUT_SE,GPP_DT_CUT_05,GPP_DT_CUT_16,GPP_DT_CUT_25,GPP_DT_CUT_50,GPP_DT_CUT_75,GPP_DT_CUT_84,GPP_DT_CUT_95,RECO_SR,RECO_SR_N
201201,-9999,-9999,-9999,-9999,-9999,-9999,-9999,-9999,7.674,6.588,1.448,9.261,1.742,7.325,0.202285,6.108,1.583,0.208525,9.095,2.072,0.193548,166.148,-9999,-9999,82.008,81.198,0.202957,-9999,-9999,261.471,261.471,0.0,-9999,-9999,316.935,311.282,0.202285,-9999,-9999,2.702,2.69,0.202285,101.687,101.667,0.193548,0.552,0.552,0.0,2.032,2.032,0.0,-9999,-9999,-9999,-9999,-9999,-9999,-9999,-9999,-9999,-9999,-9999,-9999,-9999,-9999,-9999,-9999,-9999,-9999,-9999,-9999,-9999,1.0,8.71978,0.202285,18.8301,0.263128,-1.50675,0.202285,-3.2538,0.876756,1.0,3,28.4839,19.5161,18.0,12.5161,-2.03326,-1.93103,0.202285,0.202285,0.127887,0.127472,0.142398,0.148079,-1.9343,-1.9343,0.202285,0.202285,0.126409,0.126409,0.141071,0.147164,-1.98588,-1.99334,0.202285,0.202285,0.0101372,0.0107674,-2.14336,-2.0523,-2.03326,-1.96902,-1.9343,-1.92705,-1.92505,-2.14336,-2.07776,-2.03523,-1.97332,-1.9343,-1.92705,-1.92505,0.202285,0.202285,0.202285,0.202285,0.202285,0.202285,0.202285,0.202285,0.202285,0.202285,0.202285,0.202285,0.202285,0.202285,1.67722,1.67722,1.64928,1.64928,0.208525,0.208525,0.172551,0.172551,0.200114,0.200581,-7.28482,-7.04144,3.37775,3.21046,0.193548,0.193548,0.167592,0.167592,0.224157,0.224549,1.67198,1.67198,1.63596,1.63596,0.208525,0.208525,0.170691,0.170691,0.198513,0.198984,-7.04139,-7.04139,3.21052,3.21052,0.193548,0.193548,0.167177,0.167177,0.223847,0.224239,1.41005,1.50917,1.64813,1.65967,1.67722,1.71187,1.78833,1.41005,1.49857,1.50847,1.659,1.67722,1.70311,1.78833,0.208525,0.208525,0.208525,0.208525,0.208525,0.208525,0.208525,0.208525,0.208525,0.208525,0.208525,0.208525,0.208525,0.208525,-7.30135,-7.29871,-7.28781,-7.04139,-7.00439,-7.00099,-6.99672,-7.30592,-7.29989,-7.28797,-7.04139,-7.00439,-7.00099,-6.99672,0.193548,0.193548,0.193548,0.193548,0.193548,0.193548,0.193548,0.193548,0.193548,0.193548,0.193548,0.193548,0.193548,0.193548,1.83893,1.85444,1.79845,0.0386631,1.33035,1.52456,1.59546,1.85653,1.94035,1.97424,2.22449,1.85751,1.85653,1.79874,0.0359429,1.33537,1.53195,1.64641,1.85653,1.90096,1.94517,2.22722,3.77381,3.78874,3.7918,0.0312724,3.47371,3.5493,3.67322,3.79182,3.87307,3.90854,4.19539,3.77381,3.79084,3.78462,0.029371,3.47873,3.54486,3.69871,3.79182,3.87219,3.87947,4.19812,4.00245,3.67658,3.29406,0.155507,1.57956,1.7548,2.58132,3.67658,4.09698,4.23974,4.27451,4.00245,3.67658,3.29017,0.145037,1.75412,1.95329,2.58444,3.67658,4.09698,4.16995,4.27451,4.85037,4.85037,4.72822,0.0586321,4.01563,4.12454,4.56179,4.85037,5.01303,5.07482,5.08021,4.85037,4.85037,4.7365,0.0532228,4.12424,4.19726,4.5618,4.85037,5.01303,5.03658,5.08021,-9999,-9999
201202,4.533,1.0,2.713,1.631,1.0,6.663,2.774,1.0,6.312,5.192,1.363,7.623,1.883,4.533,1.0,2.713,1.631,1.0,6.663,2.774,1.0,229.45,105.558,1.0,117.115,105.558,1.0,-9999,-9999,259.213,259.213,0.0,282.26,1.0,314.731,282.26,1.0,1.966,1.0,2.672,1.966,1.0,101.263,101.19,0.992098,3.376,3.376,0.0,2.361,2.361,0.0,0.492275321144,0.645114942529,-9999,-9999,413.351,0.28592,-9999,-9999,-9999,-9999,-9999,-9999,-9999,-9999,-9999,-9999,-9999,-9999,-9999,-9999,-9999,1.0,10.602,0.299569,24.1724,0.250629,11.1376,0.992098,25.3935,0.867233,2.0,3,26.1034,21.8966,14.7931,11.6552,-2.57904,-2.56215,0.275144,0.275144,0.143108,0.142986,0.149004,0.167098,-2.55785,-2.56331,0.275144,0.275144,0.14138,0.14138,0.147345,0.165726,-2.5651,-2.56653,0.275144,0.275144,0.0107421,0.011589,-2.74188,-2.58827,-2.58004,-2.56331,-2.51085,-2.50526,-2.49226,-2.74194,-2.67808,-2.5844,-2.56215,-2.50855,-2.50514,-2.49948,0.275144,0.275144,0.275144,0.275144,0.275144,0.275144,0.275144,0.275144,0.275144,0.275144,0.275144,0.275144,0.275144,0.275144,0.203891,0.203891,1.21041,1.21041,0.313096,0.313096,0.189286,0.189286,0.190493,0.210145,-5.66372,-5.62771,4.84532,4.83857,0.226601,0.226601,0.200114,0.200114,0.211809,0.214382,0.209461,0.200197,1.2132,1.21014,0.313096,0.313096,0.186313,0.186313,0.187538,0.207471,-5.62518,-5.62608,4.84137,4.83918,0.226601,0.226601,0.19915,0.19915,0.210898,0.213483,-0.0531009,0.188694,0.196299,0.20572,0.220411,0.231505,0.240059,-0.0630354,0.0486889,0.194246,0.20572,0.21947,0.231247,0.233446,0.313096,0.313096,0.313096,0.313096,0.313096,0.313096,0.313096,0.313096,0.313096,0.313096,0.313096,0.313096,0.313096,0.313096,-5.69629,-5.6725,-5.65666,-5.62608,-5.53923,-5.53368,-5.52771,-5.69281,-5.68662,-5.66372,-5.62608,-5.53446,-5.53281,-5.52768,0.226601,0.226601,0.226601,0.226601,0.226601,0.226601,0.226601,0.226601,0.226601,0.226601,0.226601,0.226601,0.226601,0.226601,0.0767313,0.0766576,0.0652366,0.0034364,0.0142035,0.01535,0.0688828,0.0741235,0.0763225,0.076659,0.0769741,0.0763967,0.0764801,0.0670732,0.0031989,0.0144801,0.0670835,0.0695712,0.0755553,0.0765413,0.0766755,0.077087,2.63855,2.63997,2.63177,0.00872093,2.56934,2.57483,2.58135,2.63115,2.65629,2.66475,2.75573,2.63855,2.63433,2.63217,0.00817454,2.56849,2.57471,2.58379,2.63647,2.65512,2.66177,2.75034,3.58772,3.55569,3.66004,0.0201593,3.55503,3.58772,3.59213,3.60797,3.65111,3.70199,3.95447,3.59432,3.55963,3.67648,0.0230021,3.55505,3.55981,3.59396,3.60418,3.67773,3.92095,3.96047,5.81745,5.81745,5.84592,0.0224809,5.74073,5.7862,5.78993,5.81271,5.82315,5.83082,6.22419,5.82736,5.82722,5.85919,0.0245525,5.74073,5.77217,5.7883,5.81271,5.82722,6.06082,6.21446,-9999,-9999
201203,10.817,1.0,7.844,2.049,1.0,13.654,3.292,1.0,12.723,10.73,1.685,14.634,2.964,10.817,1.0,7.844,2.049,1.0,13.654,3.292,1.0,316.802,185.978,1.0,191.189,185.978,1.0,-9999,-9999,282.823,282.823,0.0,312.685,1.0,337.775,312.685,1.0,3.439,1.0,3.966,3.439,1.0,101.993,101.885,0.999328,0.385,0.385,0.0,1.895,1.895,0.0,0.437230934615,0.944220430108,-9999,-9999,411.367,0.583333,-9999,-9999,-9999,-9999,-9999,-9999,-9999,-9999,-9999,-9999,-9999,-9999,-9999,-9999,-9999,1.0,23.705,0.59207,45.9943,0.555875,54.8124,1.0,106.351,1.1174,3.0,3,23.5161,24.4839,19.8387,20.5161,-3.68478,-3.68524,0.567204,0.567204,0.110251,0.110075,0.122381,0.12288,-3.6566,-3.6846,0.567204,0.567204,0.110275,0.110189,0.122403,0.122983,-3.69461,-3.70819,0.566767,0.566767,0.0110578,0.0110969,-3.81665,-3.76236,-3.7372,-3.70222,-3.67137,-3.65612,-3.55234,-3.83027,-3.76535,-3.75037,-3.70449,-3.67538,-3.65612,-3.55263,0.564516,0.565188,0.567204,0.56586,0.567204,0.567876,0.567204,0.564516,0.567204,0.565188,0.56586,0.567204,0.567876,0.567204,0.755962,0.755035,2.07907,2.0784,0.596716,0.596716,0.149466,0.149466,0.167686,0.169322,-7.65581,-7.65582,6.33073,6.33071,0.539785,0.539785,0.150477,0.150477,0.156688,0.157579,0.804435,0.741681,2.07836,2.08353,0.596716,0.596716,0.150194,0.149655,0.168336,0.169489,-7.6489,-7.64085,6.33722,6.33474,0.539785,0.539785,0.150326,0.150595,0.156544,0.157692,0.586002,0.633381,0.664126,0.740466,0.761132,0.785417,0.982649,0.556149,0.60268,0.642866,0.709513,0.75584,0.761801,0.982052,0.593911,0.596716,0.593911,0.593911,0.596716,0.596716,0.596716,0.593911,0.596716,0.596716,0.593911,0.596716,0.596716,0.596716,-7.73308,-7.71159,-7.67678,-7.65519,-7.62827,-7.62423,-7.60258,-7.73603,-7.7141,-7.67678,-7.65582,-7.62516,-7.62055,-7.59907,0.537254,0.538495,0.539785,0.539785,0.541129,0.539785,0.541129,0.538495,0.538495,0.539785,0.539785,0.539785,0.541129,0.541129,0.779325,0.777944,0.784254,0.00781525,0.700638,0.72841,0.736858,0.794194,0.813487,0.821233,0.845235,0.779184,0.805597,0.786016,0.00770547,0.700638,0.729501,0.74855,0.794194,0.810633,0.815816,0.860358,4.46442,4.46254,4.49244,0.0144469,4.36139,4.40186,4.43527,4.47543,4.51107,4.57858,4.71002,4.46442,4.46219,4.48063,0.0138498,4.3574,4.39276,4.43282,4.46451,4.50381,4.5508,4.65147,3.29211,3.0056,3.39936,0.0814217,2.86074,2.99561,3.10678,3.30859,3.41906,3.81702,4.66183,3.3074,2.84076,3.42136,0.0888866,2.82441,2.99561,3.04413,3.3074,3.42834,4.0836,4.69715,6.77846,6.77846,6.87449,0.0680671,6.37756,6.49751,6.63449,6.77846,6.98045,7.04348,7.93496,6.81391,6.66836,6.88022,0.0750037,6.34522,6.44479,6.54699,6.74917,6.9866,7.22024,7.9755,-9999,-9999
201204,13.266,1.0,11.162,1.6,1.0,14.836,2.304,1.0,13.925,12.241,1.197,15.172,1.955,13.266,1.0,11.162,1.6,1.0,14.836,2.304,1.0,401.495,204.825,1.0,197.91,204.825,1.0,-9999,-9999,309.149,309.149,0.0,342.574,1.0,363.471,342.574,1.0,3.016,1.0,3.468,3.016,1.0,100.67,100.589,1.0,3.472,3.472,0.0,2.23,2.383,0.434028,0.561297630286,0.979166666667,-9999,-9999,413.179,0.615972,-9999,-9999,-9999,-9999,-9999,-9999,-9999,-9999,-9999,-9999,-9999,-9999,-9999,-9999,-9999,1.0,20.4549,0.615278,37.4462,0.46054,67.635,1.0,123.818,1.39995,2.0,3,20.5,27.5,20.5,27.5,-2.53106,-2.54128,0.6125,0.6125,0.0939125,0.0938288,0.102938,0.10222,-2.51701,-2.51701,0.6125,0.6125,0.0940966,0.0941489,0.103106,0.102514,-2.52875,-2.52522,0.6125,0.6125,0.00651606,0.00628807,-2.59766,-2.57116,-2.56834,-2.51737,-2.4927,-2.48686,-2.47662,-2.59835,-2.56875,-2.56034,-2.51701,-2.4927,-2.48763,-2.47494,0.6125,0.6125,0.6125,0.6125,0.6125,0.6125,0.6125,0.6125,0.6125,0.6125,0.6125,0.6125,0.6125,0.6125,2.29837,2.29343,1.49665,1.50011,0.623333,0.623333,0.13857,0.13857,0.162306,0.159896,-6.00448,-6.01839,5.36907,5.35404,0.604321,0.604321,0.119415,0.119318,0.119826,0.120257,2.34144,2.34144,1.51769,1.51769,0.623333,0.623333,0.139469,0.139494,0.163074,0.160697,-6.01403,-6.01403,5.3608,5.3608,0.604321,0.604321,0.119333,0.119433,0.119744,0.120372,2.17731,2.23497,2.25723,2.34144,2.38718,2.40398,2.43471,2.17583,2.23643,2.27372,2.34144,2.38447,2.39599,2.43811,0.623333,0.623333,0.623333,0.623333,0.623333,0.623333,0.623333,0.623333,0.623333,0.623333,0.623333,0.623333,0.623333,0.623333,-6.05453,-6.03199,-6.02658,-6.01747,-6.01259,-6.01217,-6.0019,-6.05228,-6.04174,-6.02658,-6.01763,-6.01259,-6.01174,-5.98966,0.604321,0.604321,0.604321,0.604321,0.604321,0.604321,0.604321,0.604321,0.604321,0.604321,0.604321,0.604321,0.604321,0.604321,2.72941,2.76033,2.78507,0.0190784,2.59458,2.6048,2.71814,2.79415,2.87079,2.8822,2.98367,2.74526,2.76151,2.7901,0.0167738,2.58791,2.69432,2.74526,2.79415,2.85166,2.87079,2.89114,5.26707,5.27734,5.31029,0.0222834,5.0787,5.11043,5.21775,5.31603,5.38515,5.40588,5.54272,5.26925,5.27852,5.31885,0.0198289,5.07533,5.20082,5.26047,5.32752,5.38335,5.4122,5.5104,2.31763,1.91545,2.17888,0.0409998,1.80717,1.91545,1.94551,2.05724,2.39188,2.44407,2.62701,2.2658,1.91101,2.18852,0.0462356,1.81521,1.91545,1.94187,2.0588,2.39188,2.44793,2.71416,4.75997,4.75997,4.84601,0.0235259,4.60294,4.7028,4.74067,4.82932,4.96163,5.00677,5.05916,4.76455,4.75762,4.86611,0.0297463,4.65846,4.71557,4.74104,4.81914,4.95884,5.0233,5.08108,-9999,-9999
201205,16.48,1.0,13.78,1.541,1.0,18.139,2.445,1.0,17.403,15.064,1.573,18.84,2.461,16.48,1.0,13.78,1.541,1.0,18.139,2.445,1.0,461.526,263.727,1.0,255.181,263.727,1.0,-9999,-9999,319.018,319.018,0.0,365.061,1.0,373.104,365.061,1.0,4.358,1.0,4.797,4.358,1.0,101.322,101.363,1.0,1.764,1.764,0.0,2.081,2.269,1.0,0.457086685591,0.629704301075,-9999,-9999,439.428,0.950269,15.389,15.435,15.06,7.958,1.0,1.0,1.0,1.0,47.814,14.342,14.649,0.374328,0.586022,1.0,-9999,1.0,25.723,0.0,32.4328,-9999,97.7058,0.976478,123.192,1.26596,1.0,3,18.2581,29.7419,18.2258,29.7097,-1.71559,-1.70796,0.913978,0.913306,0.0856522,0.085356,0.183191,0.190504,-1.67383,-1.67383,0.913306,0.913306,0.0873618,0.0873618,0.183997,0.191411,-1.73466,-1.72643,0.913743,0.914281,0.0235722,0.0233529,-2.01218,-1.93566,-1.89114,-1.67383,-1.63995,-1.61179,-1.54312,-2.00379,-1.9348,-1.83727,-1.67802,-1.63995,-1.59418,-1.53716,0.909274,0.907258,0.909274,0.913306,0.918683,0.920699,0.922043,0.908602,0.922715,0.922715,0.899866,0.918683,0.902554,0.922043,2.96489,2.96489,2.00687,2.00687,0.939823,0.939823,0.132736,0.132736,0.393335,0.431438,-4.45945,-4.44666,4.90468,4.95076,0.897516,0.896403,0.105054,0.104795,0.118144,0.116997,3.0424,3.0424,1.98591,1.98591,0.939823,0.939823,0.138885,0.138885,0.395453,0.433369,-4.43948,-4.43948,4.96262,4.96262,0.896403,0.896403,0.105787,0.105787,0.118796,0.117887,2.31193,2.42689,2.5918,3.0424,3.10369,3.16741,3.295,2.3149,2.42689,2.625,3.0034,3.14582,3.24792,3.36743,0.921147,0.962554,0.921147,0.939823,0.957461,0.919355,0.957461,0.921147,0.962554,0.962554,0.912281,0.957461,0.921147,0.921147,-4.53456,-4.50944,-4.48995,-4.43948,-4.40938,-4.40134,-4.3898,-4.53331,-4.49982,-4.48465,-4.43948,-4.40938,-4.39577,-4.3898,0.901928,0.901928,0.897516,0.896403,0.896403,0.891279,0.89232,0.901928,0.897516,0.897516,0.896403,0.896403,0.897516,0.89232,3.4766,3.50518,3.49238,0.0566252,2.70457,3.16078,3.24763,3.51494,3.64834,3.85579,4.07706,3.5058,3.50673,3.50719,0.0485403,2.84711,3.20773,3.38768,3.50838,3.59948,3.72456,4.04813,5.18742,5.17901,5.21881,0.0440726,4.63937,4.93219,5.07718,5.18742,5.32333,5.54257,5.68845,5.21518,5.18056,5.24185,0.0382314,4.76609,5.08462,5.12673,5.21518,5.30338,5.57672,5.64231,4.64577,4.05335,4.64681,0.0761191,3.94293,4.05335,4.27496,4.63254,4.95622,5.18099,5.56678,4.5419,4.05335,4.63063,0.0759535,3.83451,4.05335,4.27496,4.60376,5.05366,5.17387,5.56552,5.43465,5.43465,5.73179,0.0420251,5.30478,5.43465,5.54537,5.76247,5.88264,5.96559,6.12106,5.43465,5.43465,5.74313,0.0452035,5.29036,5.43126,5.50491,5.78028,5.8831,6.08264,6.16639,-9999,-9999
201206,21.855,1.0,18.819,1.499,1.0,23.52,2.45,1.0,23.011,20.242,1.521,24.529,2.724,21.855,1.0,18.819,1.499,1.0,23.52,2.45,1.0,486.458,293.999,1.0,297.724,293.999,1.0,-9999,-9999,350.077,350.077,0.0,411.628,1.0,403.418,411.628,1.0,6.758,1.0,7.749,6.758,1.0,101.409,101.365,1.0,0.358,0.358,0.0,1.766,2.165,1.0,-9999,-9999,-9999,-9999,423.166,0.120833,19.049,18.599,17.738,5.244,1.0,1.0,1.0,0.652778,46.607,14.073,16.742,0.0,0.0,1.0,-9999,1.0,24.3627,0.0,25.2113,-9999,119.937,0.084028,124.115,1.93636,1.0,3,17.0,31.0,5.06667,10.9,-3.20989,-3.25111,0.08125,0.0819444,0.198073,0.197496,0.598275,0.624344,-3.17478,-3.17478,0.0833333,0.0833333,0.213498,0.213498,0.603558,0.629589,-3.34342,-3.33396,0.0830208,0.0842361,0.072684,0.0806963,-4.04117,-3.92841,-3.62518,-3.21082,-3.16569,-2.79933,-2.59098,-4.1406,-3.9839,-3.85923,-3.20989,-2.99114,-2.79933,-2.59098,0.109028,0.111111,0.0680556,0.0833333,0.0833333,0.0638889,0.0625,0.111111,0.111111,0.109722,0.08125,0.0833333,0.0638889,0.0625,3.43534,3.43534,1.65335,1.65335,0.0705882,0.0705882,0.395104,0.395104,1.49236,1.55411,-6.67336,-6.73488,5.66515,5.61504,0.0870968,0.088172,0.211479,0.211479,0.220892,0.230974,3.60457,3.60457,1.47811,1.47811,0.072549,0.072549,0.440563,0.440563,1.50503,1.56628,-6.71378,-6.71378,5.64447,5.64447,0.0892473,0.0892473,0.221102,0.221102,0.230121,0.239816,1.42856,1.69826,2.43089,3.43534,3.60457,4.57648,4.57648,1.16523,1.57039,1.86002,3.49717,3.94232,4.57648,4.57648,0.143137,0.145098,0.0588235,0.0705882,0.072549,0.0294118,0.0294118,0.145098,0.145098,0.145098,0.072549,0.072549,0.0294118,0.0294118,-6.82162,-6.79287,-6.77399,-6.71151,-6.66529,-6.66529,-6.37717,-6.82162,-6.80556,-6.77836,-6.71151,-6.66529,-6.61981,-6.37568,0.0924731,0.0924731,0.0827957,0.0827957,0.0892473,0.0892473,0.0806452,0.0924731,0.0924731,0.0903226,0.0827957,0.0892473,0.0892473,0.0806452,1.95916,2.08359,2.45532,0.212029,1.02209,1.03736,1.05119,2.09744,2.60827,4.58054,4.60164,1.96349,2.08598,2.45768,0.199989,1.01909,1.0361,1.62224,2.09612,2.60244,4.52372,4.60515,5.21455,5.25837,5.78928,0.150968,4.87929,5.01763,5.047,5.27214,6.20059,7.19019,7.37987,5.21455,5.26075,5.8011,0.149151,4.87929,5.01763,5.13827,5.27214,6.19158,7.19614,7.39145,7.58312,6.14298,7.79046,0.297635,4.56032,5.47554,6.14298,8.31167,9.04174,9.14322,10.8744,7.3385,6.14298,7.66296,0.307498,4.04306,4.83415,6.14298,8.3489,9.04154,9.14322,10.376,9.46194,9.46194,9.70255,0.11774,7.91178,8.76551,9.25656,9.8132,10.3943,10.4255,10.6698,9.46172,9.46194,9.68893,0.124268,7.91178,8.59302,9.46172,9.82007,10.4041,10.4255,10.4257,-9999,-9999
201207,24.176,1.0,21.26,1.463,1.0,25.846,2.582,1.0,24.887,22.35,1.386,26.338,2.711,24.176,1.0,21.26,1.463,1.0,25.846,2.582,1.0,472.261,282.259,1.0,285.772,282.259,1.0,-9999,-9999,357.962,357.962,0.0,432.181,1.0,411.115,432.181,1.0,7.521,1.0,8.452,7.521,1.0,101.322,101.236,1.0,1.133,1.133,0.0,1.759,2.055,1.0,-9999,-9999,-9999,-9999,423.618,0.0,21.682,21.316,20.369,10.597,1.0,1.0,1.0,0.0,44.111,14.045,19.092,0.0,0.0,1.0,-9999,1.0,32.1581,0.0,34.7787,-9999,118.489,0.616263,128.145,1.54017,2.0,3,17.4839,30.5161,0.0,0.0,-3.01065,-3.04105,0.0,0.0,-9999,-9999,-9999,-9999,-2.9937,-2.9937,0.0,0.0,-9999,-9999,-9999,-9999,-3.14624,-3.17233,0.0,0.0,0.0639898,0.0723319,-3.91646,-3.76206,-3.2008,-3.0339,-2.9937,-2.75649,-2.58919,-4.02798,-3.81759,-3.68218,-3.0339,-2.94839,-2.75649,-2.58908,0.0,0.0,0.0,0.0,0.0,0.0,0.0,0.0,0.0,0.0,0.0,0.0,0.0,0.0,3.54102,3.54102,1.70098,1.70098,0.0,0.0,-9999,-9999,-9999,-9999,-6.58211,-6.62841,5.66248,5.60804,0.0,0.0,-9999,-9999,-9999,-9999,3.64233,3.64233,1.60942,1.60942,0.0,0.0,-9999,-9999,-9999,-9999,-6.61383,-6.61383,5.62851,5.62851,0.0,0.0,-9999,-9999,-9999,-9999,1.55899,1.90893,3.14402,3.50556,3.64233,4.3198,4.3198,1.26906,1.77349,2.05746,3.50556,3.69829,4.3198,4.3198,0.0,0.0,0.0,0.0,0.0,0.0,0.0,0.0,0.0,0.0,0.0,0.0,0.0,0.0,-6.83509,-6.7998,-6.75333,-6.62957,-6.59634,-6.57781,-6.38477,-6.84042,-6.81482,-6.76547,-6.62957,-6.59634,-6.55441,-6.38477,0.0,0.0,0.0,0.0,0.0,0.0,0.0,0.0,0.0,0.0,0.0,0.0,0.0,0.0,3.22272,3.55028,3.505,0.108703,2.75043,2.81433,2.84705,3.22922,3.76561,4.50267,4.56375,3.22922,3.554,3.47824,0.108697,2.41551,2.79418,2.84305,3.55028,3.73977,4.48108,4.5718,6.27019,6.54399,6.67733,0.0628384,6.09426,6.22293,6.44415,6.65943,6.94663,7.15411,7.30276,6.27019,6.54771,6.62448,0.0702705,5.61544,6.13978,6.27019,6.59695,6.8087,7.16088,7.31606,6.78866,5.0444,7.3372,0.336978,3.9835,4.59466,5.0444,7.29125,8.12426,8.88295,11.2938,6.58448,5.0444,7.11652,0.328441,3.60125,4.54342,5.0444,7.62147,7.93375,8.81046,11.0307,8.70427,8.70427,8.73459,0.0917407,7.17447,8.16444,8.49049,8.79954,9.27648,9.33833,9.33889,8.70366,8.70427,8.7288,0.096373,7.17447,8.05706,8.50909,8.79858,9.29279,9.33833,9.33879,-9999,-9999
201208,25.237,1.0,22.162,1.596,1.0,27.382,2.708,1.0,25.806,23.546,1.566,27.379,2.892,25.237,1.0,22.162,1.596,1.0,27.382,2.708,1.0,421.454,259.055,1.0,255.964,259.055,1.0,-9999,-9999,370.742,370.742,0.0,441.728,1.0,423.589,441.728,1.0,8.488,1.0,9.389,8.488,1.0,101.48,101.358,0.999328,0.24,0.24,0.0,1.576,2.084,0.999328,0.455684701613,0.960349462366,-9999,-9999,401.932,0.0,22.754,22.284,21.362,21.542,1.0,1.0,1.0,0.0658602,42.73,13.99,20.248,0.0598118,0.0,1.0,-9999,1.0,62.2026,0.0,68.2767,-9999,121.306,0.998656,133.152,1.41242,3.0,3,19.7419,28.2581,0.0,0.0,-4.72391,-4.72618,0.0,0.0,-9999,-9999,-9999,-9999,-4.66432,-4.66432,0.0,0.0,-9999,-9999,-9999,-9999,-4.69815,-4.6813,0.0,0.0,0.0321769,0.0345385,-5.01603,-4.89688,-4.87658,-4.66872,-4.66066,-4.38347,-4.37831,-5.05412,-4.89787,-4.88234,-4.66611,-4.38593,-4.3822,-4.37831,0.0,0.0,0.0,0.0,0.0,0.0,0.0,0.0,0.0,0.0,0.0,0.0,0.0,0.0,2.26425,2.26425,1.62633,1.62633,0.0,0.0,-9999,-9999,-9999,-9999,-9.32763,-9.33126,5.72614,5.72015,0.0,0.0,-9999,-9999,-9999,-9999,2.355,2.355,1.74039,1.74039,0.0,0.0,-9999,-9999,-9999,-9999,-9.29367,-9.29367,5.7779,5.7779,0.0,0.0,-9999,-9999,-9999,-9999,1.83063,1.96804,2.00351,2.34674,2.35816,2.96781,2.97581,1.79191,1.95578,2.00042,2.3523,2.96023,2.97263,2.98029,0.0,0.0,0.0,0.0,0.0,0.0,0.0,0.0,0.0,0.0,0.0,0.0,0.0,0.0,-9.50203,-9.40271,-9.39254,-9.29514,-9.28997,-9.26753,-9.26042,-9.53735,-9.40271,-9.39644,-9.29475,-9.2674,-9.26237,-9.25984,0.0,0.0,0.0,0.0,0.0,0.0,0.0,0.0,0.0,0.0,0.0,0.0,0.0,0.0,4.51215,5.05039,4.55891,0.0884632,3.3771,4.24101,4.416,4.60319,4.82269,5.08032,5.3132,4.52093,5.05554,4.50157,0.101031,3.18178,3.41957,4.35451,4.5447,5.05554,5.07745,5.27217,9.24701,9.71471,9.24022,0.0804484,8.25367,8.93133,9.04339,9.24701,9.48306,9.73764,9.97931,9.24701,9.71986,9.19972,0.0924927,7.92856,8.2948,9.00783,9.24632,9.71986,9.73477,9.93828,5.11079,3.54946,6.11481,0.375164,2.994,3.5434,4.10415,5.78408,7.96462,8.38748,10.5535,4.9717,3.54946,5.82497,0.34581,2.57048,3.54726,3.94087,5.78408,6.81182,8.35326,10.5298,7.73106,7.73106,7.55265,0.0742354,6.29643,7.25657,7.41214,7.73009,7.7994,7.95289,8.01402,7.73009,7.73106,7.55397,0.0756904,6.2631,7.18958,7.33793,7.73106,7.79956,7.99801,8.01402,-9999,-9999
201209,20.881,1.0,19.114,1.574,1.0,22.422,2.151,1.0,20.764,19.265,1.152,22.082,2.046,20.881,1.0,19.114,1.574,1.0,22.422,2.151,1.0,344.834,153.662,1.0,167.332,153.662,1.0,-9999,-9999,349.2,349.2,0.0,419.809,1.0,402.562,419.809,1.0,5.083,1.0,5.065,5.083,1.0,101.346,101.283,1.0,2.283,2.283,0.0,1.965,2.325,1.0,0.53858660705,0.963194444444,-9999,-9999,402.015,0.0,20.48,20.834,20.839,15.902,1.0,1.0,1.0,0.988194,38.646,14.666,20.353,0.988194,0.0,1.0,-9999,1.0,48.3729,0.0,61.7386,1.52945,31.5576,1.0,40.2771,0.914924,3.0,3,22.3667,25.6333,3.3,3.26667,-2.38306,-2.38273,0.0,0.0,0.191072,0.191072,0.382132,0.386084,-2.26279,-2.26279,0.0,0.0,0.192324,0.192324,0.38276,0.386705,-2.39132,-2.37793,0.0,0.0,0.0454026,0.0479901,-2.93825,-2.69726,-2.65474,-2.26917,-2.26206,-2.03539,-2.00598,-3.0013,-2.70637,-2.65474,-2.26475,-2.05838,-2.03539,-2.00598,0.0,0.0,0.0,0.0,0.0,0.0,0.0,0.0,0.0,0.0,0.0,0.0,0.0,0.0,3.47159,3.47205,1.26386,1.26378,0.0,0.0,0.243993,0.243993,0.632039,0.640539,-7.32105,-7.32086,5.80955,5.80988,0.0,0.0,0.27612,0.27612,0.290075,0.290044,3.67499,3.67499,1.4347,1.4347,0.0,0.0,0.246854,0.246854,0.633149,0.641634,-7.2811,-7.2811,5.86047,5.86047,0.0,0.0,0.276788,0.276788,0.290711,0.29068,2.76764,2.93045,3.01999,3.66328,3.67499,4.09654,4.15106,2.67694,2.91205,3.01261,3.67039,4.05632,4.09654,4.15106,0.0,0.0,0.0,0.0,0.0,0.0,0.0,0.0,0.0,0.0,0.0,0.0,0.0,0.0,-7.71279,-7.41897,-7.41123,-7.28251,-7.27972,-7.24119,-7.23633,-7.74879,-7.41877,-7.41123,-7.2811,-7.24738,-7.24119,-7.23542,0.0,0.0,0.0,0.0,0.0,0.0,0.0,0.0,0.0,0.0,0.0,0.0,0.0,0.0,5.45414,6.15746,5.22829,0.180778,3.52967,3.70607,3.96781,5.99595,6.16986,6.19224,6.32921,5.45986,6.16085,5.15105,0.184772,3.52915,3.54536,3.94413,5.95284,6.16909,6.17601,6.30259,7.84253,8.42025,7.60621,0.140451,6.1839,6.59389,6.67615,8.02519,8.33371,8.44192,8.592,7.84286,8.42364,7.54237,0.148086,6.09632,6.19141,6.65415,7.98309,8.42364,8.44003,8.56538,2.32469,1.67394,3.47307,0.307654,1.53215,1.67127,1.88684,2.4652,5.43537,5.95008,6.6698,2.27073,1.67394,3.27557,0.286114,1.4918,1.67127,1.88684,2.4652,4.87153,5.89203,6.62487,5.32499,5.32499,5.08081,0.0412834,4.44691,4.86768,5.00495,5.09704,5.27654,5.32499,5.41947,5.32379,5.32499,5.08557,0.039172,4.44576,4.90277,5.00316,5.08968,5.19465,5.32499,5.41551,-9999,-9999
201210,17.648,1.0,15.942,1.693,1.0,19.499,2.277,1.0,17.406,16.269,1.307,18.648,2.074,17.648,1.0,15.942,1.693,1.0,19.499,2.277,1.0,257.292,126.205,1.0,123.305,126.205,1.0,-9999,-9999,326.854,326.854,0.0,394.45,1.0,380.751,394.45,1.0,3.199,1.0,3.67,3.199,1.0,101.221,101.218,1.0,4.031,4.031,0.0,1.914,2.088,1.0,0.287423431625,0.57123655914,-9999,-9999,408.989,0.866935,18.666,19.406,19.774,5.171,1.0,1.0,1.0,1.0,46.603,17.567,19.741,0.336022,0.0,1.0,-2.49564,0.0638441,36.3926,0.830645,49.1439,0.492704,26.1664,0.949597,35.3346,0.739396,2.0,3,25.0645,22.9355,25.0645,22.9355,-1.34955,-1.34897,0.850806,0.850806,0.0648963,0.0649841,0.236339,0.267096,-1.27859,-1.27859,0.851478,0.851478,0.0659471,0.0659471,0.23663,0.267332,-1.33752,-1.32722,0.835265,0.835887,0.0347505,0.0383836,-1.77654,-1.58668,-1.48453,-1.28533,-1.21954,-1.13217,-1.00686,-1.8529,-1.6085,-1.51949,-1.27859,-1.14993,-1.09036,-0.986568,0.800403,0.807124,0.806452,0.851478,0.851478,0.856855,0.858871,0.793683,0.803763,0.806452,0.851478,0.852823,0.858871,0.859543,3.86745,3.86904,1.01722,1.02135,0.876034,0.876034,0.0677137,0.067996,0.336422,0.371842,-6.90754,-6.90812,6.51957,6.51947,0.824169,0.824169,0.107943,0.107954,0.15013,0.175668,3.95847,3.95847,1.0831,1.0831,0.877378,0.877378,0.0706003,0.0706003,0.337015,0.372327,-6.85758,-6.85758,6.52271,6.52271,0.824169,0.824169,0.108332,0.108332,0.15041,0.1759,3.33804,3.50061,3.67958,3.94625,4.04564,4.15969,4.37119,3.22638,3.4989,3.61787,3.95847,4.13586,4.23005,4.4021,0.788978,0.792701,0.792701,0.877378,0.877378,0.887924,0.890405,0.780914,0.792701,0.792701,0.877378,0.879859,0.890405,0.891749,-7.20221,-6.9934,-6.98504,-6.8581,-6.83642,-6.78472,-6.76823,-7.2364,-7.0513,-6.9862,-6.85758,-6.79121,-6.77414,-6.76265,0.810484,0.820259,0.818793,0.824169,0.824169,0.824169,0.825635,0.805108,0.817449,0.818793,0.824169,0.824169,0.824169,0.825635,4.03333,4.31642,4.02745,0.135621,2.77521,2.95742,3.12558,4.31688,4.55668,4.90399,5.36341,4.03822,4.31688,3.95933,0.125137,2.88132,2.97984,3.14183,4.3077,4.51016,4.63234,5.1453,5.38718,5.59501,5.35466,0.0989571,4.55855,4.56983,4.64482,5.59547,5.73359,5.99435,6.33195,5.38635,5.59547,5.29685,0.0924699,4.54362,4.6243,4.65855,5.59302,5.71281,5.76261,6.15216,0.94836,0.994728,1.76031,0.188716,0.42376,0.579771,0.814379,1.15285,3.0031,3.10248,3.38308,0.839799,0.994728,1.65147,0.187946,0.42376,0.565986,0.585628,0.994728,2.8346,3.01958,3.5442,4.30334,4.30334,4.25664,0.0331099,3.94401,3.98788,4.09042,4.29522,4.35195,4.39324,4.55172,4.30271,4.30334,4.25393,0.0319075,3.94401,4.08478,4.10926,4.25758,4.33435,4.40036,4.54187,-9999,-9999
201211,14.595,1.0,13.49,1.603,1.0,16.102,2.103,1.0,14.322,13.65,1.29,15.233,1.393,14.595,1.0,13.49,1.603,1.0,16.102,2.103,1.0,183.105,70.854,1.0,67.101,70.854,1.0,-9999,-9999,318.483,318.483,0.0,373.464,1.0,372.582,373.464,1.0,2.619,1.0,2.802,2.619,1.0,101.296,101.335,1.0,4.025,4.025,0.0,2.433,2.511,1.0,0.441321225865,0.913888888889,-9999,-9999,407.481,0.999306,15.633,16.502,17.218,12.957,1.0,1.0,1.0,1.0,47.176,17.691,17.76,0.0,0.0,1.0,-0.316237,0.0,15.3327,0.999306,24.0845,0.39935,-10.7744,0.999306,-16.9245,0.73358,1.0,3,27.6333,20.3667,27.6333,20.3667,-0.99512,-0.988981,0.998611,0.998611,0.0652846,0.0657848,0.0750439,0.0840883,-0.992725,-0.9932,0.998611,0.998611,0.0664827,0.0665032,0.0760885,0.0846515,-0.982157,-0.978085,0.998611,0.998611,0.00624802,0.00734151,-1.05272,-1.03029,-0.997404,-0.983782,-0.97034,-0.956275,-0.904922,-1.05314,-1.03696,-0.997404,-0.97915,-0.956275,-0.932209,-0.890714,0.998611,0.998611,0.998611,0.998611,0.998611,0.998611,0.998611,0.998611,0.998611,0.998611,0.998611,0.998611,0.998611,0.998611,3.16976,3.17782,1.22042,1.24059,1.0,1.0,0.0575982,0.0587448,0.0699003,0.0819743,-6.55829,-6.55554,6.17162,6.17574,0.996818,0.996818,0.126329,0.126369,0.128513,0.131783,3.1679,3.16716,1.24455,1.24451,1.0,1.0,0.0590726,0.0591081,0.0711201,0.0822351,-6.55172,-6.55178,6.1291,6.129,0.996818,0.996818,0.127961,0.127986,0.130118,0.133335,3.08507,3.1203,3.16377,3.17703,3.1879,3.19951,3.26183,3.07324,3.11072,3.16377,3.17782,3.19573,3.22507,3.26461,1.0,1.0,1.0,1.0,1.0,1.0,1.0,1.0,1.0,1.0,1.0,1.0,1.0,1.0,-6.57781,-6.56871,-6.55829,-6.53491,-6.52824,-6.52153,-6.47419,-6.57781,-6.56755,-6.55555,-6.53491,-6.52365,-6.49278,-6.45724,0.996818,0.996818,0.996818,0.996818,0.996818,0.996818,0.996818,0.996818,0.996818,0.996818,0.996818,0.996818,0.996818,0.996818,3.24962,3.23203,3.27017,0.00517292,3.23129,3.23764,3.24222,3.25774,3.29467,3.31753,3.32444,3.23767,3.23129,3.26572,0.00512703,3.23129,3.23628,3.23962,3.2535,3.27984,3.31755,3.32762,4.24662,4.22523,4.24826,0.0066451,4.20267,4.20701,4.21261,4.22754,4.29415,4.30533,4.31402,4.2405,4.22401,4.24788,0.0063326,4.20322,4.2076,4.21296,4.2284,4.28835,4.30389,4.30953,2.62777,1.82498,2.03664,0.0808174,1.05987,1.51741,1.65865,1.90365,2.53042,2.54783,2.60518,2.58297,1.82228,2.10838,0.0841135,0.957415,1.62371,1.72092,2.34845,2.53048,2.56361,2.58755,3.56434,3.53722,3.59555,0.0209847,3.24076,3.49341,3.53696,3.60737,3.67457,3.68638,3.75258,3.53832,3.53696,3.61438,0.0233226,3.23568,3.52834,3.57645,3.63624,3.67428,3.68112,3.81266,-9999,-9999
201212,8.698,0.987903,7.457,2.054,1.0,10.56,2.238,0.96944,8.668,7.882,1.389,9.847,1.375,8.684,0.987903,7.457,2.054,1.0,10.522,2.217,0.96944,148.651,62.826,0.989247,64.008,63.301,0.989247,-9999,-9999,277.189,277.189,0.0,322.025,0.987903,332.276,321.833,0.987903,2.202,0.987903,2.42,2.199,0.987903,101.251,101.384,0.97043,2.398,2.398,0.0,2.361,2.442,0.97043,0.442645800439,0.831317204301,-9999,-9999,404.225,0.987903,10.981,12.32,13.629,13.05,0.987903,0.987903,0.987903,0.987903,46.008,18.372,14.797,0.674059,0.0,0.987903,-2.89211,0.177419,11.7034,0.934812,-12.7638,0.273385,-26.3932,0.988575,28.7848,0.653261,1.0,3,28.8065,19.1935,28.8065,19.1935,-0.992201,-0.991867,0.935484,0.935484,0.0527792,0.052831,0.0678085,0.0700881,-0.996151,-0.990087,0.935484,0.935484,0.0529298,0.0530263,0.0679258,0.0702355,-0.990735,-0.986648,0.935282,0.935265,0.00562745,0.0063027,-1.04344,-1.03667,-1.01212,-0.992201,-0.969795,-0.951526,-0.921413,-1.03993,-1.03663,-1.01435,-0.991867,-0.959407,-0.94452,-0.913517,0.934812,0.934812,0.934812,0.935484,0.935484,0.935484,0.935484,0.934812,0.934812,0.934812,0.935484,0.935484,0.935484,0.935484,2.06395,2.06395,0.871577,0.871577,0.954394,0.954394,0.0466036,0.0466851,0.0625227,0.0615331,-5.49655,-5.49577,4.86311,4.86321,0.906621,0.906621,0.106278,0.106305,0.115156,0.118995,2.05482,2.05598,0.87347,0.872024,0.954394,0.954394,0.0469054,0.0469033,0.062748,0.0616988,-5.49228,-5.47993,4.86723,4.87576,0.906621,0.906621,0.106372,0.106653,0.115243,0.119306,2.0199,2.02787,2.03291,2.06027,2.08148,2.11123,2.12157,2.02743,2.03185,2.03449,2.05821,2.09948,2.11202,2.13495,0.954394,0.954394,0.954394,0.954394,0.954394,0.954394,0.954394,0.954394,0.954394,0.954394,0.954394,0.954394,0.954394,0.954394,-5.56332,-5.55744,-5.49655,-5.48892,-5.4726,-5.46877,-5.41513,-5.56371,-5.55741,-5.52198,-5.4887,-5.4708,-5.45047,-5.4149,0.904924,0.904924,0.906621,0.906621,0.906621,0.906621,0.906621,0.904924,0.904924,0.904924,0.906621,0.906621,0.906621,0.906621,2.02406,2.02197,2.05458,0.00659963,2.00498,2.01726,2.02183,2.04142,2.09096,2.11423,2.12431,2.02183,2.01726,2.04656,0.00649257,1.99887,2.00661,2.01779,2.03813,2.05543,2.11315,2.12429,3.01667,3.01206,3.04123,0.00363096,3.01305,3.01622,3.01927,3.03146,3.06274,3.06925,3.07661,3.01667,3.01341,3.0373,0.00392491,3.0096,3.01341,3.01626,3.02683,3.06192,3.06968,3.07666,2.56525,1.88831,2.14599,0.0825741,1.26318,1.5648,1.65382,2.16844,2.45039,2.62729,2.93897,2.50082,1.88935,2.18379,0.079548,1.26329,1.65306,1.79519,2.16844,2.45039,2.61534,3.08854,3.04677,3.04677,3.19633,0.024311,2.89175,2.96881,3.05299,3.21382,3.31496,3.37642,3.40726,3.05085,3.05299,3.21469,0.0226806,2.93751,3.04677,3.08882,3.21404,3.33032,3.38546,3.40975,-9999,-9999
201301,8.251,1.0,7.131,1.8,1.0,9.886,2.146,1.0,8.431,7.627,1.39,9.603,1.42,8.251,1.0,7.131,1.8,1.0,9.886,2.146,1.0,166.148,68.691,1.0,66.917,68.691,1.0,-9999,-9999,283.155,283.155,0.0,320.265,1.0,338.099,320.265,1.0,1.683,1.0,2.26,1.683,1.0,100.95,101.08,1.0,3.227,3.227,0.0,2.185,2.395,1.0,0.419143281826,0.878360215054,-9999,-9999,407.291,1.0,9.661,10.726,11.934,12.986,1.0,1.0,1.0,1.0,32.328,18.296,12.78,0.200269,0.0235215,0.200269,-2.43978,1.0,11.4472,1.0,24.7199,0.2706,-18.3262,0.999328,-39.5748,0.692569,1.0,2,28.4839,19.5161,28.4839,19.5161,-1.25854,-1.25854,1.0,1.0,0.0534289,0.0534289,0.0823666,0.0823666,-1.26027,-1.26027,1.0,1.0,0.054075,0.0540748,0.0827872,0.0827871,-1.26694,-1.26673,1.0,1.0,0.00829103,0.00823386,-1.3526,-1.34691,-1.32017,-1.2554,-1.2287,-1.22153,-1.20874,-1.3519,-1.34691,-1.31833,-1.2554,-1.22838,-1.22153,-1.20889,1.0,1.0,1.0,1.0,1.0,1.0,1.0,1.0,1.0,1.0,1.0,1.0,1.0,1.0,2.21592,2.21592,1.20767,1.20767,1.0,1.0,0.0530406,0.0530353,0.107985,0.107697,-6.22088,-6.22088,5.12772,5.12772,1.0,1.0,0.100221,0.10022,0.102099,0.102083,2.2127,2.2127,1.23843,1.23843,1.0,1.0,0.0546133,0.0546129,0.108766,0.108482,-6.21962,-6.21962,5.12219,5.12219,1.0,1.0,0.100361,0.100361,0.102236,0.102222,2.05686,2.07933,2.12569,2.22045,2.2582,2.26745,2.27941,2.05839,2.08079,2.12852,2.21982,2.2582,2.26826,2.27919,1.0,1.0,1.0,1.0,1.0,1.0,1.0,1.0,1.0,1.0,1.0,1.0,1.0,1.0,-6.24461,-6.23471,-6.22793,-6.21865,-6.21113,-6.19572,-6.17174,-6.24461,-6.23456,-6.22874,-6.21865,-6.21101,-6.19572,-6.17261,1.0,1.0,1.0,1.0,1.0,1.0,1.0,1.0,1.0,1.0,1.0,1.0,1.0,1.0,2.31312,2.29676,2.30697,0.00954757,2.20643,2.23399,2.24612,2.3105,2.35433,2.3697,2.37949,2.2997,2.29676,2.30697,0.00954757,2.20643,2.23399,2.24612,2.3105,2.35433,2.3697,2.37949,3.56689,3.55702,3.57371,0.00286937,3.54089,3.56146,3.56285,3.57521,3.58589,3.58937,3.59462,3.56694,3.55702,3.57392,0.00287105,3.54089,3.56146,3.5638,3.57521,3.58589,3.58918,3.59547,2.40044,2.30611,2.37454,0.0157515,2.10024,2.30067,2.30888,2.38086,2.40753,2.4881,2.51561,2.37695,2.30611,2.37454,0.0157515,2.10024,2.30067,2.30888,2.38086,2.40753,2.4881,2.51561,3.62194,3.62201,3.65766,0.0078328,3.52027,3.62194,3.62818,3.65363,3.69454,3.71462,3.7265,3.63472,3.62201,3.65766,0.0078328,3.52027,3.62194,3.62818,3.65363,3.69454,3.71462,3.7265,-9999,-9999
201302,7.221,1.0,5.596,1.827,1.0,9.157,2.544,1.0,7.421,6.273,1.435,8.783,1.805,7.221,1.0,5.596,1.827,1.0,9.157,2.544,1.0,228.05,113.204,1.0,108.031,113.204,1.0,-9999,-9999,268.566,268.566,0.0,300.332,1.0,323.859,300.332,1.0,2.309,1.0,2.627,2.309,1.0,100.751,100.895,0.991815,2.89,2.89,0.0,2.265,2.511,0.991815,0.441506222251,0.894345238095,68.3018463948,0.714285714286,406.679,1.0,8.78,10.102,11.261,11.586,1.0,1.0,1.0,1.0,19.901,19.607,11.203,0.97619,0.97619,0.97619,-2.1979,1.0,18.6755,1.0,40.3293,0.286923,5.97846,1.0,12.9103,0.749098,0.759673,1,26.1429,21.8571,26.1429,21.8571,-2.45231,-2.45231,1.0,1.0,0.0663561,0.0663561,0.0890392,0.0890392,-2.44096,-2.44096,1.0,1.0,0.0666702,0.0666702,0.0892735,0.0892735,-2.46282,-2.46282,1.0,1.0,0.00788313,0.00788313,-2.55859,-2.53035,-2.5215,-2.44729,-2.42996,-2.41161,-2.39785,-2.55859,-2.53035,-2.5215,-2.44729,-2.42996,-2.41161,-2.39785,1.0,1.0,1.0,1.0,1.0,1.0,1.0,1.0,1.0,1.0,1.0,1.0,1.0,1.0,2.12183,2.12183,1.18255,1.18255,1.0,1.0,0.0601012,0.0596072,0.103662,0.103376,-7.70679,-7.70679,6.38795,6.38795,1.0,1.0,0.121023,0.120981,0.123554,0.123513,2.13136,2.13136,1.19904,1.19904,1.0,1.0,0.0604833,0.0604833,0.103884,0.103884,-7.69396,-7.69396,6.40516,6.40516,1.0,1.0,0.121132,0.121132,0.123661,0.123661,1.97009,2.00283,2.01432,2.12183,2.14565,2.17175,2.18254,1.97009,2.00283,2.01432,2.12183,2.14565,2.17175,2.18254,1.0,1.0,1.0,1.0,1.0,1.0,1.0,1.0,1.0,1.0,1.0,1.0,1.0,1.0,-7.75314,-7.7304,-7.72542,-7.70564,-7.68826,-7.68063,-7.66347,-7.75314,-7.7304,-7.72542,-7.70564,-7.68826,-7.68063,-7.66347,1.0,1.0,1.0,1.0,1.0,1.0,1.0,1.0,1.0,1.0,1.0,1.0,1.0,1.0,2.23339,2.25767,2.20567,0.0118127,2.06989,2.10022,2.10791,2.23063,2.25916,2.26904,2.29463,2.23063,2.25767,2.20567,0.0118127,2.06989,2.10022,2.10791,2.23063,2.25916,2.26904,2.29463,4.69929,4.69864,4.66849,0.00447298,4.61228,4.63109,4.64432,4.67712,4.68915,4.69389,4.69929,4.69934,4.69864,4.66849,0.00447298,4.61228,4.63109,4.64432,4.67712,4.68915,4.69389,4.69929,2.27671,2.30032,2.22241,0.0206758,2.01792,2.05022,2.06077,2.2565,2.30823,2.33589,2.4673,2.30823,2.30032,2.22241,0.0206758,2.01792,2.05022,2.06077,2.2565,2.30823,2.33589,2.4673,4.82643,4.82643,4.80246,0.00757013,4.73065,4.73863,4.75011,4.81008,4.82948,4.83615,4.90543,4.81008,4.82643,4.80246,0.00757013,4.73065,4.73863,4.75011,4.81008,4.82948,4.83615,4.90543,-9999,-9999
201303,10.999,1.0,9.546,1.387,1.0,12.416,1.911,1.0,11.162,10.026,1.244,12.262,1.794,10.999,1.0,9.546,1.387,1.0,12.416,1.911,1.0,313.817,124.778,1.0,134.93,124.778,1.0,-9999,-9999,303.357,303.357,0.0,338.859,1.0,357.818,338.859,1.0,2.317,1.0,2.781,2.317,1.0,100.501,100.557,0.999328,4.432,4.432,0.0,2.748,2.849,0.999328,0.53675107901,0.920698924731,77.8383877916,0.993951612903,395.892,1.0,10.865,11.294,11.688,11.546,1.0,1.0,1.0,1.0,22.893,23.196,16.738,1.0,1.0,1.0,0.187736,1.0,21.0601,1.0,50.5548,0.433957,11.1897,0.999328,26.8609,0.776498,0.99328,1,23.6452,24.3548,23.6452,24.3548,-2.88172,-2.88172,1.0,1.0,0.0590257,0.0590257,0.0691126,0.0691126,-2.86717,-2.86717,1.0,1.0,0.0591551,0.0591551,0.0692232,0.0692232,-2.89468,-2.89468,1.0,1.0,0.0065728,0.0065728,-3.00011,-2.93957,-2.92648,-2.87587,-2.86807,-2.86767,-2.86553,-3.00011,-2.93957,-2.92648,-2.87587,-2.86807,-2.86767,-2.86553,1.0,1.0,1.0,1.0,1.0,1.0,1.0,1.0,1.0,1.0,1.0,1.0,1.0,1.0,2.82237,2.82237,1.32826,1.32826,1.0,1.0,0.0650594,0.0651073,0.0881631,0.0881985,-8.18003,-8.18003,6.68509,6.68509,1.0,1.0,0.0925835,0.092582,0.0937847,0.0937833,2.84244,2.84244,1.35325,1.35325,1.0,1.0,0.0655247,0.0655247,0.0885071,0.0885071,-8.17206,-8.17206,6.68961,6.68961,1.0,1.0,0.0926023,0.0926023,0.0938033,0.0938033,2.60452,2.72247,2.74262,2.82237,2.83167,2.84147,2.84394,2.60452,2.72247,2.74262,2.82237,2.83167,2.84147,2.84394,1.0,1.0,1.0,1.0,1.0,1.0,1.0,1.0,1.0,1.0,1.0,1.0,1.0,1.0,-8.19586,-8.19237,-8.18851,-8.17458,-8.16937,-8.16244,-8.15675,-8.19586,-8.19237,-8.18851,-8.17458,-8.16937,-8.16244,-8.15675,1.0,1.0,1.0,1.0,1.0,1.0,1.0,1.0,1.0,1.0,1.0,1.0,1.0,1.0,3.00811,3.04928,2.98241,0.0130629,2.77503,2.89261,2.91579,3.02428,3.03213,3.03653,3.03893,3.01646,3.04928,2.98241,0.0130629,2.77503,2.89261,2.91579,3.02428,3.03213,3.03653,3.03893,5.90545,5.91645,5.87709,0.00653586,5.77514,5.82985,5.84227,5.89691,5.90331,5.90421,5.90636,5.90587,5.91645,5.87709,0.00653586,5.77514,5.82985,5.84227,5.89691,5.90331,5.90421,5.90636,3.52613,3.53595,3.52653,0.00587704,3.42467,3.48093,3.5214,3.53356,3.54437,3.54509,3.56995,3.54139,3.53595,3.52653,0.00587704,3.42467,3.48093,3.5214,3.53356,3.54437,3.54509,3.56995,6.17236,6.17236,6.17577,0.00280377,6.15884,6.16324,6.16648,6.17161,6.18035,6.1821,6.2063,6.17369,6.17236,6.17577,0.00280377,6.15884,6.16324,6.16648,6.17161,6.18035,6.1821,6.2063,-9999,-9999
201304,14.808,1.0,12.892,1.448,1.0,16.252,1.994,1.0,15.338,13.395,1.503,16.801,2.531,14.808,1.0,12.892,1.448,1.0,16.252,1.994,1.0,399.026,207.404,1.0,230.184,207.404,1.0,-9999,-9999,311.056,311.056,0.0,360.002,1.0,365.332,360.002,1.0,3.744,1.0,4.28,3.744,1.0,101.264,101.303,1.0,1.672,1.672,0.0,2.172,2.291,1.0,0.451276662916,0.918055555556,127.60112819,0.995833333333,397.241,1.0,14.044,13.994,13.629,13.132,1.0,1.0,1.0,1.0,15.572,22.281,21.243,1.0,1.0,1.0,0.930934,1.0,39.7529,1.0,50.1224,0.565794,61.2708,1.0,77.2532,0.980887,0.995833,1,20.6333,27.3667,20.6333,27.3667,-2.88488,-2.88488,1.0,1.0,0.0807705,0.0807705,0.0946433,0.0946433,-2.88607,-2.88607,1.0,1.0,0.0808033,0.0808033,0.0946712,0.0946712,-2.90775,-2.90775,0.99974,0.99974,0.00816786,0.00816786,-3.0365,-2.96699,-2.9229,-2.88489,-2.87714,-2.86833,-2.85575,-3.0365,-2.96699,-2.9229,-2.88489,-2.87714,-2.86833,-2.85575,0.999306,0.999306,0.999306,1.0,1.0,1.0,1.0,0.999306,0.999306,0.999306,1.0,1.0,1.0,1.0,4.48322,4.48322,1.55612,1.55612,1.0,1.0,0.0894997,0.0895248,0.133663,0.13368,-8.27377,-8.27377,7.22317,7.22317,1.0,1.0,0.118662,0.118664,0.120311,0.120313,4.47982,4.47982,1.55606,1.55606,1.0,1.0,0.0896017,0.0896017,0.133731,0.133731,-8.27331,-8.27331,7.22335,7.22335,1.0,1.0,0.118695,0.118695,0.120344,0.120344,4.20408,4.31508,4.39918,4.48007,4.49394,4.51363,4.52371,4.20408,4.31508,4.39918,4.48007,4.49394,4.51363,4.52371,1.0,1.0,1.0,1.0,1.0,1.0,1.0,1.0,1.0,1.0,1.0,1.0,1.0,1.0,-8.31911,-8.30391,-8.29061,-8.27477,-8.26671,-8.26421,-8.24807,-8.31911,-8.30391,-8.29061,-8.27477,-8.26671,-8.26421,-8.24807,0.998765,0.998765,0.998765,1.0,1.0,1.0,1.0,0.998765,0.998765,0.998765,1.0,1.0,1.0,1.0,5.14907,5.19103,4.95203,0.0279534,4.56413,4.72218,4.84857,4.99984,5.03962,5.12616,5.19103,5.01636,5.19103,4.95203,0.0279534,4.56413,4.72218,4.84857,4.99984,5.03962,5.12616,5.19103,8.08474,8.0771,7.85978,0.0219021,7.60063,7.67414,7.79041,7.87251,7.91077,8.04395,8.0771,8.08069,8.0771,7.85978,0.0219021,7.60063,7.67414,7.79041,7.87251,7.91077,8.04395,8.0771,4.60788,4.4447,4.46777,0.0191045,4.26231,4.29174,4.34664,4.46772,4.56861,4.59593,4.62039,4.59593,4.4447,4.46777,0.0191045,4.26231,4.29174,4.34664,4.46772,4.56861,4.59593,4.62039,7.56497,7.56497,7.58162,0.00865796,7.48701,7.49932,7.52828,7.57951,7.62042,7.6268,7.66206,7.57785,7.56497,7.58162,0.00865796,7.48701,7.49932,7.52828,7.57951,7.62042,7.6268,7.66206,-9999,-9999
201305,16.759,1.0,14.876,1.113,1.0,17.923,2.079,1.0,16.821,15.109,1.244,17.877,1.909,16.759,1.0,14.876,1.113,1.0,17.923,2.079,1.0,460.077,220.344,1.0,227.855,220.344,1.0,-9999,-9999,326.364,326.364,0.0,378.588,1.0,380.274,378.588,1.0,4.116,1.0,4.066,4.116,1.0,101.006,101.022,1.0,3.577,3.577,0.0,2.224,2.431,1.0,0.45387924888,0.899865591398,-9999,-9999,395.029,1.0,16.618,16.55,15.959,15.124,1.0,1.0,1.0,1.0,10.888,19.937,17.469,1.0,1.0,1.0,0.496601,0.620296,41.2874,1.0,52.0571,0.584195,63.7799,1.0,80.4167,1.05416,1.0,2,18.2903,29.7097,18.2903,29.6774,-2.03994,-2.03994,0.997984,0.997984,0.0800517,0.0800517,0.113864,0.113864,-2.05787,-2.05787,0.997984,0.997984,0.0802224,0.0802224,0.113984,0.113984,-2.06365,-2.06365,0.998169,0.998169,0.0112594,0.0112594,-2.19442,-2.15868,-2.10925,-2.03994,-2.01396,-1.99673,-1.9713,-2.19442,-2.15868,-2.10925,-2.03994,-2.01396,-1.99673,-1.9713,0.997984,0.997984,0.997984,0.997984,0.997984,0.997984,0.999328,0.997984,0.997984,0.997984,0.997984,0.997984,0.997984,0.999328,5.20003,5.20003,1.63535,1.63535,1.0,1.0,0.104887,0.104887,0.156157,0.156157,-6.37015,-6.37015,7.05802,7.05802,0.996774,0.996774,0.10662,0.106619,0.117334,0.117333,5.16001,5.16001,1.66999,1.66999,1.0,1.0,0.105527,0.105527,0.156588,0.156588,-6.37306,-6.37306,7.05213,7.05213,0.996774,0.996774,0.10669,0.10669,0.117398,0.117398,5.02502,5.05419,5.13634,5.20003,5.25934,5.28557,5.30938,5.02502,5.05419,5.13634,5.20003,5.25934,5.28557,5.30938,1.0,1.0,1.0,1.0,1.0,1.0,1.0,1.0,1.0,1.0,1.0,1.0,1.0,1.0,-6.50423,-6.46562,-6.43987,-6.37916,-6.37015,-6.36765,-6.31155,-6.50423,-6.46562,-6.43987,-6.37916,-6.37015,-6.36765,-6.31155,0.996774,0.996774,0.996774,0.996774,0.996774,0.996774,0.998925,0.996774,0.996774,0.996774,0.996774,0.996774,0.996774,0.998925,5.63961,5.63753,5.55733,0.0234661,5.2895,5.30976,5.48916,5.61553,5.6658,5.66896,5.69646,5.56675,5.63753,5.55733,0.0234661,5.2895,5.30976,5.48916,5.61553,5.6658,5.66896,5.69646,7.70575,7.6954,7.62098,0.0136058,7.46322,7.49143,7.59011,7.65038,7.69069,7.69664,7.70461,7.70327,7.6954,7.62098,0.0136058,7.46322,7.49143,7.59011,7.65038,7.69069,7.69664,7.70461,6.04465,5.94264,6.05389,0.0166632,5.88428,5.93297,5.94264,6.04773,6.12886,6.18988,6.20538,6.10088,5.94264,6.05389,0.0166632,5.88428,5.93297,5.94264,6.04773,6.12886,6.18988,6.20538,7.90445,7.90445,8.00039,0.011104,7.90297,7.92056,7.93479,7.9825,8.06437,8.07338,8.08835,7.90927,7.90445,8.00039,0.011104,7.90297,7.92056,7.93479,7.9825,8.06437,8.07338,8.08835,-9999,-9999
201306,20.007,1.0,17.136,1.413,1.0,21.581,2.373,1.0,20.497,18.174,1.437,21.77,2.312,20.007,1.0,17.136,1.413,1.0,21.581,2.373,1.0,486.259,288.921,1.0,269.933,288.921,1.0,-9999,-9999,345.132,345.132,0.0,398.912,1.0,398.592,398.912,1.0,5.417,1.0,5.502,5.417,1.0,101.42,101.393,1.0,2.197,2.197,0.0,1.609,2.007,1.0,0.385360754341,0.585416666667,-9999,-9999,408.471,0.800694,18.46,17.972,17.238,16.304,1.0,1.0,1.0,1.0,7.837,13.746,12.651,0.988889,0.988889,0.988889,0.438544,0.279861,64.0535,0.8,66.2847,0.945114,115.127,0.997917,119.137,1.13104,1.0,2,17.0,31.0,17.0,31.0,-3.79627,-3.79627,0.7375,0.7375,0.0881223,0.0881223,0.168102,0.168102,-3.72287,-3.72287,0.743056,0.743056,0.0902818,0.0902818,0.169244,0.169244,-3.74451,-3.74451,0.740087,0.740087,0.0184606,0.0184606,-3.9377,-3.85581,-3.83494,-3.76568,-3.65613,-3.56951,-3.56738,-3.9377,-3.85581,-3.83494,-3.76568,-3.65613,-3.56951,-3.56738,0.7375,0.729167,0.729167,0.755556,0.743056,0.743056,0.743056,0.7375,0.729167,0.729167,0.755556,0.743056,0.743056,0.743056,3.86188,3.86188,1.00784,1.00784,0.727451,0.727451,0.106421,0.100522,0.318926,0.317006,-7.78221,-7.78221,6.86774,6.86774,0.743011,0.743011,0.120353,0.119374,0.133381,0.132498,3.97535,3.97535,1.02343,1.02343,0.727451,0.727451,0.107282,0.107282,0.319214,0.319214,-7.73492,-7.73492,6.92111,6.92111,0.751613,0.751613,0.121183,0.121183,0.134131,0.134131,3.53248,3.73925,3.78511,3.88029,4.1475,4.34054,4.36744,3.53248,3.73925,3.78511,3.88029,4.1475,4.34054,4.36744,0.727451,0.727451,0.727451,0.727451,0.727451,0.727451,0.727451,0.727451,0.727451,0.727451,0.727451,0.727451,0.727451,0.727451,-7.84785,-7.82134,-7.8018,-7.74619,-7.7191,-7.70635,-7.65428,-7.84785,-7.82134,-7.8018,-7.74619,-7.7191,-7.70635,-7.65428,0.739785,0.74086,0.741935,0.751613,0.751613,0.751613,0.754839,0.739785,0.74086,0.741935,0.751613,0.751613,0.751613,0.754839,4.33545,4.51887,4.59715,0.034188,4.32354,4.42147,4.43762,4.50211,4.77655,4.90986,4.95992,4.46814,4.51887,4.59715,0.034188,4.32354,4.42147,4.43762,4.50211,4.77655,4.90986,4.95992,8.14409,8.24174,8.34166,0.0197627,8.13879,8.18777,8.26124,8.33155,8.43644,8.51532,8.5273,8.18432,8.24174,8.34166,0.0197627,8.13879,8.18777,8.26124,8.33155,8.43644,8.51532,8.5273,3.33429,3.23464,3.53266,0.0540468,3.21629,3.24695,3.32376,3.51826,3.67661,3.71278,3.80428,3.43125,3.23464,3.53266,0.0540468,3.21629,3.24695,3.32376,3.51826,3.67661,3.71278,3.80428,7.22747,7.22747,7.37123,0.02112,7.2061,7.22926,7.27966,7.35321,7.46846,7.50244,7.61544,7.23859,7.22747,7.37123,0.02112,7.2061,7.22926,7.27966,7.35321,7.46846,7.50244,7.61544,-9999,-9999
201307,23.881,1.0,20.864,1.558,1.0,25.608,2.914,1.0,23.871,21.515,1.378,25.224,2.382,23.881,1.0,20.864,1.558,1.0,25.608,2.914,1.0,473.323,280.079,1.0,271.083,280.079,1.0,-9999,-9999,366.666,366.666,0.0,435.041,1.0,419.611,435.041,1.0,6.997,1.0,6.879,6.997,1.0,101.579,101.474,1.0,1.915,1.915,0.0,1.398,1.828,1.0,0.353405549491,0.700940860215,185.26381873,0.977150537634,404.66,0.75,21.399,20.481,19.336,18.166,1.0,1.0,1.0,1.0,5.552,8.226,7.917,1.0,0.999328,1.0,1.45443,1.0,63.1587,0.749328,65.3587,0.958926,120.527,1.0,124.726,1.07689,0.729167,1,17.4516,30.5484,17.4194,30.5161,-1.56916,-1.56916,0.724462,0.724462,0.0657874,0.0657874,0.122006,0.122006,-1.5964,-1.5964,0.727151,0.727151,0.0677304,0.0677304,0.123064,0.123064,-1.63176,-1.63176,0.718548,0.718548,0.0133151,0.0133151,-1.78165,-1.75393,-1.7143,-1.5964,-1.56734,-1.54843,-1.54593,-1.78165,-1.75393,-1.7143,-1.5964,-1.56734,-1.54843,-1.54593,0.692876,0.739247,0.695565,0.727151,0.727151,0.727151,0.727151,0.692876,0.739247,0.695565,0.727151,0.727151,0.727151,0.727151,4.79485,4.79485,0.965174,0.965174,0.741935,0.741935,0.0787574,0.0789656,0.287439,0.287496,-5.08783,-5.08783,5.47519,5.47519,0.714811,0.714811,0.0891286,0.0887654,0.0955121,0.0951732,4.7779,4.7779,0.954173,0.954173,0.741935,0.741935,0.085816,0.085816,0.289453,0.289453,-5.11957,-5.11957,5.49994,5.49994,0.718973,0.718973,0.0900651,0.0900651,0.0963866,0.0963866,4.24954,4.34001,4.34623,4.72481,4.81024,4.89288,4.89886,4.24954,4.34001,4.34623,4.72481,4.81024,4.89288,4.89886,0.760911,0.679317,0.679317,0.741935,0.741935,0.741935,0.741935,0.760911,0.679317,0.679317,0.741935,0.741935,0.741935,0.741935,-5.1415,-5.1201,-5.1193,-5.10736,-5.05749,-5.05144,-5.04164,-5.1415,-5.1201,-5.1193,-5.10736,-5.05749,-5.05144,-5.04164,0.704264,0.718973,0.718973,0.718973,0.704405,0.708567,0.727298,0.704264,0.718973,0.718973,0.718973,0.704405,0.708567,0.727298,4.68928,4.6899,4.48103,0.037835,4.03177,4.2039,4.22527,4.59205,4.70815,4.71486,4.72137,4.65148,4.6899,4.48103,0.037835,4.03177,4.2039,4.22527,4.59205,4.70815,4.71486,4.72137,6.25579,6.2863,6.11279,0.0257645,5.81228,5.9241,5.96709,6.19223,6.25665,6.26172,6.29154,6.3054,6.2863,6.11279,0.0257645,5.81228,5.9241,5.96709,6.19223,6.25665,6.26172,6.29154,4.10536,4.18938,4.34627,0.0629837,3.92403,3.98706,4.00664,4.20852,4.51842,4.66509,4.93673,4.93673,4.18938,4.34627,0.0629837,3.92403,3.98706,4.00664,4.20852,4.51842,4.66509,4.93673,5.88114,5.88114,5.98113,0.0419819,5.62851,5.76522,5.79628,5.88562,6.10185,6.16246,6.32628,5.67987,5.88114,5.98113,0.0419819,5.62851,5.76522,5.79628,5.88562,6.10185,6.16246,6.32628,-9999,-9999
201308,24.659,1.0,21.693,1.666,1.0,26.703,2.869,1.0,24.519,22.433,1.383,25.958,2.546,24.659,1.0,21.693,1.666,1.0,26.703,2.869,1.0,423.584,251.468,1.0,239.267,251.468,1.0,-9999,-9999,368.777,368.777,0.0,436.972,1.0,421.671,436.972,1.0,8.958,1.0,7.976,8.958,1.0,101.433,101.307,1.0,1.287,1.287,0.0,1.483,1.827,1.0,0.360873291512,0.747983870968,183.141834418,0.811827956989,398.695,1.0,22.408,21.857,20.852,19.843,1.0,1.0,1.0,1.0,4.9,7.489,7.266,0.997312,0.997312,0.998656,1.01614,0.997312,50.0135,1.0,56.4226,0.875278,106.805,0.999328,120.492,1.08138,0.832661,1,19.6774,28.3226,19.6774,28.3226,-0.791134,-0.791134,0.994624,0.994624,0.0684576,0.0684576,0.186915,0.186915,-0.684349,-0.684349,0.995968,0.995968,0.0714576,0.0714576,0.188035,0.188035,-0.779574,-0.779574,0.99165,0.99165,0.0242713,0.0242713,-1.01256,-0.996092,-0.978181,-0.684349,-0.656223,-0.648236,-0.600949,-1.01256,-0.996092,-0.978181,-0.684349,-0.656223,-0.648236,-0.600949,0.982527,0.985215,0.980511,0.995968,0.995968,0.995968,0.995968,0.982527,0.985215,0.980511,0.995968,0.995968,0.995968,0.995968,3.91345,3.91345,1.19684,1.19684,0.996604,0.996604,0.0979064,0.0967982,0.406185,0.40592,-4.05236,-4.05236,4.4394,4.4394,0.993246,0.993246,0.0892956,0.0893131,0.0920838,0.0921008,4.12808,4.12808,1.25945,1.25945,1.0,1.0,0.104233,0.104233,0.407757,0.407757,-4.02274,-4.02274,4.49007,4.49007,0.993246,0.993246,0.0915144,0.0915144,0.0942371,0.0942371,3.36057,3.4238,3.43475,4.13505,4.19554,4.21222,4.38821,3.36057,3.4238,3.43475,4.13505,4.19554,4.21222,4.38821,0.989813,0.986418,0.986418,1.0,1.0,1.0,1.0,0.989813,0.986418,0.986418,1.0,1.0,1.0,1.0,-4.06118,-4.05552,-4.05236,-4.03167,-4.01268,-4.01055,-4.00701,-4.06118,-4.05552,-4.05236,-4.03167,-4.01268,-4.01055,-4.00701,0.993246,0.993246,0.993246,0.979816,0.976314,0.977426,0.993246,0.993246,0.993246,0.993246,0.979816,0.976314,0.977426,0.993246,4.24154,4.45102,4.15772,0.0522609,3.54978,3.62723,3.75907,4.30116,4.34646,4.39433,4.563,4.30116,4.45102,4.15772,0.0522609,3.54978,3.62723,3.75907,4.30116,4.34646,4.39433,4.563,5.14428,5.13537,4.93729,0.0309944,4.54559,4.62784,4.75106,4.9866,5.04311,5.09494,5.16183,5.16037,5.13537,4.93729,0.0309944,4.54559,4.62784,4.75106,4.9866,5.04311,5.09494,5.16183,4.34932,4.61732,4.5871,0.0382181,4.20271,4.33954,4.47046,4.57378,4.74956,4.78229,4.95607,4.22633,4.61732,4.5871,0.0382181,4.20271,4.33954,4.47046,4.57378,4.74956,4.78229,4.95607,5.21488,5.21488,5.29203,0.0288471,5.09137,5.11816,5.13652,5.21488,5.43988,5.47877,5.63441,5.23116,5.21488,5.29203,0.0288471,5.09137,5.11816,5.13652,5.21488,5.43988,5.47877,5.63441,-9999,-9999
201309,21.368,1.0,18.878,1.821,1.0,23.512,2.751,1.0,20.569,18.963,1.271,21.95,2.274,21.368,1.0,18.878,1.821,1.0,23.512,2.751,1.0,347.629,198.009,1.0,184.257,198.009,1.0,-9999,-9999,339.911,339.911,0.0,409.649,1.0,393.496,409.649,1.0,6.506,1.0,5.45,6.506,1.0,101.443,101.376,1.0,1.318,1.318,0.0,1.614,2.133,1.0,0.40303235214,0.825,128.239735307,0.99375,404.811,1.0,20.544,20.778,20.394,19.716,1.0,1.0,1.0,1.0,4.508,7.026,6.854,1.0,0.999306,1.0,-0.238185,0.999306,29.7248,1.0,33.5879,0.51464,85.9845,1.0,97.1594,0.884536,0.993056,1,22.2667,25.7333,22.2667,25.7333,-0.684092,-0.684092,0.995833,0.995833,0.064821,0.064821,0.091423,0.091423,-0.664289,-0.664289,0.995833,0.995833,0.0652618,0.0652618,0.0917361,0.0917361,-0.681688,-0.681688,0.995243,0.995243,0.0089215,0.0089215,-0.774757,-0.751078,-0.723307,-0.677157,-0.627869,-0.622138,-0.618344,-0.774757,-0.751078,-0.723307,-0.677157,-0.627869,-0.622138,-0.618344,0.992361,0.993056,0.995139,0.995833,0.995833,0.995833,0.995833,0.992361,0.993056,0.995139,0.995833,0.995833,0.995833,0.995833,2.97747,2.97747,1.37259,1.37259,1.0,1.0,0.0844581,0.0844824,0.172228,0.17224,-3.80238,-3.80238,4.052,4.052,0.992355,0.992355,0.0906826,0.0907291,0.0919443,0.0919901,3.01505,3.01505,1.38574,1.38574,1.0,1.0,0.08591,0.08591,0.172945,0.172945,-3.80112,-3.80112,4.05422,4.05422,0.992355,0.992355,0.0907463,0.0907463,0.0920071,0.0920071,2.72641,2.78382,2.84284,2.99244,3.07567,3.08401,3.09124,2.72641,2.78382,2.84284,2.99244,3.07567,3.08401,3.09124,1.0,1.0,1.0,1.0,1.0,1.0,1.0,1.0,1.0,1.0,1.0,1.0,1.0,1.0,-3.80445,-3.80238,-3.79647,-3.78401,-3.78142,-3.77203,-3.73706,-3.80445,-3.80238,-3.79647,-3.78401,-3.78142,-3.77203,-3.73706,0.992355,0.992355,0.992355,0.992355,0.991022,0.991022,0.991022,0.992355,0.992355,0.992355,0.992355,0.991022,0.991022,0.991022,3.01964,3.28125,3.07832,0.0408655,2.60006,2.67127,2.8721,3.2238,3.28163,3.29313,3.30939,3.13999,3.28125,3.07832,0.0408655,2.60006,2.67127,2.8721,3.2238,3.28163,3.29313,3.30939,3.92857,3.94554,3.76001,0.0326971,3.38065,3.42911,3.59541,3.87217,3.91712,3.92786,3.93677,3.91712,3.94554,3.76001,0.0326971,3.38065,3.42911,3.59541,3.87217,3.91712,3.92786,3.93677,4.38486,2.75008,3.25423,0.102602,2.46482,2.56514,2.68519,3.14033,3.63386,3.81419,4.44565,3.81419,2.75008,3.25423,0.102602,2.46482,2.56514,2.68519,3.14033,3.63386,3.81419,4.44565,3.50478,3.50478,3.84633,0.0778568,3.19732,3.35488,3.43246,3.72671,4.08441,4.37161,4.76083,3.48517,3.50478,3.84633,0.0778568,3.19732,3.35488,3.43246,3.72671,4.08441,4.37161,4.76083,-9999,-9999
201310,18.698,1.0,16.999,1.539,1.0,20.55,2.411,1.0,18.002,16.936,1.197,19.178,1.949,18.698,1.0,16.999,1.539,1.0,20.55,2.411,1.0,260.101,126.838,1.0,121.176,126.838,1.0,-9999,-9999,334.598,334.598,0.0,405.334,1.0,388.311,405.334,1.0,3.231,1.0,3.569,3.231,1.0,101.733,101.704,0.999328,2.622,2.622,0.0,1.671,1.725,0.999328,0.343121798259,0.875,75.2907291923,0.993951612903,423.153,1.0,19.014,19.661,19.518,18.954,1.0,1.0,1.0,1.0,7.114,13.414,13.907,1.0,1.0,1.0,-0.911812,1.0,21.8974,1.0,34.3965,0.451286,27.5317,1.0,43.2468,0.686769,0.992608,1,25.0323,22.9677,25.0323,22.9677,-0.504689,-0.504689,0.998656,0.998656,0.0927302,0.0927302,0.130487,0.130487,-0.472573,-0.472573,0.998656,0.998656,0.0939986,0.0939986,0.131392,0.131392,-0.507625,-0.507625,0.998656,0.998656,0.0129826,0.0129826,-0.684681,-0.620899,-0.579828,-0.482072,-0.439687,-0.43729,-0.428016,-0.684681,-0.620899,-0.579828,-0.482072,-0.439687,-0.43729,-0.428016,0.998656,0.998656,0.998656,0.998656,0.998656,0.998656,0.998656,0.998656,0.998656,0.998656,0.998656,0.998656,0.998656,0.998656,5.00224,5.00224,1.74711,1.74711,1.0,1.0,0.0922721,0.0919195,0.201305,0.201143,-6.5308,-6.5308,7.11844,7.11844,0.997195,0.997195,0.157651,0.157605,0.159451,0.159405,5.08799,5.08799,1.90093,1.90093,1.0,1.0,0.0946934,0.0946934,0.202426,0.202426,-6.55738,-6.55738,7.14659,7.14659,0.997195,0.997195,0.158698,0.158698,0.160486,0.160486,4.65695,4.81244,4.86285,5.06404,5.16412,5.17026,5.18038,4.65695,4.81244,4.86285,5.06404,5.16412,5.17026,5.18038,1.0,1.0,1.0,1.0,1.0,1.0,1.0,1.0,1.0,1.0,1.0,1.0,1.0,1.0,-6.57824,-6.57811,-6.57455,-6.55738,-6.53219,-6.53034,-6.5168,-6.57824,-6.57811,-6.57455,-6.55738,-6.53219,-6.53034,-6.5168,0.997195,0.997195,0.997195,0.997195,0.997195,0.997195,0.997195,0.997195,0.997195,0.997195,0.997195,0.997195,0.997195,0.997195,5.2355,5.34506,5.21332,0.0325753,4.72701,4.94721,5.04583,5.27342,5.36616,5.37616,5.40184,5.23151,5.34506,5.21332,0.0325753,4.72701,4.94721,5.04583,5.27342,5.36616,5.37616,5.40184,5.77668,5.81763,5.72094,0.0200041,5.41169,5.57083,5.62565,5.77274,5.80999,5.81594,5.82985,5.77274,5.81763,5.72094,0.0200041,5.41169,5.57083,5.62565,5.77274,5.80999,5.81594,5.82985,5.70735,5.58633,5.36249,0.0729344,4.03002,4.92513,5.12622,5.39232,5.65728,5.7644,5.91306,5.14753,5.58633,5.36249,0.0729344,4.03002,4.92513,5.12622,5.39232,5.65728,5.7644,5.91306,6.21949,6.21949,6.17599,0.0534071,5.41637,5.83231,5.92481,6.15585,6.41059,6.59083,6.67468,6.13579,6.21949,6.17599,0.0534071,5.41637,5.83231,5.92481,6.15585,6.41059,6.59083,6.67468,-9999,-9999
201311,12.949,1.0,12.015,1.588,1.0,14.205,1.951,1.0,12.96,12.265,0.945,13.89,1.267,12.949,1.0,12.015,1.588,1.0,14.205,1.951,1.0,185.03,68.469,1.0,70.622,68.469,1.0,-9999,-9999,308.316,308.316,0.0,362.77,1.0,362.658,362.77,1.0,2.414,1.0,2.74,2.414,1.0,100.972,101.001,1.0,3.687,3.687,0.0,2.534,2.539,1.0,0.462800953468,0.866666666667,32.1956866707,0.995138888889,426.122,1.0,14.982,16.947,17.721,17.703,1.0,1.0,1.0,1.0,11.23,18.631,18.711,1.0,1.0,1.0,-3.32495,1.0,11.0091,1.0,17.2931,0.345717,-21.0841,1.0,-33.1188,0.613561,1.0,2,27.5667,20.4333,27.5667,20.4333,-0.129084,-0.129084,0.999306,0.999306,0.0802937,0.0802937,0.0922025,0.0922025,-0.12083,-0.12083,0.999306,0.999306,0.0807821,0.0807821,0.0926281,0.0926281,-0.120858,-0.120858,0.999306,0.999306,0.00651293,0.00651293,-0.179003,-0.16759,-0.164602,-0.121695,-0.102298,-0.0769429,-0.0505919,-0.179003,-0.16759,-0.164602,-0.121695,-0.102298,-0.0769429,-0.0505919,0.999306,0.999306,0.999306,0.999306,0.999306,0.999306,0.999306,0.999306,0.999306,0.999306,0.999306,0.999306,0.999306,0.999306,3.30069,3.30069,1.66314,1.66314,1.0,1.0,0.0759675,0.0750874,0.105989,0.10536,-4.70536,-4.70536,5.85865,5.85865,0.998413,0.998413,0.151431,0.150915,0.151751,0.151236,3.31048,3.31048,1.67979,1.67979,1.0,1.0,0.0761004,0.0761004,0.106084,0.106084,-4.70018,-4.70018,5.85336,5.85336,0.998413,0.998413,0.151327,0.151327,0.151647,0.151647,3.20875,3.22281,3.23668,3.31048,3.33759,3.37063,3.42455,3.20875,3.22281,3.23668,3.31048,3.33759,3.37063,3.42455,1.0,1.0,1.0,1.0,1.0,1.0,1.0,1.0,1.0,1.0,1.0,1.0,1.0,1.0,-4.71352,-4.70536,-4.70239,-4.69526,-4.69229,-4.68566,-4.68148,-4.71352,-4.70536,-4.70239,-4.69526,-4.69229,-4.68566,-4.68148,0.998413,0.998413,0.998413,0.998413,0.998413,0.998413,0.998413,0.998413,0.998413,0.998413,0.998413,0.998413,0.998413,0.998413,3.68138,3.69327,3.68093,0.0120134,3.56475,3.58014,3.61081,3.6864,3.71088,3.74787,3.81118,3.68119,3.69327,3.68093,0.0120134,3.56475,3.58014,3.61081,3.6864,3.71088,3.74787,3.81118,3.81548,3.8141,3.80179,0.00566697,3.74028,3.75207,3.77783,3.80963,3.81456,3.82481,3.86291,3.81573,3.8141,3.80179,0.00566697,3.74028,3.75207,3.77783,3.80963,3.81456,3.82481,3.86291,4.38638,4.53538,4.3525,0.0209688,4.14032,4.16868,4.21619,4.36846,4.44635,4.48185,4.5553,4.44635,4.53538,4.3525,0.0209688,4.14032,4.16868,4.21619,4.36846,4.44635,4.48185,4.5553,4.31519,4.31519,4.27831,0.00719358,4.19877,4.20498,4.24236,4.29116,4.31519,4.32411,4.33262,4.32253,4.31519,4.27831,0.00719358,4.19877,4.20498,4.24236,4.29116,4.31519,4.32411,4.33262,-9999,-9999
201312,9.621,0.978495,8.294,1.739,0.985539,11.6,2.647,0.967742,9.434,8.581,1.53,10.708,1.716,9.658,0.978495,8.327,1.719,0.985539,11.643,2.645,0.967742,148.971,63.772,0.979167,63.247,63.901,0.979167,-9999,-9999,280.637,280.637,0.0,328.286,0.978495,335.641,328.978,0.978495,2.03,0.978495,2.464,2.048,0.978495,102.023,102.153,0.966398,1.262,1.262,0.0,1.858,1.981,0.966398,0.339801935946,0.862231182796,25.8560900212,0.917338709677,421.277,1.0,11.103,13.308,14.466,14.318,1.0,1.0,1.0,0.839382,9.203,14.406,14.477,1.0,1.0,1.0,-1.8567,1.0,7.63569,1.0,-8.32757,0.221642,-13.9162,1.0,15.1771,0.560655,1.0,2,28.7742,19.2258,28.7742,19.2258,-0.78094,-0.78094,0.986559,0.986559,0.0575075,0.0574888,0.0832334,0.0832205,-0.760793,-0.760793,0.986559,0.986559,0.0578553,0.0578447,0.0834741,0.0834668,-0.792663,-0.792478,0.986895,0.986895,0.00790196,0.0079699,-0.878849,-0.868128,-0.833016,-0.768173,-0.756749,-0.747783,-0.73886,-0.880483,-0.868128,-0.833016,-0.768173,-0.754446,-0.747783,-0.73886,0.985215,0.985887,0.986559,0.986559,0.986559,0.986559,0.986559,0.985887,0.985887,0.986559,0.986559,0.986559,0.986559,0.986559,2.62432,2.62432,1.39098,1.39098,0.985539,0.985539,0.0583553,0.0575712,0.100973,0.101246,-5.81116,-5.81116,5.80505,5.80505,0.988115,0.988115,0.108253,0.108194,0.11012,0.110183,2.6583,2.6583,1.44732,1.44732,0.985539,0.985539,0.0584899,0.0584826,0.101051,0.101767,-5.81286,-5.81286,5.80481,5.80481,0.988115,0.988115,0.108221,0.108197,0.110088,0.110186,2.48725,2.50232,2.55539,2.64013,2.65889,2.66713,2.68057,2.48725,2.50056,2.5554,2.64373,2.65998,2.66713,2.68057,0.984427,0.984427,0.984427,0.985539,0.985539,0.985539,0.985539,0.984427,0.984427,0.985539,0.985539,0.985539,0.985539,0.985539,-5.85399,-5.8357,-5.82512,-5.81032,-5.79964,-5.79532,-5.7935,-5.85601,-5.83701,-5.82512,-5.81032,-5.79964,-5.79532,-5.7935,0.988115,0.988115,0.988115,0.988115,0.988115,0.993209,0.988115,0.988115,0.986418,0.988115,0.988115,0.988115,0.993209,0.988115,2.76987,2.82223,2.69665,0.0159125,2.49998,2.51139,2.61988,2.74102,2.75505,2.76279,2.81924,2.72848,2.82223,2.69665,0.0159125,2.49998,2.51139,2.61988,2.74102,2.75505,2.76279,2.81924,3.57677,3.58302,3.48913,0.00955438,3.37643,3.3888,3.45932,3.49665,3.51164,3.55294,3.57677,3.58741,3.58302,3.48931,0.00960554,3.37449,3.3888,3.45981,3.49665,3.51341,3.55294,3.57677,2.78583,2.70744,2.80461,0.00882971,2.70508,2.72044,2.77407,2.80645,2.83558,2.86253,2.901,2.79809,2.70744,2.80461,0.00882971,2.70508,2.72044,2.77407,2.80645,2.83558,2.86253,2.901,3.63963,3.63963,3.67837,0.00416891,3.63806,3.64676,3.65789,3.67402,3.70136,3.71112,3.72165,3.63651,3.63963,3.67837,0.00416891,3.63806,3.64676,3.65789,3.67402,3.70136,3.71112,3.72165,-9999,-9999
201401,10.138,1.0,9.366,1.696,1.0,11.278,1.904,1.0,10.298,9.725,1.192,11.135,1.219,10.138,1.0,9.366,1.696,1.0,11.278,1.904,1.0,166.148,53.007,1.0,57.143,53.007,1.0,-9999,-9999,302.148,302.148,0.0,341.617,1.0,356.637,341.617,1.0,1.557,1.0,2.293,1.557,1.0,101.053,101.149,0.999328,4.456,4.456,0.0,2.375,2.27,0.999328,0.456593503479,0.856182795699,18.8808254934,0.798387096774,398.66,1.0,11.251,13.197,13.989,13.251,1.0,1.0,1.0,0.739919,17.475,17.61,17.304,1.0,1.0,1.0,-1.55258,1.0,4.65016,1.0,-5.07152,0.236269,-21.484,1.0,23.4307,0.628676,0.825941,1,28.4839,19.5161,28.4839,19.5161,-0.72341,-0.733194,1.0,1.0,0.0639376,0.0635433,0.0667962,0.0669195,-0.720797,-0.72341,1.0,1.0,0.0640534,0.0639393,0.0669071,0.0672956,-0.713275,-0.714331,1.0,1.0,0.00287591,0.00303927,-0.753704,-0.732443,-0.723377,-0.712163,-0.699375,-0.693779,-0.688536,-0.756707,-0.733194,-0.725676,-0.714748,-0.701071,-0.69122,-0.687628,1.0,1.0,1.0,1.0,1.0,1.0,1.0,1.0,1.0,1.0,1.0,1.0,1.0,1.0,2.38255,2.36258,1.40519,1.38139,1.0,1.0,0.0622059,0.0612502,0.0824737,0.0842426,-5.2191,-5.21383,5.33308,5.33778,1.0,1.0,0.122091,0.121202,0.136787,0.135717,2.40366,2.38255,1.42301,1.40519,1.0,1.0,0.0620833,0.061872,0.0823813,0.0846957,-5.24438,-5.2191,5.35062,5.33308,1.0,1.0,0.121806,0.121698,0.136533,0.13616,2.30583,2.32364,2.32681,2.40315,2.42343,2.43194,2.43804,2.30519,2.31846,2.32353,2.38255,2.4217,2.43413,2.43946,1.0,1.0,1.0,1.0,1.0,1.0,1.0,1.0,1.0,1.0,1.0,1.0,1.0,1.0,-5.2436,-5.24294,-5.23946,-5.21843,-5.20748,-5.11958,-5.10753,-5.24391,-5.24294,-5.22202,-5.217,-5.13819,-5.12081,-5.10475,1.0,1.0,1.0,1.0,1.0,1.0,1.0,1.0,1.0,1.0,1.0,1.0,1.0,1.0,2.61251,2.64496,2.63281,0.00682929,2.56784,2.57435,2.58546,2.64544,2.67524,2.67603,2.67953,2.65927,2.6621,2.63716,0.00662047,2.56784,2.57994,2.58555,2.65838,2.67243,2.67622,2.67953,3.36349,3.36837,3.34714,0.00548954,3.28607,3.29526,3.3132,3.36341,3.36885,3.38063,3.38476,3.37921,3.3829,3.35044,0.00528139,3.29112,3.29565,3.31607,3.36426,3.36889,3.3801,3.38514,2.79145,2.77285,2.77446,0.0333803,2.24852,2.42895,2.79145,2.80008,2.88599,2.92874,3.028,2.82029,2.79458,2.77219,0.0321569,2.24027,2.64312,2.77285,2.80144,2.86451,2.89945,3.02236,3.31241,3.30359,3.31623,0.0140257,3.13851,3.18779,3.29569,3.3101,3.38253,3.39577,3.44983,3.3103,3.3103,3.31313,0.013522,3.13685,3.25682,3.29558,3.30785,3.37217,3.39964,3.44903,-9999,-9999
201402,11.64,1.0,10.438,1.621,1.0,13.056,1.8,1.0,11.379,10.396,1.061,12.539,1.407,11.64,1.0,10.438,1.621,1.0,13.056,1.8,1.0,228.05,103.986,1.0,100.916,103.986,1.0,-9999,-9999,297.303,297.303,0.0,342.425,1.0,351.909,342.425,1.0,2.433,1.0,2.675,2.433,1.0,101.16,101.259,1.0,4.042,4.042,0.0,2.554,2.442,1.0,0.500814911029,0.857142857143,45.7420327901,0.986607142857,398.911,1.0,11.695,12.357,12.608,12.529,1.0,1.0,1.0,1.0,19.079,26.265,25.374,1.0,1.0,1.0,-0.780006,1.0,14.1039,1.0,65.802,0.403184,-3.98219,1.0,-18.579,0.811072,0.904762,1,26.1429,21.8571,26.1429,21.8571,-1.86853,-1.85343,1.0,1.0,0.0743575,0.073618,0.0760658,0.0750042,-1.86457,-1.87221,1.0,1.0,0.0746135,0.074355,0.076316,0.0757276,-1.87111,-1.87601,0.999777,0.999684,0.00325666,0.00258425,-1.91465,-1.88527,-1.88367,-1.87012,-1.86386,-1.85321,-1.82862,-1.91229,-1.89244,-1.88401,-1.87241,-1.8667,-1.86373,-1.85321,0.998512,0.998512,1.0,1.0,1.0,1.0,1.0,0.998512,0.998512,1.0,1.0,1.0,1.0,1.0,2.7158,2.72077,1.67215,1.67118,1.0,1.0,0.0855214,0.0850982,0.0957623,0.0957683,-7.17859,-7.15183,6.33643,6.33956,1.0,1.0,0.119471,0.117948,0.122286,0.12094,2.72781,2.7094,1.68017,1.6738,1.0,1.0,0.0858556,0.0855419,0.0960609,0.0961627,-7.18373,-7.17882,6.31311,6.33603,1.0,1.0,0.119947,0.119548,0.122751,0.122501,2.57701,2.64164,2.69324,2.71221,2.71946,2.72781,2.79189,2.5672,2.63291,2.66226,2.7094,2.71846,2.72077,2.72781,1.0,1.0,1.0,1.0,1.0,1.0,1.0,1.0,1.0,1.0,1.0,1.0,1.0,1.0,-7.19524,-7.19227,-7.18845,-7.17978,-7.14625,-7.14009,-7.10901,-7.1947,-7.18845,-7.18754,-7.17441,-7.14619,-7.13498,-7.10232,1.0,1.0,1.0,1.0,1.0,1.0,0.996753,1.0,1.0,1.0,1.0,1.0,0.996753,0.996753,2.73776,2.75198,2.72968,0.00856566,2.5985,2.65961,2.70458,2.74897,2.76407,2.7692,2.77679,2.76504,2.77673,2.74436,0.00979242,2.60507,2.6605,2.72369,2.7525,2.76884,2.77679,2.85563,4.61051,4.62419,4.60569,0.00655485,4.51079,4.54932,4.5886,4.62184,4.63648,4.63919,4.64227,4.62263,4.6413,4.61547,0.00712034,4.51972,4.55129,4.5886,4.63067,4.63822,4.64244,4.68425,3.19723,3.1627,3.1776,0.00521648,3.11019,3.13828,3.16154,3.18382,3.19723,3.19723,3.21201,3.23941,3.1938,3.18404,0.00577529,3.10611,3.14384,3.16245,3.19034,3.20165,3.21575,3.23215,4.97692,4.98162,4.98106,0.00309763,4.94348,4.96058,4.97054,4.98552,4.99283,4.9929,5.00142,4.98755,4.9878,4.98564,0.00366916,4.94502,4.95789,4.97283,4.9878,4.9929,4.99868,5.02451,-9999,-9999
201403,13.469,1.0,11.975,1.635,1.0,14.934,2.22,1.0,11.444,9.8,1.485,13.035,2.356,13.469,1.0,11.975,1.635,1.0,14.934,2.22,1.0,313.817,146.106,1.0,160.88,146.106,1.0,-9999,-9999,291.903,291.903,0.0,354.202,1.0,346.637,354.202,1.0,3.536,1.0,3.177,3.536,1.0,101.202,101.302,0.999328,2.697,2.697,0.0,2.034,2.081,0.999328,0.39408269692,0.871639784946,84.6589733964,0.893817204301,409.179,1.0,11.379,12.292,12.785,12.8,1.0,1.0,1.0,1.0,15.403,21.478,20.707,1.0,1.0,1.0,-0.400839,0.125,25.8949,1.0,120.813,0.496764,29.9199,0.999328,139.592,0.855586,1.0,2,23.6452,24.3548,23.6452,24.3548,-3.0358,-3.05854,0.998656,0.998656,0.065417,0.0650209,0.087427,0.0874512,-3.03772,-3.03583,0.998656,0.998656,0.0656446,0.0654162,0.0875974,0.0877455,-3.04598,-3.05106,0.99879,0.998824,0.00755799,0.0077477,-3.12352,-3.10703,-3.08787,-3.04012,-3.01486,-2.99103,-2.98434,-3.13288,-3.10906,-3.09068,-3.04592,-3.01692,-2.9921,-2.98358,0.998656,0.999328,0.999328,0.998656,0.998656,0.998656,0.998656,0.998656,0.999328,0.999328,0.998656,0.998656,0.998656,0.998656,3.07461,3.03233,1.10304,1.074,1.0,1.0,0.0644957,0.0631264,0.104746,0.108327,-8.72992,-8.73269,6.86899,6.86371,0.997419,0.997419,0.107522,0.107207,0.111673,0.11243,3.0857,3.07457,1.12244,1.10304,1.0,1.0,0.0648954,0.0645131,0.104993,0.109141,-8.74472,-8.72992,6.86446,6.86899,0.997419,0.997419,0.107582,0.107296,0.111731,0.112515,2.95722,2.99262,3.01813,3.07154,3.12552,3.15769,3.17099,2.95722,2.9769,3.0216,3.06724,3.12548,3.15297,3.17248,1.0,1.0,1.0,1.0,1.0,1.0,1.0,1.0,1.0,1.0,1.0,1.0,1.0,1.0,-8.80907,-8.78469,-8.77554,-8.74142,-8.72498,-8.72436,-8.71857,-8.80907,-8.79231,-8.77564,-8.74417,-8.7301,-8.72457,-8.72347,0.99871,0.997307,0.99871,0.997419,0.997419,0.997419,0.997419,0.99871,0.997307,0.99871,0.997419,0.997419,0.997419,0.997419,3.31158,3.37134,3.38193,0.00705833,3.31158,3.33861,3.34484,3.37417,3.40683,3.44102,3.4561,3.36417,3.37417,3.37824,0.0078535,3.2989,3.32725,3.34469,3.3705,3.40912,3.44545,3.45188,6.3706,6.40717,6.43299,0.00785058,6.36644,6.37221,6.40668,6.42914,6.45694,6.46968,6.50596,6.40985,6.41189,6.42422,0.0079439,6.35972,6.37001,6.38645,6.41322,6.45077,6.46413,6.50423,4.3219,4.41304,4.24057,0.0302178,3.80235,4.0286,4.04881,4.32399,4.34233,4.38759,4.44467,4.53614,4.30261,4.28365,0.0298541,3.80235,4.04312,4.19447,4.32525,4.39042,4.4361,4.52502,6.9037,6.93152,6.86324,0.0124593,6.67688,6.78086,6.79982,6.88988,6.9026,6.91415,6.95036,6.87082,6.87416,6.88218,0.0128118,6.6777,6.78967,6.86855,6.89137,6.91701,6.93986,7.00168,-9999,-9999
201404,15.998,1.0,14.484,1.551,1.0,17.137,2.166,1.0,14.422,12.69,1.338,15.729,2.176,15.998,1.0,14.484,1.551,1.0,17.137,2.166,1.0,399.026,212.683,1.0,198.209,212.683,1.0,-9999,-9999,311.896,311.896,0.0,369.193,1.0,366.152,369.193,1.0,4.17,1.0,3.545,4.17,1.0,101.025,101.081,1.0,2.162,2.162,0.0,2.071,2.094,1.0,0.435118917978,0.891666666667,132.136282105,0.986805555556,409.674,1.0,13.82,13.951,13.861,13.419,1.0,1.0,1.0,1.0,10.011,13.944,13.977,1.0,1.0,1.0,0.737523,0.0,36.7701,1.0,-9999,0.708181,72.5437,1.0,-9999,0.901421,-9999,-9999,20.6,27.4,20.6,27.4,-1.97569,-1.99884,1.0,1.0,0.0703827,0.069547,0.0887006,0.0884507,-1.98159,-1.97569,1.0,1.0,0.0714436,0.0703842,0.0895448,0.0891105,-2.00788,-2.01765,0.999948,0.999948,0.00714791,0.00708907,-2.09927,-2.0796,-2.05076,-1.99301,-1.97745,-1.97163,-1.96071,-2.09927,-2.08674,-2.05183,-1.99489,-1.98805,-1.97744,-1.96716,1.0,1.0,1.0,1.0,1.0,1.0,1.0,1.0,1.0,1.0,1.0,1.0,1.0,1.0,4.4026,4.36577,1.48917,1.3913,1.0,1.0,0.0882553,0.0862031,0.147739,0.139086,-6.66666,-6.67774,6.10195,6.0936,1.0,1.0,0.0982212,0.0978963,0.0987589,0.0983932,4.39235,4.4026,1.61431,1.48917,1.0,1.0,0.0920655,0.0888186,0.150046,0.140722,-6.66905,-6.66666,6.09882,6.10195,1.0,1.0,0.0987675,0.0982791,0.0993023,0.0987741,4.16426,4.19378,4.25939,4.3796,4.39937,4.43075,4.46329,4.16655,4.18106,4.25734,4.36854,4.38946,4.39937,4.43094,1.0,1.0,1.0,1.0,1.0,1.0,1.0,1.0,1.0,1.0,1.0,1.0,1.0,1.0,-6.6897,-6.68772,-6.68605,-6.68097,-6.67096,-6.66714,-6.65409,-6.69136,-6.68689,-6.68543,-6.68093,-6.67096,-6.66714,-6.66593,1.0,1.0,1.0,1.0,1.0,1.0,1.0,1.0,1.0,1.0,1.0,1.0,1.0,1.0,4.87745,4.92975,4.84824,0.0165109,4.68263,4.69138,4.77943,4.88922,4.92428,4.93222,4.9735,4.95679,4.89927,4.86862,0.0162861,4.67517,4.70094,4.78043,4.89702,4.93251,4.95679,4.98328,6.89676,6.90544,6.86589,0.0096301,6.75903,6.78119,6.83016,6.88065,6.91592,6.91709,6.94728,6.90172,6.88086,6.8765,0.00937864,6.77103,6.7819,6.83223,6.8882,6.91732,6.92277,6.94362,5.90566,5.89111,5.79662,0.0266178,5.33236,5.63957,5.67653,5.88339,5.90168,5.90566,5.94793,6.04785,5.87972,5.83703,0.0262921,5.35433,5.67224,5.6917,5.89222,5.92619,5.951,6.03811,7.49032,7.48937,7.45802,0.0122163,7.26561,7.39349,7.40739,7.48475,7.49137,7.50051,7.56334,7.46698,7.47358,7.47638,0.0132077,7.27983,7.40151,7.42644,7.48349,7.49215,7.56598,7.62939,-9999,-9999
201405,16.784,1.0,14.768,1.468,1.0,18.027,2.25,1.0,16.913,14.858,1.325,18.183,2.198,16.784,1.0,14.768,1.468,1.0,18.027,2.25,1.0,460.077,252.268,1.0,248.327,252.268,1.0,-9999,-9999,321.303,321.303,0.0,371.992,1.0,375.333,371.992,1.0,4.775,1.0,4.418,4.775,1.0,101.284,101.324,1.0,1.815,1.815,0.0,1.874,2.045,1.0,0.43688094765,0.651209677419,162.704616944,0.983198924731,419.853,0.983199,15.841,15.662,15.307,14.699,1.0,1.0,1.0,1.0,8.907,11.592,12.245,1.0,1.0,1.0,-1.84914,0.147177,61.8965,0.983199,-9999,0.826082,92.2759,0.983199,-9999,0.923849,-9999,-9999,18.2903,29.7097,18.2903,29.7097,-2.03366,-2.06083,0.981183,0.979167,0.0798905,0.079411,0.101281,0.10029,-2.03451,-2.02745,0.981855,0.981183,0.0802576,0.0799237,0.101571,0.100696,-2.07013,-2.0746,0.980376,0.980074,0.00968618,0.0102402,-2.20944,-2.1475,-2.10468,-2.04448,-2.02652,-2.02299,-2.00909,-2.23039,-2.1475,-2.12513,-2.04448,-2.02832,-2.02499,-2.01808,0.975806,0.978495,0.981855,0.979839,0.981183,0.981855,0.981855,0.975806,0.978495,0.978495,0.979839,0.979167,0.981855,0.981855,4.96213,4.9044,1.21605,1.13791,1.0,1.0,0.111461,0.108824,0.198693,0.194445,-6.20703,-6.21374,5.74837,5.75549,0.969855,0.96663,0.104044,0.103909,0.104234,0.104122,4.95833,4.97677,1.25301,1.22286,1.0,1.0,0.111848,0.110904,0.19891,0.195616,-6.20661,-6.20667,5.75078,5.74901,0.970968,0.969855,0.104269,0.104029,0.104458,0.104242,4.51438,4.65825,4.77767,4.93298,4.97765,4.98722,5.01119,4.45266,4.65825,4.72714,4.93298,4.97677,4.98053,5.01039,0.996416,1.0,1.0,1.0,1.0,1.0,1.0,0.996416,1.0,1.0,1.0,1.0,1.0,1.0,-6.21727,-6.21377,-6.21163,-6.20687,-6.20285,-6.20121,-6.19788,-6.21727,-6.21441,-6.21287,-6.20703,-6.20285,-6.2011,-6.19716,0.96663,0.970968,0.963404,0.970968,0.970968,0.965554,0.969855,0.96663,0.970968,0.970968,0.969855,0.970968,0.970968,0.969855,5.32156,5.32661,5.27551,0.0360216,4.87805,5.06821,5.12835,5.26831,5.37676,5.39873,5.7142,5.35919,5.34786,5.30019,0.0455451,4.80795,5.06821,5.13442,5.31136,5.39771,5.5627,5.72222,7.30778,7.35405,7.3501,0.0285986,7.10843,7.20479,7.22603,7.31746,7.40185,7.42297,7.75946,7.38862,7.38237,7.37031,0.0401064,7.06721,7.2067,7.24967,7.34502,7.42196,7.65026,7.75657,5.33921,4.57469,4.8921,0.0608364,4.36407,4.50581,4.55279,4.67852,5.17564,5.33829,5.49711,5.4803,5.10192,4.99163,0.0620837,4.46377,4.53018,4.55279,5.08914,5.33829,5.43438,5.55648,7.12804,7.12804,7.32254,0.0326232,7.014,7.11239,7.12804,7.24134,7.46007,7.53507,7.65747,7.41529,7.4306,7.37618,0.0329164,7.10565,7.12292,7.15566,7.42182,7.52938,7.61707,7.67287,-9999,-9999
201406,21.37,1.0,19.076,1.6,1.0,22.629,2.427,1.0,21.407,19.072,1.503,22.688,2.356,21.37,1.0,19.076,1.6,1.0,22.629,2.427,1.0,486.259,286.061,1.0,263.85,286.061,1.0,-9999,-9999,349.95,349.95,0.0,408.036,1.0,403.295,408.036,1.0,6.695,1.0,5.842,6.695,1.0,101.367,101.326,1.0,3.124,3.124,0.0,1.677,2.026,1.0,0.38442972091,0.679166666667,190.83077245,0.993055555556,413.24,0.993056,19.256,18.405,17.515,16.514,1.0,1.0,1.0,1.0,7.794,12.132,12.143,1.0,1.0,1.0,-9999,1.0,83.1966,0.993056,-9999,1.01886,93.9508,0.993056,-9999,0.893593,-9999,-9999,17.0,31.0,17.0,31.0,-2.27084,-2.35865,0.995833,0.99375,0.0840443,0.0832967,0.117762,0.115877,-2.23792,-2.26797,0.995833,0.995833,0.08675,0.084069,0.119708,0.116433,-2.29988,-2.31,0.994184,0.993906,0.0122285,0.0127294,-2.46023,-2.38803,-2.35881,-2.27634,-2.23792,-2.22305,-2.20908,-2.46415,-2.39121,-2.36018,-2.29969,-2.23792,-2.2301,-2.20908,0.991667,0.990278,0.99375,0.995139,0.995833,0.995833,0.995139,0.992361,0.990278,0.990278,0.995139,0.995833,0.995833,0.995139,5.4402,5.30894,1.74391,1.64461,1.0,0.996078,0.122083,0.119931,0.263854,0.266023,-6.37165,-6.43069,6.74777,6.65554,0.993548,0.992473,0.10624,0.10546,0.120257,0.114174,5.53314,5.44728,1.82441,1.74138,1.0,1.0,0.132569,0.121459,0.268866,0.266716,-6.3735,-6.37126,6.77715,6.74849,0.993548,0.993548,0.107096,0.106295,0.121013,0.114945,4.91994,5.07156,5.21924,5.37432,5.47003,5.53939,5.55753,4.91994,5.06447,5.13602,5.33743,5.53314,5.53939,5.5581,0.994118,0.994118,1.0,1.0,1.0,1.0,1.0,0.994118,0.994118,0.994118,0.996078,1.0,1.0,1.0,-6.43256,-6.42096,-6.38197,-6.36525,-6.34065,-6.30827,-6.29327,-6.43782,-6.42807,-6.38405,-6.3716,-6.34521,-6.34057,-6.30288,0.992473,0.992473,0.993548,0.993548,0.992473,0.987097,0.992473,0.992473,0.991398,0.993548,0.993548,0.988172,0.992473,0.987097,5.14621,5.25978,5.41177,0.0572017,4.82201,5.1229,5.14621,5.32627,5.70375,5.79357,5.83843,5.17239,5.53644,5.53638,0.0724978,4.82392,5.13034,5.17104,5.45615,5.80925,6.11048,6.33646,7.53773,7.52775,7.72177,0.0471935,7.28213,7.44447,7.49071,7.67785,7.94006,8.02742,8.13813,7.53745,7.77436,7.83627,0.0635388,7.28416,7.4692,7.49545,7.77063,8.0323,8.38682,8.58302,6.47904,6.67391,6.58623,0.111601,5.15433,5.97576,6.4609,6.6635,6.88979,7.19555,7.58257,7.11025,6.8589,6.61173,0.116126,5.13499,5.9823,6.45001,6.68753,7.11025,7.23778,7.34316,8.73319,8.6248,8.43491,0.0916829,6.96084,8.08154,8.34954,8.51458,8.69009,8.88688,9.14092,8.66645,8.69009,8.45268,0.095344,6.95357,8.08154,8.34973,8.5945,8.84781,8.89093,9.08221,-9999,-9999
201407,22.609,1.0,20.698,1.457,1.0,23.7,2.104,1.0,22.181,20.152,1.278,23.333,2.072,22.609,1.0,20.698,1.457,1.0,23.7,2.104,1.0,473.323,267.251,1.0,254.576,267.251,1.0,-9999,-9999,356.975,356.975,0.0,423.401,1.0,410.152,423.401,1.0,6.822,1.0,5.66,6.822,1.0,101.226,101.159,0.999328,2.007,2.007,0.0,1.934,2.225,0.999328,0.43357974562,0.899193548387,171.552460679,0.981182795699,404.755,1.0,20.972,20.394,19.428,18.372,1.0,1.0,1.0,1.0,6.828,10.523,9.884,1.0,1.0,1.0,-9999,1.0,68.6875,1.0,-9999,0.917258,81.6219,1.0,-9999,0.921368,-9999,-9999,17.4516,30.5484,17.4516,30.5484,-2.9439,-3.0583,0.999328,0.993952,0.0779306,0.0770558,0.15261,0.15171,-2.90751,-2.92636,0.999328,0.999328,0.0793417,0.0783289,0.153335,0.15236,-3.00304,-3.02325,0.995212,0.994153,0.0185433,0.0185717,-3.21332,-3.17171,-3.14736,-2.92912,-2.91004,-2.90929,-2.89456,-3.21332,-3.17171,-3.16388,-2.94261,-2.92043,-2.91034,-2.90929,0.981855,0.985215,0.985215,0.999328,1.0,1.0,1.0,0.981855,0.985215,0.985215,0.999328,1.0,1.0,1.0,5.17827,4.91511,1.77094,1.59428,1.0,0.98482,0.114984,0.111956,0.314388,0.321224,-7.42486,-7.4481,7.0813,7.04326,0.998959,0.998959,0.0987916,0.0975822,0.10164,0.101123,5.27758,5.22498,1.86239,1.84153,1.0,1.0,0.119165,0.115017,0.315941,0.322303,-7.42691,-7.4243,7.07554,7.08229,0.998959,0.998959,0.098986,0.0987378,0.101828,0.102238,4.50686,4.7169,4.74081,5.2464,5.28916,5.30211,5.37546,4.50686,4.68467,4.7169,5.17827,5.27143,5.28683,5.29315,0.966244,0.969639,0.969639,1.0,1.0,1.0,1.0,0.966244,0.969639,0.969639,1.0,1.0,1.0,1.0,-7.50215,-7.48126,-7.47056,-7.45346,-7.44439,-7.43348,-7.4244,-7.50125,-7.48023,-7.4643,-7.45346,-7.44462,-7.42718,-7.42267,0.993757,0.993757,0.998959,0.998959,1.0,0.998959,0.998959,0.993757,0.993757,0.998959,0.998959,1.0,0.998959,0.998959,5.29814,5.37602,5.31985,0.0291646,4.965,5.10498,5.1239,5.32976,5.46439,5.53828,5.54172,5.37662,5.44715,5.37549,0.0336138,4.96712,5.11196,5.16049,5.42713,5.53828,5.54341,5.70582,8.35131,8.30238,8.34311,0.0127238,8.1839,8.26839,8.28163,8.34631,8.39465,8.44859,8.46369,8.29938,8.35465,8.37853,0.0178277,8.18583,8.27366,8.29576,8.34995,8.44601,8.47826,8.59726,6.04003,6.24905,6.00782,0.03738,5.64678,5.69769,5.87013,5.95807,6.1939,6.30313,6.38544,5.6863,6.21306,6.01234,0.04424,5.65438,5.69769,5.7866,5.95523,6.21613,6.35437,6.43489,8.87077,8.90361,8.75591,0.0270975,8.50191,8.55447,8.63562,8.71917,8.87077,8.94647,9.05749,8.85932,8.98568,8.7549,0.0303503,8.495,8.53125,8.5725,8.71917,8.89985,8.95008,9.05153,-9999,-9999
201408,23.415,1.0,21.43,1.531,1.0,24.797,2.231,1.0,23.079,21.09,1.23,24.456,2.345,23.415,1.0,21.43,1.531,1.0,24.797,2.231,1.0,423.584,255.188,1.0,247.006,255.188,1.0,-9999,-9999,358.671,358.671,0.0,429.476,1.0,411.806,429.476,1.0,6.71,1.0,6.081,6.71,1.0,101.321,101.226,0.999328,0.231,0.231,0.0,1.662,1.979,0.999328,0.399981225496,0.887096774194,164.733314598,0.996639784946,398.59,1.0,21.811,21.308,20.456,19.323,1.0,1.0,1.0,1.0,5.704,8.123,7.641,1.0,1.0,1.0,-9999,1.0,61.0758,1.0,-9999,0.812624,96.2939,1.0,-9999,0.898861,-9999,-9999,19.6774,28.3226,19.6774,28.3226,-2.18381,-2.16309,0.998656,0.998656,0.0697536,0.0679568,0.0978973,0.0922476,-2.17657,-2.18995,0.998656,0.998656,0.0707179,0.0697729,0.0985867,0.0935936,-2.20107,-2.21732,0.99748,0.997211,0.0114047,0.0103418,-2.35782,-2.29692,-2.2414,-2.18381,-2.16671,-2.15954,-2.0952,-2.35694,-2.29692,-2.25509,-2.18713,-2.17466,-2.17215,-2.16309,0.989919,0.995296,0.995968,0.998656,0.998656,0.998656,0.998656,0.988575,0.995296,0.995968,0.997312,0.998656,0.998656,0.998656,4.96532,5.0349,1.36612,1.20511,1.0,1.0,0.0962954,0.0894144,0.21175,0.196299,-6.9991,-7.01325,5.89149,5.87616,0.997693,0.997693,0.0929303,0.091969,0.096921,0.0961545,4.99871,4.95129,1.40521,1.36781,1.0,1.0,0.0981979,0.096315,0.212622,0.199536,-7.01141,-6.99969,5.92598,5.89026,0.997693,0.997693,0.0931886,0.0922324,0.0971687,0.0964065,4.47643,4.66448,4.77411,4.97752,5.01099,5.04166,5.16339,4.4588,4.65594,4.75036,4.96532,4.99871,5.00544,5.0349,1.0,1.0,1.0,1.0,1.0,1.0,1.0,1.0,1.0,1.0,1.0,1.0,1.0,1.0,-7.01783,-7.01539,-7.01384,-6.99803,-6.98088,-6.96034,-6.9538,-7.01904,-7.01482,-7.01355,-7.0047,-6.9738,-6.9587,-6.95373,0.997693,0.997693,0.997693,0.997693,0.995303,0.992832,0.990442,0.997693,0.997693,0.997693,0.997693,0.991637,0.990442,0.990442,5.3517,5.34246,5.26021,0.0316415,4.79754,5.02151,5.11142,5.3517,5.38969,5.42457,5.44862,5.38969,5.3846,5.29962,0.0320952,4.82985,5.02399,5.13172,5.37303,5.39975,5.46462,5.53784,7.52348,7.5324,7.47753,0.021632,7.17246,7.30972,7.36651,7.5265,7.56697,7.5993,7.61935,7.5391,7.56117,7.50069,0.0211618,7.18767,7.31843,7.37312,7.56052,7.59336,7.62313,7.63943,4.90636,5.02896,4.73928,0.0439605,4.27559,4.38723,4.48892,4.81778,4.93752,5.03486,5.09499,4.36894,5.12382,4.74132,0.0463439,4.25459,4.38723,4.47419,4.70733,5.02588,5.07377,5.12382,7.12658,7.19451,7.00708,0.0309791,6.68592,6.75194,6.86555,7.03771,7.14805,7.21212,7.30567,7.17121,7.31567,7.00432,0.0312558,6.67624,6.75187,6.83416,6.97833,7.15899,7.21628,7.30404,-9999,-9999
201409,21.308,1.0,19.655,1.575,1.0,22.75,2.424,1.0,20.341,19.0,1.131,21.508,1.933,21.308,1.0,19.655,1.575,1.0,22.75,2.424,1.0,347.629,185.944,1.0,166.305,185.944,1.0,-9999,-9999,355.2,355.2,0.0,415.989,1.0,408.419,415.989,1.0,5.9,1.0,4.278,5.9,1.0,101.394,101.312,0.998611,1.809,1.809,0.0,1.641,1.952,0.999306,0.373836231439,0.88125,98.331293995,0.890972222222,410.219,1.0,20.749,20.918,20.447,19.553,1.0,1.0,1.0,1.0,6.415,10.781,11.054,1.0,1.0,1.0,-9999,1.0,45.7264,1.0,-9999,0.705135,55.1329,0.999306,-9999,0.825255,-9999,-9999,22.2667,25.7333,22.2667,25.7333,-1.5974,-1.62523,0.998611,0.998611,0.0690093,0.0687832,0.0885689,0.0883777,-1.54779,-1.59765,0.998611,0.998611,0.0698059,0.069018,0.089191,0.0885605,-1.60618,-1.61592,0.997986,0.99783,0.00870004,0.0085062,-1.72297,-1.66505,-1.6295,-1.5974,-1.57546,-1.55401,-1.54217,-1.73064,-1.68483,-1.646,-1.60157,-1.58124,-1.57385,-1.54779,0.995833,0.996528,0.998611,0.998611,0.998611,0.998611,0.998611,0.995833,0.996528,0.996528,0.998611,0.998611,0.998611,0.998611,4.70847,4.66183,1.0671,1.02934,1.0,1.0,0.0780408,0.0770895,0.130652,0.121523,-6.98997,-6.99786,6.40451,6.40083,0.997436,0.997436,0.104081,0.104098,0.105204,0.105209,4.78665,4.70798,1.14409,1.0672,1.0,1.0,0.0804032,0.0780408,0.132077,0.122129,-6.97072,-6.98999,6.40726,6.40447,0.997436,0.997436,0.10442,0.104069,0.10554,0.10518,4.39292,4.57709,4.62686,4.70847,4.73891,4.78665,4.82789,4.38496,4.54941,4.59419,4.70074,4.73164,4.73729,4.78665,1.0,1.0,1.0,1.0,1.0,1.0,1.0,1.0,1.0,1.0,1.0,1.0,1.0,1.0,-7.00716,-6.99918,-6.99594,-6.98736,-6.97152,-6.96851,-6.96168,-7.00676,-6.999,-6.98996,-6.98448,-6.97154,-6.96851,-6.96163,0.992253,0.993586,0.997436,0.997436,0.997436,0.997436,0.994868,0.992253,0.993586,0.997436,0.997436,0.997436,0.997436,0.994868,5.02313,5.05887,5.01486,0.0224301,4.66357,4.85636,4.91256,5.0592,5.12542,5.13729,5.14037,5.08734,5.13899,5.0467,0.0237409,4.67147,4.89511,4.98181,5.09485,5.13808,5.14538,5.22966,6.65078,6.65652,6.63079,0.0143449,6.41559,6.54119,6.56449,6.65572,6.69374,6.70443,6.72156,6.67149,6.68677,6.65288,0.0154615,6.42303,6.5562,6.60268,6.67751,6.71134,6.72161,6.78368,5.59385,5.27274,5.31435,0.0277032,4.87516,5.08315,5.23874,5.31924,5.43003,5.46432,5.54235,5.52539,5.43004,5.3518,0.0309396,4.92411,5.1209,5.27093,5.37523,5.45513,5.54042,5.59385,6.6883,6.67107,6.74283,0.0165883,6.5129,6.65895,6.67021,6.72021,6.81756,6.87631,6.92087,6.76032,6.92087,6.75685,0.0182206,6.52779,6.66701,6.68578,6.73246,6.82382,6.87631,6.92087,-9999,-9999
201410,18.789,1.0,17.226,1.651,1.0,20.498,2.474,1.0,18.036,16.926,1.093,19.245,1.817,18.789,1.0,17.226,1.651,1.0,20.498,2.474,1.0,260.101,140.11,1.0,122.667,140.11,1.0,-9999,-9999,336.154,336.154,0.0,397.21,1.0,389.829,397.21,1.0,5.095,1.0,3.855,5.095,1.0,101.591,101.564,0.999328,0.76,0.76,0.0,1.954,1.924,0.999328,-9999,-9999,69.0275136887,0.997311827957,-9999,-9999,19.026,19.803,19.765,19.171,1.0,1.0,1.0,1.0,6.221,9.643,9.293,1.0,1.0,1.0,-9999,1.0,43.4302,0.395833,-9999,0.660956,32.0912,0.394489,-9999,0.766843,-9999,-9999,25.0323,22.9677,15.4194,15.0323,-0.934079,-0.959202,0.347446,0.347446,0.0793061,0.0789706,0.0862622,0.0853931,-0.892836,-0.934079,0.347446,0.347446,0.0771457,0.079314,0.0842803,0.0857108,-0.922617,-0.931598,0.34795,0.346875,0.00653741,0.00463219,-0.977788,-0.96071,-0.947691,-0.930797,-0.91387,-0.892836,-0.818462,-0.969396,-0.96099,-0.953666,-0.930797,-0.91387,-0.896009,-0.880344,0.346102,0.346102,0.347446,0.347446,0.347446,0.347446,0.357527,0.346102,0.346102,0.347446,0.347446,0.347446,0.346102,0.346102,5.1442,5.11624,0.975163,0.954524,0.319892,0.319892,0.100573,0.101349,0.113375,0.113253,-7.48567,-7.50622,6.30884,6.26597,0.375468,0.375468,0.113544,0.113645,0.12174,0.118316,5.2192,5.1442,0.936639,0.975163,0.319892,0.319892,0.0967923,0.102285,0.110035,0.114091,-7.48735,-7.48567,6.30615,6.30884,0.375468,0.375468,0.113234,0.113689,0.121451,0.118357,5.09209,5.11812,5.12494,5.15019,5.19377,5.22279,5.30499,5.0675,5.11812,5.12494,5.15019,5.18433,5.2192,5.24551,0.318548,0.319892,0.319892,0.319892,0.31586,0.318548,0.337366,0.319892,0.319892,0.319892,0.319892,0.318548,0.319892,0.319892,-7.55045,-7.54111,-7.51768,-7.48735,-7.47523,-7.45328,-7.43062,-7.54167,-7.54111,-7.52152,-7.49459,-7.48549,-7.47528,-7.4526,0.374123,0.374123,0.374123,0.375468,0.375468,0.375468,0.378156,0.374123,0.374123,0.374123,0.374123,0.375468,0.375468,0.375468,6.25747,6.18218,6.2333,0.017916,6.08855,6.10754,6.13696,6.21298,6.30654,6.31935,6.41398,6.09085,6.21615,6.23361,0.0192714,6.08431,6.10516,6.12937,6.21357,6.30844,6.32968,6.42027,7.12422,7.11626,7.1649,0.0159882,7.02986,7.08363,7.10423,7.13261,7.22436,7.24278,7.31198,7.05053,7.10899,7.15623,0.0170893,7.02107,7.05053,7.09412,7.13107,7.22933,7.23952,7.29762,6.20441,5.17357,5.22336,0.134275,3.49903,4.19566,4.96182,5.45447,5.65282,6.16127,6.24882,5.82255,5.47447,5.40838,0.137243,3.49903,4.22578,4.99654,5.49167,6.16127,6.20441,6.43445,6.19762,6.19694,6.2557,0.0550384,5.52468,5.84563,6.13127,6.34013,6.53479,6.55967,6.65979,6.53948,6.53567,6.31332,0.0547255,5.52468,5.91236,6.16418,6.37405,6.53852,6.56751,6.67723,-9999,-9999
201411,15.742,1.0,14.763,1.684,1.0,17.051,2.051,1.0,14.882,14.18,1.336,15.83,1.572,15.742,1.0,14.763,1.684,1.0,17.051,2.051,1.0,185.03,77.541,1.0,74.343,77.541,1.0,-9999,-9999,318.243,318.243,0.0,380.137,1.0,372.347,380.137,1.0,3.544,1.0,2.897,3.544,1.0,101.321,101.325,1.0,4.406,4.406,0.0,2.183,2.227,1.0,-9999,-9999,28.5403932493,0.764583333333,-9999,-9999,15.731,16.981,17.515,17.473,1.0,1.0,1.0,1.0,8.767,16.422,16.538,1.0,1.0,1.0,-9999,1.0,14.4754,0.0,-9999,-9999,2.4279,0.0,-9999,-9999,-9999,-9999,27.5667,20.4333,0.0,0.0,0.0724906,0.0310568,0.0,0.0,-9999,-9999,-9999,-9999,0.158098,0.0724906,0.0,0.0,-9999,-9999,-9999,-9999,0.116242,0.112894,0.0,0.0,0.0123183,0.0103614,0.00190064,0.0339655,0.0415235,0.139631,0.184045,0.188731,0.207561,0.026578,0.0339655,0.0396429,0.113254,0.165523,0.18759,0.189194,0.0,0.0,0.0,0.0,0.0,0.0,0.0,0.0,0.0,0.0,0.0,0.0,0.0,0.0,5.21204,5.1499,0.831209,0.778379,0.0,0.0,-9999,-9999,-9999,-9999,-6.85171,-6.86157,7.43847,7.41136,0.0,0.0,-9999,-9999,-9999,-9999,5.35253,5.21204,0.690433,0.831209,0.0,0.0,-9999,-9999,-9999,-9999,-6.84616,-6.85171,7.44476,7.43847,0.0,0.0,-9999,-9999,-9999,-9999,5.06085,5.12626,5.16294,5.23577,5.34524,5.35253,5.39915,5.07623,5.12626,5.16187,5.21528,5.34485,5.35029,5.35253,0.0,0.0,0.0,0.0,0.0,0.0,0.0,0.0,0.0,0.0,0.0,0.0,0.0,0.0,-6.87033,-6.85171,-6.84616,-6.78623,-6.7726,-6.75498,-6.65835,-6.86157,-6.85903,-6.84616,-6.7922,-6.76762,-6.75091,-6.63431,0.0,0.0,0.0,0.0,0.0,0.0,0.0,0.0,0.0,0.0,0.0,0.0,0.0,0.0,5.58841,5.49335,5.53597,0.0177814,5.3358,5.42867,5.45577,5.54962,5.54987,5.58875,5.72321,5.42867,5.54962,5.53731,0.018745,5.33573,5.42854,5.45502,5.54962,5.55014,5.65686,5.72205,5.4624,5.42086,5.42308,0.0173345,5.20615,5.36115,5.36584,5.39157,5.46674,5.50979,5.54169,5.38942,5.39153,5.42106,0.0184053,5.1961,5.36115,5.36577,5.41475,5.45633,5.5096,5.55682,5.48884,4.63497,4.6119,0.145741,2.89516,3.47303,4.16554,4.6143,5.07126,5.80155,5.85771,5.43188,4.45199,4.83612,0.150304,2.89516,3.50486,4.45199,4.63497,5.78574,5.83291,6.06398,4.90932,4.90989,4.95584,0.0483951,4.29731,4.58058,4.84534,5.06341,5.18847,5.24334,5.30763,5.21393,5.14481,5.00423,0.0476259,4.29731,4.70308,4.89254,5.07536,5.22396,5.24701,5.33596,-9999,-9999
201412,10.47,1.0,9.551,1.611,1.0,11.851,1.802,1.0,10.222,9.553,1.236,11.229,1.178,10.47,1.0,9.551,1.611,1.0,11.851,1.802,1.0,148.971,63.455,1.0,61.573,63.455,1.0,-9999,-9999,282.982,282.982,0.0,324.251,1.0,337.93,324.251,1.0,2.835,1.0,2.529,2.835,1.0,101.441,101.566,0.998656,2.727,2.727,0.0,2.321,2.154,0.998656,-9999,-9999,9.97562040265,0.988575268817,-9999,-9999,12.526,14.609,15.475,15.598,1.0,1.0,0.999328,1.0,13.939,23.867,23.105,0.999328,0.999328,0.999328,-9999,1.0,25.5061,0.0,-9999,-9999,15.1495,0.0,-9999,-9999,-9999,-9999,28.7742,19.2258,0.0,0.0,0.163919,0.148196,0.0,0.0,-9999,-9999,-9999,-9999,0.277149,0.163919,0.0,0.0,-9999,-9999,-9999,-9999,0.266941,0.236172,0.0,0.0,0.021459,0.017484,0.0945726,0.132052,0.137183,0.259343,0.372621,0.410796,0.527818,0.0945726,0.1234,0.1321,0.232172,0.287564,0.390762,0.410796,0.0,0.0,0.0,0.0,0.0,0.0,0.0,0.0,0.0,0.0,0.0,0.0,0.0,0.0,4.74251,4.71831,1.66376,1.65001,0.0,0.0,-9999,-9999,-9999,-9999,-6.7296,-6.73123,5.71019,5.70781,0.0,0.0,-9999,-9999,-9999,-9999,4.88426,4.74251,1.55974,1.66376,0.0,0.0,-9999,-9999,-9999,-9999,-6.66934,-6.7296,5.76541,5.71019,0.0,0.0,-9999,-9999,-9999,-9999,4.60698,4.67373,4.69871,4.82946,4.8968,4.94997,5.11245,4.6118,4.66865,4.69452,4.78897,4.8968,4.92017,4.94997,0.0,0.0,0.0,0.0,0.0,0.0,0.0,0.0,0.0,0.0,0.0,0.0,0.0,0.0,-6.7437,-6.73403,-6.72841,-6.66304,-6.45325,-6.44647,-6.40927,-6.7437,-6.73403,-6.72915,-6.66934,-6.62064,-6.45014,-6.44647,0.0,0.0,0.0,0.0,0.0,0.0,0.0,0.0,0.0,0.0,0.0,0.0,0.0,0.0,4.44223,4.35767,4.37927,0.0178539,4.15826,4.30602,4.32221,4.36154,4.44139,4.4553,4.54685,4.33825,4.43923,4.38344,0.0183527,4.15122,4.29508,4.32174,4.36557,4.44007,4.46146,4.56,4.21335,4.19375,4.1431,0.0276826,3.78564,3.89867,4.03643,4.18865,4.23334,4.28675,4.30469,4.18968,4.16208,4.1165,0.0290349,3.7786,3.89125,3.91142,4.16903,4.22357,4.28901,4.30692,4.59804,4.22726,4.00587,0.156495,2.34966,2.84185,3.35072,4.2117,4.59804,5.3522,5.35797,4.99606,3.35185,4.2523,0.159164,2.35544,2.87738,3.43655,4.22726,5.10692,5.35313,5.55187,4.25615,4.25667,4.29276,0.0429125,3.70562,3.95809,4.19862,4.39336,4.50535,4.54289,4.60372,4.52696,4.4589,4.33443,0.042065,3.70562,4.06392,4.24122,4.40376,4.52656,4.54614,4.62473,-9999,-9999
