TIMESTAMP,TA_F_MDS,TA_F_MDS_QC,TA_F_MDS_NIGHT,TA_F_MDS_NIGHT_SD,TA_F_MDS_NIGHT_QC,TA_F_MDS_DAY,TA_F_MDS_DAY_SD,TA_F_MDS_DAY_QC,TA_ERA,TA_ERA_NIGHT,TA_ERA_NIGHT_SD,TA_ERA_DAY,TA_ERA_DAY_SD,TA_F,TA_F_QC,TA_F_NIGHT,TA_F_NIGHT_SD,TA_F_NIGHT_QC,TA_F_DAY,TA_F_DAY_SD,TA_F_DAY_QC,SW_IN_POT,SW_IN_F_MDS,SW_IN_F_MDS_QC,SW_IN_ERA,SW_IN_F,SW_IN_F_QC,LW_IN_F_MDS,LW_IN_F_MDS_QC,LW_IN_ERA,LW_IN_F,LW_IN_F_QC,LW_IN_JSB,LW_IN_JSB_QC,LW_IN_JSB_ERA,LW_IN_JSB_F,LW_IN_JSB_F_QC,VPD_F_MDS,VPD_F_MDS_QC,VPD_ERA,VPD_F,VPD_F_QC,PA_ERA,PA_F,PA_F_QC,P_ERA,P_F,P_F_QC,WS_ERA,WS_F,WS_F_QC,USTAR,USTAR_QC,NETRAD,NETRAD_QC,PPFD_IN,PPFD_IN_QC,PPFD_DIF,PPFD_DIF_QC,SW_OUT,SW_OUT_QC,LW_OUT,LW_OUT_QC,CO2_F_MDS,CO2_F_MDS_QC,TS_F_MDS_1,TS_F_MDS_2,TS_F_MDS_3,TS_F_MDS_4,TS_F_MDS_5,TS_F_MDS_6,TS_F_MDS_1_QC,TS_F_MDS_2_QC,TS_F_MDS_3_QC,TS_F_MDS_4_QC,TS_F_MDS_5_QC,TS_F_MDS_6_QC,SWC_F_MDS_1,SWC_F_MDS_2,SWC_F_MDS_3,SWC_F_MDS_4,SWC_F_MDS_1_QC,SWC_F_MDS_2_QC,SWC_F_MDS_3_QC,SWC_F_MDS_4_QC,G_F_MDS,G_F_MDS_QC,LE_F_MDS,LE_F_MDS_QC,LE_CORR,LE_RANDUNC,H_F_MDS,H_F_MDS_QC,H_CORR,H_RANDUNC,EBC_CF_N,EBC_CF_METHOD,NIGHT_D,DAY_D,NIGHT_RANDUNC_N,DAY_RANDUNC_N,NEE_VUT_REF,NEE_VUT_REF_QC,NEE_VUT_REF_RANDUNC,NEE_VUT_REF_JOINTUNC,NEE_VUT_USTAR50,NEE_VUT_USTAR50_QC,NEE_VUT_USTAR50_RANDUNC,NEE_VUT_USTAR50_JOINTUNC,NEE_VUT_MEAN,NEE_VUT_MEAN_QC,NEE_VUT_SE,NEE_VUT_05,NEE_VUT_16,NEE_VUT_25,NEE_VUT_50,NEE_VUT_75,NEE_VUT_84,NEE_VUT_95,NEE_VUT_05_QC,NEE_VUT_16_QC,NEE_VUT_25_QC,NEE_VUT_50_QC,NEE_VUT_75_QC,NEE_VUT_84_QC,NEE_VUT_95_QC,NEE_VUT_REF_NIGHT,NEE_VUT_REF_NIGHT_SD,NEE_VUT_REF_NIGHT_QC,NEE_VUT_REF_NIGHT_RANDUNC,NEE_VUT_REF_NIGHT_JOINTUNC,NEE_VUT_REF_DAY,NEE_VUT_REF_DAY_SD,NEE_VUT_REF_DAY_QC,NEE_VUT_REF_DAY_RANDUNC,NEE_VUT_REF_DAY_JOINTUNC,NEE_VUT_USTAR50_NIGHT,NEE_VUT_USTAR50_NIGHT_SD,NEE_VUT_USTAR50_NIGHT_QC,NEE_VUT_USTAR50_NIGHT_RANDUNC,NEE_VUT_USTAR50_NIGHT_JOINTUNC,NEE_VUT_USTAR50_DAY,NEE_VUT_USTAR50_DAY_SD,NEE_VUT_USTAR50_DAY_QC,NEE_VUT_USTAR50_DAY_RANDUNC,NEE_VUT_USTAR50_DAY_JOINTUNC,NEE_VUT_05_NIGHT,NEE_VUT_16_NIGHT,NEE_VUT_25_NIGHT,NEE_VUT_50_NIGHT,NEE_VUT_75_NIGHT,NEE_VUT_84_NIGHT,NEE_VUT_95_NIGHT,NEE_VUT_05_NIGHT_QC,NEE_VUT_16_NIGHT_QC,NEE_VUT_25_NIGHT_QC,NEE_VUT_50_NIGHT_QC,NEE_VUT_75_NIGHT_QC,NEE_VUT_84_NIGHT_QC,NEE_VUT_95_NIGHT_QC,NEE_VUT_05_DAY,NEE_VUT_16_DAY,NEE_VUT_25_DAY,NEE_VUT_50_DAY,NEE_VUT_75_DAY,NEE_VUT_84_DAY,NEE_VUT_95_DAY,NEE_VUT_05_DAY_QC,NEE_VUT_16_DAY_QC,NEE_VUT_25_DAY_QC,NEE_VUT_50_DAY_QC,NEE_VUT_75_DAY_QC,NEE_VUT_84_DAY_QC,NEE_VUT_95_DAY_QC,RECO_NT_VUT_REF,RECO_NT_VUT_USTAR50,RECO_NT_VUT_MEAN,RECO_NT_VUT_SE,RECO_NT_VUT_05,RECO_NT_VUT_16,RECO_NT_VUT_25,RECO_NT_VUT_50,RECO_NT_VUT_75,RECO_NT_VUT_84,RECO_NT_VUT_95,GPP_NT_VUT_REF,GPP_NT_VUT_USTAR50,GPP_NT_VUT_MEAN,GPP_NT_VUT_SE,GPP_NT_VUT_05,GPP_NT_VUT_16,GPP_NT_VUT_25,GPP_NT_VUT_50,GPP_NT_VUT_75,GPP_NT_VUT_84,GPP_NT_VUT_95,RECO_DT_VUT_REF,RECO_DT_VUT_USTAR50,RECO_DT_VUT_MEAN,RECO_DT_VUT_SE,RECO_DT_VUT_05,RECO_DT_VUT_16,RECO_DT_VUT_25,RECO_DT_VUT_50,RECO_DT_VUT_75,RECO_DT_VUT_84,RECO_DT_VUT_95,GPP_DT_VUT_REF,GPP_DT_VUT_USTAR50,GPP_DT_VUT_MEAN,GPP_DT_VUT_SE,GPP_DT_VUT_05,GPP_DT_VUT_16,GPP_DT_VUT_25,GPP_DT_VUT_50,GPP_DT_VUT_75,GPP_DT_VUT_84,GPP_DT_VUT_95,RECO_SR,RECO_SR_N
201301,7.28,1.0,6.528,1.37,1.0,8.368,1.855,1.0,7.343,6.709,1.24,8.266,1.357,7.28,1.0,6.528,1.37,1.0,8.368,1.855,1.0,151.589,52.477,0.984543,53.821,52.24,0.984543,315.61,1.0,316.167,315.61,1.0,311.425,0.983871,331.78,311.437,0.983871,1.474,0.999328,2.025,1.475,0.999328,100.91,100.91,0.0,3.715,6.308,0.998656,1.163,1.313,0.958333,0.276020450563,0.739247311828,13.2158944374,0.998655913978,96.3234285094,0.978494623656,59.2476506601,0.998655913978,8.49253975512,0.998655913978,346.791776794,0.998655913978,337.343,0.981855,-9999,-9999,-9999,-9999,-9999,-9999,-9999,-9999,-9999,-9999,-9999,-9999,-9999,-9999,-9999,-9999,-9999,-9999,-9999,-9999,-9999,1.0,9.5665,0.981183,16.0974,0.367743,-14.4611,0.981183,-24.3334,0.606438,1.0,3,28.4516,19.5484,28.4516,19.5484,-1.04638,0.971102,0.101952,0.127613,-1.04795,0.969758,0.099484,0.12565,-1.11669,0.970329,0.0125993,-1.27565,-1.18694,-1.16663,-1.11625,-1.04638,-1.03343,-1.00099,0.954301,0.967742,0.977823,0.976478,0.971102,0.976478,0.975806,1.46543,2.01717,1.0,0.123764,0.147801,-4.59175,5.6637,0.929796,0.160461,0.203548,1.49585,2.00787,1.0,0.121206,0.145666,-4.6393,5.66831,0.92657,0.155858,0.199939,1.29475,1.34741,1.36796,1.39991,1.46531,1.50899,1.5327,1.0,1.0,1.0,1.0,1.0,1.0,1.0,-4.92515,-4.81152,-4.75827,-4.65799,-4.60377,-4.56105,-4.54509,0.874448,0.921732,0.916638,0.92657,0.941596,0.933192,0.941596,1.55056,1.55662,1.57416,0.0164482,1.42862,1.45837,1.49567,1.55056,1.63956,1.67072,1.73967,2.57373,2.60457,2.69085,0.0192203,2.54617,2.5804,2.60674,2.63659,2.763,2.78697,2.95387,2.88157,2.89747,2.69153,0.0938914,1.65956,2.12163,2.28206,2.62317,2.96098,3.31389,3.51408,3.21122,3.49396,3.38768,0.0312974,3.04878,3.19675,3.24593,3.36791,3.46964,3.60645,3.67518,-9999,0.0
201302,5.944,1.0,4.717,1.832,1.0,7.46,2.241,1.0,6.456,5.374,1.354,7.799,1.712,5.944,1.0,4.717,1.832,1.0,7.46,2.241,1.0,214.276,96.583,1.0,94.678,96.583,1.0,291.805,1.0,301.592,291.805,1.0,292.792,1.0,313.737,292.792,1.0,2.317,1.0,2.483,2.317,1.0,100.762,100.762,0.0,3.423,3.643,1.0,1.484,1.535,0.999256,0.290844906054,0.715773809524,33.9069388318,1.0,185.590374252,1.0,83.866024436,1.0,14.9128619711,1.0,339.609546875,1.0,357.115,1.0,-9999,-9999,-9999,-9999,-9999,-9999,-9999,-9999,-9999,-9999,-9999,-9999,-9999,-9999,-9999,-9999,-9999,-9999,-9999,-9999,-9999,1.0,21.6369,0.999256,36.4081,0.450677,-1.30847,1.0,-2.20175,0.738771,1.0,3,26.6071,21.3929,26.6071,21.3929,-1.67315,0.99256,0.0811275,0.0967891,-1.67258,0.99256,0.0810744,0.0967445,-1.72025,0.9883,0.0122312,-1.83144,-1.771,-1.75698,-1.70184,-1.67671,-1.66542,-1.64661,0.959077,0.998512,0.99628,0.975446,0.99256,0.986607,0.99256,2.26258,1.19577,1.0,0.0870192,0.126885,-6.43236,5.77438,0.982483,0.138042,0.167185,2.26564,1.19129,1.0,0.0865769,0.126582,-6.43485,5.77272,0.982483,0.138326,0.16742,1.97494,2.12431,2.13726,2.26349,2.29732,2.30899,2.35441,1.0,1.0,0.974857,1.0,0.992063,0.9803,0.992063,-6.62751,-6.5933,-6.58405,-6.46652,-6.42271,-6.40467,-6.37122,0.964951,0.950186,0.968275,0.996599,0.985969,0.991241,0.985969,2.52008,2.52304,2.51093,0.0295057,2.23119,2.31005,2.33426,2.49872,2.66098,2.70978,2.81175,4.17714,4.19562,4.23119,0.0307527,4.00015,4.03086,4.06305,4.17714,4.3692,4.4413,4.59468,1.82986,1.81619,1.80941,0.0474251,1.30183,1.56549,1.62208,1.80499,1.9634,2.0846,2.38644,4.50856,4.54232,4.34299,0.0338111,3.8966,4.13362,4.19021,4.35863,4.50856,4.53837,4.67186,-9999,0.0
201303,9.769,1.0,8.746,1.442,1.0,10.758,1.845,1.0,9.895,8.748,1.267,11.0,1.831,9.769,1.0,8.746,1.442,1.0,10.758,1.845,1.0,302.647,101.026,1.0,118.907,101.026,1.0,327.785,1.0,326.318,327.785,1.0,330.377,1.0,344.345,330.377,1.0,2.03,1.0,2.578,2.03,1.0,100.388,100.397,0.430108,6.471,7.702,1.0,1.535,1.645,0.760753,0.355072061425,0.547043010753,55.8724032865,1.0,190.955984251,0.74126344086,122.535273471,0.741935483871,12.5261203855,1.0,360.265074597,1.0,372.81,0.975806,-9999,-9999,-9999,-9999,-9999,-9999,-9999,-9999,-9999,-9999,-9999,-9999,-9999,-9999,-9999,-9999,-9999,-9999,-9999,-9999,0.153856,0.147849,19.9693,0.950941,33.7985,0.389768,-6.20463,0.952285,-10.5015,0.860135,2.0,3,23.4839,24.5161,23.4839,24.1613,-1.15554,0.952285,0.0848004,0.089651,-1.16427,0.952285,0.0862488,0.0910222,-1.15948,0.948471,0.00618284,-1.20742,-1.1909,-1.18596,-1.17338,-1.13888,-1.13272,-1.09126,0.945565,0.952957,0.949597,0.952285,0.952285,0.948253,0.947581,3.1275,1.20277,0.987903,0.100905,0.133035,-5.20014,6.25221,0.916877,0.127531,0.137534,3.13083,1.19748,0.987903,0.101214,0.133269,-5.21946,6.23681,0.916877,0.131088,0.140838,3.00653,3.03289,3.04398,3.1068,3.20231,3.20629,3.28756,0.975806,0.975806,0.975806,0.983871,0.983871,0.983871,0.983871,-5.30733,-5.2694,-5.23435,-5.20014,-5.17342,-5.16642,-5.14911,0.911501,0.911501,0.915533,0.916877,0.915533,0.915533,0.906066,3.37776,3.38114,3.37116,0.0202379,3.17963,3.23148,3.26841,3.34959,3.46731,3.52063,3.60924,4.51835,4.54541,4.53064,0.0165676,4.34219,4.41815,4.4554,4.51835,4.58244,4.64052,4.71049,4.24815,4.32421,4.29211,0.0404527,3.79973,3.94642,4.19862,4.31322,4.41715,4.52633,4.64634,5.17125,5.106,5.13256,0.0196151,4.90255,5.0017,5.03594,5.14308,5.20342,5.29112,5.33083,-9999,0.0
201304,14.149,1.0,12.773,1.449,1.0,15.164,2.126,1.0,14.851,13.037,1.423,16.193,2.459,14.149,1.0,12.773,1.449,1.0,15.164,2.126,1.0,392.148,183.639,0.952778,211.696,195.347,0.952778,339.764,1.0,337.601,339.764,1.0,354.126,0.952778,358.312,353.033,0.952778,3.581,1.0,4.1,3.581,1.0,101.138,101.189,1.0,2.332,4.107,1.0,1.288,1.347,0.732639,0.340164867483,0.515972222222,124.62693077,1.0,387.722148341,0.915972222222,169.58029795,0.999305555556,21.5189779269,0.999305555556,383.912021897,0.999305555556,388.112,0.940972,-9999,-9999,-9999,-9999,-9999,-9999,-9999,-9999,-9999,-9999,-9999,-9999,-9999,-9999,-9999,-9999,-9999,-9999,-9999,-9999,-0.540667,0.0,47.4218,0.934722,75.0876,0.657726,26.6111,0.938194,42.1359,0.980226,3.0,3,20.4667,27.5333,20.4667,27.5333,-2.40452,0.892361,0.0979331,0.136965,-2.41893,0.8875,0.0980228,0.137029,-2.43945,0.886719,0.013458,-2.58537,-2.53951,-2.50338,-2.44805,-2.3588,-2.34801,-2.31796,0.864583,0.860417,0.863889,0.8875,0.904167,0.905556,0.904167,4.10897,1.30283,0.982878,0.139483,0.201738,-7.0946,7.02158,0.823681,0.127742,0.174486,4.12989,1.25715,0.982878,0.137257,0.200205,-7.13273,7.07235,0.815594,0.129259,0.1756,3.71072,3.80794,3.85505,3.96928,4.06352,4.09944,4.14829,0.926562,0.949357,0.952849,0.996825,0.952849,0.982878,0.982878,-7.17677,-7.13874,-7.11613,-7.09186,-6.90888,-6.90103,-6.89355,0.810698,0.81436,0.828361,0.823681,0.834358,0.836698,0.834399,4.94961,5.13834,4.8869,0.0246603,4.68324,4.70862,4.74806,4.89256,4.96168,5.00497,5.16754,7.51598,7.55726,7.32636,0.0302135,7.03201,7.11719,7.16888,7.31537,7.49716,7.51598,7.6575,5.12004,4.10812,4.47146,0.0943545,3.53589,3.67993,3.71749,4.67463,4.79601,5.07145,5.23115,6.76735,6.91444,7.10366,0.0543789,6.56634,6.65654,6.70883,7.17205,7.37962,7.43032,7.54015,5.5412,0.744444
201305,16.017,1.0,14.673,1.238,1.0,16.819,1.764,1.0,16.482,14.86,1.119,17.458,1.899,16.017,1.0,14.673,1.238,1.0,16.819,1.764,1.0,457.593,240.538,0.99664,238.534,240.667,0.99664,344.978,1.0,347.208,344.978,1.0,368.956,0.99664,370.205,368.986,0.99664,3.868,1.0,3.855,3.868,1.0,100.846,100.891,1.0,5.234,2.678,1.0,1.427,1.735,0.823925,-9999,-9999,163.995374504,1.0,494.809233356,0.802419354839,217.100081821,0.806451612903,26.2492502184,1.0,395.154235887,1.0,373.96,0.99664,16.539,16.308,16.125,15.772,15.303,14.226,1.0,1.0,1.0,1.0,1.0,1.0,17.856,-9999,8.522,-9999,1.0,-9999,1.0,-9999,0.769776,0.116263,58.4093,0.975134,69.6424,0.640547,58.3259,0.977151,69.5429,0.978584,1.0,2,17.9355,30.0645,17.9355,30.0645,-2.06062,0.881048,0.110598,0.225673,-2.06345,0.881048,0.11055,0.22565,-2.08904,0.894237,0.0259945,-2.41442,-2.3275,-2.20787,-2.04467,-1.96384,-1.93407,-1.90129,0.938844,0.941532,0.915323,0.909946,0.877016,0.866935,0.872984,7.13776,1.66342,0.879157,0.183409,0.46142,-7.41323,8.88351,0.88184,0.130314,0.147326,7.13832,1.664,0.879157,0.183544,0.461473,-7.41809,8.88925,0.88184,0.130151,0.147181,6.37288,6.54495,6.78419,7.1668,7.29313,7.39176,7.443,0.990512,0.990512,0.941376,0.877459,0.877459,0.871966,0.875762,-7.50857,-7.4948,-7.4497,-7.41323,-7.36646,-7.35736,-7.34737,0.914242,0.905917,0.904805,0.88184,0.870394,0.853673,0.867272,7.85712,7.85619,7.6451,0.068045,6.85971,7.00284,7.34342,7.84326,7.92098,8.02991,8.14134,9.90011,9.91964,9.73414,0.0442299,9.27153,9.31949,9.39901,9.85984,9.91592,9.9486,10.0638,6.78178,6.51739,6.82962,0.0754377,6.23297,6.41547,6.45328,6.68116,7.00416,7.21307,7.9126,9.7648,9.76195,9.78952,0.0265013,9.54148,9.63591,9.67359,9.76112,9.85125,9.92453,10.1511,6.05831,1.0
201306,19.708,1.0,17.84,1.512,1.0,20.732,2.22,1.0,20.191,18.068,1.483,21.355,2.367,19.708,1.0,17.84,1.512,1.0,20.732,2.22,1.0,486.173,306.469,0.995139,277.834,306.144,0.995139,354.306,1.0,359.64,354.306,1.0,388.219,0.995139,385.594,388.214,0.995139,5.687,1.0,5.271,5.687,1.0,101.347,101.332,1.0,4.471,0.606,1.0,1.016,1.445,0.907639,0.358181408755,0.577777777778,211.907073942,1.0,660.410873978,0.893055555556,196.723652021,0.9,32.3559740132,1.0,416.676002083,1.0,378.729,0.995139,20.466,20.064,19.572,18.992,18.078,16.161,1.0,1.0,1.0,1.0,1.0,1.0,12.979,-9999,7.117,-9999,0.995139,-9999,0.995139,-9999,4.83771,1.0,79.3247,0.990972,94.5802,1.08283,89.4028,0.990972,106.596,1.35198,0.906944,1,17.0,31.0,17.0,30.9333,-2.14728,0.964583,0.114411,0.169147,-2.20015,0.963889,0.114098,0.168936,-2.10259,0.961979,0.0192766,-2.29944,-2.2317,-2.19727,-2.12045,-2.05074,-1.98253,-1.86959,0.934722,0.963194,0.965278,0.984028,0.984028,0.982639,0.942361,9.02276,1.48453,0.984314,0.163438,0.417881,-8.15192,9.07593,0.953763,0.145325,0.250955,8.89528,1.55325,0.984314,0.162709,0.417597,-8.16089,9.0659,0.952688,0.145024,0.250781,8.24182,8.68721,8.82464,8.97451,9.10112,9.4564,9.72181,1.0,0.996078,0.94902,0.94902,0.964706,0.980392,0.976471,-8.36757,-8.2703,-8.21556,-8.14449,-7.89484,-7.86111,-7.72114,0.92043,0.926882,0.934409,0.941935,0.974194,0.966667,0.975269,9.58922,9.59856,9.59883,0.0544617,8.76799,9.34144,9.42163,9.59292,9.71351,9.94744,10.0982,11.6533,11.7987,11.7014,0.0474826,10.8725,11.4827,11.5492,11.7449,11.8452,12.002,12.0894,6.45094,6.14803,6.29447,0.124414,5.19393,5.32174,5.54783,6.18659,7.04283,7.1796,7.37471,10.0929,10.042,9.94321,0.0520294,9.53566,9.55084,9.62877,9.84867,10.1318,10.2835,10.5447,7.56559,1.0
201307,23.987,1.0,21.971,1.645,1.0,25.135,2.432,1.0,23.78,21.534,1.339,25.06,2.293,23.987,1.0,21.971,1.645,1.0,25.135,2.432,1.0,472.234,299.447,1.0,286.331,299.447,1.0,380.534,1.0,377.702,380.534,1.0,425.072,1.0,407.953,425.072,1.0,7.253,1.0,6.889,7.253,1.0,101.518,101.404,1.0,2.192,0.13,1.0,1.049,1.432,0.986559,0.309676553616,0.685483870968,206.052856317,1.0,639.641083879,1.0,234.130578827,1.0,31.8442403925,1.0,441.450634409,1.0,370.263,1.0,24.046,23.486,22.793,22.06,20.911,18.583,1.0,1.0,1.0,1.0,1.0,1.0,5.182,3.205,5.26,5.013,1.0,0.840054,1.0,0.840054,4.57419,1.0,82.2611,0.999328,96.2279,1.09529,90.011,0.999328,105.294,1.3105,0.999328,1,17.3871,30.6129,17.3226,30.5484,-2.64197,0.975806,0.119228,0.210123,-2.60002,0.975806,0.11937,0.210205,-2.7849,0.952839,0.0247678,-3.04769,-2.97555,-2.93734,-2.78309,-2.6493,-2.6295,-2.56679,0.886425,0.992608,0.994624,0.987903,0.975806,0.987903,0.979167,7.50062,1.45913,0.994307,0.19962,0.586394,-8.25881,8.86386,0.965453,0.14001,0.337381,7.58145,1.47601,0.994307,0.199829,0.586465,-8.2432,8.89031,0.965453,0.140191,0.337456,6.52441,6.75979,7.05149,7.24174,7.60384,7.86253,8.32049,1.0,1.0,1.0,0.825427,0.986717,0.783997,0.849568,-8.8914,-8.72156,-8.66835,-8.29163,-8.13819,-8.10764,-8.09221,0.928581,0.919112,0.92317,0.964412,0.967534,0.976934,0.991571,7.18205,7.40973,7.71826,0.124231,6.67672,6.92002,7.17777,7.42805,8.15242,8.49011,9.09783,10.2833,10.0098,10.5032,0.120359,9.61835,9.79254,9.85736,10.0479,10.9311,11.2992,11.8305,5.59501,5.21681,5.52187,0.0586608,4.98882,5.08131,5.25717,5.51179,5.76271,5.88661,6.07567,9.79567,9.48569,9.70182,0.0419807,9.335,9.43822,9.48088,9.66625,9.83927,9.90308,10.2299,9.16921,1.0
201308,23.764,1.0,21.706,1.833,1.0,25.152,2.757,1.0,23.527,21.374,1.395,24.96,2.638,23.764,1.0,21.706,1.833,1.0,25.152,2.757,1.0,418.716,269.961,1.0,261.981,269.961,1.0,374.793,1.0,369.927,374.793,1.0,416.152,1.0,398.328,416.152,1.0,8.503,1.0,7.613,8.503,1.0,101.373,101.234,1.0,1.129,0.456,1.0,1.179,1.497,0.987903,0.313294866562,0.578629032258,172.899112344,1.0,584.274122829,1.0,165.277408825,1.0,32.1230298582,1.0,438.965053763,1.0,365.074,1.0,24.001,23.582,23.147,22.583,21.668,19.674,1.0,1.0,1.0,1.0,1.0,1.0,7.012,3.179,3.714,4.267,1.0,1.0,1.0,1.0,2.44786,1.0,74.8397,0.997312,81.1757,1.10746,81.565,0.998656,88.4703,1.26724,0.989247,1,19.3548,28.6452,19.3548,28.6452,-2.70458,0.972446,0.112599,0.224789,-2.88202,0.967742,0.111549,0.224265,-2.75384,0.96166,0.0408267,-3.02445,-2.97938,-2.95336,-2.81598,-2.70418,-2.59027,-2.22146,0.933468,0.948925,0.929435,0.985215,0.973118,0.976478,0.929435,5.80954,2.31491,0.994812,0.16511,0.396554,-8.24988,7.69776,0.957708,0.143526,0.166245,5.39589,2.05426,0.984437,0.160792,0.394776,-8.27314,7.64661,0.956673,0.143672,0.166371,5.19679,5.26495,5.31238,5.48148,5.82985,5.98604,6.85671,0.970855,0.953813,0.984437,1.0,0.994812,0.99651,0.932891,-8.35843,-8.34491,-8.33597,-8.25836,-8.19761,-8.17713,-8.10952,0.948881,0.924232,0.928848,0.924794,0.979106,0.980218,0.98679,5.61636,5.24729,5.59536,0.0742126,5.07766,5.1376,5.15396,5.57773,5.81667,5.82822,6.09284,8.10032,8.12931,8.3492,0.0403699,8.07703,8.09987,8.11271,8.28191,8.47243,8.60767,8.67933,3.54012,4.09445,3.95324,0.0877098,3.01568,3.17715,3.54012,4.02022,4.26014,4.47929,4.6686,7.89867,7.86767,7.75252,0.0544168,7.07772,7.25893,7.47817,7.88464,8.02225,8.0595,8.1234,9.1512,1.0
201309,20.408,1.0,18.899,1.789,1.0,21.695,2.504,1.0,20.098,18.551,1.25,21.427,2.266,20.408,1.0,18.899,1.789,1.0,21.695,2.504,1.0,338.31,189.747,1.0,183.23,189.747,1.0,366.305,1.0,360.357,366.305,1.0,402.354,1.0,386.481,402.354,1.0,5.528,1.0,4.993,5.528,1.0,101.283,101.215,1.0,2.842,2.175,1.0,1.091,1.625,0.995139,0.30681256076,0.623611111111,109.949221416,0.999305555556,415.66530491,1.0,133.091205053,1.0,25.9911672104,1.0,418.989495139,1.0,360.519,1.0,20.769,20.551,20.494,20.258,19.901,19.046,1.0,1.0,1.0,1.0,1.0,1.0,8.257,4.094,3.176,3.722,1.0,1.0,1.0,1.0,0.223357,1.0,37.2095,0.999306,45.6403,0.701596,52.304,1.0,64.1549,1.08145,0.997917,1,22.2,25.8,22.2,25.8,-1.58651,0.979167,0.104936,0.278848,-1.45701,0.976389,0.104606,0.278724,-1.51516,0.971753,0.0371064,-1.86797,-1.76086,-1.72518,-1.56117,-1.36226,-1.24416,-1.1468,0.996528,0.993056,0.979167,0.976389,0.963889,0.954167,0.920139,5.11552,1.68434,0.993651,0.153025,0.625813,-7.23484,7.64472,0.96751,0.134374,0.177009,5.43567,1.65412,0.993651,0.153495,0.625928,-7.26548,7.5904,0.962275,0.133143,0.176077,4.62696,4.85608,4.87653,5.20667,5.85822,6.06971,6.33817,0.993651,0.993651,0.993651,0.993651,0.977778,0.86853,0.896894,-7.55308,-7.4946,-7.46172,-7.32551,-7.27182,-7.26416,-7.23214,0.95314,0.950374,0.945238,0.955858,0.998765,0.96751,0.975012,5.86558,6.21439,6.27053,0.189771,4.84922,5.02817,5.16016,5.86558,7.36381,7.8631,8.03026,7.69696,7.6714,7.78569,0.154178,6.71286,6.80364,6.84445,7.44301,8.75296,9.06937,9.17706,2.51128,2.62282,2.81498,0.123657,1.9027,1.97479,2.0781,2.62172,3.48754,3.66747,4.07576,5.68804,5.95175,5.99083,0.0549131,5.5962,5.63456,5.67702,5.95348,6.37506,6.47703,6.52997,7.67361,1.0
201310,17.787,1.0,16.655,1.384,1.0,19.031,2.137,1.0,17.156,16.286,1.01,18.126,1.487,17.787,1.0,16.655,1.384,1.0,19.031,2.137,1.0,247.377,105.736,1.0,99.572,105.736,1.0,368.467,1.0,364.439,368.467,1.0,396.562,1.0,391.534,396.562,1.0,3.298,1.0,3.136,3.298,1.0,101.588,101.549,1.0,6.561,4.353,1.0,1.367,1.335,0.975806,0.298937243466,0.779569892473,54.6936182432,0.999327956989,232.788237145,1.0,124.816185593,1.0,15.305161233,1.0,403.239317204,1.0,375.192,1.0,17.22,17.087,17.164,17.062,17.09,17.287,1.0,1.0,1.0,1.0,1.0,1.0,18.727,9.614,8.898,8.038,1.0,1.0,1.0,1.0,-0.377284,1.0,18.7011,1.0,22.9383,0.41727,2.35315,1.0,2.88631,0.552494,1.0,2,25.1935,22.8065,25.1935,22.8065,0.410739,0.998656,0.0909755,0.108055,0.494217,0.998656,0.0905487,0.107695,0.442739,0.996858,0.0107903,0.376816,0.387462,0.409597,0.443035,0.495904,0.504068,0.518742,0.997984,0.997984,0.99328,0.991263,0.999328,0.998656,0.999328,4.74159,2.20277,1.0,0.119576,0.141473,-4.39839,6.43358,0.997253,0.128828,0.149289,4.87823,2.11478,1.0,0.118754,0.140778,-4.38034,6.46399,0.997253,0.128519,0.149023,4.67417,4.71298,4.72718,4.77109,4.84921,4.86419,4.8835,1.0,1.0,1.0,1.0,1.0,1.0,1.0,-4.48206,-4.45297,-4.41935,-4.37924,-4.30789,-4.3021,-4.2637,0.982054,0.995787,0.995787,0.997253,0.998597,0.998597,0.998597,4.64632,4.60442,4.6001,0.0490493,4.2324,4.2871,4.30286,4.58682,4.8866,4.95063,5.02148,3.92296,4.11021,4.15736,0.0409629,3.84013,3.873,3.89316,4.14225,4.42297,4.45575,4.51682,5.22259,5.04042,5.36563,0.0818242,4.56898,4.77022,4.85363,5.43254,5.6703,5.84845,6.22831,5.18151,5.07307,5.15446,0.0399727,4.82714,4.86238,4.90299,5.16966,5.26969,5.33817,5.53152,6.28401,1.0
201311,12.324,1.0,11.313,1.639,1.0,13.75,2.063,1.0,11.949,11.295,0.981,12.862,1.169,12.324,1.0,11.313,1.639,1.0,13.75,2.063,1.0,170.744,73.759,1.0,67.546,73.759,1.0,326.06,1.0,327.196,326.06,1.0,342.967,1.0,345.432,342.967,1.0,3.779,1.0,2.866,3.779,1.0,100.99,100.981,1.0,3.875,3.596,1.0,1.811,1.748,0.998611,0.310673841256,0.627083333333,13.0111601785,1.0,157.251789613,1.0,78.4474116771,1.0,13.4813833281,1.0,372.487004861,1.0,388.335,1.0,12.16,12.231,12.766,13.079,13.874,15.459,1.0,1.0,1.0,1.0,1.0,1.0,17.914,9.047,8.953,8.447,0.990972,0.999306,0.999306,0.999306,-5.1041,0.996528,17.6748,0.998611,29.1047,0.446568,-20.685,0.997917,-34.0615,0.69703,1.0,3,28.0,20.0,28.0,20.0,0.59526,0.980556,0.0997927,0.171089,0.636086,0.980556,0.0993486,0.170831,0.617794,0.979149,0.0191424,0.413605,0.456933,0.549406,0.617539,0.676189,0.734875,0.821456,0.991667,0.988889,0.988194,0.9875,0.980556,0.959722,0.964583,3.73227,2.04798,0.98642,0.129339,0.186981,-3.84742,6.27827,0.972041,0.143103,0.165136,3.78267,2.03112,0.98642,0.128394,0.186328,-3.82389,6.29948,0.972041,0.143118,0.16515,3.55916,3.60491,3.69406,3.78319,3.85458,3.87497,3.99788,0.991358,0.987654,0.98642,0.98642,0.98642,0.98642,0.979012,-4.02715,-3.99722,-3.92657,-3.8626,-3.84006,-3.8324,-3.68536,0.991579,0.991579,0.968404,0.960071,0.971738,0.973556,0.938627,3.97584,3.97933,4.01794,0.0333375,3.76312,3.81356,3.86775,4.00221,4.06484,4.19737,4.24161,3.36845,3.34324,3.40015,0.0181171,3.28952,3.33959,3.35819,3.37548,3.40598,3.42175,3.47861,3.8732,4.14716,4.37111,0.0687146,3.74514,3.95357,4.12582,4.24128,4.584,4.7913,5.19451,3.82447,3.78409,3.89995,0.0252623,3.6948,3.75922,3.78701,3.86495,3.96423,4.10353,4.16844,4.84216,1.0
201312,8.413,1.0,7.238,2.014,1.0,10.206,3.076,1.0,8.771,8.061,1.249,9.855,1.436,8.413,1.0,7.238,2.014,1.0,10.206,3.076,1.0,134.409,64.842,1.0,54.128,64.842,1.0,304.667,1.0,318.966,304.667,1.0,311.454,1.0,335.245,311.454,1.0,2.222,1.0,2.153,2.222,1.0,102.009,102.099,1.0,1.285,1.466,1.0,1.32,1.375,1.0,0.275889145552,0.739247311828,5.16447236172,0.999327956989,129.674873184,1.0,62.8441068837,1.0,11.789159185,1.0,351.379207661,1.0,404.989,1.0,7.312,7.299,7.713,7.99,8.886,11.208,1.0,1.0,1.0,1.0,1.0,1.0,17.901,8.329,8.194,8.972,1.0,1.0,1.0,1.0,-4.16367,1.0,7.28834,0.999328,-9999,0.277513,-14.5018,1.0,-9999,0.514637,-9999,-9999,29.0,19.0,29.0,19.0,0.00819836,0.987231,0.085199,0.0987389,-0.00527109,0.987231,0.0842384,0.0979112,-0.0146225,0.985702,0.00888397,-0.135475,-0.060981,-0.0553199,-0.00539969,0.0171984,0.0388289,0.0621113,0.975134,0.989247,0.989247,0.985887,0.981855,0.983199,0.987231,2.51822,1.85817,0.993326,0.10518,0.16013,-3.82364,4.87579,0.977929,0.131335,0.168223,2.52979,1.84464,0.993326,0.104349,0.159586,-3.87409,4.87531,0.977929,0.129188,0.166553,2.34036,2.35153,2.36512,2.43841,2.53227,2.59302,2.63659,0.989989,0.989989,0.961068,0.995551,0.993326,0.993326,0.993326,-3.90422,-3.88314,-3.87812,-3.87018,-3.69356,-3.6729,-3.6589,0.952462,0.977929,0.967742,0.977929,0.994907,0.986418,0.979626,2.59688,2.60684,2.57162,0.0181729,2.40253,2.44351,2.50114,2.55908,2.6298,2.65717,2.797,2.58092,2.61211,2.58624,0.0223775,2.39979,2.45758,2.49918,2.55473,2.61452,2.63908,2.92238,3.61545,3.5587,3.29899,0.0814208,2.37135,2.84055,2.94714,3.44619,3.64912,3.71662,3.96702,3.018,3.0372,3.0067,0.021667,2.8313,2.86819,2.87784,3.03982,3.09707,3.12011,3.21245,3.65697,1.0
201401,9.403,1.0,8.698,1.523,1.0,10.424,1.967,1.0,9.569,8.971,1.308,10.439,1.189,9.403,1.0,8.698,1.523,1.0,10.424,1.967,1.0,151.589,53.811,1.0,44.215,53.811,1.0,327.633,1.0,332.645,327.633,1.0,328.401,1.0,352.177,328.401,1.0,1.185,1.0,2.067,1.185,1.0,100.925,101.011,1.0,6.145,11.963,1.0,1.249,1.456,0.998656,0.314204325916,0.722446236559,13.5117841274,0.997983870968,109.948194338,1.0,66.6687308663,1.0,8.40351965792,1.0,358.208892473,1.0,388.138,1.0,9.014,8.945,9.179,9.291,9.841,11.255,1.0,1.0,1.0,1.0,1.0,1.0,21.79,9.916,12.026,24.845,1.0,1.0,1.0,1.0,-2.55939,1.0,3.40875,0.999328,-9999,0.223797,-17.2885,1.0,-9999,0.633845,-9999,-9999,28.4516,19.5484,28.4516,19.5484,0.572699,0.994624,0.0833921,0.0955315,0.5696,0.994624,0.0826811,0.0949114,0.563809,0.994237,0.00772457,0.474514,0.525004,0.53359,0.566229,0.589013,0.618214,0.627496,0.990591,0.993952,0.993952,0.994624,0.993952,0.995968,0.995968,2.45324,1.84682,1.0,0.102518,0.111488,-2.22003,4.51345,0.986418,0.129121,0.150931,2.45285,1.81329,1.0,0.100951,0.11005,-2.22609,4.50609,0.986418,0.129176,0.150978,2.36845,2.43075,2.4419,2.47101,2.49726,2.51838,2.54141,1.0,0.997696,1.0,1.0,1.0,1.0,1.0,-2.39722,-2.35784,-2.29187,-2.24847,-2.21897,-2.20153,-2.17821,0.979881,0.984805,0.986418,0.989813,0.986418,0.988115,0.989813,2.92285,2.93598,2.99747,0.0190201,2.78479,2.90195,2.907,2.98629,3.03817,3.09914,3.23185,2.42112,2.36638,2.43367,0.02216,2.22617,2.31147,2.3372,2.36796,2.50506,2.6179,2.66534,3.32185,2.97459,3.30718,0.107136,2.17139,2.58348,2.94366,3.29969,3.68287,4.07262,4.40142,2.45113,2.53439,2.48268,0.0331429,2.15545,2.19918,2.3319,2.52905,2.63819,2.66025,2.82029,3.10459,1.0
201402,10.858,1.0,9.99,1.38,1.0,11.933,1.861,1.0,10.656,9.743,1.271,11.77,1.491,10.858,1.0,9.99,1.38,1.0,11.933,1.861,1.0,214.276,91.89,1.0,86.674,91.89,1.0,328.983,1.0,327.28,328.983,1.0,337.608,1.0,345.536,337.608,1.0,1.994,1.0,2.487,1.994,1.0,100.953,101.058,1.0,5.155,5.259,1.0,1.426,1.577,0.998512,0.30586135836,0.642113095238,41.1444015781,1.0,189.4948572,1.0,96.0216971384,1.0,13.2307896307,1.0,365.888348214,1.0,386.973,1.0,10.204,10.086,10.155,10.129,10.378,11.148,1.0,1.0,1.0,1.0,1.0,1.0,21.228,9.117,16.146,42.751,1.0,1.0,1.0,1.0,-1.07781,1.0,11.2952,1.0,19.0063,0.32826,-7.28656,1.0,-12.261,0.74641,1.0,2,26.6071,21.3929,26.6071,21.3929,-0.847755,1.0,0.0786638,0.0898935,-0.843729,1.0,0.0791604,0.0903284,-0.892876,0.999461,0.00818223,-1.03468,-0.932139,-0.919624,-0.891299,-0.857111,-0.845125,-0.820394,0.994792,1.0,0.999256,0.999256,1.0,0.998512,0.999256,2.67778,1.41835,1.0,0.0944925,0.126949,-5.09736,5.43967,1.0,0.122951,0.132392,2.68414,1.42131,1.0,0.0954782,0.127685,-5.09648,5.44093,1.0,0.123262,0.132682,2.49404,2.52896,2.56936,2.66061,2.68807,2.69851,2.73478,1.0,1.0,1.0,1.0,1.0,1.0,1.0,-5.24706,-5.19545,-5.18602,-5.12576,-5.10425,-5.09725,-5.08099,0.996676,0.998377,0.998377,1.0,1.0,1.0,1.0,2.87456,2.88097,2.86487,0.0153586,2.64164,2.76812,2.77978,2.86505,2.94425,2.9681,2.98983,3.75942,3.7247,3.75775,0.00960841,3.68736,3.69465,3.70026,3.72529,3.82041,3.8343,3.84737,2.0047,1.73422,2.1175,0.0516921,1.69765,1.73703,1.86241,2.02579,2.36296,2.53312,2.61697,3.36787,3.37494,3.54565,0.0305271,3.35181,3.37068,3.37986,3.46991,3.60921,3.75158,3.9691,3.48561,1.0
201403,11.385,1.0,9.921,1.642,1.0,12.782,2.385,1.0,11.892,10.359,1.407,13.359,2.295,11.385,1.0,9.921,1.642,1.0,12.782,2.385,1.0,302.647,160.947,1.0,162.012,160.947,1.0,312.927,1.0,318.851,312.927,1.0,326.59,1.0,335.102,326.59,1.0,3.48,1.0,3.374,3.48,1.0,101.222,101.284,1.0,2.691,2.965,1.0,1.583,1.473,0.998656,0.322891062488,0.72311827957,83.5308689093,1.0,329.068359471,1.0,158.146330136,1.0,21.904288673,1.0,367.693922043,1.0,397.872,1.0,10.42,10.281,10.304,10.229,10.432,11.163,1.0,1.0,1.0,1.0,1.0,1.0,19.112,9.07,11.268,42.605,1.0,1.0,1.0,1.0,-0.65852,1.0,32.9213,0.999328,55.3962,0.684842,17.0255,0.999328,28.6486,0.827542,0.999328,1,23.4839,24.5161,23.4839,24.5161,-2.56194,0.991935,0.0729907,0.112751,-2.59565,0.991263,0.0730134,0.112765,-2.58368,0.989466,0.0134338,-2.76039,-2.65735,-2.6429,-2.59546,-2.52749,-2.48548,-2.47165,0.981855,0.988575,0.986559,0.990591,0.993952,0.995296,0.995296,2.92624,0.811799,1.0,0.0786345,0.0941065,-7.61273,6.53546,0.984032,0.115287,0.205532,2.85465,0.774284,1.0,0.0787041,0.0941648,-7.60855,6.51582,0.982742,0.115295,0.205536,2.78791,2.81999,2.85306,2.87642,2.91244,2.92338,2.94742,1.0,1.0,1.0,1.0,1.0,1.0,1.0,-7.87533,-7.76697,-7.7208,-7.60186,-7.51487,-7.42667,-7.41558,0.963925,0.966613,0.977366,0.981398,0.988065,0.990753,0.990753,3.56788,3.45439,3.555,0.0216341,3.39047,3.40806,3.42528,3.53006,3.64935,3.69553,3.79978,6.08227,6.05004,6.13868,0.0305631,5.89669,5.93555,5.96502,6.07694,6.30455,6.40225,6.45152,3.50902,3.70339,3.74705,0.0354984,3.44931,3.53975,3.59859,3.7013,3.85356,3.94261,4.13621,6.12653,6.11618,6.04459,0.0244043,5.84222,5.87683,5.90516,6.03861,6.1473,6.17807,6.26529,3.59843,1.0
201404,14.093,1.0,12.743,1.456,1.0,15.108,2.104,1.0,14.723,13.077,1.365,15.954,2.212,14.093,1.0,12.743,1.456,1.0,15.108,2.104,1.0,392.148,195.689,1.0,198.257,195.689,1.0,339.152,1.0,336.466,339.152,1.0,356.022,1.0,356.907,356.022,1.0,2.807,1.0,3.688,2.807,1.0,101.004,101.043,1.0,2.968,0.135,1.0,1.149,1.349,0.929861,0.291349611516,0.616666666667,126.110709142,1.0,409.889387895,1.0,200.5950872,1.0,24.1541208347,1.0,383.941528472,1.0,398.747,1.0,14.312,14.106,13.94,13.631,13.279,12.878,1.0,1.0,1.0,1.0,1.0,1.0,19.318,8.297,7.795,38.22,1.0,1.0,1.0,1.0,2.07103,1.0,32.6428,0.996528,55.5696,0.625507,40.4352,0.997917,68.835,0.880696,0.996528,1,20.4667,27.5333,20.4667,27.5333,-1.94624,0.98125,0.0925933,0.191121,-1.95117,0.980556,0.0920772,0.190871,-2.00991,0.976302,0.0202076,-2.20607,-2.16856,-2.13769,-2.01967,-1.94624,-1.83417,-1.79653,0.973611,0.975694,0.963194,0.98125,0.98125,0.981944,0.98125,4.82551,1.08662,0.998413,0.124597,0.198481,-6.83798,7.43822,0.969405,0.124975,0.221488,4.81756,1.05549,0.998413,0.123821,0.197995,-6.83881,7.44722,0.96817,0.124323,0.22112,4.64153,4.66556,4.70618,4.7988,4.90274,4.97456,5.06475,0.998413,0.998413,0.996825,0.998413,1.0,0.998413,0.998413,-7.18493,-7.12787,-7.11359,-6.92944,-6.77972,-6.76215,-6.7569,0.9574,0.950163,0.950163,0.968211,0.969361,0.970595,0.970595,5.03727,5.0443,5.0498,0.0332574,4.76704,4.80784,4.87521,5.03727,5.12859,5.35191,5.39281,7.10557,6.99547,7.05971,0.0210578,6.87294,6.89784,6.94351,7.0633,7.13233,7.18115,7.224,5.02055,5.60216,5.36374,0.0482557,4.55355,5.059,5.14814,5.4282,5.53126,5.64804,5.80735,7.58719,7.79293,7.7207,0.0297021,7.30851,7.55184,7.58719,7.72511,7.81317,7.85511,8.02461,5.35231,1.0
201405,16.633,1.0,14.912,1.614,1.0,17.658,2.223,1.0,17.108,15.021,1.433,18.353,2.295,16.633,1.0,14.912,1.614,1.0,17.658,2.223,1.0,457.593,264.855,1.0,266.82,264.855,1.0,340.821,1.0,340.611,340.821,1.0,366.907,1.0,362.038,366.907,1.0,4.601,1.0,4.804,4.601,1.0,101.218,101.256,0.999328,2.488,0.052,0.999328,1.305,1.657,1.0,0.323547294754,0.514112903226,174.229267485,0.999327956989,551.104797364,0.997983870968,215.419777955,0.999327956989,31.7745580164,0.999327956989,399.323694792,0.999327956989,399.978,1.0,16.793,16.547,16.282,15.881,15.366,14.596,1.0,1.0,1.0,1.0,1.0,1.0,13.082,7.617,8.72,21.038,1.0,1.0,1.0,1.0,2.846,1.0,54.2016,0.990591,73.9933,0.831919,71.2259,0.991935,97.2341,1.10034,0.989919,1,17.9355,30.0645,17.9355,30.0323,-2.08202,0.979839,0.101499,0.141782,-2.01898,0.980511,0.0999134,0.140651,-2.18786,0.972715,0.014333,-2.37558,-2.27719,-2.25944,-2.20025,-2.10915,-2.0792,-2.0543,0.988575,0.968414,0.956989,0.983199,0.981183,0.975806,0.977823,6.75471,1.49199,1.0,0.118588,0.214838,-7.23852,8.27826,0.968208,0.139246,0.201762,6.86487,1.41909,1.0,0.115875,0.213352,-7.20753,8.28243,0.969249,0.137331,0.200445,6.03073,6.42252,6.53215,6.66874,6.76047,6.78081,6.83075,1.0,1.0,1.0,1.0,1.0,1.0,0.929891,-7.57997,-7.50724,-7.44176,-7.26908,-7.22016,-7.21522,-7.20603,0.941226,0.950197,0.948872,0.973483,0.971402,0.972442,0.970361,6.9906,6.99581,6.94776,0.0200362,6.68138,6.86336,6.87873,6.9452,7.01881,7.03952,7.135,8.99936,9.01478,9.13563,0.0231175,8.90428,8.96177,9.01733,9.11408,9.21774,9.31179,9.41699,6.26244,6.2533,6.22877,0.0634646,5.72122,5.78369,5.93056,6.11041,6.39421,6.66122,6.97155,8.96539,9.05548,9.10635,0.0429285,8.74105,8.88614,8.92572,9.045,9.14138,9.41847,9.69483,6.91985,1.0
201406,21.377,1.0,19.323,1.615,1.0,22.503,2.485,1.0,21.491,19.328,1.549,22.677,2.367,21.377,1.0,19.323,1.615,1.0,22.503,2.485,1.0,486.173,298.124,1.0,281.026,298.124,1.0,366.745,1.0,364.601,366.745,1.0,403.836,1.0,391.735,403.836,1.0,6.355,1.0,6.211,6.355,1.0,101.269,101.249,1.0,3.282,1.535,1.0,1.184,1.579,0.999306,0.34046493044,0.50625,203.831236159,1.0,632.43133146,1.0,218.432777812,1.0,34.0236080569,1.0,426.481034722,1.0,390.844,1.0,21.087,20.696,20.194,19.592,18.643,17.002,1.0,1.0,1.0,1.0,1.0,1.0,12.496,4.971,6.165,8.505,1.0,1.0,1.0,1.0,4.24344,1.0,70.0843,0.988194,92.4766,1.13434,81.0968,0.999306,107.008,1.2815,0.988194,1,17.0,31.0,17.0,31.0,-1.32755,0.978472,0.110006,0.164434,-1.28824,0.977778,0.107944,0.163062,-1.39653,0.969462,0.0159864,-1.59431,-1.52688,-1.45792,-1.40481,-1.31297,-1.28244,-1.27052,0.988194,0.925,0.939583,0.986806,0.985417,0.974306,0.974306,7.99642,1.47759,1.0,0.155817,0.286669,-6.36597,8.01454,0.966667,0.140144,0.197354,8.07333,1.45695,1.0,0.146583,0.281756,-6.34949,8.04498,0.965591,0.13957,0.196946,7.16778,7.60118,7.68845,7.88824,8.01256,8.08243,8.19442,1.0,1.0,0.892157,1.0,1.0,0.9,1.0,-6.60124,-6.55708,-6.46758,-6.38996,-6.29577,-6.27917,-6.24854,0.93871,0.944086,0.954839,0.965591,0.97957,0.980645,0.977419,7.60872,7.61609,7.8338,0.101136,7.11531,7.19399,7.31149,7.60173,8.56515,8.71395,8.84212,9.03014,8.90433,9.23033,0.106775,8.41702,8.55449,8.70103,8.94424,9.98705,10.1014,10.369,9.36713,8.9126,8.58325,0.0997145,7.45728,7.84505,8.0175,8.69568,9.03011,9.2867,9.48026,10.6228,10.5262,10.268,0.0418658,9.88623,9.91466,10.0446,10.2883,10.4744,10.5139,10.6576,10.8487,1.0
201407,21.872,1.0,20.301,1.618,1.0,22.757,2.298,1.0,21.941,20.195,1.343,22.927,1.961,21.872,1.0,20.301,1.618,1.0,22.757,2.298,1.0,472.234,260.047,1.0,251.62,260.047,1.0,380.677,1.0,376.411,380.677,1.0,419.407,1.0,406.354,419.407,1.0,4.883,1.0,5.371,4.883,1.0,101.09,101.069,1.0,5.912,8.171,1.0,1.041,1.592,0.998656,0.33668068982,0.55376344086,181.373964399,1.0,563.229073216,1.0,202.375854446,1.0,30.1472480597,1.0,429.09447379,1.0,375.228,1.0,21.687,21.424,21.176,20.819,20.231,18.79,1.0,1.0,1.0,1.0,1.0,1.0,18.048,8.941,7.366,8.905,1.0,1.0,1.0,1.0,3.03606,1.0,54.9484,0.989919,81.6068,0.76698,64.5443,0.99328,95.8582,1.01039,0.982527,1,17.3871,30.6129,17.3871,30.6129,-0.16281,0.983199,0.125742,0.176329,-0.157766,0.982527,0.124988,0.175792,-0.162105,0.981166,0.0248355,-0.561293,-0.261611,-0.206796,-0.154114,-0.0708876,-0.0143813,0.010415,0.986559,0.985887,0.985215,0.982527,0.974462,0.978495,0.979167,9.0425,2.4428,1.0,0.216009,0.623239,-5.36567,9.30541,0.973812,0.14507,0.210214,9.07194,2.39549,1.0,0.214156,0.622599,-5.37486,9.31159,0.972737,0.144467,0.209799,8.06552,8.56177,8.72365,9.06924,9.57701,9.73098,9.76696,1.0,1.0,1.0,1.0,0.987455,1.0,1.0,-5.61154,-5.55509,-5.50754,-5.39401,-5.27115,-5.25082,-5.2242,0.960076,0.972737,0.96632,0.972737,0.978044,0.976968,0.978044,10.0965,10.1061,10.1152,0.106025,8.96114,9.33995,9.60564,10.0965,10.7982,10.8778,10.8982,10.3061,10.2639,10.2773,0.0858617,9.52146,9.64744,9.75216,10.2506,10.8501,10.8745,10.9119,9.85927,10.4916,9.75471,0.0930978,8.85281,9.01527,9.22899,9.85686,10.3025,10.4087,10.5483,10.6605,11.0433,10.594,0.0523434,10.0502,10.2239,10.3845,10.5547,10.8704,10.9372,11.0859,11.3942,1.0
201408,22.36,1.0,20.634,1.542,1.0,23.53,2.201,1.0,21.97,20.107,1.236,23.232,2.094,22.36,1.0,20.634,1.542,1.0,23.53,2.201,1.0,418.716,252.509,1.0,244.1,252.509,1.0,377.212,1.0,371.23,377.212,1.0,418.11,1.0,399.941,418.11,1.0,5.413,1.0,5.246,5.413,1.0,101.169,101.149,1.0,1.632,0.195,1.0,1.086,1.551,0.999328,0.332052334003,0.661290322581,166.425620197,1.0,546.321994563,1.0,198.022240851,1.0,31.556899979,1.0,431.077833333,1.0,384.052,1.0,22.168,21.906,21.566,21.218,20.614,19.457,1.0,1.0,1.0,1.0,1.0,1.0,10.51,6.738,7.154,14.494,1.0,1.0,1.0,1.0,2.82392,1.0,57.2931,0.999328,79.3121,0.726523,60.8708,1.0,84.2648,0.915492,0.999328,1,19.3871,28.6129,19.3871,28.6129,-0.865762,0.99664,0.111853,0.318297,-0.782097,0.99664,0.110962,0.317985,-0.897306,0.986106,0.0463583,-1.50032,-1.23906,-1.0939,-0.856752,-0.667073,-0.643066,-0.585869,1.0,0.998656,0.997984,0.99664,0.986559,0.99664,0.977823,9.42349,1.95383,1.0,0.184638,0.75681,-7.77939,9.32527,0.994271,0.130555,0.150684,9.62605,1.9154,1.0,0.183394,0.756507,-7.78857,9.31197,0.994271,0.129368,0.149656,7.94956,8.60803,8.97494,9.45874,10.0268,10.0759,10.2164,1.0,1.0,1.0,1.0,0.957178,0.957178,0.97076,-8.01637,-7.93192,-7.87523,-7.8238,-7.79683,-7.78144,-7.77931,0.941373,0.933772,0.959307,0.997736,0.998888,0.995346,0.995346,10.3444,10.4789,10.4079,0.16907,8.5233,9.15207,9.65397,10.3444,11.2828,11.6003,11.6758,11.6945,11.261,11.3052,0.125276,10.0236,10.3936,10.7145,11.2011,11.9371,12.2462,12.3139,8.31458,7.92915,8.34528,0.0818655,7.59929,7.84146,8.00903,8.18054,8.54451,8.80474,9.48403,10.3355,10.1902,10.3687,0.0422488,10.032,10.0957,10.1656,10.2827,10.5705,10.6463,10.7966,11.9554,1.0
201409,20.252,1.0,18.539,1.805,1.0,21.742,2.831,1.0,19.546,18.319,1.146,20.618,2.034,20.252,1.0,18.539,1.805,1.0,21.742,2.831,1.0,338.31,193.098,1.0,165.012,193.098,1.0,364.759,1.0,365.938,364.759,1.0,403.398,1.0,393.39,403.398,1.0,4.979,1.0,4.166,4.979,1.0,101.378,101.304,1.0,2.99,3.596,1.0,1.062,1.313,0.997917,0.303195073703,0.788194444444,114.533597328,1.0,419.353503291,1.0,161.090028715,1.0,25.6479295582,1.0,416.934676389,1.0,391.972,1.0,19.811,19.706,19.618,19.529,19.355,18.98,1.0,1.0,1.0,1.0,1.0,1.0,17.018,8.79,8.167,9.472,1.0,1.0,1.0,1.0,-0.164584,1.0,43.4917,0.999306,71.6166,0.75457,25.9817,1.0,42.7834,0.855961,0.997917,1,22.2,25.8,22.2,25.8,0.520905,0.983333,0.10936,0.285994,0.50364,0.984722,0.109222,0.285941,0.527186,0.982812,0.0483749,-0.100664,0.268173,0.396499,0.513882,0.657546,0.79669,1.00837,0.994444,0.992361,0.990972,0.988194,0.98125,0.973611,0.971528,7.76279,2.11602,0.985369,0.146611,0.54005,-5.71991,8.42443,0.982025,0.150088,0.188208,7.78026,2.13586,0.986818,0.147072,0.540175,-5.76217,8.40971,0.983358,0.149429,0.187683,6.75784,7.37969,7.56976,7.78733,8.07989,8.41923,8.90778,0.994203,0.992616,0.992616,0.986818,0.986818,0.988268,0.983782,-5.9924,-5.96588,-5.8664,-5.81605,-5.76415,-5.73876,-5.71991,0.964938,0.964938,0.992296,0.983358,0.977383,0.984691,0.982025,8.23377,8.23679,8.47551,0.123388,7.39419,7.88705,8.21449,8.31813,8.63139,8.80935,9.88467,7.85681,7.73315,7.94832,0.0811638,7.38017,7.59656,7.74695,7.8565,7.88363,8.01133,9.08798,7.09142,6.27531,7.03294,0.0686041,6.38155,6.68555,6.79606,6.87787,7.19004,7.5069,7.89245,7.73712,7.46029,7.73207,0.0386915,7.33219,7.45038,7.56796,7.70154,7.87936,7.9644,8.13473,9.43159,1.0
201410,18.075,1.0,16.531,1.702,1.0,19.789,2.646,1.0,17.211,16.053,1.084,18.489,1.847,18.075,1.0,16.531,1.702,1.0,19.789,2.646,1.0,247.377,130.037,1.0,121.997,130.037,1.0,352.32,1.0,351.055,352.32,1.0,384.239,1.0,374.967,384.239,1.0,4.59,1.0,3.63,4.59,1.0,101.552,101.51,1.0,1.738,1.948,1.0,1.351,1.47,1.0,0.293597711744,0.75,58.0809617568,1.0,279.204955835,0.997311827957,114.586792167,1.0,19.4729249946,1.0,403.819690188,1.0,367.436,1.0,17.037,17.045,17.119,17.195,17.348,17.743,1.0,1.0,1.0,1.0,1.0,1.0,19.035,9.26,9.237,8.985,1.0,1.0,1.0,1.0,-1.91093,1.0,23.6912,0.999328,39.0117,0.462494,-3.20016,0.999328,-5.26962,0.591415,1.0,2,25.1935,22.8065,25.1935,22.7097,0.105565,0.994624,0.0910737,0.258433,0.0661473,0.994624,0.0905101,0.258235,0.158024,0.993935,0.033731,-0.166066,-0.048983,-0.0273512,0.113411,0.339751,0.434723,0.466492,0.995296,0.995296,0.994624,0.994624,0.995296,0.993952,0.99328,5.55231,1.74983,0.997519,0.11883,0.413386,-5.93144,7.95705,0.991691,0.129973,0.145643,5.5172,1.72523,0.997519,0.11821,0.413208,-5.97133,7.95429,0.991691,0.129038,0.144809,5.04488,5.2929,5.3313,5.58852,6.04118,6.08478,6.14671,0.998759,0.997519,0.998759,0.997519,0.993383,0.992142,0.99483,-6.09737,-5.96561,-5.9544,-5.92499,-5.88412,-5.83417,-5.80176,0.981672,0.991691,0.993157,0.993035,0.991691,0.991569,0.993035,5.61773,5.57208,5.82698,0.0515017,5.3674,5.45217,5.55541,5.67434,6.0938,6.20136,6.22989,5.72943,5.50594,5.66895,0.0262468,5.41504,5.47953,5.5752,5.66834,5.73733,5.7554,5.83052,6.50994,6.12286,5.91848,0.0924963,4.89117,5.32407,5.42379,5.8303,6.28232,6.50994,6.83611,5.87644,5.67842,5.77594,0.0737463,5.12066,5.38913,5.48083,5.63203,5.92987,6.07806,6.94981,7.24513,1.0
201411,14.417,1.0,13.704,1.56,1.0,15.392,1.833,1.0,13.924,13.318,1.068,14.757,1.297,14.417,1.0,13.704,1.56,1.0,15.392,1.833,1.0,170.744,57.666,1.0,55.603,57.666,1.0,358.16,1.0,349.071,358.16,1.0,373.199,1.0,372.511,373.199,1.0,1.924,1.0,2.457,1.924,1.0,101.144,101.134,1.0,5.988,11.636,1.0,1.326,1.534,1.0,0.350891593841,0.991666666667,21.7925461808,1.0,124.131086922,1.0,71.2577972556,1.0,9.03690134597,1.0,384.400830556,1.0,404.193,0.497222,13.572,13.571,13.6,13.684,14.016,15.162,1.0,1.0,1.0,1.0,1.0,1.0,20.963,10.109,11.362,30.57,1.0,1.0,1.0,1.0,-1.51535,1.0,7.56981,0.499306,-9999,0.223992,-19.5057,1.0,-9999,0.60382,-9999,-9999,28.0,20.0,27.6333,17.1333,1.01633,0.41875,0.0648434,0.216501,1.03562,0.419444,0.0647794,0.216482,1.08829,0.419358,0.0258291,0.849222,0.87074,0.990508,1.05545,1.22457,1.28386,1.32642,0.431944,0.431944,0.416667,0.417361,0.419444,0.420833,0.40625,3.13567,0.589221,0.439242,0.0727862,0.222135,-2.01605,5.29133,0.390541,0.113468,0.297421,3.16857,0.606409,0.439242,0.0727026,0.222107,-2.01833,5.32769,0.392208,0.113375,0.297385,3.12612,3.15729,3.19106,3.23758,3.36113,3.57703,3.66033,0.439242,0.439242,0.445414,0.439242,0.447707,0.425485,0.415961,-2.47759,-2.4285,-2.36987,-2.06269,-1.92884,-1.87865,-1.7374,0.417619,0.404517,0.407771,0.385541,0.382446,0.368841,0.384113,3.54176,3.54618,3.74729,0.0359593,3.46666,3.51238,3.64445,3.69257,3.81541,3.91149,4.15726,2.5466,2.51056,2.659,0.0297856,2.44731,2.47615,2.50674,2.65361,2.74839,2.80104,2.8503,3.50485,3.51128,3.37258,0.0746347,2.69473,2.96094,3.12833,3.33367,3.45388,3.86566,4.23286,2.01192,1.98197,2.28123,0.0505481,1.91287,1.9723,2.01192,2.21004,2.41306,2.53449,3.04304,4.91981,1.0
201412,9.969,1.0,9.05,1.43,1.0,11.373,2.111,1.0,9.693,9.158,0.972,10.51,1.128,9.969,1.0,9.05,1.43,1.0,11.373,2.111,1.0,134.409,58.68,1.0,51.187,58.68,1.0,316.689,1.0,320.268,316.689,1.0,327.385,1.0,336.856,327.385,1.0,2.227,1.0,2.32,2.227,1.0,101.481,101.543,1.0,2.957,2.789,1.0,1.304,1.371,0.997312,0.286555573048,0.764784946237,3.08254536761,1.0,120.535515256,1.0,60.9536735161,1.0,11.6652703345,1.0,359.934733871,1.0,406.443,1.0,10.124,10.304,10.652,11.061,11.911,13.735,1.0,1.0,1.0,1.0,1.0,1.0,20.439,9.738,10.22,41.869,1.0,1.0,1.0,1.0,-5.75096,1.0,7.46076,1.0,-9999,0.293962,-22.6845,1.0,-9999,0.644567,-9999,-9999,29.0,19.0,29.0,19.0,0.696106,0.995296,0.0662523,0.122071,0.687705,0.995296,0.0662806,0.122086,0.656297,0.993716,0.014567,0.474716,0.524409,0.575851,0.689246,0.718921,0.729464,0.7688,0.997312,0.99664,0.985215,0.995296,0.989919,0.995968,0.990591,3.48101,1.26689,0.996663,0.0753995,0.186963,-3.61847,5.53346,0.993209,0.113005,0.153825,3.48196,1.25268,0.996663,0.0754996,0.187003,-3.64037,5.54514,0.993209,0.112948,0.153783,3.20995,3.28961,3.46834,3.51627,3.58108,3.63178,3.64906,0.998888,0.998888,0.996663,0.996663,0.996663,0.995551,0.995551,-4.04604,-3.83888,-3.77057,-3.72198,-3.68158,-3.63015,-3.61847,0.971138,0.983022,0.993209,0.991511,0.993209,0.994907,0.993209,3.63559,3.64706,3.69562,0.0227157,3.41533,3.49089,3.63279,3.70229,3.80775,3.84983,3.88548,3.00155,2.95935,3.03933,0.0154453,2.93579,2.9561,2.96387,3.00978,3.06302,3.16236,3.24329,5.38146,5.74183,4.81474,0.11949,3.34379,4.03553,4.26436,4.63228,5.38146,5.73125,5.77338,3.81364,3.81747,3.63575,0.0317929,3.14217,3.47927,3.52118,3.68666,3.75499,3.81979,3.8539,3.52939,1.0
