TIMESTAMP,TA_F_MDS,TA_F_MDS_QC,TA_F_MDS_NIGHT,TA_F_MDS_NIGHT_SD,TA_F_MDS_NIGHT_QC,TA_F_MDS_DAY,TA_F_MDS_DAY_SD,TA_F_MDS_DAY_QC,TA_ERA,TA_ERA_NIGHT,TA_ERA_NIGHT_SD,TA_ERA_DAY,TA_ERA_DAY_SD,TA_F,TA_F_QC,TA_F_NIGHT,TA_F_NIGHT_SD,TA_F_NIGHT_QC,TA_F_DAY,TA_F_DAY_SD,TA_F_DAY_QC,SW_IN_POT,SW_IN_F_MDS,SW_IN_F_MDS_QC,SW_IN_ERA,SW_IN_F,SW_IN_F_QC,LW_IN_F_MDS,LW_IN_F_MDS_QC,LW_IN_ERA,LW_IN_F,LW_IN_F_QC,LW_IN_JSB,LW_IN_JSB_QC,LW_IN_JSB_ERA,LW_IN_JSB_F,LW_IN_JSB_F_QC,VPD_F_MDS,VPD_F_MDS_QC,VPD_ERA,VPD_F,VPD_F_QC,PA_ERA,PA_F,PA_F_QC,P_ERA,P_F,P_F_QC,WS_ERA,WS_F,WS_F_QC,USTAR,USTAR_QC,NETRAD,NETRAD_QC,PPFD_IN,PPFD_IN_QC,SW_OUT,SW_OUT_QC,LW_OUT,LW_OUT_QC,CO2_F_MDS,CO2_F_MDS_QC,TS_F_MDS_1,TS_F_MDS_1_QC,SWC_F_MDS_1,SWC_F_MDS_1_QC,G_F_MDS,G_F_MDS_QC,LE_F_MDS,LE_F_MDS_QC,LE_CORR,LE_RANDUNC,H_F_MDS,H_F_MDS_QC,H_CORR,H_RANDUNC,EBC_CF_N,EBC_CF_METHOD,NIGHT_D,DAY_D,NIGHT_RANDUNC_N,DAY_RANDUNC_N,NEE_CUT_REF,NEE_VUT_REF,NEE_CUT_REF_QC,NEE_VUT_REF_QC,NEE_CUT_REF_RANDUNC,NEE_VUT_REF_RANDUNC,NEE_CUT_REF_JOINTUNC,NEE_VUT_REF_JOINTUNC,NEE_CUT_USTAR50,NEE_VUT_USTAR50,NEE_CUT_USTAR50_QC,NEE_VUT_USTAR50_QC,NEE_CUT_USTAR50_RANDUNC,NEE_VUT_USTAR50_RANDUNC,NEE_CUT_USTAR50_JOINTUNC,NEE_VUT_USTAR50_JOINTUNC,NEE_CUT_MEAN,NEE_VUT_MEAN,NEE_CUT_MEAN_QC,NEE_VUT_MEAN_QC,NEE_CUT_SE,NEE_VUT_SE,NEE_CUT_05,NEE_CUT_16,NEE_CUT_25,NEE_CUT_50,NEE_CUT_75,NEE_CUT_84,NEE_CUT_95,NEE_VUT_05,NEE_VUT_16,NEE_VUT_25,NEE_VUT_50,NEE_VUT_75,NEE_VUT_84,NEE_VUT_95,NEE_CUT_05_QC,NEE_CUT_16_QC,NEE_CUT_25_QC,NEE_CUT_50_QC,NEE_CUT_75_QC,NEE_CUT_84_QC,NEE_CUT_95_QC,NEE_VUT_05_QC,NEE_VUT_16_QC,NEE_VUT_25_QC,NEE_VUT_50_QC,NEE_VUT_75_QC,NEE_VUT_84_QC,NEE_VUT_95_QC,NEE_CUT_REF_NIGHT,NEE_VUT_REF_NIGHT,NEE_CUT_REF_NIGHT_SD,NEE_VUT_REF_NIGHT_SD,NEE_CUT_REF_NIGHT_QC,NEE_VUT_REF_NIGHT_QC,NEE_CUT_REF_NIGHT_RANDUNC,NEE_VUT_REF_NIGHT_RANDUNC,NEE_CUT_REF_NIGHT_JOINTUNC,NEE_VUT_REF_NIGHT_JOINTUNC,NEE_CUT_REF_DAY,NEE_VUT_REF_DAY,NEE_CUT_REF_DAY_SD,NEE_VUT_REF_DAY_SD,NEE_CUT_REF_DAY_QC,NEE_VUT_REF_DAY_QC,NEE_CUT_REF_DAY_RANDUNC,NEE_VUT_REF_DAY_RANDUNC,NEE_CUT_REF_DAY_JOINTUNC,NEE_VUT_REF_DAY_JOINTUNC,NEE_CUT_USTAR50_NIGHT,NEE_VUT_USTAR50_NIGHT,NEE_CUT_USTAR50_NIGHT_SD,NEE_VUT_USTAR50_NIGHT_SD,NEE_CUT_USTAR50_NIGHT_QC,NEE_VUT_USTAR50_NIGHT_QC,NEE_CUT_USTAR50_NIGHT_RANDUNC,NEE_VUT_USTAR50_NIGHT_RANDUNC,NEE_CUT_USTAR50_NIGHT_JOINTUNC,NEE_VUT_USTAR50_NIGHT_JOINTUNC,NEE_CUT_USTAR50_DAY,NEE_VUT_USTAR50_DAY,NEE_CUT_USTAR50_DAY_SD,NEE_VUT_USTAR50_DAY_SD,NEE_CUT_USTAR50_DAY_QC,NEE_VUT_USTAR50_DAY_QC,NEE_CUT_USTAR50_DAY_RANDUNC,NEE_VUT_USTAR50_DAY_RANDUNC,NEE_CUT_USTAR50_DAY_JOINTUNC,NEE_VUT_USTAR50_DAY_JOINTUNC,NEE_CUT_05_NIGHT,NEE_CUT_16_NIGHT,NEE_CUT_25_NIGHT,NEE_CUT_50_NIGHT,NEE_CUT_75_NIGHT,NEE_CUT_84_NIGHT,NEE_CUT_95_NIGHT,NEE_VUT_05_NIGHT,NEE_VUT_16_NIGHT,NEE_VUT_25_NIGHT,NEE_VUT_50_NIGHT,NEE_VUT_75_NIGHT,NEE_VUT_84_NIGHT,NEE_VUT_95_NIGHT,NEE_CUT_05_NIGHT_QC,NEE_CUT_16_NIGHT_QC,NEE_CUT_25_NIGHT_QC,NEE_CUT_50_NIGHT_QC,NEE_CUT_75_NIGHT_QC,NEE_CUT_84_NIGHT_QC,NEE_CUT_95_NIGHT_QC,NEE_VUT_05_NIGHT_QC,NEE_VUT_16_NIGHT_QC,NEE_VUT_25_NIGHT_QC,NEE_VUT_50_NIGHT_QC,NEE_VUT_75_NIGHT_QC,NEE_VUT_84_NIGHT_QC,NEE_VUT_95_NIGHT_QC,NEE_CUT_05_DAY,NEE_CUT_16_DAY,NEE_CUT_25_DAY,NEE_CUT_50_DAY,NEE_CUT_75_DAY,NEE_CUT_84_DAY,NEE_CUT_95_DAY,NEE_VUT_05_DAY,NEE_VUT_16_DAY,NEE_VUT_25_DAY,NEE_VUT_50_DAY,NEE_VUT_75_DAY,NEE_VUT_84_DAY,NEE_VUT_95_DAY,NEE_CUT_05_DAY_QC,NEE_CUT_16_DAY_QC,NEE_CUT_25_DAY_QC,NEE_CUT_50_DAY_QC,NEE_CUT_75_DAY_QC,NEE_CUT_84_DAY_QC,NEE_CUT_95_DAY_QC,NEE_VUT_05_DAY_QC,NEE_VUT_16_DAY_QC,NEE_VUT_25_DAY_QC,NEE_VUT_50_DAY_QC,NEE_VUT_75_DAY_QC,NEE_VUT_84_DAY_QC,NEE_VUT_95_DAY_QC,RECO_NT_VUT_REF,RECO_NT_VUT_USTAR50,RECO_NT_VUT_MEAN,RECO_NT_VUT_SE,RECO_NT_VUT_05,RECO_NT_VUT_16,RECO_NT_VUT_25,RECO_NT_VUT_50,RECO_NT_VUT_75,RECO_NT_VUT_84,RECO_NT_VUT_95,RECO_NT_CUT_REF,RECO_NT_CUT_USTAR50,RECO_NT_CUT_MEAN,RECO_NT_CUT_SE,RECO_NT_CUT_05,RECO_NT_CUT_16,RECO_NT_CUT_25,RECO_NT_CUT_50,RECO_NT_CUT_75,RECO_NT_CUT_84,RECO_NT_CUT_95,GPP_NT_VUT_REF,GPP_NT_VUT_USTAR50,GPP_NT_VUT_MEAN,GPP_NT_VUT_SE,GPP_NT_VUT_05,GPP_NT_VUT_16,GPP_NT_VUT_25,GPP_NT_VUT_50,GPP_NT_VUT_75,GPP_NT_VUT_84,GPP_NT_VUT_95,GPP_NT_CUT_REF,GPP_NT_CUT_USTAR50,GPP_NT_CUT_MEAN,GPP_NT_CUT_SE,GPP_NT_CUT_05,GPP_NT_CUT_16,GPP_NT_CUT_25,GPP_NT_CUT_50,GPP_NT_CUT_75,GPP_NT_CUT_84,GPP_NT_CUT_95,RECO_DT_VUT_REF,RECO_DT_VUT_USTAR50,RECO_DT_VUT_MEAN,RECO_DT_VUT_SE,RECO_DT_VUT_05,RECO_DT_VUT_16,RECO_DT_VUT_25,RECO_DT_VUT_50,RECO_DT_VUT_75,RECO_DT_VUT_84,RECO_DT_VUT_95,RECO_DT_CUT_REF,RECO_DT_CUT_USTAR50,RECO_DT_CUT_MEAN,RECO_DT_CUT_SE,RECO_DT_CUT_05,RECO_DT_CUT_16,RECO_DT_CUT_25,RECO_DT_CUT_50,RECO_DT_CUT_75,RECO_DT_CUT_84,RECO_DT_CUT_95,GPP_DT_VUT_REF,GPP_DT_VUT_USTAR50,GPP_DT_VUT_MEAN,GPP_DT_VUT_SE,GPP_DT_VUT_05,GPP_DT_VUT_16,GPP_DT_VUT_25,GPP_DT_VUT_50,GPP_DT_VUT_75,GPP_DT_VUT_84,GPP_DT_VUT_95,GPP_DT_CUT_REF,GPP_DT_CUT_USTAR50,GPP_DT_CUT_MEAN,GPP_DT_CUT_SE,GPP_DT_CUT_05,GPP_DT_CUT_16,GPP_DT_CUT_25,GPP_DT_CUT_50,GPP_DT_CUT_75,GPP_DT_CUT_84,GPP_DT_CUT_95,RECO_SR,RECO_SR_N
201101,-5.489,1.0,-6.057,2.081,1.0,-4.667,1.508,1.0,-4.991,-5.546,1.789,-4.19,1.382,-5.489,1.0,-6.057,2.081,1.0,-4.667,1.508,1.0,166.692,73.164,1.0,73.102,73.164,1.0,275.206,1.0,291.484,275.206,1.0,228.258,1.0,258.137,228.258,1.0,1.012,1.0,1.139,1.012,1.0,99.88,99.832,0.360215,1.025,0.401,1.0,3.054,3.064,0.360215,-9999,-9999,9.61869623656,1.0,170.866278898,1.0,47.9470050618,0.999327956989,289.642979839,1.0,394.142,0.948925,-0.43,1.0,36.343,1.0,-4.96163,1.0,5.3175,0.948925,9.58888,0.114448,-0.608319,0.981183,-1.09696,0.223043,3.0,3,28.3871,19.6129,28.3871,19.6129,0.599324,0.733584,0.778226,0.896505,0.0204644,0.0197324,0.147715,0.0800085,0.676442,0.754884,0.831989,0.905242,0.0211432,0.0145996,0.147811,0.0788996,0.640046,0.712545,0.796052,0.872026,0.0211613,0.01158,0.345918,0.472667,0.564307,0.676442,0.754884,0.765248,0.767908,0.57252,0.611791,0.676442,0.750489,0.765283,0.766865,0.767908,0.589382,0.588038,0.702285,0.831989,0.905242,0.938844,0.94086,0.706317,0.721102,0.831989,0.908602,0.946909,0.94086,0.94086,0.430778,0.605351,0.119735,0.120967,0.800835,0.919428,0.0259284,0.0263601,0.232876,0.119455,0.798182,0.856149,0.370725,0.336327,0.748573,0.865317,0.0303479,0.0310538,0.0354447,0.0328313,0.506207,0.643158,0.128021,0.138259,0.830333,0.929559,0.0267021,0.0181861,0.232963,0.117921,0.865955,0.851728,0.351046,0.340157,0.836211,0.871699,0.0315083,0.0221965,0.0364431,0.024622,0.0450532,0.194467,0.323868,0.506207,0.643158,0.657323,0.660159,0.349075,0.424301,0.506207,0.635616,0.657323,0.657323,0.660159,0.695655,0.630729,0.805285,0.830333,0.929559,0.970716,0.970716,0.805285,0.800835,0.830333,0.930671,0.970716,0.970716,0.970716,0.767905,0.827607,0.840526,0.854365,0.860911,0.864231,0.873992,0.808854,0.841564,0.851728,0.855301,0.858797,0.862876,0.865955,0.413485,0.457628,0.668461,0.893286,0.898702,0.832331,0.572427,0.455441,0.668461,0.871699,0.85133,0.853028,0.893286,0.836211,0.589568,0.589568,0.539358,0.0150656,0.319876,0.437604,0.46503,0.588738,0.609082,0.614931,0.615837,0.466774,0.465057,0.464828,0.0214891,0.264575,0.292521,0.316346,0.46503,0.596522,0.609155,0.614943,-0.165316,-0.165316,-0.173188,0.00472519,-0.261453,-0.207092,-0.177649,-0.165316,-0.156216,-0.15301,-0.150352,-0.211904,-0.211385,-0.175218,0.00739717,-0.266105,-0.248536,-0.191172,-0.168097,-0.156216,-0.152071,-0.0919594,1.07793,1.08259,1.09258,0.0101695,1.00975,1.04343,1.07193,1.08259,1.09896,1.10614,1.2012,1.18046,1.04612,1.03668,0.0288855,0.466723,0.966913,1.00975,1.07924,1.09832,1.10934,1.22991,0.0,0.00272565,0.00596342,0.00120454,0.0,0.0,0.0,0.00528285,0.00684864,0.0104653,0.0159859,0.0,0.0102003,0.00400295,0.00109107,0.0,0.0,0.0,0.0,0.00588945,0.00983068,0.0125332,-9999,-9999
201102,-2.972,1.0,-3.596,2.218,1.0,-2.221,1.447,1.0,-2.975,-3.828,2.393,-1.975,1.709,-2.972,1.0,-3.596,2.218,1.0,-2.221,1.447,1.0,228.561,111.452,0.995536,115.131,112.408,0.995536,284.284,1.0,295.321,284.284,1.0,238.255,0.995536,263.387,238.414,0.995536,1.455,1.0,1.33,1.455,1.0,99.885,99.86,0.310268,3.037,1.778,1.0,4.041,3.93,0.310268,-9999,-9999,20.0882403274,1.0,272.291754464,1.0,76.1173595333,0.999255952381,299.591848214,1.0,391.585,0.942708,-0.147,1.0,42.256,1.0,-0.771094,1.0,11.8284,0.951637,17.0625,0.23107,-12.5966,0.953869,-18.1706,0.274916,1.0,2,26.1786,21.8214,26.1786,21.7857,0.321338,0.355058,0.854167,0.873512,0.00862377,0.00907742,0.0586911,0.0314287,0.35021,0.358855,0.872024,0.879464,0.00912112,0.00907699,0.0587662,0.0314286,0.324905,0.356087,0.863765,0.875595,0.00957386,0.0043903,0.172664,0.262178,0.293995,0.346924,0.371084,0.378286,0.383791,0.293995,0.318805,0.346924,0.358855,0.378286,0.378983,0.386064,0.794643,0.848214,0.856399,0.870536,0.885417,0.885417,0.886905,0.856399,0.854167,0.870536,0.879464,0.885417,0.886161,0.887649,0.147798,0.173402,0.31747,0.309818,0.943175,0.950317,0.0110789,0.0116683,0.0642427,0.0314752,0.496997,0.538842,0.515458,0.506843,0.74801,0.782541,0.0125507,0.0133172,0.0500089,0.0327711,0.172864,0.180144,0.309828,0.297409,0.950317,0.95746,0.0116747,0.0115983,0.0643481,0.0314493,0.529529,0.539245,0.512176,0.505681,0.779288,0.7872,0.0133292,0.01329,0.0502099,0.03276,-0.0347525,0.077147,0.118421,0.172864,0.195127,0.203707,0.204105,0.118421,0.145242,0.172864,0.180144,0.203707,0.203707,0.208587,0.866878,0.93455,0.949101,0.950317,0.95746,0.956032,0.956032,0.949101,0.943175,0.950317,0.95746,0.956032,0.956032,0.956032,0.413681,0.456091,0.474117,0.522248,0.547478,0.552907,0.563723,0.474117,0.494527,0.522248,0.539245,0.552907,0.554413,0.564426,0.722426,0.746901,0.746162,0.775887,0.799622,0.801323,0.806277,0.746162,0.74801,0.775887,0.7872,0.801323,0.803024,0.804576,0.278991,0.278991,0.275232,0.00183161,0.26009,0.26306,0.265308,0.278938,0.286244,0.289614,0.289639,0.265305,0.265305,0.257762,0.0064833,0.128671,0.23598,0.26006,0.265308,0.279117,0.289145,0.289638,-0.0798633,-0.0798633,-0.080855,0.00290409,-0.104925,-0.0921724,-0.0910417,-0.0886416,-0.079866,-0.0636548,-0.0465826,-0.0849044,-0.0849044,-0.067143,0.00426011,-0.100257,-0.0918583,-0.0893157,-0.0801306,-0.0470332,-0.033935,-0.0195066,0.503225,0.498786,0.546877,0.0163382,0.447016,0.498786,0.499854,0.508918,0.526112,0.606195,0.848846,0.496567,0.498203,0.581795,0.020108,0.438239,0.496567,0.500554,0.520873,0.67061,0.714895,0.84522,0.0,0.0,0.00238052,0.00135828,0.0,0.0,0.0,0.0,0.0,0.0,0.0243273,0.0354468,0.0,0.00256143,0.00140315,0.0,0.0,0.0,0.0,0.0,0.0,0.0285636,-9999,-9999
201103,2.154,1.0,1.095,2.203,1.0,3.144,1.962,1.0,2.428,1.009,2.628,3.766,2.512,2.154,1.0,1.095,2.203,1.0,3.144,1.962,1.0,314.227,147.739,1.0,154.64,147.739,1.0,302.535,1.0,311.145,302.535,1.0,268.679,1.0,285.037,268.679,1.0,1.974,1.0,2.06,1.974,1.0,100.186,100.085,0.684812,2.208,1.942,1.0,3.174,3.752,0.684812,0.23441416868,0.643817204301,92.0610658602,1.0,318.045886425,1.0,28.5842841071,0.97311827957,328.184732527,1.0,396.257,0.99664,3.039,1.0,51.212,1.0,11.127,1.0,34.7177,0.997312,50.0802,0.343637,21.202,0.994624,30.5839,0.352476,0.991935,1,23.5161,24.4839,23.5161,24.4516,1.03155,1.08778,0.949597,0.985215,0.0118208,0.0122386,0.0476169,0.0353518,1.07423,1.09321,0.978495,0.985215,0.012087,0.0121241,0.0476837,0.0353124,1.05238,1.07525,0.966347,0.977789,0.00658876,0.00441891,0.982082,1.00093,1.01382,1.07385,1.09155,1.09318,1.09334,1.01531,1.02688,1.07385,1.08478,1.09283,1.09321,1.09492,0.949597,0.942204,0.942204,0.978495,0.985215,0.985215,0.985887,0.94422,0.944892,0.978495,0.985215,0.985887,0.985215,0.985887,0.656903,0.710878,0.189894,0.208297,0.936356,0.98878,0.014315,0.0144055,0.0346259,0.0321263,1.31556,1.36609,0.818115,0.83851,0.964351,0.981433,0.0176017,0.0183554,0.0595389,0.0397497,0.696422,0.712033,0.19771,0.2064,0.979479,0.98878,0.0144405,0.0141986,0.0346779,0.0320341,1.35475,1.37554,0.84089,0.837066,0.977554,0.981433,0.0181445,0.0184078,0.0597016,0.039774,0.623378,0.647911,0.650108,0.696422,0.697754,0.710967,0.711678,0.647911,0.653979,0.696283,0.697502,0.710509,0.71141,0.711995,0.948305,0.936356,0.936356,0.979479,0.98878,0.98878,0.98878,0.936356,0.936356,0.98878,0.98878,0.98878,0.98878,0.98878,1.25042,1.26239,1.28825,1.35385,1.37554,1.37614,1.3879,1.29109,1.30967,1.35385,1.37263,1.37614,1.38018,1.3879,0.909276,0.944925,0.950248,0.977554,0.981433,0.981433,0.982723,0.954173,0.955562,0.977554,0.981433,0.981433,0.981433,0.982723,0.866911,0.866911,0.856346,0.00192983,0.829918,0.845451,0.850643,0.854502,0.866897,0.867392,0.869002,0.861158,0.861158,0.852494,0.00364401,0.797018,0.82878,0.843511,0.854294,0.863955,0.867392,0.870766,-0.226296,-0.226296,-0.218904,0.00308547,-0.240417,-0.237983,-0.233801,-0.225668,-0.213965,-0.20641,-0.177476,-0.215521,-0.213073,-0.199888,0.0060232,-0.239532,-0.234971,-0.226296,-0.215521,-0.180062,-0.176313,-0.131511,1.49476,1.46808,1.46789,0.00336533,1.4252,1.44247,1.452,1.46808,1.47558,1.49471,1.49761,1.27829,1.27216,1.30247,0.0070963,1.26817,1.27132,1.27415,1.27839,1.31592,1.36169,1.38515,0.0,0.0,0.0,0.0,0.0,0.0,0.0,0.0,0.0,0.0,0.0,0.0,0.0,0.0,0.0,0.0,0.0,0.0,0.0,0.0,0.0,0.0,-9999,-9999
201104,8.829,1.0,7.667,2.39,1.0,9.723,2.148,1.0,8.984,7.593,2.778,10.048,2.638,8.829,1.0,7.667,2.39,1.0,9.723,2.148,1.0,399.274,145.075,1.0,161.074,145.075,1.0,340.106,1.0,350.686,340.106,1.0,321.633,1.0,339.136,321.633,1.0,3.112,1.0,3.171,3.112,1.0,99.376,99.283,0.520139,5.465,4.403,1.0,3.815,4.304,0.520139,-9999,-9999,104.465527083,1.0,321.582502778,1.0,20.3414518564,0.972916666667,359.332648936,0.991666666667,392.97,0.995833,8.149,1.0,52.843,1.0,11.1147,1.0,54.2431,0.997222,72.497,0.590379,15.5626,0.997222,20.7997,0.503967,0.990278,1,20.7333,27.2667,20.7333,27.1333,0.825141,0.848888,0.975,0.979861,0.015963,0.0155392,0.0326123,0.0281043,0.834245,0.85176,0.977083,0.980556,0.0157066,0.0153285,0.0324876,0.0279883,0.82908,0.845507,0.965642,0.977674,0.0049524,0.00288859,0.756754,0.800483,0.807423,0.83668,0.852541,0.85736,0.865083,0.804173,0.816926,0.83668,0.85176,0.855743,0.863761,0.865553,0.916667,0.939583,0.950694,0.977083,0.980556,0.985417,0.985417,0.956944,0.975694,0.977083,0.980556,0.985417,0.985417,0.985417,0.660251,0.665492,0.220758,0.224975,0.972807,0.972807,0.0220406,0.0213239,0.0285546,0.0234039,0.901267,0.937058,0.993805,1.0117,0.976703,0.985311,0.0212783,0.0210167,0.0422537,0.0364264,0.652962,0.669426,0.221167,0.22553,0.972807,0.972807,0.0214573,0.0207872,0.0281068,0.0229159,0.921794,0.938866,1.01628,1.01554,0.980274,0.986593,0.0210741,0.0206577,0.0421512,0.0362204,0.603759,0.635428,0.638078,0.657956,0.671405,0.671736,0.673124,0.637306,0.652962,0.657956,0.668918,0.671736,0.672253,0.673199,0.923867,0.934473,0.934473,0.972807,0.972807,0.972807,0.983413,0.934473,0.972807,0.972807,0.983413,0.972807,0.983413,0.983413,0.825667,0.87638,0.882341,0.925427,0.939163,0.94939,0.958797,0.88111,0.897849,0.925427,0.9385,0.945975,0.957353,0.959695,0.911091,0.958527,0.972948,0.980274,0.986593,0.986593,0.986593,0.972948,0.97423,0.980274,0.986593,0.986593,0.986593,0.986593,0.806537,0.806537,0.800464,0.00110091,0.784905,0.791581,0.793219,0.803319,0.80551,0.806537,0.80807,0.793001,0.793001,0.795218,0.00201268,0.758006,0.784909,0.791061,0.796185,0.804297,0.80551,0.807859,-0.0452228,-0.0452228,-0.0450434,0.00211727,-0.0605105,-0.0595732,-0.0554399,-0.0453528,-0.0443726,-0.0358437,-0.0170404,-0.0436794,-0.0412446,-0.0338615,0.00334535,-0.0604769,-0.0561976,-0.0495448,-0.0444354,-0.0191733,-0.00646844,0.00125139,1.41821,1.42041,1.42013,0.00621759,1.39415,1.41443,1.41462,1.4196,1.42759,1.4288,1.43261,1.36919,1.40993,1.36724,0.0127401,1.19714,1.2311,1.36634,1.39698,1.40553,1.41023,1.41456,0.0,0.0,0.0,0.0,0.0,0.0,0.0,0.0,0.0,0.0,0.0,0.0,0.0,0.0,0.0,0.0,0.0,0.0,0.0,0.0,0.0,0.0,-9999,-9999
201105,15.786,1.0,13.972,1.76,1.0,16.901,2.45,1.0,15.602,13.718,2.093,16.764,2.625,15.786,1.0,13.972,1.76,1.0,16.901,2.45,1.0,460.162,190.649,1.0,194.787,190.649,1.0,378.299,1.0,382.096,378.299,1.0,376.885,1.0,382.112,376.885,1.0,4.417,1.0,4.193,4.417,1.0,99.609,99.471,0.703629,4.074,4.58,1.0,2.727,3.212,0.703629,0.232397641264,0.665994623656,139.706657258,1.0,429.18400888,0.998655913978,29.3032104768,0.98185483871,399.047992608,1.0,393.657,0.956317,14.747,1.0,57.435,1.0,13.6515,1.0,80.1926,0.990591,98.3771,1.11801,22.6438,0.99664,27.7785,0.538658,0.989247,1,18.3548,29.6452,18.3548,29.6129,2.06017,1.98837,0.887769,0.901882,0.0265752,0.0257829,0.0578947,0.0348122,2.01929,1.97662,0.896505,0.912634,0.0266994,0.0257878,0.0579518,0.0348158,2.02486,1.99731,0.866331,0.899849,0.00914937,0.00506816,1.9717,1.9743,1.97662,2.01116,2.04695,2.07717,2.14855,1.9717,1.97357,1.9743,1.98066,2.01116,2.02035,2.0613,0.924731,0.924059,0.912634,0.901882,0.889113,0.873656,0.767473,0.924731,0.912634,0.924059,0.93078,0.901882,0.896505,0.885753,1.68186,1.62652,0.541116,0.525246,0.867384,0.874552,0.0377452,0.0369867,0.0589743,0.0432041,2.17027,2.09305,1.32514,1.2972,0.902842,0.921121,0.0342554,0.0337474,0.0642462,0.0467435,1.64428,1.60837,0.537647,0.533926,0.874552,0.888889,0.0380772,0.0364578,0.0591874,0.0427522,2.13045,2.08582,1.31389,1.30779,0.912519,0.929724,0.0343494,0.0333118,0.0642963,0.04643,1.59334,1.59962,1.6023,1.61564,1.67191,1.69025,1.80488,1.59334,1.59962,1.6023,1.60837,1.62652,1.64428,1.68781,0.780287,0.888889,0.888889,0.780287,0.867384,0.849642,0.774373,0.780287,0.888889,0.888889,0.888889,0.874552,0.874552,0.867384,2.08134,2.0835,2.0866,2.12964,2.17027,2.19221,2.23466,2.08113,2.08269,2.08487,2.09707,2.12964,2.14737,2.1684,0.930799,0.929724,0.94831,0.913594,0.902842,0.891935,0.76606,0.929724,0.949386,0.94831,0.952842,0.913594,0.845702,0.899616,1.977,1.977,1.97659,0.00451036,1.94526,1.94558,1.95702,1.97592,1.98695,1.99765,2.03709,1.99765,1.99765,1.98676,0.00563436,1.94526,1.94558,1.95761,1.977,2.01455,2.03279,2.0442,0.000381291,0.000381291,-0.020715,0.0025538,-0.0486506,-0.0364358,-0.0342059,-0.024206,-0.00529209,0.000381291,0.00333913,-0.0211164,-0.0216472,-0.0380963,0.00683964,-0.119469,-0.0520451,-0.0475169,-0.0306064,-0.0169959,-0.00191645,0.00213756,2.41852,2.49922,2.4056,0.0138294,2.29617,2.30241,2.30796,2.40137,2.46824,2.49285,2.51245,2.36778,2.64103,2.47011,0.0228349,2.30754,2.3194,2.36778,2.43741,2.51182,2.52386,2.81274,0.0,0.0,0.0,0.0,0.0,0.0,0.0,0.0,0.0,0.0,0.0,0.0,0.0,0.00123068,0.00123068,0.0,0.0,0.0,0.0,0.0,0.0,0.0,-9999,-9999
201106,22.068,1.0,19.537,2.121,1.0,23.495,2.942,1.0,21.249,18.829,1.909,22.608,2.802,22.068,1.0,19.537,2.121,1.0,23.495,2.942,1.0,486.256,260.272,1.0,261.533,260.272,1.0,403.85,1.0,390.252,403.85,1.0,413.765,1.0,393.269,413.765,1.0,9.929,1.0,8.234,9.929,1.0,99.641,99.468,0.747222,1.577,0.389,1.0,2.61,3.195,0.747222,0.249758396209,0.747222222222,172.166275694,1.0,577.145215278,1.0,50.1266979167,1.0,439.638927778,1.0,386.974,0.995139,21.712,1.0,50.763,1.0,8.11704,1.0,53.8693,0.994444,72.7889,0.996188,67.5973,0.998611,91.3384,0.651052,0.99375,1,17.2667,30.7333,17.2667,30.7333,1.80506,1.7781,0.974306,0.979861,0.0289218,0.0294832,0.0575867,0.0310552,1.80434,1.78255,0.976389,0.98125,0.0290639,0.029852,0.0576582,0.0314056,1.82328,1.79837,0.961563,0.976667,0.00703471,0.00405142,1.77934,1.78648,1.78723,1.79562,1.86429,1.88607,1.89816,1.77918,1.78302,1.78615,1.78931,1.79562,1.80253,1.84309,0.98125,0.98125,0.98125,0.974306,0.886111,0.938194,0.928472,0.98125,0.98125,0.983333,0.98125,0.974306,0.975,0.968056,2.12438,2.07736,0.37662,0.366166,0.981481,0.981481,0.0376768,0.0372233,0.114843,0.043202,1.53945,1.52563,1.39698,1.42217,0.970466,0.979211,0.0380351,0.0385375,0.0437172,0.0403397,2.0929,2.07736,0.36663,0.366166,0.981481,0.981481,0.0376344,0.0381845,0.114829,0.0440329,1.55634,1.53221,1.4014,1.42324,0.973728,0.981362,0.0382928,0.039476,0.0439416,0.0412373,2.06483,2.06597,2.07736,2.09204,2.23107,2.28294,2.36369,2.06483,2.06561,2.06597,2.07752,2.09204,2.10947,2.16313,0.981481,0.981481,0.981481,0.981481,0.946187,0.928758,0.910784,0.981481,0.981481,0.981481,0.981481,0.981481,0.981481,0.981481,1.50771,1.53281,1.53813,1.54846,1.56994,1.57592,1.59118,1.52725,1.53248,1.53494,1.54549,1.55173,1.55632,1.57509,0.881039,0.981362,0.981362,0.981362,0.966093,0.941004,0.929032,0.981362,0.970466,0.970466,0.981362,0.972652,0.986882,0.944229,2.18075,2.18075,2.21587,0.0163337,2.16409,2.17255,2.18002,2.18104,2.19677,2.22048,2.28494,2.1945,2.19759,2.33621,0.0355816,2.16409,2.18002,2.18066,2.19677,2.59187,2.69364,2.72039,0.3982,0.3982,0.417497,0.0127153,0.374778,0.385654,0.393549,0.3982,0.405964,0.415999,0.441853,0.393549,0.393256,0.512935,0.0289957,0.374778,0.392299,0.394221,0.403548,0.71291,0.795481,0.848059,1.90637,1.93343,2.21162,0.0413798,1.84722,1.9071,1.93343,2.31638,2.41115,2.41698,2.44564,2.51453,2.02228,2.13653,0.0472467,1.86257,1.88991,1.92781,1.98661,2.30053,2.44788,2.54617,0.475954,0.483461,0.707098,0.0304994,0.470388,0.475858,0.483869,0.823123,0.869641,0.87191,0.874157,0.802148,0.56534,0.668156,0.0374637,0.443406,0.457676,0.480381,0.525249,0.861011,0.864536,1.10314,-9999,-9999
201107,25.869,1.0,23.188,1.841,1.0,27.401,3.145,1.0,26.203,23.621,1.883,27.677,3.189,25.869,1.0,23.188,1.841,1.0,27.401,3.145,1.0,473.356,265.655,1.0,269.092,265.655,1.0,427.643,1.0,417.212,427.643,1.0,451.883,1.0,430.156,451.883,1.0,10.616,1.0,13.153,10.616,1.0,99.677,99.519,0.764113,0.854,3.482,1.0,1.99,2.203,0.764113,0.236262431765,0.764112903226,183.696061828,1.0,615.14377808,0.998655913978,47.2387326241,0.991935483871,462.195344758,1.0,385.907,0.990591,25.2,1.0,47.202,1.0,6.69255,1.0,125.306,0.99664,145.434,1.10244,27.205,0.997984,31.5749,0.403218,0.99664,1,17.4839,30.5161,17.4839,30.5161,-3.64643,-3.69504,0.956989,0.971102,0.0850361,0.0875326,0.198103,0.0973164,-3.70906,-3.68616,0.968414,0.976478,0.0873711,0.0873741,0.199116,0.0971739,-3.59607,-3.67599,0.951478,0.970481,0.0239766,0.0143642,-3.74423,-3.72572,-3.71464,-3.68616,-3.50504,-3.36787,-3.32373,-3.74483,-3.73247,-3.72339,-3.70794,-3.68616,-3.64741,-3.47766,0.982527,0.979839,0.968414,0.976478,0.9375,0.869624,0.877016,0.982527,0.982527,0.981183,0.979839,0.976478,0.960349,0.944892,4.68694,4.41823,1.01326,0.986465,0.957084,0.97005,0.0862351,0.0847044,0.616223,0.242648,-8.34767,-8.26072,7.40495,7.20081,0.956571,0.971275,0.119049,0.12471,0.165422,0.144154,4.5586,4.41005,1.00748,0.979681,0.964357,0.979538,0.0879821,0.0775073,0.61647,0.24023,-8.36475,-8.24227,7.28585,7.19731,0.970237,0.974432,0.122465,0.124771,0.167897,0.144208,4.17459,4.22808,4.30107,4.55454,5.12078,5.4484,5.73252,4.15052,4.17967,4.23989,4.40777,4.55454,4.63443,4.9897,0.98133,0.98133,0.979538,0.964357,0.953194,0.906283,0.845018,0.98133,0.98133,0.979538,0.97005,0.964357,0.960879,0.951507,-8.53886,-8.43048,-8.36805,-8.28818,-8.21673,-8.20077,-8.18638,-8.37078,-8.33363,-8.32001,-8.24227,-8.2074,-8.18902,-8.17803,0.883723,0.937392,0.906273,0.971275,0.976513,0.979845,0.983071,0.970237,0.9702,0.9702,0.974432,0.979845,0.98092,0.983071,5.00946,5.00946,5.08798,0.058099,4.71736,4.76944,4.81077,5.00946,5.24152,5.27125,5.70107,5.24152,5.25425,5.41406,0.0941246,4.74642,4.79077,4.89438,5.24152,5.97129,6.24307,6.35931,8.69563,8.69563,8.76397,0.0449072,8.46219,8.5084,8.53999,8.69563,8.91784,8.96153,9.21497,8.95616,8.96331,9.01013,0.0710938,8.49065,8.51416,8.60215,8.92438,9.48318,9.6254,9.7014,5.01182,5.12556,5.15678,0.0358908,4.77194,5.00868,5.06462,5.17636,5.20809,5.22273,5.43328,5.22313,5.42451,5.30565,0.0776957,4.74475,4.95623,5.01822,5.12221,5.31523,5.73123,6.30275,9.04302,8.96056,9.06313,0.038105,8.74936,8.80545,8.90091,9.0008,9.15763,9.32882,9.41873,9.4653,9.41393,9.204,0.0705783,8.72431,8.82577,8.88599,9.04231,9.36508,9.67035,10.0707,-9999,-9999
201108,21.853,1.0,18.959,1.799,1.0,23.876,3.131,1.0,22.312,20.03,2.023,23.902,3.155,21.853,1.0,18.959,1.799,1.0,23.876,3.131,1.0,423.757,233.937,1.0,224.432,233.937,1.0,403.986,1.0,392.909,403.986,1.0,424.496,1.0,396.905,424.496,1.0,5.812,1.0,8.814,5.812,1.0,99.537,99.361,0.790995,1.887,1.958,1.0,2.08,1.695,0.790995,0.223412642143,0.790994623656,161.626838038,1.0,486.111283602,1.0,43.6685005148,0.999327956989,431.415808468,1.0,389.794,0.990591,21.91,1.0,48.186,1.0,-0.528036,1.0,137.803,0.993952,155.829,1.19866,5.65942,0.999328,6.39974,0.43657,0.993952,1,19.6452,28.3548,19.6452,28.3548,-6.82222,-6.92843,0.976478,0.980511,0.147567,0.146653,0.16549,0.153557,-6.81272,-6.85867,0.978495,0.980511,0.146172,0.150187,0.164248,0.156936,-6.9061,-6.86892,0.974395,0.980024,0.0129869,0.00650299,-7.13304,-6.99372,-6.95136,-6.87524,-6.85446,-6.8439,-6.81303,-6.95628,-6.92809,-6.88155,-6.86603,-6.84532,-6.83703,-6.81303,0.950941,0.965726,0.965726,0.984543,0.980511,0.980511,0.978495,0.985887,0.980511,0.983871,0.984543,0.976478,0.981183,0.978495,8.25348,7.72933,1.0731,1.38199,0.980645,0.98871,0.0914053,0.0967574,0.615754,0.348989,-16.7967,-16.6054,14.3419,14.1885,0.973368,0.97452,0.232246,0.230485,0.578137,0.330452,8.10902,7.72059,1.36327,1.38258,0.983871,0.98871,0.0992173,0.100357,0.616962,0.350004,-16.6779,-16.485,14.2613,14.0997,0.97452,0.97452,0.228326,0.234925,0.576573,0.333564,7.46776,7.55043,7.62196,8.10902,8.63389,8.7683,8.86638,7.44536,7.48962,7.60613,7.71863,8.10902,8.16024,8.62821,0.98871,0.98871,0.98871,0.983871,0.977419,0.977419,0.967657,0.990323,0.990323,0.98871,0.98871,0.983871,0.985484,0.977419,-17.7338,-17.4536,-17.3015,-16.6784,-16.4415,-16.3947,-16.3375,-17.2728,-16.8604,-16.6784,-16.485,-16.406,-16.3868,-16.33,0.938908,0.957313,0.95727,0.97452,0.978019,0.980326,0.980326,0.958422,0.971022,0.97452,0.97452,0.978019,0.980326,0.980326,8.36692,8.36692,8.4853,0.0584569,8.13074,8.15019,8.26704,8.36692,8.67493,8.78252,9.12164,8.77407,8.77407,8.80207,0.090681,8.13074,8.18037,8.28219,8.67493,9.24684,9.56922,9.73921,15.2256,15.2256,15.3542,0.0595934,14.9956,15.035,15.1196,15.2256,15.5188,15.6117,16.0003,15.5871,15.5868,15.7082,0.100169,15.0123,15.0556,15.143,15.5188,16.1716,16.5771,16.8183,8.27452,8.30703,8.44302,0.0622558,8.17129,8.21807,8.23629,8.30265,8.40573,8.6743,9.22331,9.06409,8.37834,8.7696,0.0974591,8.17129,8.22412,8.27452,8.40895,9.15647,9.48968,9.97745,14.8683,14.7806,15.0557,0.0710074,14.7087,14.7525,14.7806,14.8832,15.0508,15.4475,15.7811,15.7998,14.9693,15.4387,0.112342,14.7087,14.7525,14.8281,15.0601,15.8695,16.3911,16.6473,-9999,-9999
201109,17.359,1.0,15.564,1.659,1.0,18.904,2.351,1.0,16.998,15.547,1.709,18.251,2.162,17.359,1.0,15.564,1.659,1.0,18.904,2.351,1.0,347.969,146.397,1.0,136.061,146.397,1.0,385.368,1.0,378.397,385.368,1.0,397.235,1.0,377.051,397.235,1.0,3.481,1.0,4.578,3.481,1.0,99.808,99.602,0.846528,3.638,5.664,1.0,2.647,2.111,0.846528,0.288995337363,0.846527777778,100.03978487,0.999305555556,298.846885047,0.999305555556,25.1952668144,0.992361111111,405.266039583,1.0,392.747,0.997222,17.738,1.0,54.534,1.0,-3.16403,1.0,73.5668,0.997917,90.6644,0.758302,10.6372,0.995139,13.1094,0.371364,0.994444,1,22.3333,25.6667,22.3333,25.6667,-0.199028,-0.208494,0.983333,0.986806,0.0937978,0.0890462,0.190616,0.0998996,-0.199765,-0.245495,0.984028,0.990972,0.0901993,0.0899239,0.188872,0.100683,-0.130826,-0.208228,0.981128,0.988177,0.0224273,0.0120602,-0.263456,-0.258443,-0.253711,-0.199765,0.00720796,0.0734395,0.106711,-0.26792,-0.259696,-0.254465,-0.245495,-0.195869,-0.169127,-0.051341,0.99375,0.99375,0.991667,0.984028,0.978472,0.9625,0.953472,0.99375,0.99375,0.99375,0.990972,0.984722,0.984028,0.979167,4.71684,4.63976,0.858523,0.878037,0.991304,0.991304,0.0643213,0.0649574,0.302178,0.10915,-4.30351,-4.25662,5.91682,5.7858,0.976813,0.983472,0.159503,0.150577,0.167164,0.151298,4.69149,4.57609,0.873074,0.887942,0.991304,1.0,0.0650717,0.063673,0.302339,0.108391,-4.28381,-4.26743,5.87366,5.7723,0.978237,0.983472,0.152372,0.152291,0.160375,0.153004,4.54532,4.55652,4.56014,4.68509,5.01171,5.14702,5.26117,4.54356,4.55327,4.55899,4.57609,4.68509,4.72871,4.94436,1.0,1.0,1.0,0.991304,0.991304,0.972809,0.963699,1.0,1.0,1.0,1.0,0.991304,0.991304,0.991304,-4.2928,-4.28063,-4.26901,-4.26054,-4.21316,-4.18057,-4.16355,-4.28725,-4.28311,-4.27089,-4.26743,-4.25944,-4.25361,-4.21316,0.9886,0.9886,0.984754,0.983472,0.974194,0.967878,0.966596,0.9886,0.9886,0.9886,0.983472,0.977988,0.983472,0.974194,5.00138,5.00138,5.10734,0.0359445,4.90968,4.92721,4.96332,5.00273,5.2268,5.26176,5.55864,5.23255,5.23871,5.33172,0.0644149,4.91497,4.95703,4.99742,5.2268,5.6425,5.92824,6.08698,5.24688,5.24688,5.31557,0.0243209,5.17614,5.18566,5.21854,5.2537,5.42427,5.43852,5.60999,5.43712,5.43848,5.46255,0.042354,5.17516,5.2172,5.24688,5.42646,5.63155,5.83621,5.98026,5.66538,5.87659,5.80117,0.0208665,5.59907,5.68812,5.69924,5.73671,5.88918,5.93105,6.01478,5.85988,5.59907,5.73115,0.0387579,5.07193,5.59907,5.66233,5.70332,5.87659,5.93623,6.06379,5.50337,5.51899,5.57929,0.0125133,5.49688,5.5091,5.51242,5.53687,5.62205,5.67762,5.68703,5.63515,5.53227,5.57926,0.018683,5.33229,5.50181,5.51203,5.57073,5.64708,5.68523,5.75096,-9999,-9999
201110,11.548,1.0,9.593,2.105,1.0,13.647,2.856,1.0,11.443,10.085,2.047,12.911,2.57,11.548,1.0,9.593,2.105,1.0,13.647,2.856,1.0,260.571,114.719,1.0,112.388,114.719,1.0,348.719,1.0,344.143,348.719,1.0,339.389,1.0,330.185,339.389,1.0,3.941,1.0,3.508,3.941,1.0,99.803,99.628,0.713038,2.717,2.737,1.0,2.893,2.538,0.713038,0.273651758045,0.622983870968,73.5156754032,1.0,242.912458333,1.0,15.9603948309,0.985887096774,372.222237903,1.0,396.151,0.989247,11.461,1.0,55.874,1.0,-5.6498,1.0,36.7661,0.989919,58.072,0.401107,12.8595,0.99664,20.3116,0.305913,0.987903,1,25.0645,22.9355,25.0645,22.9355,1.88696,1.85003,0.926075,0.931452,0.0243614,0.0248203,0.0742454,0.0385861,1.88208,1.84049,0.926747,0.932796,0.0239014,0.0246389,0.0740957,0.0384697,1.89627,1.86089,0.918985,0.930108,0.0099827,0.00612483,1.82038,1.83772,1.84064,1.88185,1.95756,1.97799,1.98998,1.81991,1.82717,1.83796,1.84432,1.88185,1.88626,1.94474,0.939516,0.93414,0.935484,0.926747,0.906586,0.892473,0.870968,0.939516,0.936828,0.936156,0.935484,0.926747,0.926075,0.909274,1.60811,1.594,0.488924,0.48903,0.923395,0.93208,0.031503,0.0317713,0.0692683,0.0398704,2.02717,1.96972,1.07446,1.1054,0.932295,0.933697,0.0350512,0.0359572,0.0836718,0.0494294,1.60198,1.58792,0.491502,0.490093,0.923395,0.93208,0.0307761,0.0312369,0.0689407,0.0394459,2.02396,1.95689,1.07521,1.10748,0.933697,0.936566,0.0345307,0.0361133,0.0834551,0.0495431,1.54535,1.57493,1.58335,1.60198,1.67368,1.69831,1.71456,1.54467,1.5564,1.57875,1.58792,1.60198,1.60457,1.65256,0.936905,0.93208,0.93208,0.923395,0.913469,0.915855,0.915901,0.936905,0.93208,0.93208,0.93208,0.923395,0.923395,0.913469,1.95648,1.96397,1.96488,2.02253,2.09841,2.11593,2.13042,1.95689,1.96178,1.96398,1.96956,2.02253,2.02961,2.09516,0.945573,0.945573,0.944037,0.933697,0.90131,0.894234,0.846717,0.936566,0.945573,0.945573,0.942501,0.933697,0.932295,0.877207,1.72742,1.72742,1.70986,0.0138614,1.62798,1.63662,1.66383,1.70509,1.73041,1.73243,1.9146,1.70509,1.70509,1.80676,0.0284663,1.63609,1.64032,1.66561,1.72751,1.94016,2.05996,2.15411,-0.113063,-0.113063,-0.151031,0.009296,-0.206989,-0.188962,-0.179943,-0.176992,-0.122295,-0.113186,-0.0301377,-0.176993,-0.176993,-0.0895061,0.019417,-0.201872,-0.183985,-0.178385,-0.173294,-0.0174002,0.0881851,0.166236,2.11867,2.11479,2.11997,0.00728436,1.99621,2.08595,2.11221,2.12004,2.14542,2.16515,2.1745,2.23055,2.21499,2.20118,0.00499766,2.14705,2.15346,2.18467,2.20134,2.21734,2.23515,2.24721,0.0462961,0.0463921,0.0373201,0.00283276,0.00193169,0.00198283,0.0462624,0.046388,0.0465166,0.0465288,0.0465443,0.0359922,0.0350112,0.0376375,0.000427246,0.0350112,0.0359895,0.0363109,0.0365343,0.0391792,0.0396003,0.0408743,-9999,-9999
201111,8.039,1.0,7.076,2.386,1.0,9.315,2.023,1.0,7.636,6.858,2.159,8.675,1.677,8.039,1.0,7.076,2.386,1.0,9.315,2.023,1.0,185.563,76.826,1.0,73.288,76.826,1.0,329.773,1.0,331.63,329.773,1.0,311.994,1.0,313.064,311.994,1.0,3.207,1.0,2.729,3.207,1.0,99.904,99.746,0.721528,4.074,4.369,1.0,3.845,4.094,0.721528,0.29133011245,0.646527777778,43.5585645833,1.0,161.773840278,1.0,9.24106217694,0.982638888889,352.2261,1.0,391.516,0.986806,6.958,1.0,53.964,1.0,-5.67375,1.0,31.3205,0.988194,60.4644,0.351383,-5.59633,0.997222,-10.8037,0.342879,0.986806,1,27.5,20.5,27.5,20.5,1.03473,1.04017,0.973611,0.976389,0.0150759,0.0154366,0.0152127,0.0154829,1.03976,1.04072,0.973611,0.976389,0.0150639,0.0154375,0.0152008,0.0154838,1.04233,1.03951,0.974167,0.975625,0.00118753,0.000220903,1.03556,1.03881,1.03927,1.04005,1.04075,1.04288,1.06358,1.03556,1.03833,1.03896,1.03942,1.04045,1.04072,1.04072,0.973611,0.973611,0.976389,0.972917,0.976389,0.972917,0.963194,0.973611,0.975,0.975,0.976389,0.976389,0.976389,0.976389,1.05809,1.06502,0.377874,0.379653,0.987654,0.987654,0.0194121,0.0194679,0.0198894,0.0195621,0.914012,0.916854,0.488863,0.486769,0.95381,0.960317,0.0218861,0.0228416,0.0220083,0.0228749,1.06226,1.06625,0.380776,0.380972,0.987654,0.987654,0.019303,0.019532,0.019783,0.0196259,0.919614,0.916486,0.489493,0.487222,0.95381,0.960317,0.0220172,0.0229515,0.0221386,0.0229847,1.05894,1.06283,1.06471,1.06625,1.06723,1.07149,1.0902,1.05919,1.06245,1.06467,1.0654,1.06625,1.06629,1.06707,0.987654,0.987654,0.987654,0.987654,0.987654,0.987654,0.98642,0.987654,0.987654,0.987654,0.987654,0.987654,0.987654,0.987654,0.912494,0.914213,0.914364,0.91482,0.916831,0.918844,0.92949,0.9141,0.914375,0.914502,0.914837,0.916489,0.916843,0.91725,0.957143,0.95381,0.960317,0.953889,0.960317,0.95381,0.944206,0.95381,0.960317,0.960317,0.960317,0.960317,0.95381,0.95381,1.10651,1.10651,1.10446,0.000671362,1.09529,1.09883,1.10209,1.10651,1.10764,1.10803,1.10902,1.10251,1.10251,1.10396,0.00112878,1.09069,1.09611,1.09882,1.10461,1.10765,1.1087,1.11384,0.0657907,0.0657907,0.0649478,0.000648838,0.0539738,0.0612452,0.0634679,0.0657907,0.068069,0.0683482,0.0696258,0.0630638,0.0627474,0.0616266,0.00105578,0.0468145,0.0524724,0.0570369,0.0634679,0.0675777,0.0681699,0.0683834,1.0207,1.0209,0.941979,0.0220379,0.690166,0.697345,1.00103,1.01627,1.0207,1.0209,1.0211,0.998035,1.04751,1.03551,0.00356829,0.997396,1.00579,1.01843,1.04616,1.06007,1.06053,1.06063,0.217916,0.217916,0.171264,0.0129179,0.0126648,0.0227201,0.205803,0.215745,0.217916,0.217956,0.218059,0.0700362,0.0718347,0.0713369,0.00172247,0.0439525,0.0644731,0.0672243,0.0719041,0.0770284,0.0770284,0.088123,-9999,-9999
201112,2.136,1.0,1.617,1.703,1.0,2.933,1.427,1.0,1.879,1.203,1.895,2.918,1.416,2.136,1.0,1.617,1.703,1.0,2.933,1.427,1.0,149.517,51.315,1.0,51.528,51.315,1.0,307.638,1.0,315.652,307.638,1.0,278.632,1.0,291.204,278.632,1.0,1.473,1.0,1.506,1.473,1.0,100.228,100.095,0.684812,2.568,2.54,1.0,3.02,3.28,0.684812,0.254294693792,0.609543010753,26.6026774194,1.0,109.683002016,1.0,6.43167508333,0.984543010753,324.414633065,1.0,398.172,0.997312,2.301,1.0,48.671,1.0,-4.05505,1.0,23.8016,0.998656,40.2855,0.389898,-5.72178,0.999328,-9.68444,0.288073,0.997984,1,29.129,18.871,29.0645,18.871,0.717265,0.714377,0.985887,0.993952,0.0125353,0.0126259,0.0395538,0.0198909,0.718316,0.720155,0.989919,0.993952,0.0122768,0.0125668,0.0394727,0.0198534,0.705408,0.722829,0.987584,0.991515,0.00546969,0.00301207,0.632968,0.662837,0.680979,0.717862,0.722155,0.737867,0.746627,0.68124,0.714377,0.716732,0.718357,0.736963,0.745117,0.746627,0.97379,0.977823,0.981183,0.985887,0.993952,0.993952,0.993952,0.982527,0.993952,0.989919,0.993952,0.993952,0.993952,0.993952,0.811087,0.804332,0.324781,0.342483,0.992214,0.997775,0.0155429,0.0153319,0.035006,0.01683,0.505992,0.509092,0.422737,0.421767,0.976231,0.988115,0.0191952,0.0190273,0.0473422,0.0354077,0.812262,0.811597,0.326772,0.344636,0.997775,0.997775,0.0152322,0.0156517,0.0348692,0.0171218,0.506698,0.511935,0.420884,0.421774,0.977929,0.988115,0.0187805,0.0191088,0.0471756,0.0354516,0.726034,0.752854,0.770525,0.810334,0.814001,0.815586,0.820673,0.771457,0.8041,0.809361,0.811824,0.815589,0.817982,0.821554,0.992214,0.992214,0.992214,0.997775,0.997775,0.997775,0.997775,0.992214,0.997775,0.992214,0.997775,0.997775,0.997775,0.997775,0.428373,0.462628,0.480413,0.506649,0.513325,0.54918,0.562691,0.47886,0.502789,0.50666,0.509536,0.549074,0.562511,0.563124,0.947368,0.955857,0.964346,0.977929,0.988115,0.988115,0.988115,0.967742,0.976231,0.977929,0.988115,0.988115,0.988115,0.988115,0.850772,0.850772,0.850937,0.0013933,0.832636,0.845007,0.845894,0.849022,0.859738,0.860562,0.863467,0.861388,0.861388,0.847795,0.00197533,0.822601,0.831942,0.83946,0.848692,0.859487,0.860249,0.864794,0.130617,0.130617,0.128108,0.00316369,0.0985725,0.0989271,0.109639,0.131064,0.142031,0.144932,0.15799,0.144583,0.143072,0.142388,0.00486408,0.0985725,0.103241,0.130177,0.141476,0.155779,0.159218,0.203667,0.485576,0.484935,0.515394,0.00620073,0.471963,0.480154,0.484935,0.508035,0.546899,0.56842,0.574597,0.485685,0.519942,0.536205,0.0100221,0.471963,0.484373,0.485815,0.513587,0.566665,0.574597,0.654604,0.0270887,0.0270474,0.0340853,0.00163618,0.0231758,0.0247866,0.0260451,0.0272675,0.0382274,0.0500195,0.0528842,0.0255171,0.0348348,0.032879,0.00149695,0.0231686,0.0236395,0.0246753,0.0276467,0.0382274,0.0421301,0.0508385,-9999,-9999
201201,-0.376,1.0,-1.131,2.091,1.0,0.732,1.652,1.0,-0.105,-0.941,2.263,1.108,1.613,-0.376,1.0,-1.131,2.091,1.0,0.732,1.652,1.0,166.692,64.189,1.0,64.781,64.189,1.0,294.252,1.0,306.181,294.252,1.0,259.281,1.0,278.246,259.281,1.0,1.523,1.0,1.499,1.523,1.0,99.697,99.556,0.714382,1.855,1.639,1.0,3.759,4.13,0.714382,0.304550552896,0.686827956989,27.3665866935,1.0,147.523672043,1.0,17.1153403804,0.989919354839,312.594300403,1.0,397.348,0.989247,0.557,1.0,43.982,1.0,-1.9309,1.0,23.9157,0.988575,38.8106,0.350807,-5.98744,1.0,-9.71647,0.341786,0.988575,1,28.3871,19.6129,28.3871,19.5806,0.597725,0.597855,0.984543,0.984543,0.0111783,0.0111274,0.0184835,0.0174399,0.594591,0.594632,0.985215,0.985215,0.0112374,0.0112263,0.0185193,0.0175031,0.589951,0.590808,0.980208,0.980208,0.00197647,0.00181076,0.56767,0.572903,0.576071,0.594379,0.597725,0.602343,0.605096,0.57204,0.575567,0.577795,0.594472,0.597935,0.602425,0.60522,0.968414,0.97043,0.969758,0.985215,0.984543,0.986559,0.986559,0.963038,0.969758,0.969758,0.985215,0.985887,0.986559,0.986559,0.669466,0.669602,0.257982,0.25797,0.985375,0.985375,0.0138555,0.0138494,0.0154229,0.0148357,0.439004,0.439112,0.430367,0.430373,0.983515,0.983515,0.0171133,0.0169995,0.0333149,0.0327782,0.670189,0.670236,0.262148,0.262177,0.985375,0.985375,0.0138931,0.0138826,0.0154567,0.0148667,0.430733,0.430761,0.440314,0.440355,0.985213,0.985213,0.0172642,0.0172419,0.0333926,0.0329045,0.650536,0.655098,0.658467,0.662952,0.667197,0.668646,0.669466,0.654901,0.658094,0.661238,0.663708,0.667331,0.668732,0.669605,0.985375,0.974704,0.985375,0.985375,0.985375,0.985375,0.985375,0.985375,0.985375,0.975817,0.985375,0.985375,0.985375,0.985375,0.391279,0.403176,0.404328,0.434711,0.447893,0.460343,0.466954,0.393246,0.40449,0.405749,0.434764,0.447991,0.460541,0.466954,0.943015,0.949814,0.948278,0.985213,0.986826,0.988439,0.988439,0.943015,0.951512,0.948278,0.985213,0.986826,0.988439,0.988439,0.711665,0.712261,0.709464,0.00116713,0.696202,0.70337,0.706266,0.709092,0.712576,0.714849,0.722004,0.711665,0.712261,0.709163,0.00108957,0.696202,0.70337,0.706266,0.709092,0.712576,0.714849,0.720968,0.116719,0.117628,0.118656,0.0026835,0.0984293,0.100807,0.102096,0.11539,0.130895,0.137539,0.149964,0.11676,0.11767,0.119212,0.00275877,0.0988185,0.100807,0.102178,0.115492,0.132815,0.139641,0.149608,0.286263,0.283443,0.260918,0.00997023,0.145981,0.173955,0.187921,0.283889,0.306677,0.3122,0.341054,0.286263,0.283443,0.260918,0.00997023,0.145981,0.173955,0.187921,0.283889,0.306677,0.3122,0.341054,0.00293592,0.00225,0.0154964,0.00345228,0.000936461,0.00234568,0.00277033,0.00340515,0.0147369,0.0327544,0.0691864,0.00298029,0.00225,0.0154964,0.00345228,0.000936461,0.00234568,0.00277033,0.00340515,0.0147369,0.0327544,0.0691864,-9999,-9999
201202,0.587,1.0,-0.34,1.717,1.0,1.693,1.774,1.0,0.516,-0.602,2.006,1.854,1.907,0.587,1.0,-0.34,1.717,1.0,1.693,1.774,1.0,229.96,103.293,1.0,111.763,103.293,1.0,295.891,1.0,301.839,295.891,1.0,260.737,1.0,272.305,260.737,1.0,1.549,1.0,1.631,1.549,1.0,100.118,99.922,0.674569,0.913,1.323,1.0,3.066,3.48,0.674569,0.257297407274,0.614224137931,54.8436386494,1.0,233.221440374,1.0,24.7659121758,0.99066091954,318.133603448,1.0,398.338,0.991379,1.21,1.0,42.152,1.0,-1.79953,1.0,24.6105,0.993534,51.5452,0.352184,2.49947,0.999282,5.23498,0.415835,0.992816,1,26.1379,21.8621,26.1034,21.8621,0.448146,0.448146,0.984914,0.984914,0.0144275,0.0144275,0.0173934,0.0173934,0.452073,0.452073,0.985632,0.985632,0.0143552,0.0143552,0.0173335,0.0173335,0.452398,0.452398,0.982633,0.982633,0.00273887,0.00273887,0.441162,0.444896,0.445897,0.451568,0.459345,0.464326,0.472641,0.441162,0.444896,0.445897,0.451568,0.459345,0.464326,0.472641,0.97773,0.979885,0.985632,0.979885,0.985632,0.984195,0.984195,0.97773,0.979885,0.985632,0.979885,0.985632,0.984195,0.984195,0.546122,0.546122,0.245714,0.245714,0.987586,0.987586,0.0136075,0.0127503,0.0152513,0.0144916,0.299875,0.299875,0.658998,0.658998,0.981866,0.981866,0.025816,0.0252603,0.0305838,0.0301162,0.549618,0.549618,0.2454,0.2454,0.987586,0.987586,0.0134124,0.0134124,0.0150774,0.0150774,0.303404,0.303404,0.662106,0.662106,0.983508,0.983508,0.0257815,0.0257815,0.0305547,0.0305547,0.541791,0.546815,0.548289,0.555931,0.558868,0.56059,0.568408,0.541791,0.546815,0.548289,0.555931,0.558868,0.56059,0.568408,0.98069,0.987586,0.987586,0.987586,0.977931,0.977931,0.987586,0.98069,0.987586,0.987586,0.987586,0.977931,0.977931,0.987586,0.275995,0.285712,0.288966,0.300721,0.310165,0.318509,0.322961,0.275995,0.285712,0.288966,0.300721,0.310165,0.318509,0.322961,0.981866,0.981723,0.980224,0.981866,0.983508,0.98051,0.98051,0.981866,0.981723,0.980224,0.981866,0.983508,0.98051,0.98051,0.591059,0.591107,0.597038,0.00181262,0.577441,0.584951,0.587293,0.596075,0.605263,0.606758,0.609361,0.591059,0.591107,0.597038,0.00181262,0.577441,0.584951,0.587293,0.596075,0.605263,0.606758,0.609361,0.13869,0.139034,0.14464,0.00279613,0.132007,0.136121,0.136721,0.140937,0.14723,0.148474,0.156924,0.13869,0.139034,0.14464,0.00279613,0.132007,0.136121,0.136721,0.140937,0.14723,0.148474,0.156924,0.940116,0.489555,0.689156,0.0306442,0.489714,0.493217,0.51428,0.525319,0.873676,0.88135,0.936642,0.940116,0.489555,0.689156,0.0306442,0.489714,0.493217,0.51428,0.525319,0.873676,0.88135,0.936642,0.357913,0.0199145,0.166782,0.0249537,0.016336,0.0169959,0.0191388,0.0212751,0.323479,0.330309,0.357913,0.352446,0.0199145,0.166782,0.0249537,0.016336,0.0169959,0.0191388,0.0212751,0.323479,0.330309,0.357913,-9999,-9999
201203,9.9,1.0,8.402,2.472,1.0,11.29,2.783,1.0,9.892,8.588,2.543,11.113,2.727,9.9,1.0,8.402,2.472,1.0,11.29,2.783,1.0,317.208,153.076,1.0,157.838,153.076,1.0,340.432,1.0,347.669,340.432,1.0,323.529,1.0,335.009,323.529,1.0,3.685,1.0,3.076,3.685,1.0,99.965,100.19,0.678763,2.544,3.474,1.0,3.358,3.674,0.679435,0.268847161437,0.569892473118,101.984548387,1.0,353.922174059,1.0,25.395985542,0.99126344086,364.807153226,1.0,397.673,0.995296,8.523,1.0,55.703,1.0,3.68356,1.0,55.2346,0.995968,93.8727,0.625917,2.65958,0.99664,4.52003,0.400602,0.992608,1,23.4194,24.5806,23.3548,24.5161,0.95352,0.95352,0.988575,0.988575,0.02342,0.02342,0.0322995,0.0322995,0.967524,0.967524,0.989919,0.989919,0.0241768,0.0241768,0.0328524,0.0328524,0.958923,0.958923,0.981435,0.981435,0.0036937,0.0036937,0.902058,0.935346,0.952685,0.963952,0.97559,0.979832,0.983378,0.902058,0.935346,0.952685,0.963952,0.97559,0.979832,0.983378,0.980511,0.956989,0.989247,0.971774,0.991263,0.991935,0.991935,0.980511,0.956989,0.989247,0.971774,0.991263,0.991935,0.991935,0.905201,0.905201,0.495813,0.495813,1.0,1.0,0.029599,0.0293563,0.0774034,0.0773109,0.918658,0.918658,1.13138,1.13138,0.977944,0.977944,0.0338665,0.0333307,0.0522318,0.051886,0.936539,0.936539,0.494458,0.494458,1.0,1.0,0.0305797,0.0305797,0.0777837,0.0777837,0.916831,0.916831,1.11338,1.11338,0.980525,0.980525,0.0349416,0.0349416,0.0529352,0.0529352,0.804563,0.816532,0.837847,0.932953,0.954218,0.959573,0.959685,0.804563,0.816532,0.837847,0.932953,0.954218,0.959573,0.959685,1.0,0.978962,0.97756,1.0,1.0,1.0,1.0,1.0,0.978962,0.97756,1.0,1.0,1.0,1.0,0.890619,0.900695,0.913673,0.918658,0.959004,0.980224,0.986553,0.890619,0.900695,0.913673,0.918658,0.959004,0.980224,0.986553,0.964754,0.983105,0.984449,0.977944,0.933383,0.938544,0.946286,0.964754,0.983105,0.984449,0.977944,0.933383,0.938544,0.946286,1.49942,1.49966,1.30753,0.0264464,1.11397,1.11913,1.12899,1.43202,1.45477,1.49823,1.50144,1.49942,1.49966,1.30753,0.0264464,1.11397,1.11913,1.12899,1.43202,1.45477,1.49823,1.50144,0.531895,0.532132,0.348607,0.0243971,0.154801,0.164646,0.192657,0.445296,0.479184,0.531895,0.5381,0.531895,0.532132,0.348607,0.0243971,0.154801,0.164646,0.192657,0.445296,0.479184,0.531895,0.5381,1.33664,1.17469,1.29066,0.018868,1.17521,1.17765,1.17961,1.18592,1.39705,1.44357,1.46714,1.33664,1.17469,1.29066,0.018868,1.17521,1.17765,1.17961,1.18592,1.39705,1.44357,1.46714,0.114789,0.0,0.0519125,0.00874839,0.0,0.0,0.0,0.0,0.107672,0.110251,0.114789,0.113553,0.0,0.0519125,0.00874839,0.0,0.0,0.0,0.0,0.107672,0.110251,0.114789,-9999,-9999
201204,9.877,1.0,7.618,2.27,1.0,11.595,2.911,1.0,9.838,7.761,2.598,11.423,3.21,9.877,1.0,7.618,2.27,1.0,11.595,2.911,1.0,401.737,216.416,1.0,214.222,216.416,1.0,333.509,1.0,329.454,333.509,1.0,306.148,1.0,310.087,306.148,1.0,5.58,1.0,4.864,5.58,1.0,99.836,100.091,0.721528,1.503,1.16,1.0,3.193,3.719,0.721528,0.280813796621,0.672916666667,138.632950694,1.0,484.735333333,1.0,41.1197322685,0.997916666667,368.667975,1.0,393.702,0.995833,9.6,1.0,47.18,1.0,7.55626,1.0,43.9142,0.999306,68.2055,0.691055,40.4848,1.0,62.879,0.698676,0.999306,1,20.6667,27.3333,20.6667,27.3,1.32289,1.32289,0.988194,0.988194,0.0392926,0.0392926,0.0419743,0.0419743,1.31134,1.31134,0.989583,0.989583,0.040049,0.040049,0.0426832,0.0426832,1.29831,1.29831,0.985226,0.985226,0.0020727,0.0020727,1.28389,1.28598,1.28623,1.29368,1.3067,1.31551,1.32247,1.28389,1.28598,1.28623,1.29368,1.3067,1.31551,1.32247,0.989583,0.990278,0.990278,0.990278,0.989583,0.988194,0.970833,0.989583,0.990278,0.990278,0.990278,0.989583,0.988194,0.970833,0.213764,0.213764,0.638889,0.638889,0.993939,0.993939,0.0507191,0.0513767,0.0569617,0.057548,2.07121,2.07121,2.06914,2.06914,0.9843,0.9843,0.0543304,0.0537476,0.0620814,0.0615719,0.234271,0.234271,0.636522,0.636522,0.993939,0.993939,0.0505442,0.0505442,0.056806,0.056806,2.03488,2.03488,2.09729,2.09729,0.986725,0.986725,0.055982,0.055982,0.0635317,0.0635317,0.051822,0.169297,0.192117,0.208128,0.215388,0.221151,0.227661,0.051822,0.169297,0.192117,0.208128,0.215388,0.221151,0.227661,1.0,0.993939,0.993939,0.993939,0.993939,0.993939,0.993939,1.0,0.993939,0.993939,0.993939,0.993939,0.993939,0.993939,2.00763,2.01113,2.0145,2.02169,2.06562,2.07121,2.14485,2.00763,2.01113,2.0145,2.02169,2.06562,2.07121,2.14485,0.987915,0.986725,0.987915,0.987915,0.9843,0.9843,0.947127,0.987915,0.986725,0.987915,0.987915,0.9843,0.9843,0.947127,0.567647,0.568191,0.555418,0.00644851,0.473741,0.502634,0.520839,0.567647,0.579716,0.601169,0.605054,0.567647,0.568191,0.555418,0.00644851,0.473741,0.502634,0.520839,0.567647,0.579716,0.601169,0.605054,-0.743694,-0.74315,-0.742895,0.00748644,-0.833756,-0.796556,-0.791127,-0.728273,-0.705961,-0.700078,-0.684784,-0.743694,-0.74315,-0.742895,0.00748644,-0.833756,-0.796556,-0.791127,-0.728273,-0.705961,-0.700078,-0.684784,2.25484,2.2158,2.09813,0.0541861,1.78981,1.80716,1.80915,1.88406,2.26176,2.48306,2.67364,2.25484,2.2158,2.09813,0.0541861,1.78981,1.80716,1.80915,1.88406,2.26176,2.48306,2.67364,0.0,0.0,0.0,0.0,0.0,0.0,0.0,0.0,0.0,0.0,0.0,0.0,0.0,0.0,0.0,0.0,0.0,0.0,0.0,0.0,0.0,0.0,-9999,-9999
201205,18.701,1.0,15.986,2.474,1.0,20.372,3.253,1.0,19.009,16.487,2.45,20.554,3.328,18.701,1.0,15.986,2.474,1.0,20.372,3.253,1.0,461.607,260.126,1.0,261.278,260.126,1.0,382.897,1.0,376.222,382.897,1.0,377.618,1.0,374.074,377.618,1.0,9.986,1.0,9.176,9.986,1.0,99.797,100.036,0.733199,1.078,1.925,1.0,2.474,3.072,0.733199,0.253204664912,0.733198924731,175.941933468,1.0,572.886752688,1.0,45.6690905291,0.996639784946,420.023979839,1.0,392.28,0.968414,17.856,1.0,51.968,1.0,12.5357,1.0,53.2705,0.989919,73.7173,1.11353,64.6452,0.995968,89.4579,1.07312,0.989247,1,18.2903,29.7097,18.2903,29.7097,2.68105,2.68105,0.936828,0.936828,0.0373854,0.0373854,0.0538101,0.0538101,2.66889,2.66889,0.944892,0.944892,0.0375772,0.0375772,0.0539436,0.0539436,2.69512,2.69512,0.932611,0.932611,0.00557133,0.00557133,2.66067,2.66172,2.66774,2.68105,2.71806,2.73913,2.76209,2.66067,2.66172,2.66774,2.68105,2.71806,2.73913,2.76209,0.948253,0.948925,0.946237,0.936828,0.926075,0.922715,0.912634,0.948253,0.948925,0.946237,0.936828,0.926075,0.922715,0.912634,1.57087,1.57087,0.745225,0.745225,0.915771,0.915771,0.0549825,0.054887,0.101288,0.101236,3.21021,3.21021,2.01093,2.01093,0.949309,0.949309,0.0473508,0.0468147,0.051516,0.0510238,1.55733,1.55733,0.738118,0.738118,0.930108,0.930108,0.0551644,0.0551644,0.101387,0.101387,3.19946,3.19946,2.02416,2.02416,0.95361,0.95361,0.0476378,0.0476378,0.05178,0.05178,1.53839,1.55077,1.55733,1.57395,1.69456,1.7209,1.82552,1.53839,1.55077,1.55733,1.57395,1.69456,1.7209,1.82552,0.930108,0.930108,0.930108,0.930108,0.890681,0.848029,0.882079,0.930108,0.930108,0.930108,0.930108,0.890681,0.848029,0.882079,3.14465,3.17154,3.18678,3.19588,3.20965,3.21212,3.21707,3.14465,3.17154,3.18678,3.19588,3.20965,3.21212,3.21707,0.920014,0.929917,0.959908,0.955684,0.956682,0.949309,0.940707,0.920014,0.929917,0.959908,0.955684,0.956682,0.949309,0.940707,1.92522,1.92591,2.12529,0.0429311,1.82718,1.89148,1.91747,1.94771,2.36495,2.51482,2.56837,1.92522,1.92591,2.12529,0.0429311,1.82718,1.89148,1.91747,1.94771,2.36495,2.51482,2.56837,-0.74742,-0.742977,-0.569839,0.038805,-0.83355,-0.771258,-0.765107,-0.730585,-0.367788,-0.247269,-0.12636,-0.74742,-0.742977,-0.569839,0.038805,-0.83355,-0.771258,-0.765107,-0.730585,-0.367788,-0.247269,-0.12636,3.13878,3.36017,3.17713,0.0245485,2.95147,2.98515,3.04379,3.17849,3.22052,3.24752,3.46357,3.13878,3.36017,3.17713,0.0245485,2.95147,2.98515,3.04379,3.17849,3.22052,3.24752,3.46357,0.0,0.0139278,0.0159264,0.000772395,0.0,0.0137116,0.0140264,0.0154816,0.0187075,0.0197075,0.0239569,0.0156518,0.0139278,0.0159264,0.000772395,0.0,0.0137116,0.0140264,0.0154816,0.0187075,0.0197075,0.0239569,-9999,-9999
201206,22.52,1.0,19.618,2.47,1.0,24.145,3.418,1.0,22.18,19.443,2.401,23.712,3.193,22.52,1.0,19.618,2.47,1.0,24.145,3.418,1.0,486.453,293.891,1.0,269.461,293.891,1.0,401.178,1.0,386.172,401.178,1.0,399.033,1.0,387.687,399.033,1.0,13.067,1.0,11.904,13.067,1.0,99.672,99.917,0.84375,1.084,1.863,1.0,2.771,2.801,0.84375,0.287129498209,0.84375,188.551488889,1.0,653.633948892,0.999305555556,57.3407846284,0.995138888889,444.937904167,1.0,380.817,0.990278,22.038,1.0,53.55,1.0,13.9587,1.0,85.2496,0.994444,109.602,0.933544,50.6351,0.996528,65.0997,0.654304,0.993056,1,17.2333,30.7667,17.2333,30.7667,0.330883,0.330883,0.9625,0.9625,0.0539562,0.0539562,0.108122,0.108122,0.325825,0.325825,0.969444,0.969444,0.053638,0.053638,0.107964,0.107964,0.366464,0.366464,0.958559,0.958559,0.0147362,0.0147362,0.274009,0.28927,0.291149,0.327175,0.419157,0.476665,0.550633,0.274009,0.28927,0.291149,0.327175,0.419157,0.476665,0.550633,0.977778,0.977778,0.977778,0.972917,0.941667,0.933333,0.917361,0.977778,0.977778,0.977778,0.972917,0.941667,0.933333,0.917361,2.69071,2.69071,0.667865,0.667865,0.964706,0.964706,0.046947,0.0425457,0.214057,0.213135,-0.983746,-0.983746,2.78045,2.78045,0.961254,0.961254,0.076738,0.0784153,0.0803759,0.0819789,2.66437,2.66437,0.725655,0.725655,0.976471,0.976471,0.0475812,0.0475812,0.214197,0.214197,-0.976685,-0.976685,2.79657,2.79657,0.965556,0.965556,0.0761086,0.0761086,0.0797753,0.0797753,2.5825,2.59715,2.59804,2.66328,2.89943,3.01484,3.19377,2.5825,2.59715,2.59804,2.66328,2.89943,3.01484,3.19377,0.986275,0.986275,0.986275,0.980392,0.941176,0.929412,0.890196,0.986275,0.986275,0.986275,0.980392,0.941176,0.929412,0.890196,-1.01289,-0.994202,-0.994089,-0.981351,-0.966495,-0.946386,-0.943589,-1.01289,-0.994202,-0.994089,-0.981351,-0.966495,-0.946386,-0.943589,0.974158,0.973082,0.972007,0.970932,0.941792,0.936416,0.912796,0.974158,0.973082,0.972007,0.970932,0.941792,0.936416,0.912796,2.96692,3.01196,3.05624,0.0307306,2.83308,2.85521,2.87779,2.96692,3.28126,3.30256,3.31274,2.96692,3.01196,3.05624,0.0307306,2.83308,2.85521,2.87779,2.96692,3.28126,3.30256,3.31274,2.64917,2.68613,2.68978,0.0178551,2.55907,2.5674,2.58443,2.64917,2.79817,2.82681,2.85787,2.64917,2.68613,2.68978,0.0178551,2.55907,2.5674,2.58443,2.64917,2.79817,2.82681,2.85787,2.8893,2.94383,3.03033,0.0350933,2.70076,2.85973,2.87487,2.94193,3.09496,3.29339,3.49745,2.8893,2.94383,3.03033,0.0350933,2.70076,2.85973,2.87487,2.94193,3.09496,3.29339,3.49745,2.54804,2.59508,2.65012,0.0217367,2.4769,2.55431,2.56875,2.59271,2.6957,2.80613,2.94322,2.60954,2.59508,2.65012,0.0217367,2.4769,2.55431,2.56875,2.59271,2.6957,2.80613,2.94322,-9999,-9999
201207,25.248,1.0,22.325,1.976,1.0,26.922,3.327,1.0,26.095,23.717,2.061,27.459,3.007,25.248,1.0,22.325,1.976,1.0,26.922,3.327,1.0,472.297,272.124,1.0,262.538,272.124,1.0,424.662,1.0,414.189,424.662,1.0,441.777,1.0,426.02,441.777,1.0,11.719,1.0,13.476,11.719,1.0,99.722,99.966,0.822581,1.494,1.565,1.0,2.092,1.956,0.822581,0.263154228863,0.806451612903,182.507502016,1.0,626.725803763,1.0,52.1734318538,0.996639784946,460.672606183,1.0,369.584,0.991263,25.319,1.0,49.673,1.0,10.031,1.0,126.849,0.995968,150.259,1.30347,18.7563,0.997312,22.2177,0.415846,0.993952,1,17.5484,30.4516,17.4839,30.4516,-5.61494,-5.61494,0.962366,0.962366,0.112133,0.112133,0.347989,0.347989,-5.71703,-5.71703,0.962366,0.962366,0.113861,0.113861,0.34855,0.34855,-5.60742,-5.60742,0.955561,0.955561,0.0451686,0.0451686,-5.93486,-5.88623,-5.84557,-5.72073,-5.35747,-5.22737,-5.11374,-5.93486,-5.88623,-5.84557,-5.72073,-5.35747,-5.22737,-5.11374,0.972446,0.97379,0.963038,0.962366,0.946237,0.935484,0.918011,0.972446,0.97379,0.963038,0.962366,0.946237,0.935484,0.918011,5.7654,5.7654,1.13582,1.13582,0.958571,0.958571,0.0722031,0.0734093,0.856257,0.85636,-11.9064,-11.9064,10.8355,10.8355,0.964234,0.964234,0.165025,0.166939,0.172319,0.174153,5.53869,5.53869,1.28334,1.28334,0.952667,0.952667,0.0796158,0.0796158,0.856914,0.856914,-11.9311,-11.9311,10.7985,10.7985,0.967427,0.967427,0.16656,0.16656,0.173789,0.173789,4.82314,4.94088,5.11837,5.53728,6.33015,6.6473,6.97894,4.82314,4.94088,5.11837,5.53728,6.33015,6.6473,6.97894,0.966161,0.971642,0.950664,0.952667,0.95098,0.9358,0.921885,0.966161,0.971642,0.950664,0.952667,0.95098,0.9358,0.921885,-11.9493,-11.9252,-11.9064,-11.8821,-11.8476,-11.826,-11.8075,-11.9493,-11.9252,-11.9064,-11.8821,-11.8476,-11.826,-11.8075,0.971696,0.967427,0.964234,0.969615,0.974853,0.945503,0.938113,0.971696,0.967427,0.964234,0.969615,0.974853,0.945503,0.938113,5.93838,5.93938,5.91398,0.0749869,5.23889,5.39128,5.59715,5.82371,6.27089,6.49006,6.70202,5.93838,5.93938,5.91398,0.0749869,5.23889,5.39128,5.59715,5.82371,6.27089,6.49006,6.70202,11.6591,11.6564,11.5214,0.0362543,11.1738,11.2176,11.3038,11.5652,11.6892,11.7044,11.8328,11.6591,11.6564,11.5214,0.0362543,11.1738,11.2176,11.3038,11.5652,11.6892,11.7044,11.8328,7.80096,7.7129,7.53498,0.109553,6.29163,6.98384,7.05305,7.48293,7.87504,7.99247,9.1347,7.80096,7.7129,7.53498,0.109553,6.29163,6.98384,7.05305,7.48293,7.87504,7.99247,9.1347,12.7262,12.6864,12.6238,0.074288,11.8196,12.2222,12.3207,12.5965,12.8292,12.942,13.6897,12.7895,12.6864,12.6238,0.074288,11.8196,12.2222,12.3207,12.5965,12.8292,12.942,13.6897,-9999,-9999
201208,21.164,1.0,18.037,1.82,1.0,23.351,3.236,1.0,21.597,19.297,2.031,23.202,3.081,21.164,1.0,18.037,1.82,1.0,23.351,3.236,1.0,421.633,231.376,0.997312,221.801,231.188,0.997312,398.877,1.0,384.656,398.877,1.0,409.538,0.997312,385.614,409.484,0.997312,7.607,1.0,8.646,7.607,1.0,99.777,100.005,0.783602,2.463,3.597,1.0,1.959,1.552,0.783602,0.213712957091,0.783602150538,159.601975806,1.0,476.55403217,0.998655913978,41.1590506949,0.995295698925,429.354849462,1.0,386.561,0.995296,20.668,1.0,45.475,1.0,0.86889,1.0,112.522,0.995968,147.72,0.997996,8.4739,1.0,11.1246,0.331206,0.995968,1,19.6774,28.3226,19.5806,28.2903,-6.50561,-6.50561,0.932796,0.932796,0.119567,0.119567,0.236136,0.236136,-6.54044,-6.54044,0.954973,0.954973,0.122226,0.122226,0.237493,0.237493,-6.62339,-6.62339,0.920699,0.920699,0.0275039,0.0275039,-6.88602,-6.83217,-6.7732,-6.61218,-6.46603,-6.42492,-6.39906,-6.88602,-6.83217,-6.7732,-6.61218,-6.46603,-6.42492,-6.39906,0.974462,0.972446,0.964382,0.84543,0.911962,0.86828,0.804435,0.974462,0.972446,0.964382,0.84543,0.911962,0.86828,0.804435,7.34892,7.34892,1.7544,1.7544,0.931494,0.931494,0.0643915,0.0539212,0.82269,0.821937,-15.7079,-15.7079,13.7554,13.7554,0.933187,0.933187,0.183266,0.18625,0.388457,0.389874,7.06714,7.06714,1.58259,1.58259,0.962649,0.962649,0.10721,0.10721,0.827144,0.827144,-15.5761,-15.5761,13.6077,13.6077,0.949282,0.949282,0.184975,0.184975,0.389266,0.389266,6.07747,6.21578,6.40962,6.95883,7.77336,7.85611,8.47201,6.07747,6.21578,6.40962,6.95883,7.77336,7.85611,8.47201,0.972965,0.967871,0.964645,0.962649,0.807268,0.773611,0.697728,0.972965,0.967871,0.964645,0.962649,0.807268,0.773611,0.697728,-16.3884,-16.1482,-15.8746,-15.5666,-15.4994,-15.4632,-15.4517,-16.3884,-16.1482,-15.8746,-15.5666,-15.4994,-15.4632,-15.4517,0.878804,0.904794,0.910393,0.946978,0.964311,0.975755,0.976907,0.878804,0.904794,0.910393,0.946978,0.964311,0.975755,0.976907,7.31563,7.51572,7.48186,0.143423,6.39068,6.5309,6.66886,7.57225,8.04294,8.22531,9.12829,7.31563,7.51572,7.48186,0.143423,6.39068,6.5309,6.66886,7.57225,8.04294,8.22531,9.12829,13.9167,14.0562,14.1052,0.123001,13.2737,13.3631,13.438,14.055,14.5613,14.6313,15.6493,13.9167,14.0562,14.1052,0.123001,13.2737,13.3631,13.438,14.055,14.5613,14.6313,15.6493,8.60835,10.3228,8.85801,0.179114,7.03623,7.29136,7.94959,9.25777,9.77048,9.96723,10.3682,8.60835,10.3228,8.85801,0.179114,7.03623,7.29136,7.94959,9.25777,9.77048,9.96723,10.3682,13.9191,15.3159,14.4256,0.128429,13.1463,13.4997,13.6414,14.7816,15.0832,15.2174,15.352,14.7901,15.3159,14.4256,0.128429,13.1463,13.4997,13.6414,14.7816,15.0832,15.2174,15.352,-9999,-9999
201209,17.084,1.0,14.47,2.266,1.0,19.384,3.249,1.0,16.87,15.208,2.008,18.338,2.849,17.084,1.0,14.47,2.266,1.0,19.384,3.249,1.0,345.179,173.79,1.0,161.73,173.79,1.0,375.186,1.0,365.621,375.186,1.0,379.566,1.0,359.57,379.566,1.0,6.05,1.0,5.466,6.05,1.0,99.89,100.134,0.797222,2.427,2.472,1.0,2.353,1.713,0.797222,0.245039853433,0.780555555556,116.430536806,1.0,355.9873125,1.0,25.8935524537,0.995833333333,405.193402083,1.0,391.702,0.99375,17.08,1.0,53.828,1.0,-1.286,1.0,53.3435,0.995139,80.4003,0.631583,24.7847,0.999306,37.356,0.393984,0.995139,1,22.4333,25.5667,22.4,25.5667,1.22391,1.22391,0.935417,0.935417,0.0679164,0.0679164,0.100591,0.100591,1.13056,1.13056,0.959028,0.959028,0.0698483,0.0698483,0.101906,0.101906,1.15509,1.15509,0.94849,0.94849,0.00979806,0.00979806,1.06149,1.07786,1.10664,1.13119,1.20815,1.22626,1.2392,1.06149,1.07786,1.10664,1.13119,1.20815,1.22626,1.2392,0.979861,0.972222,0.972222,0.971528,0.934028,0.919444,0.957639,0.979861,0.972222,0.972222,0.971528,0.934028,0.919444,0.957639,3.53567,3.53567,1.15824,1.15824,0.908366,0.908366,0.0354893,0.033823,0.175519,0.17519,-0.738546,-0.738546,3.96242,3.96242,0.958397,0.958397,0.118862,0.128266,0.130161,0.138801,3.35761,3.35761,1.23188,1.23188,0.956719,0.956719,0.0450226,0.0450226,0.177692,0.177692,-0.754346,-0.754346,3.93646,3.93646,0.96091,0.96091,0.119962,0.119962,0.131166,0.131166,3.22996,3.25474,3.30931,3.35761,3.5748,3.59853,3.70404,3.22996,3.25474,3.30931,3.35761,3.5748,3.59853,3.70404,0.985507,0.985507,0.985507,0.956719,0.953821,0.906851,0.865007,0.985507,0.985507,0.985507,0.956719,0.953821,0.906851,0.865007,-0.871056,-0.850998,-0.82394,-0.767065,-0.752937,-0.744913,-0.738546,-0.871056,-0.850998,-0.82394,-0.767065,-0.752937,-0.744913,-0.738546,0.953269,0.917099,0.93024,0.958346,0.959679,0.96091,0.958397,0.953269,0.917099,0.93024,0.958346,0.959679,0.96091,0.958397,3.87149,3.87235,3.9848,0.0424189,3.63225,3.68295,3.74682,3.87149,4.17811,4.21121,4.24378,3.87149,3.87235,3.9848,0.0424189,3.63225,3.68295,3.74682,3.87149,4.17811,4.21121,4.24378,2.74808,2.74179,2.82971,0.033308,2.56544,2.59464,2.62125,2.74999,2.98377,3.00859,3.07234,2.74808,2.74179,2.82971,0.033308,2.56544,2.59464,2.62125,2.74999,2.98377,3.00859,3.07234,5.54439,5.6695,5.31089,0.0981662,3.87031,4.57384,5.1251,5.29339,5.71255,5.74263,5.81647,5.54439,5.6695,5.31089,0.0981662,3.87031,4.57384,5.1251,5.29339,5.71255,5.74263,5.81647,4.33455,4.44831,4.10799,0.0544956,3.45627,3.58416,3.97252,4.15607,4.30565,4.43055,4.49943,4.32838,4.44831,4.10799,0.0544956,3.45627,3.58416,3.97252,4.15607,4.30565,4.43055,4.49943,-9999,-9999
201210,11.483,1.0,10.357,2.425,1.0,12.706,2.288,1.0,11.125,10.302,2.083,12.011,2.05,11.483,1.0,10.357,2.425,1.0,12.706,2.288,1.0,257.765,102.794,1.0,103.49,102.794,1.0,351.486,1.0,350.175,351.486,1.0,339.021,1.0,338.438,339.021,1.0,4.265,1.0,3.682,4.265,1.0,99.649,99.901,0.745968,2.156,1.401,1.0,3.689,3.785,0.745968,0.325756807739,0.659274193548,65.4866155914,1.0,211.522162634,1.0,15.571056852,0.997311827957,371.789801747,1.0,380.929,0.995296,10.992,1.0,51.69,1.0,-3.72871,1.0,44.6942,0.997312,65.0697,0.528192,2.771,0.995296,4.03427,0.319249,0.995296,1,25.1613,22.8387,25.1613,22.8387,1.45546,1.45546,0.989919,0.989919,0.0357769,0.0357769,0.121747,0.121747,1.44248,1.44248,0.990591,0.990591,0.0359127,0.0359127,0.121787,0.121787,1.41752,1.41752,0.98839,0.98839,0.014904,0.014904,1.27632,1.3173,1.3245,1.41439,1.48309,1.55004,1.56555,1.27632,1.3173,1.3245,1.41439,1.48309,1.55004,1.56555,0.992608,0.992608,0.991935,0.991263,0.989919,0.990591,0.982527,0.992608,0.992608,0.991935,0.991263,0.989919,0.990591,0.982527,2.17119,2.17119,1.34978,1.34978,0.99871,0.99871,0.0492393,0.0490831,0.202806,0.202768,0.492049,0.492049,1.697,1.697,0.980301,0.980301,0.0480369,0.0476719,0.0718424,0.0715988,2.16151,2.16151,1.34717,1.34717,0.99871,0.99871,0.0492039,0.0492039,0.202797,0.202797,0.476546,0.476546,1.71271,1.71271,0.981703,0.981703,0.0484944,0.0484944,0.0721491,0.0721491,1.88529,1.90582,1.98225,2.12692,2.19563,2.2993,2.32694,1.88529,1.90582,1.98225,2.12692,2.19563,2.2993,2.32694,1.0,0.979839,1.0,0.99871,0.99871,0.99871,0.996022,1.0,0.979839,1.0,0.99871,0.99871,0.99871,0.996022,0.430217,0.434163,0.439056,0.475917,0.521652,0.541005,0.543136,0.430217,0.434163,0.439056,0.475917,0.521652,0.541005,0.543136,0.984508,0.983106,0.981703,0.981703,0.980301,0.973464,0.981703,0.984508,0.983106,0.981703,0.981703,0.980301,0.973464,0.981703,1.99449,1.99667,2.04891,0.0129785,1.95779,1.96097,1.9901,1.99667,2.12722,2.14825,2.18842,1.99449,1.99667,2.04891,0.0129785,1.95779,1.96097,1.9901,1.99667,2.12722,2.14825,2.18842,0.550814,0.554189,0.63139,0.0130322,0.550814,0.563667,0.57157,0.597206,0.663006,0.690404,0.814477,0.550814,0.554189,0.63139,0.0130322,0.550814,0.563667,0.57157,0.597206,0.663006,0.690404,0.814477,2.38066,2.36805,2.4041,0.0145226,2.28312,2.29714,2.30428,2.41163,2.46707,2.47906,2.56819,2.38066,2.36805,2.4041,0.0145226,2.28312,2.29714,2.30428,2.41163,2.46707,2.47906,2.56819,0.887238,0.883583,0.904265,0.00636666,0.854779,0.856519,0.858263,0.905228,0.927946,0.941148,0.980538,0.884456,0.883583,0.904265,0.00636666,0.854779,0.856519,0.858263,0.905228,0.927946,0.941148,0.980538,-9999,-9999
201211,4.199,1.0,3.038,2.352,1.0,5.78,2.777,1.0,3.989,2.94,2.131,5.409,2.273,4.199,1.0,3.038,2.352,1.0,5.78,2.777,1.0,183.638,88.672,1.0,86.369,88.672,1.0,312.286,0.991667,308.544,312.203,0.991667,282.774,0.991667,281.478,283.055,0.991667,2.657,0.991667,2.334,2.66,0.991667,100.425,100.522,0.245139,0.402,0.542,0.996528,2.475,2.492,0.245139,-9999,-9999,44.9645457917,0.747222222222,182.655538318,0.9875,13.5112407063,0.925694444444,333.738776883,0.747222222222,383.013,0.63125,4.453,0.991667,49.575,0.991667,-6.77444,0.991667,28.8054,0.982639,45.8486,0.427939,-1.14315,0.651389,-1.81951,0.298756,2.0,2,27.5667,20.4333,27.5667,20.4333,-1.08648,-1.08648,0.628472,0.628472,0.0373025,0.0373025,0.0476046,0.0476046,-1.11051,-1.11051,0.627778,0.627778,0.0375331,0.0375331,0.0477854,0.0477854,-1.09523,-1.09523,0.629149,0.629149,0.00443026,0.00443026,-1.12295,-1.12142,-1.12003,-1.10978,-1.06984,-1.06227,-1.04925,-1.12295,-1.12142,-1.12003,-1.10978,-1.06984,-1.06227,-1.04925,0.629167,0.629167,0.629167,0.627083,0.629861,0.630556,0.630556,0.629167,0.629167,0.629167,0.627083,0.629861,0.630556,0.630556,1.2401,1.2401,0.421443,0.421443,0.680291,0.680291,0.0327063,0.0326599,0.0564917,0.0564648,-4.13685,-4.13685,3.17053,3.17053,0.560714,0.560714,0.0719966,0.0723251,0.0737911,0.0741116,1.22391,1.22391,0.426231,0.426231,0.680291,0.680291,0.0328575,0.0328575,0.0565794,0.0565794,-4.17005,-4.17005,3.17913,3.17913,0.559048,0.559048,0.0724836,0.0724836,0.0742664,0.0742664,1.22254,1.22254,1.22396,1.2256,1.29718,1.31466,1.32776,1.22254,1.22254,1.22396,1.2256,1.29718,1.31466,1.32776,0.680291,0.680291,0.680291,0.680291,0.680291,0.680291,0.680291,0.680291,0.680291,0.680291,0.680291,0.680291,0.680291,0.680291,-4.2009,-4.19709,-4.19336,-4.18574,-4.16855,-4.16474,-4.15504,-4.2009,-4.19709,-4.19336,-4.18574,-4.16855,-4.16474,-4.15504,0.56396,0.562381,0.562381,0.562381,0.564048,0.565547,0.557381,0.56396,0.562381,0.562381,0.562381,0.564048,0.565547,0.557381,1.27961,1.278,1.31751,0.00996699,1.23249,1.2761,1.27767,1.29908,1.34885,1.41967,1.42699,1.27961,1.278,1.31751,0.00996699,1.23249,1.2761,1.27767,1.29908,1.34885,1.41967,1.42699,2.38819,2.38851,2.41274,0.00623546,2.3525,2.38819,2.39469,2.40101,2.42199,2.47224,2.4837,2.38819,2.38851,2.41274,0.00623546,2.3525,2.38819,2.39469,2.40101,2.42199,2.47224,2.4837,1.62443,1.62202,1.64903,0.00770926,1.59812,1.61138,1.61393,1.62202,1.67005,1.7166,1.73933,1.62443,1.62202,1.64903,0.00770926,1.59812,1.61138,1.61393,1.62202,1.67005,1.7166,1.73933,2.57835,2.5836,2.59318,0.00626291,2.54544,2.57111,2.57401,2.57708,2.59396,2.65479,2.68894,2.58126,2.5836,2.59318,0.00626291,2.54544,2.57111,2.57401,2.57708,2.59396,2.65479,2.68894,-9999,-9999
201212,2.623,1.0,2.076,1.834,1.0,3.467,1.539,1.0,2.514,1.946,1.793,3.387,1.298,2.623,1.0,2.076,1.834,1.0,3.467,1.539,1.0,149.197,51.085,1.0,45.656,51.085,1.0,313.344,0.99664,323.211,313.287,0.99664,282.716,0.99664,301.545,282.717,0.99664,1.41,0.99664,1.4,1.412,0.99664,99.768,100.038,0.702957,1.977,1.237,1.0,3.172,3.267,0.702957,0.273154671288,0.640456989247,15.9531294643,0.903225806452,112.515909274,1.0,14.1074784523,0.956989247312,327.513185268,0.903225806452,387.016,0.990591,3.294,0.99664,48.421,0.99664,-4.34956,0.99664,19.0607,0.991935,32.9262,0.340672,-5.836,0.985215,-10.0814,0.26493,0.926747,1,29.129,18.871,29.129,18.8387,-0.418461,-0.419355,0.981855,0.981183,0.032948,0.0330627,0.043932,0.0442269,-0.403033,-0.402297,0.983871,0.983871,0.0330947,0.0331074,0.0440422,0.0442604,-0.421771,-0.422571,0.979217,0.978511,0.00446722,0.00455119,-0.476859,-0.455031,-0.447055,-0.409097,-0.401068,-0.396912,-0.390286,-0.476821,-0.455662,-0.447332,-0.409097,-0.401068,-0.396912,-0.390286,0.955645,0.972446,0.973118,0.985215,0.984543,0.985215,0.987903,0.955645,0.97379,0.973118,0.985215,0.984543,0.985215,0.987903,1.12423,1.12295,0.351399,0.353374,0.998888,0.997775,0.0182438,0.0186554,0.0199896,0.0210449,-2.77108,-2.77129,2.70563,2.70552,0.955763,0.955763,0.0757621,0.0761244,0.10608,0.106373,1.13876,1.13963,0.370722,0.370682,1.0,1.0,0.0179633,0.0179924,0.0197339,0.0204595,-2.7559,-2.75544,2.70342,2.7037,0.959253,0.959253,0.0763056,0.0763222,0.106469,0.106514,1.11648,1.12359,1.1337,1.13517,1.13913,1.13993,1.14233,1.1068,1.12032,1.1337,1.13518,1.13947,1.1398,1.14195,0.997775,0.997775,1.0,1.0,0.984427,1.0,0.961068,0.985539,0.985539,1.0,0.984427,1.0,1.0,0.961068,-2.93382,-2.8879,-2.86054,-2.765,-2.74531,-2.7394,-2.72741,-2.93383,-2.888,-2.86062,-2.765,-2.74531,-2.7394,-2.72741,0.947085,0.950481,0.953877,0.962649,0.960951,0.962649,0.96944,0.947085,0.950481,0.953877,0.962649,0.960951,0.962649,0.96944,1.23529,1.23435,1.24344,0.00367338,1.21331,1.22362,1.23131,1.23435,1.26268,1.27563,1.28255,1.23529,1.23435,1.24344,0.00367338,1.21331,1.22362,1.23131,1.23435,1.26268,1.27563,1.28255,1.63759,1.63665,1.66601,0.00777158,1.6145,1.6234,1.62917,1.64074,1.71575,1.73328,1.75637,1.63832,1.63738,1.66521,0.00772666,1.6145,1.6234,1.62917,1.64074,1.71469,1.73265,1.75636,0.785442,0.804565,0.806359,0.0150637,0.639935,0.706811,0.72424,0.804565,0.857032,0.87422,0.890882,0.785442,0.804565,0.806359,0.0150637,0.639935,0.706811,0.72424,0.804565,0.857032,0.87422,0.890882,1.39655,1.41,1.47407,0.00850292,1.40721,1.4197,1.43201,1.46568,1.49981,1.50307,1.58774,1.40721,1.41,1.47407,0.00850292,1.40721,1.4197,1.43201,1.46568,1.49981,1.50307,1.58774,-9999,-9999
201301,-1.464,1.0,-2.12,2.718,1.0,-0.521,1.533,1.0,-1.271,-1.905,2.356,-0.357,1.345,-1.464,1.0,-2.12,2.718,1.0,-0.521,1.533,1.0,166.692,71.931,1.0,72.406,71.931,1.0,289.452,1.0,303.22,289.452,1.0,252.941,1.0,274.195,252.941,1.0,1.374,1.0,1.353,1.374,1.0,100.138,100.499,0.747312,3.032,1.983,1.0,3.84,3.69,0.747312,0.275993992897,0.725806451613,22.9625564516,1.0,162.450356183,1.0,28.8579166381,0.999327956989,308.217879032,1.0,391.654,0.974462,0.588,1.0,40.193,1.0,-3.2446,1.0,17.2762,0.997984,29.6528,0.305598,-2.0259,1.0,-3.47725,0.358779,0.997984,1,28.3871,19.6129,28.3871,19.6129,0.533454,0.55644,0.975806,0.975806,0.0221839,0.020785,0.0548994,0.0583321,0.526612,0.534643,0.976478,0.976478,0.0218973,0.0221117,0.0547842,0.0588179,0.528439,0.535072,0.978562,0.978159,0.0071906,0.0078395,0.45752,0.47771,0.478835,0.524984,0.559843,0.578145,0.605305,0.476291,0.478273,0.478835,0.529626,0.575862,0.58728,0.610127,0.985887,0.985887,0.985887,0.976478,0.975806,0.975134,0.969086,0.985887,0.985887,0.985887,0.976478,0.975134,0.975134,0.967742,1.21883,1.23836,0.361572,0.35401,0.974251,0.974251,0.0195337,0.0201248,0.0615442,0.0657753,-0.541219,-0.514434,1.43198,1.4378,0.979222,0.979222,0.0440215,0.0398475,0.0569547,0.0572041,1.21289,1.21673,0.361739,0.362042,0.974251,0.974251,0.0191884,0.0193557,0.0614355,0.065544,-0.548892,-0.535572,1.43644,1.42773,0.980758,0.980758,0.0435387,0.0439841,0.0565825,0.0601588,1.12101,1.15363,1.15551,1.21289,1.24694,1.27035,1.28942,1.15172,1.15363,1.15551,1.21551,1.26628,1.27887,1.29658,0.98315,0.98315,0.98315,0.974251,0.974251,0.974251,0.967577,0.98315,0.98315,0.98315,0.974251,0.974251,0.967577,0.965188,-0.578399,-0.577807,-0.57643,-0.54924,-0.514425,-0.505531,-0.469171,-0.578342,-0.577844,-0.576436,-0.54575,-0.506404,-0.495759,-0.468461,0.990298,0.990298,0.990298,0.985367,0.979222,0.977524,0.972431,0.990298,0.990298,0.990298,0.980758,0.977524,0.977524,0.972431,1.24931,1.2481,1.22766,0.0102097,1.14002,1.16623,1.16649,1.23504,1.27701,1.2874,1.32065,1.16375,1.16375,1.22033,0.0100932,1.08966,1.15416,1.16632,1.23508,1.27377,1.28486,1.31836,0.719679,0.713461,0.692587,0.00507555,0.632012,0.638764,0.687392,0.694477,0.718604,0.720971,0.727265,0.638764,0.637136,0.691889,0.00566829,0.627519,0.635985,0.650166,0.696698,0.721518,0.724704,0.727265,1.31561,1.22,1.1822,0.0117034,1.10686,1.11438,1.11569,1.14865,1.23022,1.25325,1.31596,1.22,1.18269,1.18182,0.0117455,1.10686,1.11438,1.11569,1.14865,1.2303,1.26768,1.3264,0.655426,0.617224,0.617531,0.00512619,0.58502,0.587213,0.587604,0.605732,0.651171,0.661123,0.670554,0.621584,0.602078,0.615453,0.00504989,0.585016,0.587125,0.587574,0.602031,0.650947,0.657873,0.668128,-9999,-9999
201302,-2.541,1.0,-3.114,2.117,1.0,-1.84,1.646,1.0,-2.785,-3.647,2.4,-1.75,1.764,-2.541,1.0,-3.114,2.117,1.0,-1.84,1.646,1.0,228.561,92.252,1.0,108.372,92.252,1.0,287.494,1.0,299.057,287.494,1.0,244.773,1.0,268.498,244.773,1.0,1.293,1.0,1.285,1.293,1.0,99.747,100.099,0.729911,2.172,1.932,1.0,3.505,3.683,0.729911,0.293979305343,0.683779761905,39.6027514881,1.0,205.805873512,1.0,34.4645548236,0.994791666667,304.52936756,1.0,391.456,0.997768,-0.567,1.0,35.164,1.0,-3.15001,1.0,21.2623,0.998512,34.0131,0.31885,5.09685,0.997024,8.15337,0.319259,0.99628,1,26.1786,21.8214,26.1786,21.8214,0.463947,0.49543,0.981399,0.978423,0.0264164,0.0263389,0.0677385,0.0722791,0.431332,0.462445,0.984375,0.981399,0.0264064,0.0264533,0.0677347,0.0723209,0.461003,0.471235,0.982143,0.980711,0.00914787,0.00991337,0.402741,0.406993,0.409735,0.431587,0.495817,0.531744,0.557927,0.402741,0.406492,0.408108,0.458146,0.529293,0.541111,0.567394,0.989583,0.989583,0.989583,0.984375,0.97619,0.970982,0.967262,0.989583,0.989583,0.989583,0.980655,0.970982,0.96875,0.967262,1.12539,1.15323,0.391402,0.392197,0.996032,0.996032,0.0268927,0.0272913,0.0435166,0.0500736,-0.374315,-0.341062,1.32944,1.3292,0.962662,0.955782,0.0457665,0.0453701,0.104275,0.106921,1.11183,1.12585,0.394126,0.390697,0.996032,0.996032,0.0268977,0.0268633,0.0435197,0.0498416,-0.428344,-0.377871,1.3085,1.33297,0.96962,0.962662,0.0457365,0.045887,0.104262,0.107141,1.10651,1.10877,1.10929,1.1123,1.15632,1.17719,1.21788,1.10651,1.10877,1.10954,1.12008,1.17346,1.19273,1.23865,0.996032,0.996032,0.996032,0.996032,0.994709,0.994709,0.994709,0.996032,0.996032,0.996032,0.996032,0.994709,0.994709,0.994709,-0.485343,-0.479653,-0.473846,-0.428291,-0.341062,-0.292264,-0.285335,-0.485343,-0.48011,-0.474535,-0.379893,-0.297886,-0.286475,-0.283793,0.981524,0.981524,0.981524,0.96962,0.955782,0.931973,0.94898,0.981524,0.981524,0.981524,0.961039,0.926871,0.931973,0.935374,1.13615,1.13994,1.12167,0.00838373,1.03004,1.08092,1.08101,1.12399,1.15899,1.1881,1.19508,1.0377,1.03836,1.11602,0.00802142,1.02913,1.07392,1.08101,1.12399,1.15372,1.17051,1.19508,0.678008,0.677495,0.65043,0.00630882,0.589791,0.607025,0.637493,0.662156,0.673904,0.6758,0.67954,0.606109,0.607025,0.655017,0.00665512,0.593209,0.613608,0.635888,0.6662,0.674819,0.678456,0.711989,0.932753,0.817902,0.900187,0.0137113,0.730953,0.800405,0.815031,0.925984,0.943426,0.977102,1.0073,0.817902,0.789865,0.889001,0.0128167,0.789542,0.80761,0.817902,0.885729,0.936572,0.959993,0.98917,0.740147,0.688565,0.693625,0.00517745,0.626324,0.657987,0.676319,0.694125,0.718464,0.725108,0.732966,0.690178,0.676319,0.692352,0.00452538,0.630089,0.666379,0.676323,0.692379,0.715205,0.719298,0.727994,-9999,-9999
201303,1.098,1.0,0.009,1.783,1.0,2.128,1.863,1.0,1.151,-0.139,1.92,2.384,2.276,1.098,1.0,0.009,1.783,1.0,2.128,1.863,1.0,314.227,133.746,1.0,157.711,133.746,1.0,299.316,1.0,307.715,299.316,1.0,262.719,1.0,280.345,262.719,1.0,2.247,1.0,2.165,2.247,1.0,99.844,100.158,0.814516,1.015,0.442,1.0,3.274,3.705,0.814516,0.317471297055,0.769489247312,82.6262258065,1.0,294.175045027,1.0,26.6996749812,0.996639784946,322.296860887,1.0,394.852,0.999328,1.41,1.0,43.965,1.0,-0.94594,1.0,35.4722,1.0,56.9331,0.353273,16.5975,1.0,26.6391,0.394399,1.0,1,23.5161,24.4839,23.5161,24.4839,-0.543041,-0.556611,0.99664,0.995296,0.0302874,0.0305088,0.0325277,0.0332378,-0.547515,-0.546681,0.99664,0.99664,0.0304947,0.0304424,0.0327208,0.0331768,-0.551055,-0.553287,0.994842,0.994103,0.00160335,0.00177583,-0.570064,-0.565458,-0.559382,-0.546681,-0.543738,-0.541733,-0.540898,-0.570645,-0.568097,-0.565507,-0.547515,-0.543734,-0.541718,-0.540898,0.987231,0.989247,0.995296,0.99664,0.997312,0.997312,0.997312,0.986559,0.987903,0.989247,0.99664,0.997312,0.997312,0.997312,1.0071,1.00707,0.476713,0.475477,1.0,1.0,0.0295165,0.0299764,0.0312852,0.0322545,-1.99043,-2.01733,2.08427,2.0876,0.993635,0.991153,0.0497022,0.0495991,0.0600298,0.061721,0.997469,1.00039,0.477095,0.477683,1.0,1.0,0.029894,0.0300579,0.0316416,0.0323302,-1.98904,-1.99101,2.07707,2.08372,0.993635,0.993635,0.0499459,0.0497409,0.0602317,0.061835,0.989279,0.99381,0.99627,0.99821,1.01105,1.01455,1.02183,0.99071,0.99381,0.996295,0.999084,1.01174,1.01762,1.02248,1.0,1.0,1.0,1.0,1.0,1.0,1.0,1.0,1.0,1.0,1.0,1.0,1.0,1.0,-2.05837,-2.04334,-2.03012,-1.99043,-1.97943,-1.97601,-1.97007,-2.06015,-2.04948,-2.03975,-1.99522,-1.9793,-1.97601,-1.97009,0.973568,0.978531,0.991153,0.993635,0.995037,0.995037,0.995037,0.973568,0.973356,0.986946,0.991153,0.995037,0.995037,0.995037,1.02769,1.02883,1.0506,0.00246688,1.02758,1.03617,1.0403,1.04606,1.05496,1.07286,1.07952,1.07286,1.07286,1.04875,0.00263458,1.02665,1.02983,1.03881,1.04552,1.05496,1.07286,1.07829,1.58087,1.57551,1.60389,0.00341622,1.57066,1.58195,1.5882,1.59669,1.61929,1.62319,1.64677,1.62032,1.62037,1.59981,0.00351848,1.57054,1.57879,1.58197,1.59157,1.61885,1.62319,1.6468,1.54506,1.50391,1.50644,0.0284426,0.921852,1.36836,1.52159,1.55254,1.59999,1.61638,1.62225,1.51446,1.55514,1.53392,0.0243162,0.931059,1.50235,1.51934,1.56225,1.60772,1.62961,1.63561,1.81317,1.78549,1.78936,0.00916304,1.60399,1.75985,1.79022,1.80703,1.81426,1.81684,1.83365,1.76401,1.78603,1.76806,0.00836026,1.56646,1.76042,1.76445,1.77598,1.78619,1.78969,1.81632,-9999,-9999
201304,7.946,1.0,6.192,2.938,1.0,9.285,2.663,1.0,8.397,6.774,3.001,9.636,2.843,7.946,1.0,6.192,2.938,1.0,9.285,2.663,1.0,399.274,179.868,1.0,187.305,179.868,1.0,330.156,1.0,336.097,330.156,1.0,304.645,1.0,319.175,304.645,1.0,3.82,1.0,3.542,3.82,1.0,99.937,99.797,0.747917,3.203,2.548,1.0,3.378,3.493,0.747917,0.320924181304,0.73125,120.299394444,1.0,403.559627778,1.0,32.4875165416,0.990277777778,356.051910417,1.0,398.97,0.990278,7.254,1.0,50.003,1.0,4.69995,1.0,44.2968,0.994444,81.9757,0.465001,17.9729,0.988889,33.2606,0.458871,0.986111,1,20.7333,27.2667,20.7333,27.2333,-2.34992,-2.39736,0.970139,0.958333,0.0688927,0.0666234,0.0710615,0.0699273,-2.35569,-2.37273,0.979861,0.970833,0.0700198,0.0709018,0.0721548,0.074015,-2.36416,-2.36333,0.969583,0.965694,0.00347982,0.0039913,-2.40313,-2.38565,-2.37273,-2.36483,-2.36023,-2.35081,-2.31714,-2.40313,-2.38947,-2.37702,-2.36602,-2.36033,-2.34699,-2.3112,0.955556,0.960417,0.970833,0.986806,0.980556,0.979861,0.9375,0.955556,0.956944,0.947222,0.983333,0.986111,0.920139,0.940278,1.73102,1.68544,0.86285,0.8154,0.981667,0.972273,0.0413863,0.0390258,0.0446822,0.0434613,-5.18226,-5.22695,4.53482,4.55122,0.962179,0.94881,0.112659,0.109833,0.115564,0.113358,1.71687,1.73513,0.854573,0.862404,0.998333,0.981667,0.0418514,0.0414245,0.0451134,0.0456275,-5.18376,-5.22371,4.5112,4.56287,0.965842,0.96337,0.114493,0.116135,0.117352,0.119474,1.68544,1.68748,1.69108,1.69477,1.71881,1.72117,1.72818,1.67581,1.68561,1.68748,1.69472,1.71881,1.72387,1.72818,0.972273,0.998333,0.998333,0.998333,0.967273,0.953333,0.967273,0.972273,0.998333,0.998333,0.972273,0.967273,0.958333,0.967273,-5.23705,-5.22371,-5.2098,-5.18412,-5.18083,-5.17222,-5.12124,-5.24031,-5.22263,-5.21421,-5.18412,-5.18083,-5.16653,-5.08797,0.945238,0.96337,0.933059,0.965842,0.976648,0.965842,0.926832,0.943956,0.935623,0.952473,0.965842,0.976648,0.931777,0.928205,1.80665,1.81141,1.9018,0.0174374,1.78073,1.80838,1.8303,1.84546,1.99787,2.03226,2.06542,1.84592,1.85468,1.8866,0.0182,1.78836,1.79909,1.81352,1.8413,1.89788,2.0008,2.06542,4.1763,4.18413,4.26513,0.0155834,4.16191,4.19327,4.19426,4.20956,4.34973,4.38884,4.42146,4.20549,4.21038,4.25076,0.0164713,4.14963,4.16616,4.19385,4.20811,4.26589,4.36138,4.42178,2.47945,2.62427,2.44809,0.0305156,2.14796,2.25043,2.32925,2.42574,2.56471,2.61023,2.8174,2.71872,2.74651,2.51189,0.0310767,2.09704,2.24767,2.36027,2.58802,2.68645,2.70549,2.71193,4.96002,5.2692,5.01833,0.0290349,4.58792,4.81328,4.96002,5.02749,5.1712,5.1874,5.23074,4.63811,4.7651,4.59474,0.0318885,4.07696,4.45531,4.48269,4.63811,4.74969,4.75956,4.82202,-9999,-9999
201305,16.713,1.0,13.865,2.281,1.0,18.484,3.113,1.0,17.338,15.085,2.169,18.727,3.028,16.713,1.0,13.865,2.281,1.0,18.484,3.113,1.0,460.162,255.531,0.998656,240.691,255.507,0.998656,373.414,1.0,372.624,373.414,1.0,366.827,0.998656,369.151,366.863,0.998656,7.368,1.0,7.555,7.368,1.0,99.884,99.715,0.790323,2.05,1.131,1.0,3.115,2.648,0.790323,0.312941318854,0.790322580645,172.365928864,0.999327956989,580.355352151,1.0,52.5425153426,0.998655913978,403.482424731,1.0,393.836,0.987231,16.713,1.0,55.228,1.0,10.382,1.0,104.872,0.99664,166.289,0.897623,-2.31663,0.991935,-3.67333,0.466891,0.988575,1,18.3548,29.6452,18.3548,29.4194,-9.54487,-9.4425,0.968414,0.96371,0.138619,0.137989,0.243434,0.319864,-9.59428,-9.55434,0.976478,0.969086,0.138675,0.139071,0.243466,0.320333,-9.50609,-9.46017,0.966868,0.963861,0.0399076,0.0449601,-9.73396,-9.72657,-9.69868,-9.61497,-9.42867,-9.32634,-8.94728,-9.73738,-9.72702,-9.70016,-9.56141,-9.33234,-9.14988,-8.89688,0.977823,0.977823,0.980511,0.976478,0.959677,0.952285,0.93414,0.978495,0.977823,0.980511,0.969758,0.954301,0.946909,0.929435,4.42865,4.64915,1.3077,1.31535,0.985663,0.980287,0.0724775,0.0696255,0.418257,0.439744,-17.6855,-17.6612,14.156,14.1294,0.957988,0.95361,0.212156,0.208985,0.224552,0.277293,4.2962,4.40813,1.28454,1.30438,0.985663,0.985663,0.0741872,0.0726138,0.418557,0.440227,-17.6784,-17.6877,14.15,14.1526,0.970891,0.959063,0.212014,0.212778,0.224418,0.280163,3.98784,4.00943,4.02874,4.24701,4.69712,4.83329,4.98552,3.98784,4.01244,4.02874,4.40345,4.75322,4.88083,5.01063,0.987455,0.987455,0.987455,0.985663,0.971326,0.960753,0.957168,0.987455,0.987455,0.987455,0.985663,0.960753,0.960753,0.94552,-17.7315,-17.7047,-17.6911,-17.6701,-17.641,-17.5575,-17.0946,-17.7315,-17.7132,-17.6931,-17.6568,-17.5638,-17.3487,-17.0318,0.971966,0.971929,0.971966,0.952535,0.95361,0.949309,0.920276,0.971966,0.973041,0.971966,0.976307,0.948233,0.938556,0.920276,4.80573,4.8308,4.92695,0.0792118,4.3714,4.37846,4.39362,4.83661,5.32837,5.44001,5.63125,4.77254,4.83661,4.85204,0.0743213,4.3714,4.37846,4.3946,4.76606,5.23216,5.36438,5.61755,14.3671,14.3851,14.3871,0.0427059,14.0731,14.0817,14.1082,14.3671,14.6052,14.6756,14.8067,14.3875,14.4309,14.3581,0.0407031,14.0696,14.0812,14.1054,14.3367,14.5628,14.6272,14.8164,5.07445,4.92023,5.32465,0.0359095,4.85293,5.09354,5.1471,5.31282,5.49089,5.5102,5.64458,4.9266,4.87065,5.30805,0.0360389,4.85213,5.05232,5.15707,5.31034,5.50304,5.54547,5.6203,14.4337,14.3993,14.4475,0.0265869,14.2022,14.2876,14.3316,14.4773,14.5467,14.5884,14.6703,14.4304,14.2461,14.4858,0.0211908,14.2174,14.3414,14.3691,14.5067,14.5876,14.5905,14.6703,-9999,-9999
201306,20.436,1.0,17.798,1.431,1.0,21.909,2.639,1.0,20.364,18.137,1.715,21.615,2.655,20.436,1.0,17.798,1.431,1.0,21.909,2.639,1.0,486.256,248.245,1.0,249.29,248.245,1.0,399.258,1.0,390.186,399.258,1.0,408.787,1.0,393.179,408.787,1.0,7.077,1.0,7.015,7.077,1.0,99.616,99.439,0.827083,3.708,2.701,1.0,2.536,2.061,0.827083,0.306240676446,0.811805555556,177.356093056,1.0,519.787089303,0.999305555556,46.1924778928,0.996527777778,423.435013194,1.0,387.388,0.996528,20.667,1.0,57.164,1.0,10.0772,1.0,116.231,0.998611,152.48,0.959135,11.2987,0.999306,14.8224,0.598208,0.997917,1,17.2667,30.7333,17.2667,30.7333,-4.16609,-4.12746,0.992361,0.990972,0.11863,0.116539,0.147966,0.148485,-4.18233,-4.15508,0.993056,0.992361,0.116164,0.117692,0.145997,0.149391,-4.17508,-4.16467,0.991962,0.991354,0.0124451,0.013157,-4.28278,-4.2533,-4.24511,-4.18958,-4.12085,-4.07643,-4.05092,-4.26799,-4.2533,-4.24734,-4.16506,-4.08344,-4.06928,-4.05092,0.995139,0.995139,0.995139,0.993056,0.990972,0.9875,0.9875,0.995139,0.995139,0.99375,0.993056,0.986111,0.990972,0.9875,5.14656,5.28176,1.18409,1.16195,0.998039,0.998039,0.0941156,0.0854,0.240497,0.24065,-9.23499,-9.25205,9.5354,9.58993,0.989211,0.987061,0.170534,0.169243,0.172167,0.171,5.09306,5.14783,1.21486,1.18439,1.0,0.998039,0.093399,0.0931719,0.240217,0.243516,-9.2296,-9.21912,9.5404,9.52328,0.989211,0.989211,0.166772,0.16922,0.168441,0.170977,4.84954,4.8935,4.91685,5.06554,5.28176,5.33613,5.35003,4.8886,4.8935,4.91685,5.1225,5.32551,5.34347,5.3469,1.0,1.0,1.0,1.0,0.998039,0.998039,0.996078,1.0,1.0,1.0,1.0,0.994118,0.998039,0.994118,-9.25293,-9.24707,-9.23941,-9.23336,-9.21912,-9.19976,-9.19217,-9.25435,-9.24707,-9.24217,-9.2296,-9.21057,-9.19817,-9.1762,0.992437,0.988136,0.987061,0.989211,0.989211,0.983835,0.987061,0.989211,0.988136,0.987061,0.989211,0.992437,0.980609,0.976272,5.66546,5.6926,5.68192,0.0422414,5.33184,5.38316,5.39426,5.73043,5.88318,5.96469,6.05092,5.69542,5.73043,5.64595,0.0406882,5.28346,5.38316,5.39426,5.66109,5.81378,5.90851,6.04207,9.83053,9.84768,9.84659,0.0294688,9.59906,9.63562,9.64326,9.9115,9.98586,10.034,10.1197,9.88499,9.91275,9.82103,0.0286175,9.57107,9.62921,9.63876,9.84708,9.93424,9.99195,10.1131,5.88156,5.87331,5.83,0.0393144,5.30661,5.61065,5.64514,5.78466,5.96617,6.0791,6.18752,6.06573,5.8689,5.82451,0.0370611,5.30661,5.58325,5.66817,5.80948,5.96617,6.04358,6.17379,10.0204,10.0511,10.0082,0.0258166,9.62871,9.78517,9.90646,10.0323,10.0833,10.1164,10.2278,10.0508,10.0949,10.0213,0.0248107,9.62871,9.88238,9.95197,10.044,10.0816,10.1693,10.2338,-9999,-9999
201307,22.672,1.0,20.188,1.384,1.0,24.099,2.703,1.0,21.937,19.973,1.525,23.062,2.211,22.672,1.0,20.188,1.384,1.0,24.099,2.703,1.0,473.356,213.667,1.0,222.17,213.667,1.0,414.034,1.0,401.675,414.034,1.0,436.75,1.0,408.899,436.75,1.0,7.037,1.0,6.306,7.037,1.0,99.958,99.802,0.788978,3.386,4.13,1.0,2.214,2.032,0.788978,0.25278849056,0.788978494624,157.772449597,1.0,430.049536962,1.0,33.225728673,0.989919354839,436.860369624,1.0,387.783,0.991935,21.81,1.0,60.38,1.0,5.95729,1.0,53.9111,0.995968,79.5673,0.660359,48.8726,0.997312,72.131,0.64869,0.993952,1,17.4839,30.5161,17.4839,30.4839,3.82238,3.87993,0.974462,0.969086,0.0480375,0.0488668,0.154304,0.179826,3.78805,3.81537,0.976478,0.975134,0.0485583,0.0479044,0.154467,0.179566,3.84241,3.87142,0.970884,0.967742,0.0213302,0.0240976,3.70512,3.72269,3.73467,3.78323,3.93345,4.01597,4.11289,3.70658,3.72269,3.73467,3.81295,4.00118,4.06881,4.13209,0.984543,0.983871,0.979167,0.975134,0.967742,0.961694,0.928763,0.984543,0.983871,0.979167,0.975134,0.96371,0.949597,0.925403,2.62516,2.6902,0.527822,0.498464,0.990512,0.988615,0.0661438,0.0688052,0.242949,0.255753,4.28789,4.33791,2.13455,2.11231,0.965069,0.95775,0.0621826,0.0626959,0.107059,0.132917,2.54809,2.59439,0.545169,0.548719,0.990512,0.990512,0.0676375,0.0663667,0.24336,0.255108,4.28094,4.29513,2.14878,2.13725,0.96826,0.966109,0.0625829,0.0618676,0.107292,0.132528,2.40227,2.43184,2.4418,2.54809,2.77052,2.89939,2.98697,2.40232,2.43461,2.44137,2.58485,2.87124,2.92726,3.02158,1.0,0.99241,1.0,0.990512,0.988615,0.981341,0.930108,1.0,1.0,1.0,0.990512,0.983133,0.975965,0.939595,4.23939,4.25061,4.25478,4.27337,4.36967,4.42491,4.52008,4.24032,4.24332,4.25555,4.29269,4.41852,4.47773,4.54238,0.974607,0.978946,0.974607,0.96826,0.954628,0.950362,0.930279,0.97572,0.974607,0.974607,0.963993,0.952478,0.937632,0.933363,2.79745,2.79751,2.90884,0.0376023,2.6593,2.66833,2.68513,2.83966,3.06133,3.12433,3.29045,2.83966,2.83966,2.86561,0.0320689,2.64999,2.66775,2.68513,2.79758,3.00265,3.09881,3.25362,-1.01551,-1.01786,-0.962589,0.0150484,-1.07758,-1.05057,-1.04728,-0.949322,-0.907666,-0.89658,-0.841637,-0.948067,-0.948399,-0.976799,0.0118824,-1.07823,-1.05072,-1.04732,-0.979219,-0.930798,-0.904982,-0.868818,4.45355,4.49911,4.61893,0.0490905,4.29646,4.31522,4.34549,4.47843,4.98228,5.0328,5.08097,4.49911,4.47843,4.56374,0.0452924,4.29646,4.31515,4.34549,4.45345,4.73834,5.01668,5.08018,0.0782229,0.0779154,0.127146,0.0116713,0.0438332,0.0630344,0.0690564,0.0737392,0.193403,0.222439,0.233111,0.0781317,0.062859,0.113386,0.0107475,0.0438332,0.0625095,0.0633005,0.0732194,0.182129,0.203205,0.229819,-9999,-9999
201308,21.368,1.0,18.612,1.939,1.0,23.293,3.188,1.0,21.275,19.217,1.8,22.707,2.867,21.368,1.0,18.612,1.939,1.0,23.293,3.188,1.0,423.757,224.602,1.0,214.29,224.602,1.0,401.749,1.0,391.745,401.749,1.0,414.169,1.0,395.313,414.169,1.0,7.819,1.0,7.487,7.819,1.0,99.99,99.83,0.761425,1.372,2.548,1.0,1.996,1.962,0.761425,0.21973939141,0.761424731183,160.425985887,1.0,460.949495296,1.0,31.5753252278,0.996639784946,433.317457661,1.0,388.246,0.984543,21.596,1.0,51.334,1.0,6.57307,1.0,49.8545,0.995296,75.4157,0.564078,51.9018,0.999328,78.5127,0.462282,0.995296,1,19.6452,28.3548,19.6452,28.2581,2.75929,2.74872,0.950941,0.936828,0.0379478,0.0406258,0.126445,0.130391,2.73029,2.73827,0.956989,0.952957,0.0382817,0.0373011,0.126546,0.129394,2.7594,2.77839,0.943263,0.938155,0.0149537,0.0164066,2.65464,2.65998,2.67517,2.73445,2.81474,2.90122,2.92151,2.65464,2.65902,2.68229,2.74872,2.89202,2.90682,2.93662,0.959005,0.959005,0.961694,0.963038,0.926747,0.916667,0.909274,0.959005,0.961694,0.956989,0.936828,0.911962,0.911962,0.881048,2.27946,2.24383,0.473265,0.47865,0.960951,0.950764,0.0494791,0.0666265,0.0962948,0.114077,2.92975,2.93694,1.67222,1.69146,0.943809,0.926641,0.0515715,0.0598041,0.146944,0.158337,2.24921,2.26222,0.476263,0.46644,0.960951,0.960951,0.0482743,0.0481981,0.0956813,0.104391,2.90353,2.90752,1.68483,1.69883,0.954104,0.947146,0.0527681,0.0508944,0.147368,0.155192,2.1589,2.17348,2.19636,2.25247,2.30203,2.3387,2.39174,2.1589,2.17348,2.20861,2.26035,2.32298,2.35868,2.38173,0.962649,0.966044,0.966044,0.960951,0.967742,0.939049,0.932513,0.962649,0.966044,0.962649,0.944058,0.967742,0.90747,0.915705,2.83616,2.84057,2.84752,2.89415,2.99862,3.11577,3.15136,2.83307,2.83689,2.84848,2.90353,3.112,3.13011,3.16913,0.957441,0.956329,0.958593,0.954104,0.908242,0.894371,0.872794,0.958593,0.958593,0.959705,0.954104,0.895484,0.88869,0.885271,2.47393,2.5056,2.50178,0.0148437,2.37554,2.40096,2.43205,2.48781,2.54387,2.5748,2.6386,2.57439,2.57439,2.50467,0.0160273,2.37724,2.40437,2.40611,2.49944,2.54387,2.57439,2.68341,-0.246952,-0.232668,-0.276611,0.022517,-0.544883,-0.436046,-0.376848,-0.304476,-0.155896,-0.142482,-0.0878987,-0.155054,-0.155896,-0.254731,0.0210036,-0.459658,-0.401779,-0.356122,-0.272932,-0.152124,-0.142244,-0.0510423,3.70362,3.52589,3.59679,0.0594858,3.12101,3.19161,3.25727,3.52225,3.9643,4.01504,4.14452,3.57246,3.56634,3.63925,0.0580219,3.24353,3.27631,3.32514,3.49791,3.86164,4.05378,4.26992,0.0377893,0.0358651,0.0713479,0.0127378,0.00546814,0.0187546,0.0219568,0.0250538,0.107421,0.179888,0.224138,0.0,0.0,0.0491054,0.0121562,0.0,0.0,0.0,0.0166242,0.0190953,0.123273,0.218381,-9999,-9999
201309,17.841,1.0,15.561,2.142,1.0,19.825,2.944,1.0,17.697,15.956,1.984,19.215,2.72,17.841,1.0,15.561,2.142,1.0,19.825,2.944,1.0,347.969,182.073,1.0,170.246,182.073,1.0,380.739,1.0,369.884,380.739,1.0,386.819,1.0,365.403,386.819,1.0,5.716,1.0,5.666,5.716,1.0,99.972,99.814,0.679167,1.207,1.507,1.0,2.317,2.381,0.679167,0.225656900964,0.633333333333,125.716952083,1.0,369.921741667,1.0,26.1218090271,0.996527777778,410.438540972,1.0,388.453,0.965278,18.814,1.0,58.671,1.0,-0.548854,1.0,53.4381,0.990278,82.9619,0.782137,27.7077,0.995833,43.0157,0.524223,0.988194,1,22.3333,25.6667,22.3333,25.6667,2.27121,2.27491,0.916667,0.907639,0.0238045,0.0240784,0.0256691,0.0273456,2.26355,2.26857,0.953472,0.922222,0.0239852,0.0240137,0.0258368,0.0272886,2.25769,2.25695,0.932743,0.927865,0.00306094,0.00337665,2.19822,2.25216,2.25525,2.26071,2.26893,2.27137,2.27501,2.19822,2.24664,2.25391,2.25927,2.26803,2.27257,2.27617,0.876389,0.959028,0.957639,0.952778,0.959722,0.959028,0.909722,0.876389,0.884028,0.915972,0.959028,0.890972,0.911806,0.959722,1.27649,1.28861,0.394629,0.36786,0.890448,0.888933,0.0280628,0.0290624,0.0588763,0.0699301,2.99662,2.99324,1.65091,1.66361,0.940176,0.924407,0.0352717,0.0381085,0.0462654,0.0532968,1.26936,1.27081,0.399079,0.391254,0.950395,0.902042,0.0279368,0.0280164,0.0588164,0.0695019,2.98886,2.99651,1.64053,1.64083,0.956842,0.940124,0.0357418,0.0357566,0.0466248,0.0516413,1.10056,1.1972,1.22453,1.27962,1.29146,1.30071,1.30335,1.10056,1.17614,1.20975,1.27962,1.30067,1.30335,1.3121,0.901378,0.916271,0.910403,0.95191,0.95191,0.95191,0.95191,0.901378,0.916271,0.916271,0.95191,0.95191,0.95191,0.888933,2.958,2.96055,2.96355,2.98685,2.99759,3.02043,3.04161,2.9534,2.96101,2.96407,2.99197,3.01937,3.03553,3.04198,0.963518,0.968808,0.966295,0.95556,0.84742,0.861996,0.843197,0.968808,0.968808,0.967526,0.932373,0.855163,0.90651,0.876307,1.1973,1.19063,1.22829,0.00805472,1.11615,1.16696,1.19489,1.23859,1.27151,1.27825,1.27855,1.27449,1.27449,1.22872,0.00736204,1.13595,1.17612,1.19441,1.23769,1.27068,1.27742,1.27851,-1.0736,-1.07794,-1.02866,0.0069863,-1.11994,-1.07904,-1.07241,-1.02238,-0.989059,-0.98759,-0.980042,-0.987922,-0.989059,-1.02897,0.00662126,-1.11859,-1.07815,-1.06696,-1.01836,-0.990342,-0.987922,-0.984801,2.74578,2.50019,2.54777,0.0301264,2.34472,2.34881,2.36344,2.47437,2.72161,2.75431,2.82167,3.02817,3.00602,3.07533,0.0152832,2.97368,2.99977,3.01835,3.04272,3.08371,3.13555,3.28871,0.10074,0.0956184,0.0499634,0.00853861,0.0,0.00434006,0.0142974,0.0181352,0.0964083,0.10074,0.156475,0.0,0.0,0.0,0.0,0.0,0.0,0.0,0.0,0.0,0.0,0.0,-9999,-9999
201310,12.093,1.0,10.354,2.309,1.0,13.983,2.795,1.0,12.071,10.81,1.936,13.438,2.387,12.093,1.0,10.354,2.309,1.0,13.983,2.795,1.0,260.571,122.714,1.0,115.258,122.714,1.0,349.609,1.0,344.59,349.609,1.0,345.878,1.0,330.796,345.878,1.0,3.649,1.0,3.484,3.649,1.0,99.921,99.766,0.713038,1.816,1.958,1.0,2.888,2.649,0.713038,0.242729680353,0.683467741935,76.4132399194,1.0,259.451893817,1.0,17.9001003609,0.995967741935,376.181127688,1.0,396.819,0.989247,12.952,1.0,56.859,1.0,-5.69373,1.0,32.2567,0.989919,55.8655,0.555267,14.972,0.999328,25.9301,0.412769,0.989247,1,25.0645,22.9355,25.0645,22.8387,1.51807,1.56295,0.965726,0.926075,0.0217134,0.021882,0.026055,0.0265913,1.53032,1.52323,0.974462,0.966398,0.0217432,0.0216685,0.02608,0.0264159,1.53676,1.53996,0.957073,0.951647,0.00209972,0.00229415,1.51807,1.52323,1.52554,1.53085,1.54937,1.55203,1.55997,1.52293,1.52499,1.52638,1.53727,1.54975,1.55521,1.56003,0.965726,0.966398,0.981183,0.927419,0.979839,0.941532,0.919355,0.983199,0.981855,0.973118,0.94422,0.926747,0.915323,0.918011,0.876969,0.959828,0.481254,0.500234,0.993387,0.92129,0.0247992,0.024553,0.0514914,0.05245,2.11204,2.11285,1.59478,1.54778,0.934824,0.930249,0.0344293,0.0341358,0.0447038,0.0440686,0.892577,0.886178,0.468851,0.471792,0.997419,0.993387,0.0247629,0.0247243,0.051474,0.0525304,2.1213,2.11268,1.58572,1.5962,0.949225,0.936168,0.0345376,0.0343787,0.0447873,0.044257,0.850441,0.857474,0.858725,0.892577,0.940358,0.947727,0.955649,0.851296,0.857474,0.858091,0.900772,0.945392,0.950171,0.960957,1.0,1.0,1.0,0.997419,0.917204,0.92129,0.92129,1.0,1.0,1.0,0.99871,0.92129,0.917204,0.92129,2.09223,2.09758,2.10513,2.11548,2.14936,2.15461,2.15878,2.09377,2.09734,2.10031,2.1131,2.1491,2.15308,2.15878,0.926468,0.913094,0.952297,0.949225,0.959018,0.964778,0.960688,0.926468,0.950953,0.931535,0.946537,0.962032,0.960688,0.960688,1.10158,1.10479,1.10913,0.00959381,1.04296,1.04833,1.04927,1.10158,1.15129,1.16322,1.20575,1.16437,1.16437,1.10414,0.00885056,1.04296,1.04833,1.04948,1.09958,1.13634,1.16322,1.20398,-0.424805,-0.418433,-0.430828,0.00801087,-0.485359,-0.479713,-0.475675,-0.438584,-0.400824,-0.381191,-0.353391,-0.365955,-0.365955,-0.432612,0.00781721,-0.485359,-0.477064,-0.475433,-0.440785,-0.407899,-0.381191,-0.356955,2.14726,2.23197,2.20114,0.0109057,2.02192,2.14202,2.16513,2.2264,2.23964,2.25049,2.29078,2.23197,2.14202,2.20711,0.0101735,2.02145,2.14879,2.16729,2.23193,2.2448,2.26084,2.29078,0.0,0.0,0.0,0.0,0.0,0.0,0.0,0.0,0.0,0.0,0.0,0.0,0.0,0.0,0.0,0.0,0.0,0.0,0.0,0.0,0.0,0.0,-9999,-9999
201311,3.699,1.0,2.779,2.118,1.0,4.93,1.77,1.0,3.672,2.822,1.954,4.813,1.579,3.699,1.0,2.779,2.118,1.0,4.93,1.77,1.0,185.563,75.971,1.0,73.226,75.971,1.0,308.982,1.0,313.883,308.982,1.0,282.38,1.0,288.783,282.38,1.0,2.617,1.0,2.297,2.617,1.0,100.379,100.243,0.68125,1.435,0.77,1.0,3.871,3.816,0.68125,0.319958190372,0.564583333333,38.8172368056,1.0,161.685790278,1.0,12.3036947487,0.990972222222,332.113016667,1.0,395.391,0.994444,4.786,1.0,54.459,1.0,-10.9304,1.0,28.0054,0.995833,55.3761,0.378336,-2.70847,0.997917,-5.35556,0.305914,0.995139,1,27.5,20.5,27.5,20.4333,0.645277,0.62778,0.984722,0.980556,0.0159893,0.0159099,0.0350068,0.0370231,0.652712,0.645481,0.985417,0.984722,0.0159497,0.0160148,0.0349887,0.0370683,0.645057,0.640163,0.982222,0.980868,0.00421103,0.00463101,0.599883,0.608729,0.62168,0.653079,0.668509,0.671012,0.671381,0.587175,0.604173,0.611876,0.643001,0.668651,0.671034,0.671415,0.972917,0.971528,0.972917,0.985417,0.986806,0.9875,0.9875,0.972917,0.971528,0.971528,0.983333,0.986806,0.9875,0.9875,0.215584,0.195247,0.372934,0.369494,1.0,1.0,0.0198397,0.0201372,0.0401956,0.04778,1.16759,1.15543,1.10935,1.13035,0.964419,0.954394,0.024362,0.0235758,0.0327496,0.0326211,0.218732,0.215584,0.37373,0.372934,1.0,1.0,0.0199376,0.0198689,0.040244,0.0476676,1.17998,1.16805,1.10029,1.11022,0.966174,0.964419,0.0240828,0.0244044,0.0325425,0.0332249,0.147807,0.170267,0.185559,0.217906,0.230857,0.240183,0.241793,0.146008,0.154185,0.174993,0.208759,0.232201,0.240844,0.241274,1.0,1.0,1.0,1.0,1.0,1.0,1.0,1.0,1.0,1.0,1.0,1.0,1.0,1.0,1.13461,1.14842,1.15654,1.17998,1.19133,1.1922,1.19898,1.12782,1.14698,1.15543,1.17145,1.19133,1.19207,1.19851,0.933868,0.932281,0.954394,0.966174,0.971103,0.967761,0.969348,0.935622,0.932281,0.954394,0.966174,0.971103,0.971103,0.969348,0.30231,0.300383,0.298403,0.00182436,0.280981,0.285277,0.287228,0.300804,0.307053,0.312495,0.313595,0.300835,0.300804,0.299848,0.00169467,0.281417,0.285619,0.290252,0.301526,0.306463,0.311233,0.313767,-0.345978,-0.345098,-0.34176,0.00307699,-0.362928,-0.360801,-0.358921,-0.345978,-0.330096,-0.314606,-0.306194,-0.352477,-0.351908,-0.345209,0.00268409,-0.362928,-0.361457,-0.35976,-0.352299,-0.336201,-0.323677,-0.312782,1.45741,1.40807,1.38472,0.0075424,1.30594,1.35089,1.35332,1.37683,1.41481,1.45738,1.45929,1.40807,1.35123,1.38565,0.00710504,1.30603,1.35089,1.35332,1.38109,1.41544,1.45534,1.46136,0.0,0.0,0.0,0.0,0.0,0.0,0.0,0.0,0.0,0.0,0.0,0.0,0.0,0.0,0.0,0.0,0.0,0.0,0.0,0.0,0.0,0.0,-9999,-9999
201312,-1.843,1.0,-2.228,2.112,1.0,-1.25,1.401,1.0,-1.574,-1.964,1.733,-0.976,1.084,-1.843,1.0,-2.228,2.112,1.0,-1.25,1.401,1.0,149.517,53.991,1.0,54.428,53.991,1.0,291.72,1.0,309.045,291.72,1.0,253.487,1.0,282.164,253.487,1.0,1.297,1.0,1.336,1.297,1.0,100.081,99.959,0.688844,2.59,1.753,1.0,3.604,3.589,0.688844,0.287139221911,0.644489247312,18.1362116935,1.0,122.014924731,1.0,20.1220920699,1.0,306.3800625,1.0,400.491,0.992608,0.453,1.0,47.885,1.0,-4.52773,1.0,12.9688,0.992608,20.4472,0.224169,0.916364,0.987903,1.44478,0.311569,0.987231,1,29.129,18.871,29.129,18.871,0.911771,0.920086,0.989247,0.985887,0.01753,0.0179923,0.0284612,0.0307196,0.898028,0.905195,0.989247,0.989247,0.0176968,0.0178057,0.0285642,0.0306106,0.906713,0.910487,0.987987,0.987332,0.00321704,0.00365645,0.88392,0.885142,0.887654,0.896808,0.923655,0.929986,0.941023,0.88465,0.885142,0.887654,0.900741,0.929385,0.934941,0.946425,0.991935,0.991263,0.990591,0.989247,0.985887,0.985215,0.981855,0.991935,0.991263,0.990591,0.989247,0.985215,0.981855,0.977823,0.71445,0.718418,0.388885,0.39377,0.996663,0.992214,0.0222874,0.0229486,0.0316764,0.0333814,1.12782,1.14194,0.583031,0.593779,0.977268,0.975571,0.0257434,0.0265244,0.0319786,0.0344049,0.694685,0.705801,0.396233,0.398555,0.996663,0.996663,0.0225512,0.0227133,0.0318626,0.0332201,1.12468,1.12504,0.582986,0.58349,0.977268,0.977268,0.0258813,0.0259923,0.0320897,0.0339964,0.681447,0.682451,0.685761,0.695686,0.720065,0.727469,0.734291,0.68178,0.682451,0.685761,0.699431,0.727145,0.730935,0.747022,0.996663,0.996663,0.996663,0.996663,0.992214,0.992214,0.992214,0.996663,0.996663,0.996663,0.996663,0.992214,0.992214,0.985539,1.11132,1.11207,1.11312,1.12171,1.1461,1.15002,1.16236,1.11175,1.11207,1.11312,1.12468,1.14968,1.1559,1.16883,0.98406,0.982362,0.980664,0.977268,0.975571,0.973779,0.965007,0.982362,0.982362,0.980664,0.977268,0.973779,0.965007,0.965007,0.747241,0.750903,0.749548,0.00200925,0.727899,0.733285,0.744339,0.746479,0.7561,0.764785,0.770561,0.727899,0.727899,0.748963,0.00185405,0.727899,0.732876,0.744339,0.747403,0.757509,0.759937,0.768177,-0.153499,-0.154292,-0.160939,0.00334415,-0.199284,-0.17671,-0.170129,-0.162869,-0.141432,-0.14067,-0.136838,-0.16891,-0.170129,-0.157751,0.00309603,-0.198417,-0.173771,-0.16891,-0.15919,-0.140868,-0.138122,-0.135501,1.03994,1.0092,1.04061,0.00905167,0.976137,0.983598,0.990578,1.0098,1.07671,1.08334,1.14627,1.0092,1.00559,1.03013,0.00837567,0.976065,0.983598,0.990578,1.00802,1.063,1.08017,1.13881,0.0,0.0,0.0,0.0,0.0,0.0,0.0,0.0,0.0,0.0,0.0,0.0,0.0,0.0,0.0,0.0,0.0,0.0,0.0,0.0,0.0,0.0,-9999,-9999
