TIMESTAMP,TA_F_MDS,TA_F_MDS_QC,TA_F_MDS_NIGHT,TA_F_MDS_NIGHT_SD,TA_F_MDS_NIGHT_QC,TA_F_MDS_DAY,TA_F_MDS_DAY_SD,TA_F_MDS_DAY_QC,TA_ERA,TA_ERA_NIGHT,TA_ERA_NIGHT_SD,TA_ERA_DAY,TA_ERA_DAY_SD,TA_F,TA_F_QC,TA_F_NIGHT,TA_F_NIGHT_SD,TA_F_NIGHT_QC,TA_F_DAY,TA_F_DAY_SD,TA_F_DAY_QC,SW_IN_POT,SW_IN_F_MDS,SW_IN_F_MDS_QC,SW_IN_ERA,SW_IN_F,SW_IN_F_QC,LW_IN_F_MDS,LW_IN_F_MDS_QC,LW_IN_ERA,LW_IN_F,LW_IN_F_QC,LW_IN_JSB,LW_IN_JSB_QC,LW_IN_JSB_ERA,LW_IN_JSB_F,LW_IN_JSB_F_QC,VPD_F_MDS,VPD_F_MDS_QC,VPD_ERA,VPD_F,VPD_F_QC,PA_ERA,PA_F,PA_F_QC,P_ERA,P_F,P_F_QC,WS_ERA,WS_F,WS_F_QC,USTAR,USTAR_QC,NETRAD,NETRAD_QC,SW_OUT,SW_OUT_QC,LW_OUT,LW_OUT_QC,CO2_F_MDS,CO2_F_MDS_QC,TS_F_MDS_1,TS_F_MDS_1_QC,SWC_F_MDS_1,SWC_F_MDS_1_QC,G_F_MDS,G_F_MDS_QC,LE_F_MDS,LE_F_MDS_QC,LE_CORR,LE_RANDUNC,H_F_MDS,H_F_MDS_QC,H_CORR,H_RANDUNC,EBC_CF_N,EBC_CF_METHOD,NIGHT_D,DAY_D,NIGHT_RANDUNC_N,DAY_RANDUNC_N,NEE_CUT_REF,NEE_VUT_REF,NEE_CUT_REF_QC,NEE_VUT_REF_QC,NEE_CUT_REF_RANDUNC,NEE_VUT_REF_RANDUNC,NEE_CUT_REF_JOINTUNC,NEE_VUT_REF_JOINTUNC,NEE_CUT_USTAR50,NEE_VUT_USTAR50,NEE_CUT_USTAR50_QC,NEE_VUT_USTAR50_QC,NEE_CUT_USTAR50_RANDUNC,NEE_VUT_USTAR50_RANDUNC,NEE_CUT_USTAR50_JOINTUNC,NEE_VUT_USTAR50_JOINTUNC,NEE_CUT_MEAN,NEE_VUT_MEAN,NEE_CUT_MEAN_QC,NEE_VUT_MEAN_QC,NEE_CUT_SE,NEE_VUT_SE,NEE_CUT_05,NEE_CUT_16,NEE_CUT_25,NEE_CUT_50,NEE_CUT_75,NEE_CUT_84,NEE_CUT_95,NEE_VUT_05,NEE_VUT_16,NEE_VUT_25,NEE_VUT_50,NEE_VUT_75,NEE_VUT_84,NEE_VUT_95,NEE_CUT_05_QC,NEE_CUT_16_QC,NEE_CUT_25_QC,NEE_CUT_50_QC,NEE_CUT_75_QC,NEE_CUT_84_QC,NEE_CUT_95_QC,NEE_VUT_05_QC,NEE_VUT_16_QC,NEE_VUT_25_QC,NEE_VUT_50_QC,NEE_VUT_75_QC,NEE_VUT_84_QC,NEE_VUT_95_QC,NEE_CUT_REF_NIGHT,NEE_VUT_REF_NIGHT,NEE_CUT_REF_NIGHT_SD,NEE_VUT_REF_NIGHT_SD,NEE_CUT_REF_NIGHT_QC,NEE_VUT_REF_NIGHT_QC,NEE_CUT_REF_NIGHT_RANDUNC,NEE_VUT_REF_NIGHT_RANDUNC,NEE_CUT_REF_NIGHT_JOINTUNC,NEE_VUT_REF_NIGHT_JOINTUNC,NEE_CUT_REF_DAY,NEE_VUT_REF_DAY,NEE_CUT_REF_DAY_SD,NEE_VUT_REF_DAY_SD,NEE_CUT_REF_DAY_QC,NEE_VUT_REF_DAY_QC,NEE_CUT_REF_DAY_RANDUNC,NEE_VUT_REF_DAY_RANDUNC,NEE_CUT_REF_DAY_JOINTUNC,NEE_VUT_REF_DAY_JOINTUNC,NEE_CUT_USTAR50_NIGHT,NEE_VUT_USTAR50_NIGHT,NEE_CUT_USTAR50_NIGHT_SD,NEE_VUT_USTAR50_NIGHT_SD,NEE_CUT_USTAR50_NIGHT_QC,NEE_VUT_USTAR50_NIGHT_QC,NEE_CUT_USTAR50_NIGHT_RANDUNC,NEE_VUT_USTAR50_NIGHT_RANDUNC,NEE_CUT_USTAR50_NIGHT_JOINTUNC,NEE_VUT_USTAR50_NIGHT_JOINTUNC,NEE_CUT_USTAR50_DAY,NEE_VUT_USTAR50_DAY,NEE_CUT_USTAR50_DAY_SD,NEE_VUT_USTAR50_DAY_SD,NEE_CUT_USTAR50_DAY_QC,NEE_VUT_USTAR50_DAY_QC,NEE_CUT_USTAR50_DAY_RANDUNC,NEE_VUT_USTAR50_DAY_RANDUNC,NEE_CUT_USTAR50_DAY_JOINTUNC,NEE_VUT_USTAR50_DAY_JOINTUNC,NEE_CUT_05_NIGHT,NEE_CUT_16_NIGHT,NEE_CUT_25_NIGHT,NEE_CUT_50_NIGHT,NEE_CUT_75_NIGHT,NEE_CUT_84_NIGHT,NEE_CUT_95_NIGHT,NEE_VUT_05_NIGHT,NEE_VUT_16_NIGHT,NEE_VUT_25_NIGHT,NEE_VUT_50_NIGHT,NEE_VUT_75_NIGHT,NEE_VUT_84_NIGHT,NEE_VUT_95_NIGHT,NEE_CUT_05_NIGHT_QC,NEE_CUT_16_NIGHT_QC,NEE_CUT_25_NIGHT_QC,NEE_CUT_50_NIGHT_QC,NEE_CUT_75_NIGHT_QC,NEE_CUT_84_NIGHT_QC,NEE_CUT_95_NIGHT_QC,NEE_VUT_05_NIGHT_QC,NEE_VUT_16_NIGHT_QC,NEE_VUT_25_NIGHT_QC,NEE_VUT_50_NIGHT_QC,NEE_VUT_75_NIGHT_QC,NEE_VUT_84_NIGHT_QC,NEE_VUT_95_NIGHT_QC,NEE_CUT_05_DAY,NEE_CUT_16_DAY,NEE_CUT_25_DAY,NEE_CUT_50_DAY,NEE_CUT_75_DAY,NEE_CUT_84_DAY,NEE_CUT_95_DAY,NEE_VUT_05_DAY,NEE_VUT_16_DAY,NEE_VUT_25_DAY,NEE_VUT_50_DAY,NEE_VUT_75_DAY,NEE_VUT_84_DAY,NEE_VUT_95_DAY,NEE_CUT_05_DAY_QC,NEE_CUT_16_DAY_QC,NEE_CUT_25_DAY_QC,NEE_CUT_50_DAY_QC,NEE_CUT_75_DAY_QC,NEE_CUT_84_DAY_QC,NEE_CUT_95_DAY_QC,NEE_VUT_05_DAY_QC,NEE_VUT_16_DAY_QC,NEE_VUT_25_DAY_QC,NEE_VUT_50_DAY_QC,NEE_VUT_75_DAY_QC,NEE_VUT_84_DAY_QC,NEE_VUT_95_DAY_QC,RECO_NT_VUT_REF,RECO_NT_VUT_USTAR50,RECO_NT_VUT_MEAN,RECO_NT_VUT_SE,RECO_NT_VUT_05,RECO_NT_VUT_16,RECO_NT_VUT_25,RECO_NT_VUT_50,RECO_NT_VUT_75,RECO_NT_VUT_84,RECO_NT_VUT_95,RECO_NT_CUT_REF,RECO_NT_CUT_USTAR50,RECO_NT_CUT_MEAN,RECO_NT_CUT_SE,RECO_NT_CUT_05,RECO_NT_CUT_16,RECO_NT_CUT_25,RECO_NT_CUT_50,RECO_NT_CUT_75,RECO_NT_CUT_84,RECO_NT_CUT_95,GPP_NT_VUT_REF,GPP_NT_VUT_USTAR50,GPP_NT_VUT_MEAN,GPP_NT_VUT_SE,GPP_NT_VUT_05,GPP_NT_VUT_16,GPP_NT_VUT_25,GPP_NT_VUT_50,GPP_NT_VUT_75,GPP_NT_VUT_84,GPP_NT_VUT_95,GPP_NT_CUT_REF,GPP_NT_CUT_USTAR50,GPP_NT_CUT_MEAN,GPP_NT_CUT_SE,GPP_NT_CUT_05,GPP_NT_CUT_16,GPP_NT_CUT_25,GPP_NT_CUT_50,GPP_NT_CUT_75,GPP_NT_CUT_84,GPP_NT_CUT_95,RECO_DT_VUT_REF,RECO_DT_VUT_USTAR50,RECO_DT_VUT_MEAN,RECO_DT_VUT_SE,RECO_DT_VUT_05,RECO_DT_VUT_16,RECO_DT_VUT_25,RECO_DT_VUT_50,RECO_DT_VUT_75,RECO_DT_VUT_84,RECO_DT_VUT_95,RECO_DT_CUT_REF,RECO_DT_CUT_USTAR50,RECO_DT_CUT_MEAN,RECO_DT_CUT_SE,RECO_DT_CUT_05,RECO_DT_CUT_16,RECO_DT_CUT_25,RECO_DT_CUT_50,RECO_DT_CUT_75,RECO_DT_CUT_84,RECO_DT_CUT_95,GPP_DT_VUT_REF,GPP_DT_VUT_USTAR50,GPP_DT_VUT_MEAN,GPP_DT_VUT_SE,GPP_DT_VUT_05,GPP_DT_VUT_16,GPP_DT_VUT_25,GPP_DT_VUT_50,GPP_DT_VUT_75,GPP_DT_VUT_84,GPP_DT_VUT_95,GPP_DT_CUT_REF,GPP_DT_CUT_USTAR50,GPP_DT_CUT_MEAN,GPP_DT_CUT_SE,GPP_DT_CUT_05,GPP_DT_CUT_16,GPP_DT_CUT_25,GPP_DT_CUT_50,GPP_DT_CUT_75,GPP_DT_CUT_84,GPP_DT_CUT_95,RECO_SR,RECO_SR_N
201201,-9999,-9999,-9999,-9999,-9999,-9999,-9999,-9999,28.455,27.161,1.593,29.456,2.706,28.455,0.0,27.161,1.593,0.0,29.456,2.706,0.0,492.078,-9999,-9999,292.846,292.846,0.0,-9999,-9999,391.113,391.113,0.0,-9999,-9999,391.453,391.453,0.0,-9999,-9999,24.204,24.204,0.0,94.591,94.591,0.0,1.441,1.441,0.0,2.142,2.142,0.0,-9999,-9999,-9999,-9999,-9999,-9999,-9999,-9999,-9999,-9999,-9999,-9999,-9999,-9999,-9999,1.0,2.47443,0.0,2.52011,-9999,75.8116,0.0,77.2113,-9999,3.0,3,20.9355,27.0645,0.0,0.0,0.276492,0.276492,0.0,0.0,-9999,-9999,-9999,-9999,0.28361,0.276492,0.0,0.0,-9999,-9999,-9999,-9999,0.279153,0.277417,0.0,0.0,0.000918494,0.000873829,0.269765,0.271027,0.276492,0.280275,0.28361,0.28361,0.286474,0.269765,0.271027,0.271027,0.276492,0.28361,0.28361,0.28361,0.0,0.0,0.0,0.0,0.0,0.0,0.0,0.0,0.0,0.0,0.0,0.0,0.0,0.0,0.139916,0.139916,0.0376412,0.0376412,0.0,0.0,-9999,-9999,-9999,-9999,0.364333,0.364333,0.383918,0.383918,0.0,0.0,-9999,-9999,-9999,-9999,0.154623,0.139916,0.0256745,0.0376412,0.0,0.0,-9999,-9999,-9999,-9999,0.365101,0.364333,0.383341,0.383918,0.0,0.0,-9999,-9999,-9999,-9999,0.132961,0.135748,0.135748,0.139916,0.154623,0.154623,0.160957,0.132961,0.134293,0.135748,0.139916,0.154623,0.154623,0.154623,0.0,0.0,0.0,0.0,0.0,0.0,0.0,0.0,0.0,0.0,0.0,0.0,0.0,0.0,0.358216,0.358216,0.364333,0.365101,0.365101,0.365101,0.371115,0.358216,0.358216,0.358216,0.364333,0.365101,0.371115,0.37248,0.0,0.0,0.0,0.0,0.0,0.0,0.0,0.0,0.0,0.0,0.0,0.0,0.0,0.0,0.24604,0.214824,0.242353,0.00389677,0.214824,0.214824,0.222172,0.233901,0.258498,0.27499,0.28904,0.258498,0.258498,0.250328,0.00612315,0.214824,0.214824,0.222172,0.258498,0.258498,0.27499,0.278229,-0.0237251,-0.0616673,-0.0350637,0.00339891,-0.0616673,-0.0616673,-0.0488557,-0.0440211,-0.0237251,-0.0086195,0.00876539,-0.0251118,-0.0251118,-0.0288249,0.00556534,-0.0616673,-0.0616673,-0.0488557,-0.0251118,-0.0237251,-0.0086195,-0.00824503,0.380749,0.371686,0.396189,0.00343522,0.371686,0.371686,0.380749,0.386132,0.405512,0.414997,0.443801,0.405512,0.405512,0.39708,0.00309482,0.371686,0.371686,0.380749,0.403217,0.405512,0.408259,0.438637,0.0,0.0,0.0,0.0,0.0,0.0,0.0,0.0,0.0,0.0,0.0,0.0,0.0,0.0,0.0,0.0,0.0,0.0,0.0,0.0,0.0,0.0,-9999,-9999
201202,-9999,-9999,-9999,-9999,-9999,-9999,-9999,-9999,29.31,27.875,1.82,30.468,3.161,29.31,0.0,27.875,1.82,0.0,30.468,3.161,0.0,465.87,-9999,-9999,298.193,298.193,0.0,-9999,-9999,379.722,379.722,0.0,-9999,-9999,378.219,378.219,0.0,-9999,-9999,26.405,26.405,0.0,94.784,94.784,0.0,0.052,0.052,0.0,2.58,2.58,0.0,-9999,-9999,-9999,-9999,-9999,-9999,-9999,-9999,-9999,-9999,-9999,-9999,-9999,-9999,-9999,1.0,2.51334,0.0,2.56576,-9999,75.8141,0.0,77.3951,-9999,3.0,3,21.4138,26.5862,0.0,0.0,0.275935,0.275935,0.0,0.0,-9999,-9999,-9999,-9999,0.283143,0.275935,0.0,0.0,-9999,-9999,-9999,-9999,0.278666,0.27691,0.0,0.0,0.000927173,0.000880849,0.269182,0.270472,0.275935,0.279733,0.283143,0.283143,0.28614,0.269182,0.270472,0.270472,0.275935,0.283143,0.283143,0.283143,0.0,0.0,0.0,0.0,0.0,0.0,0.0,0.0,0.0,0.0,0.0,0.0,0.0,0.0,0.140208,0.140208,0.0378537,0.0378537,0.0,0.0,-9999,-9999,-9999,-9999,0.36724,0.36724,0.389797,0.389797,0.0,0.0,-9999,-9999,-9999,-9999,0.155136,0.140208,0.0256982,0.0378537,0.0,0.0,-9999,-9999,-9999,-9999,0.367759,0.36724,0.38942,0.389797,0.0,0.0,-9999,-9999,-9999,-9999,0.133285,0.136074,0.136074,0.140208,0.155136,0.155136,0.161615,0.133285,0.133984,0.136074,0.140208,0.155136,0.155136,0.155136,0.0,0.0,0.0,0.0,0.0,0.0,0.0,0.0,0.0,0.0,0.0,0.0,0.0,0.0,0.36106,0.36106,0.36724,0.367759,0.367759,0.367759,0.375167,0.36106,0.36106,0.36106,0.36724,0.367759,0.375167,0.375877,0.0,0.0,0.0,0.0,0.0,0.0,0.0,0.0,0.0,0.0,0.0,0.0,0.0,0.0,0.252051,0.218876,0.24799,0.00412037,0.218876,0.218876,0.226692,0.239215,0.264736,0.282238,0.298065,0.264736,0.264736,0.256139,0.00631793,0.218876,0.218876,0.226692,0.264736,0.264736,0.282238,0.285606,-0.017131,-0.0570594,-0.0289195,0.00362114,-0.0570594,-0.0570594,-0.0437799,-0.0383807,-0.017131,-0.000904639,0.0183314,-0.0184065,-0.0184065,-0.022527,0.00574742,-0.0570594,-0.0570594,-0.0437799,-0.0184065,-0.017131,-0.000904639,-0.00053363,0.385645,0.376162,0.400424,0.00340297,0.376162,0.376162,0.385645,0.391308,0.408912,0.418237,0.448857,0.408912,0.408912,0.401122,0.00305682,0.376162,0.376162,0.385645,0.406499,0.408912,0.411801,0.443357,0.0,0.0,0.0,0.0,0.0,0.0,0.0,0.0,0.0,0.0,0.0,0.0,0.0,0.0,0.0,0.0,0.0,0.0,0.0,0.0,0.0,0.0,-9999,-9999
201203,-9999,-9999,-9999,-9999,-9999,-9999,-9999,-9999,29.771,28.83,1.82,30.636,2.794,29.771,0.0,28.83,1.82,0.0,30.636,2.794,0.0,416.207,-9999,-9999,250.243,250.243,0.0,-9999,-9999,387.181,387.181,0.0,-9999,-9999,386.884,386.884,0.0,-9999,-9999,27.808,27.808,0.0,94.71,94.71,0.0,1.034,1.034,0.0,1.792,1.792,0.0,-9999,-9999,-9999,-9999,-9999,-9999,-9999,-9999,-9999,-9999,-9999,-9999,-9999,-9999,-9999,1.0,2.47443,0.0,2.53699,-9999,75.8116,0.0,77.7284,-9999,3.0,3,23.0,25.0,0.0,0.0,0.276492,0.276492,0.0,0.0,-9999,-9999,-9999,-9999,0.28361,0.276492,0.0,0.0,-9999,-9999,-9999,-9999,0.279153,0.277417,0.0,0.0,0.000918494,0.000873829,0.269765,0.271027,0.276492,0.280275,0.28361,0.28361,0.286474,0.269765,0.271027,0.271027,0.276492,0.28361,0.28361,0.28361,0.0,0.0,0.0,0.0,0.0,0.0,0.0,0.0,0.0,0.0,0.0,0.0,0.0,0.0,0.13904,0.13904,0.0372207,0.0372207,0.0,0.0,-9999,-9999,-9999,-9999,0.383648,0.383648,0.392965,0.392965,0.0,0.0,-9999,-9999,-9999,-9999,0.152936,0.13904,0.0262347,0.0372207,0.0,0.0,-9999,-9999,-9999,-9999,0.384033,0.383648,0.392675,0.392965,0.0,0.0,-9999,-9999,-9999,-9999,0.132355,0.135223,0.135223,0.13904,0.152936,0.152936,0.158696,0.132355,0.132685,0.135223,0.13904,0.152936,0.152936,0.152936,0.0,0.0,0.0,0.0,0.0,0.0,0.0,0.0,0.0,0.0,0.0,0.0,0.0,0.0,0.377051,0.377051,0.383648,0.384033,0.384033,0.384033,0.392446,0.377051,0.377051,0.377051,0.383648,0.384033,0.392446,0.392446,0.0,0.0,0.0,0.0,0.0,0.0,0.0,0.0,0.0,0.0,0.0,0.0,0.0,0.0,0.255299,0.221042,0.251033,0.00424468,0.221042,0.221042,0.229115,0.242078,0.268106,0.28617,0.303006,0.268106,0.268106,0.259275,0.00642505,0.221042,0.221042,0.229115,0.268106,0.268106,0.28617,0.289609,-0.0144664,-0.0554499,-0.0263836,0.00374916,-0.0554499,-0.0554499,-0.0419119,-0.0358441,-0.0144664,0.00256063,0.0227316,-0.0155034,-0.0155034,-0.0198784,0.00585769,-0.0554499,-0.0554499,-0.0419119,-0.0155034,-0.0144664,0.00256063,0.00313549,0.388231,0.378524,0.402653,0.00338675,0.378524,0.378524,0.388231,0.394046,0.410693,0.419933,0.451521,0.410693,0.410693,0.403248,0.00303758,0.378524,0.378524,0.388231,0.408217,0.410693,0.413657,0.445841,0.0,0.0,0.0,0.0,0.0,0.0,0.0,0.0,0.0,0.0,0.0,0.0,0.0,0.0,0.0,0.0,0.0,0.0,0.0,0.0,0.0,0.0,-9999,-9999
201204,-9999,-9999,-9999,-9999,-9999,-9999,-9999,-9999,27.538,26.853,2.147,28.219,3.106,27.538,0.0,26.853,2.147,0.0,28.219,3.106,0.0,352.334,-9999,-9999,220.088,220.088,0.0,-9999,-9999,366.668,366.668,0.0,-9999,-9999,363.053,363.053,0.0,-9999,-9999,28.665,28.665,0.0,95.267,95.267,0.0,0.046,0.046,0.0,2.119,2.119,0.0,-9999,-9999,-9999,-9999,-9999,-9999,-9999,-9999,-9999,-9999,-9999,-9999,-9999,-9999,-1.87223,0.599306,2.49324,0.0,2.588,-9999,75.8128,0.0,78.6944,-9999,3.0,3,23.9333,24.0667,0.0,0.0,0.276223,0.276223,0.0,0.0,-9999,-9999,-9999,-9999,0.283384,0.276223,0.0,0.0,-9999,-9999,-9999,-9999,0.278918,0.277172,0.0,0.0,0.000922679,0.00087721,0.269483,0.270759,0.276223,0.280013,0.283384,0.283384,0.286312,0.269483,0.270759,0.270759,0.276223,0.283384,0.283384,0.283384,0.0,0.0,0.0,0.0,0.0,0.0,0.0,0.0,0.0,0.0,0.0,0.0,0.0,0.0,0.138182,0.138182,0.0372721,0.0372721,0.0,0.0,-9999,-9999,-9999,-9999,0.393551,0.393551,0.398323,0.398323,0.0,0.0,-9999,-9999,-9999,-9999,0.151637,0.138182,0.0278098,0.0372721,0.0,0.0,-9999,-9999,-9999,-9999,0.393941,0.393551,0.398019,0.398323,0.0,0.0,-9999,-9999,-9999,-9999,0.131732,0.134503,0.134503,0.138182,0.151637,0.151637,0.157302,0.131732,0.132036,0.134503,0.138182,0.151637,0.151637,0.151637,0.0,0.0,0.0,0.0,0.0,0.0,0.0,0.0,0.0,0.0,0.0,0.0,0.0,0.0,0.386707,0.386707,0.393551,0.393941,0.393941,0.393941,0.402918,0.386707,0.386707,0.386707,0.393551,0.393941,0.402918,0.402918,0.0,0.0,0.0,0.0,0.0,0.0,0.0,0.0,0.0,0.0,0.0,0.0,0.0,0.0,0.239593,0.210483,0.236307,0.00365682,0.210483,0.210483,0.217327,0.228202,0.251806,0.267212,0.279346,0.251806,0.251806,0.244096,0.00591618,0.210483,0.210483,0.217327,0.251806,0.251806,0.267212,0.270311,-0.0298904,-0.0657392,-0.0408649,0.00315583,-0.0657392,-0.0657392,-0.0534318,-0.0495622,-0.0298904,-0.0161723,-0.000667256,-0.0315781,-0.0315781,-0.0348219,0.00536285,-0.0657392,-0.0657392,-0.0534318,-0.0315781,-0.0298904,-0.0161723,-0.0160008,0.375512,0.366898,0.39166,0.00347386,0.366898,0.366898,0.375512,0.380593,0.401877,0.411533,0.438393,0.401877,0.401877,0.392757,0.00313966,0.366898,0.366898,0.375512,0.399709,0.401877,0.404472,0.433589,0.0,0.0,0.0,0.0,0.0,0.0,0.0,0.0,0.0,0.0,0.0,0.0,0.0,0.0,0.0,0.0,0.0,0.0,0.0,0.0,0.0,0.0,-9999,-9999
201205,-9999,-9999,-9999,-9999,-9999,-9999,-9999,-9999,24.067,23.497,2.4,24.707,3.262,24.067,0.0,23.497,2.4,0.0,24.707,3.262,0.0,295.568,-9999,-9999,183.917,183.917,0.0,-9999,-9999,346.398,346.398,0.0,-9999,-9999,339.504,339.504,0.0,-9999,-9999,26.439,26.439,0.0,95.433,95.433,0.0,0.35,0.35,0.0,1.913,1.913,0.0,-9999,-9999,-9999,-9999,-9999,-9999,-9999,-9999,-9999,-9999,-9999,-9999,-9999,-9999,-1.80357,0.0,2.52325,0.0,2.64115,-9999,75.8474,0.0,79.3914,-9999,3.0,3,25.5161,22.4839,0.0,0.0,0.275911,0.275911,0.0,0.0,-9999,-9999,-9999,-9999,0.282941,0.275911,0.0,0.0,-9999,-9999,-9999,-9999,0.278631,0.276951,0.0,0.0,0.00090408,0.000862185,0.26933,0.270595,0.275911,0.280226,0.282941,0.282941,0.285968,0.26933,0.270595,0.270595,0.275911,0.282941,0.282941,0.282941,0.0,0.0,0.0,0.0,0.0,0.0,0.0,0.0,0.0,0.0,0.0,0.0,0.0,0.0,0.138674,0.138674,0.0366263,0.0366263,0.0,0.0,-9999,-9999,-9999,-9999,0.410439,0.410439,0.410582,0.410582,0.0,0.0,-9999,-9999,-9999,-9999,0.15127,0.138674,0.0277989,0.0366263,0.0,0.0,-9999,-9999,-9999,-9999,0.410618,0.410439,0.410439,0.410582,0.0,0.0,-9999,-9999,-9999,-9999,0.133171,0.135903,0.135903,0.138674,0.15127,0.15127,0.156758,0.133171,0.133606,0.135903,0.138674,0.15127,0.15127,0.15127,0.0,0.0,0.0,0.0,0.0,0.0,0.0,0.0,0.0,0.0,0.0,0.0,0.0,0.0,0.402633,0.402633,0.410439,0.410618,0.410618,0.410618,0.42088,0.402633,0.402633,0.402633,0.410439,0.410618,0.42088,0.42088,0.0,0.0,0.0,0.0,0.0,0.0,0.0,0.0,0.0,0.0,0.0,0.0,0.0,0.0,0.215378,0.193874,0.213548,0.00280379,0.193874,0.193874,0.19694,0.206677,0.226648,0.238185,0.243748,0.226648,0.226648,0.220622,0.00517345,0.193874,0.193874,0.198882,0.226648,0.226648,0.238185,0.240782,-0.0539517,-0.0820373,-0.0634026,0.00229391,-0.0820373,-0.0820373,-0.0717135,-0.0706411,-0.0539517,-0.0451862,-0.0364781,-0.0562927,-0.0562927,-0.0580085,0.00465984,-0.0820373,-0.0820373,-0.0717135,-0.0562927,-0.0539517,-0.0447559,-0.0447559,0.35506,0.348149,0.37387,0.00364986,0.348149,0.348149,0.35506,0.359004,0.38747,0.397775,0.417173,0.38747,0.38747,0.375746,0.0033397,0.348149,0.348149,0.35506,0.38579,0.38747,0.389476,0.413738,0.0,0.0,0.0,0.0,0.0,0.0,0.0,0.0,0.0,0.0,0.0,0.0,0.0,0.0,0.0,0.0,0.0,0.0,0.0,0.0,0.0,0.0,-9999,-9999
201206,-9999,-9999,-9999,-9999,-9999,-9999,-9999,-9999,19.458,19.144,2.029,19.829,2.718,19.458,0.0,19.144,2.029,0.0,19.829,2.718,0.0,267.442,-9999,-9999,141.599,141.599,0.0,-9999,-9999,344.299,344.299,0.0,-9999,-9999,337.065,337.065,0.0,-9999,-9999,20.932,20.932,0.0,95.478,95.478,0.0,2.831,2.831,0.0,2.09,2.09,0.0,-9999,-9999,-9999,-9999,-9999,-9999,-9999,-9999,-9999,-9999,-9999,-9999,-9999,-9999,-1.80517,0.0,2.49324,0.0,2.61865,-9999,75.8128,0.0,79.6263,-9999,3.0,3,26.0,22.0,0.0,0.0,0.276223,0.276223,0.0,0.0,-9999,-9999,-9999,-9999,0.283384,0.276223,0.0,0.0,-9999,-9999,-9999,-9999,0.278918,0.277172,0.0,0.0,0.000922679,0.00087721,0.269483,0.270759,0.276223,0.280013,0.283384,0.283384,0.286312,0.269483,0.270759,0.270759,0.276223,0.283384,0.283384,0.283384,0.0,0.0,0.0,0.0,0.0,0.0,0.0,0.0,0.0,0.0,0.0,0.0,0.0,0.0,0.138692,0.138692,0.0364663,0.0364663,0.0,0.0,-9999,-9999,-9999,-9999,0.41685,0.41685,0.4083,0.4083,0.0,0.0,-9999,-9999,-9999,-9999,0.151294,0.138692,0.0277877,0.0364663,0.0,0.0,-9999,-9999,-9999,-9999,0.417013,0.41685,0.408167,0.4083,0.0,0.0,-9999,-9999,-9999,-9999,0.133137,0.135988,0.135988,0.138692,0.151294,0.151294,0.156504,0.133137,0.133719,0.135988,0.138692,0.151294,0.151294,0.151294,0.0,0.0,0.0,0.0,0.0,0.0,0.0,0.0,0.0,0.0,0.0,0.0,0.0,0.0,0.408558,0.408558,0.41685,0.417013,0.417013,0.417013,0.426657,0.408558,0.408558,0.408558,0.41685,0.417013,0.426657,0.426657,0.0,0.0,0.0,0.0,0.0,0.0,0.0,0.0,0.0,0.0,0.0,0.0,0.0,0.0,0.18365,0.171564,0.183636,0.00178509,0.171564,0.171564,0.171564,0.178258,0.193642,0.198508,0.20048,0.193642,0.193642,0.189747,0.00428219,0.171564,0.171564,0.17427,0.193642,0.193642,0.20048,0.202452,-0.0858328,-0.104658,-0.093536,0.00127368,-0.104658,-0.104658,-0.0995067,-0.096489,-0.0858328,-0.0838606,-0.0815052,-0.089742,-0.089742,-0.0891708,0.0038314,-0.104658,-0.104658,-0.0995067,-0.089742,-0.0858328,-0.0829038,-0.0829038,0.326852,0.322196,0.349139,0.00394849,0.322196,0.322196,0.326852,0.329299,0.367203,0.378374,0.387716,0.367203,0.367203,0.352046,0.00366885,0.322196,0.322196,0.326852,0.366191,0.367203,0.368408,0.386104,0.0,0.0,0.0,0.0,0.0,0.0,0.0,0.0,0.0,0.0,0.0,0.0,0.0,0.0,0.0,0.0,0.0,0.0,0.0,0.0,0.0,0.0,-9999,-9999
201207,-9999,-9999,-9999,-9999,-9999,-9999,-9999,-9999,18.205,17.728,2.474,18.731,3.587,14.649,0.459005,13.102,3.368,0.465806,16.338,4.563,0.451613,279.487,-9999,-9999,167.813,193.503,0.459677,-9999,-9999,325.898,298.39,0.459005,-9999,-9999,315.687,286.707,0.459005,-9999,-9999,22.803,16.691,0.459005,95.596,95.655,0.451613,0.264,0.195,0.451613,2.014,2.477,0.451613,-9999,-9999,-9999,-9999,-9999,-9999,-9999,-9999,-9999,-9999,-9999,-9999,-9999,-9999,-1.60825,0.459005,2.07591,0.452957,2.02728,0.0870066,76.4586,0.452957,74.6672,0.51836,1.0,2,25.1613,22.8387,22.5484,20.7097,0.302387,0.302387,0.449597,0.449597,0.00617484,0.00617484,0.00788757,0.00788757,0.309031,0.302387,0.449597,0.449597,0.00625115,0.00617484,0.00794746,0.00788757,0.304996,0.303394,0.448656,0.448152,0.000760127,0.000706981,0.297749,0.299216,0.301298,0.30362,0.309031,0.309031,0.311079,0.297749,0.299216,0.299216,0.302387,0.308908,0.309031,0.309031,0.446237,0.446237,0.446237,0.446237,0.449597,0.449597,0.449597,0.446237,0.446237,0.446237,0.449597,0.449597,0.449597,0.449597,0.123175,0.123175,0.056944,0.056944,0.465806,0.465806,0.00486933,0.00486933,0.00759188,0.00820629,0.476237,0.476237,0.47745,0.47745,0.431978,0.431978,0.011197,0.011197,0.011868,0.012092,0.13258,0.123175,0.0537713,0.056944,0.465806,0.465806,0.00484917,0.00486933,0.00757897,0.00820629,0.479278,0.476237,0.476272,0.47745,0.431978,0.431978,0.0114214,0.011197,0.01208,0.012092,0.117245,0.120931,0.121673,0.123175,0.13258,0.13258,0.13631,0.117245,0.119369,0.120931,0.123175,0.132362,0.13258,0.13258,0.459355,0.459355,0.459355,0.465806,0.465806,0.465806,0.465806,0.459355,0.459355,0.459355,0.465806,0.465806,0.465806,0.465806,0.471016,0.471445,0.476237,0.479268,0.479278,0.479313,0.480576,0.471016,0.471445,0.471445,0.476237,0.479278,0.480576,0.481211,0.431978,0.431978,0.431978,0.431978,0.431978,0.431978,0.431978,0.431978,0.431978,0.431978,0.431978,0.431978,0.431978,0.431978,0.144383,0.140438,0.145212,0.000843149,0.140438,0.140438,0.140438,0.14184,0.150997,0.150997,0.153458,0.150997,0.150997,0.148796,0.00231035,0.140438,0.140438,0.140495,0.14796,0.150997,0.153458,0.155347,-0.153366,-0.161949,-0.158182,0.000438956,-0.161949,-0.161949,-0.160884,-0.158034,-0.155732,-0.15545,-0.153366,-0.158034,-0.158034,-0.1562,0.0019824,-0.161949,-0.161949,-0.160803,-0.158034,-0.155732,-0.15545,-0.153366,0.318584,0.313523,0.333094,0.0027321,0.313523,0.313523,0.317926,0.318584,0.351067,0.351131,0.351131,0.351131,0.351131,0.336561,0.00271251,0.313523,0.313523,0.317926,0.349925,0.351131,0.351131,0.351131,0.0,0.0,0.0,0.0,0.0,0.0,0.0,0.0,0.0,0.0,0.0,0.0,0.0,0.0,0.0,0.0,0.0,0.0,0.0,0.0,0.0,0.0,-9999,-9999
201208,17.167,1.0,14.467,4.864,1.0,20.023,6.34,1.0,20.157,19.387,2.503,20.969,3.669,17.167,1.0,14.467,4.864,1.0,20.023,6.34,1.0,326.379,244.703,1.0,209.561,244.703,1.0,300.513,1.0,333.423,300.513,1.0,282.888,1.0,324.43,282.888,1.0,17.037,1.0,22.246,17.037,1.0,95.523,95.559,1.0,0.03,0.0,1.0,2.07,2.41,1.0,0.296990018351,0.694220430108,86.3286290323,1.0,45.4254032258,1.0,413.462365591,1.0,379.331,1.0,17.686,1.0,3.5,1.0,2.07997,1.0,2.38086,0.994624,2.32508,0.0785095,84.0457,0.994624,82.0765,0.61153,0.994624,1,24.6129,23.3871,24.6129,23.3871,0.30759,0.30759,0.977823,0.977823,0.00533692,0.00533692,0.00646621,0.00759732,0.311862,0.30759,0.979839,0.977823,0.00530305,0.00533692,0.00643828,0.00759732,0.309227,0.307671,0.976966,0.974983,0.000674438,0.000700557,0.300771,0.30456,0.30759,0.307766,0.311862,0.311862,0.315171,0.300771,0.301048,0.30456,0.30759,0.311862,0.311862,0.315171,0.96371,0.97043,0.977823,0.975806,0.979839,0.979839,0.979839,0.96371,0.965726,0.97043,0.977823,0.979839,0.979839,0.979839,0.0858153,0.0858153,0.066269,0.066269,0.99871,0.99871,0.00480579,0.00480579,0.00535882,0.00499529,0.515298,0.515298,0.49316,0.49316,0.955645,0.955645,0.00926476,0.00926476,0.0116346,0.0130127,0.0870185,0.0858153,0.0723724,0.066269,1.0,0.99871,0.00474512,0.00480579,0.00530447,0.00499529,0.52267,0.515298,0.49271,0.49316,0.958567,0.955645,0.00922323,0.00926476,0.0116016,0.0130127,0.0832434,0.0858153,0.0858153,0.0863736,0.0870185,0.0905571,0.0923299,0.0832434,0.0842928,0.0858153,0.0859736,0.0870185,0.0870185,0.0923299,0.983065,0.99871,0.99871,0.986989,1.0,1.0,1.0,0.983065,0.986989,0.99871,0.994731,1.0,1.0,1.0,0.503854,0.508595,0.515298,0.515452,0.52267,0.52267,0.523578,0.503854,0.504395,0.508595,0.515298,0.52267,0.52267,0.523578,0.943139,0.95284,0.955645,0.955587,0.958567,0.958567,0.958567,0.943139,0.943139,0.95284,0.955645,0.958567,0.958567,0.958567,0.115546,0.111866,0.114296,0.000480747,0.111367,0.111866,0.111866,0.114367,0.115047,0.115546,0.121672,0.114367,0.114367,0.115143,0.000587997,0.111367,0.111866,0.111866,0.114367,0.115546,0.12166,0.121672,-0.189014,-0.195724,-0.193375,0.000577317,-0.197495,-0.197495,-0.195724,-0.193499,-0.189681,-0.189014,-0.185724,-0.197495,-0.197495,-0.194084,0.000502666,-0.197495,-0.197495,-0.197495,-0.19558,-0.19336,-0.189681,-0.189014,0.170496,0.163458,0.180007,0.00235489,0.163458,0.163458,0.170496,0.175376,0.183421,0.203663,0.206581,0.180716,0.180716,0.180497,0.00216678,0.163458,0.163458,0.170496,0.180716,0.183421,0.193389,0.206073,0.0,0.0,0.0,0.0,0.0,0.0,0.0,0.0,0.0,0.0,0.0,0.0,0.0,0.0,0.0,0.0,0.0,0.0,0.0,0.0,0.0,0.0,-9999,-9999
201209,22.305,1.0,19.728,4.574,1.0,24.834,5.881,1.0,20.675,19.828,2.155,21.503,3.098,22.305,1.0,19.728,4.574,1.0,24.834,5.881,1.0,387.887,269.984,1.0,254.27,269.984,1.0,332.196,1.0,339.568,332.196,1.0,321.238,1.0,331.569,321.238,1.0,24.165,1.0,21.832,24.165,1.0,95.369,95.284,1.0,0.019,0.133,1.0,2.289,2.738,1.0,0.338079403725,0.633333333333,102.609027778,1.0,49.6465277778,1.0,449.956944444,1.0,378.163,1.0,23.514,1.0,3.2,1.0,3.72569,1.0,3.76133,0.970833,3.78531,0.0972297,94.8764,0.970833,95.4813,0.673699,0.970833,1,23.7,24.3,23.7,24.2667,0.391026,0.391026,0.95625,0.95625,0.00556395,0.00556395,0.00609491,0.00578666,0.390477,0.391026,0.957639,0.95625,0.00546154,0.00556395,0.00600157,0.00578666,0.391819,0.391356,0.956875,0.955278,0.000339081,0.000272907,0.390025,0.390311,0.390477,0.391026,0.393491,0.395287,0.395814,0.390025,0.390311,0.390311,0.390477,0.392136,0.393491,0.395287,0.950694,0.954167,0.957639,0.95625,0.952083,0.961111,0.9625,0.950694,0.954167,0.954167,0.957639,0.95,0.952083,0.961111,0.113927,0.113927,0.102425,0.102425,0.973309,0.973309,0.00537647,0.00537647,0.00582502,0.00583052,0.633762,0.633762,0.512971,0.512971,0.940222,0.940222,0.00920591,0.00920591,0.0100375,0.00928751,0.113073,0.113927,0.103648,0.102425,0.976087,0.973309,0.00516594,0.00537647,0.00563128,0.00583052,0.633567,0.633762,0.513717,0.512971,0.940111,0.940222,0.00909776,0.00920591,0.00993836,0.00928751,0.113073,0.113073,0.113073,0.113927,0.116551,0.117556,0.119246,0.113073,0.113073,0.113927,0.115014,0.11756,0.117585,0.12108,0.976087,0.976087,0.976087,0.973309,0.976087,0.978865,0.964855,0.976087,0.976087,0.973309,0.97192,0.966304,0.966184,0.966244,0.626757,0.631305,0.631593,0.633567,0.633762,0.639305,0.639309,0.626757,0.631305,0.631305,0.633567,0.633762,0.633762,0.639305,0.937444,0.937444,0.938833,0.940111,0.940222,0.947056,0.947056,0.937444,0.937444,0.937444,0.940111,0.940222,0.940222,0.947056,0.158968,0.151179,0.155235,0.000541145,0.151179,0.151179,0.152846,0.155248,0.158968,0.159673,0.160689,0.155248,0.155248,0.15552,0.000600082,0.151179,0.151179,0.152846,0.155248,0.158968,0.160689,0.162984,-0.233169,-0.239847,-0.236121,0.000443111,-0.239847,-0.239847,-0.237465,-0.235229,-0.234598,-0.233169,-0.230352,-0.235229,-0.235229,-0.236299,0.000429352,-0.239847,-0.239847,-0.237465,-0.235229,-0.234598,-0.234185,-0.23283,0.465201,0.446287,0.459818,0.00170508,0.446287,0.446287,0.446287,0.465201,0.465263,0.467248,0.477505,0.454648,0.454648,0.459072,0.00153106,0.446287,0.446287,0.454648,0.454648,0.466347,0.467248,0.475675,0.000147178,0.0,0.000363495,0.000167196,0.0,0.0,0.0,0.0,0.000147178,0.000291712,0.00401288,0.000147178,0.0,0.000153398,0.000100252,0.0,0.0,0.0,0.0,0.000147178,0.000147178,0.00030404,-9999,-9999
201210,25.942,0.985215,23.352,4.333,1.0,28.109,5.555,0.972705,23.763,22.227,2.179,25.041,3.626,25.89,0.985215,23.352,4.333,1.0,28.012,5.531,0.972705,444.055,302.198,0.985215,296.002,303.288,0.985215,352.427,0.985215,349.48,352.249,0.985215,332.972,0.985215,343.085,333.01,0.985215,30.521,0.985215,24.101,30.398,0.985215,95.186,95.157,0.850806,0.017,0.161,0.981183,2.341,2.698,0.981183,0.302888582647,0.602150537634,115.594385776,0.980510752688,48.5793081416,0.980510752688,478.220440847,0.980510752688,381.013,0.940188,28.467,1.0,3.5,1.0,6.25871,0.985215,6.14821,0.899866,5.86666,0.146478,116.007,0.900538,110.695,0.684663,0.897177,1,21.8065,26.1935,21.8065,26.1935,0.481853,0.481853,0.862231,0.862231,0.00524878,0.00524878,0.00609534,0.00610736,0.480031,0.481853,0.861559,0.862231,0.0052636,0.00524878,0.00610811,0.00610736,0.483281,0.483556,0.857594,0.853276,0.000414121,0.000424291,0.480031,0.480031,0.480031,0.48407,0.485235,0.486229,0.486276,0.480031,0.480031,0.481853,0.48407,0.485995,0.486276,0.488004,0.861559,0.861559,0.861559,0.854839,0.866263,0.867608,0.830645,0.861559,0.861559,0.862231,0.854839,0.84207,0.830645,0.827285,0.181434,0.181434,0.0907483,0.0907483,0.951473,0.951473,0.00671272,0.00671272,0.00772818,0.00892198,0.699103,0.699103,0.600432,0.600432,0.786922,0.786922,0.00739459,0.00739459,0.00797127,0.00751084,0.178042,0.181434,0.0907913,0.0907483,0.951473,0.951473,0.00673179,0.00671272,0.00774475,0.00892198,0.698769,0.699103,0.599105,0.600432,0.785727,0.786922,0.00741539,0.00739459,0.00799057,0.00751084,0.178042,0.178042,0.178042,0.181434,0.185701,0.185701,0.189796,0.178042,0.178042,0.179108,0.181913,0.189407,0.189796,0.191704,0.951473,0.951473,0.951473,0.951473,0.941209,0.941209,0.91335,0.951473,0.951473,0.963273,0.961737,0.885491,0.91335,0.879626,0.698769,0.698769,0.698769,0.699419,0.701402,0.704723,0.708815,0.698769,0.698769,0.699103,0.699419,0.700254,0.701402,0.704723,0.785727,0.785727,0.785727,0.781959,0.783108,0.785727,0.786968,0.785727,0.785727,0.786922,0.781959,0.784303,0.783108,0.785727,0.176963,0.173339,0.173473,0.000299256,0.17134,0.172196,0.172196,0.173339,0.174687,0.174687,0.176963,0.172196,0.172196,0.172897,0.000332934,0.167961,0.17134,0.172196,0.172473,0.173758,0.174687,0.176963,-0.309033,-0.308514,-0.310083,0.00043335,-0.315532,-0.313895,-0.312518,-0.309033,-0.308514,-0.307834,-0.307834,-0.307834,-0.307834,-0.310384,0.000502739,-0.318267,-0.313895,-0.312518,-0.309033,-0.307834,-0.307834,-0.307834,0.383538,0.377608,0.387753,0.00286416,0.373959,0.377548,0.377548,0.377608,0.384819,0.418658,0.429315,0.377548,0.377548,0.39244,0.00368812,0.373959,0.377548,0.377548,0.377608,0.389717,0.429315,0.43415,0.0180476,0.0156172,0.0162776,0.000449975,0.0131983,0.0131983,0.0139605,0.0156172,0.0180476,0.0189265,0.0230181,0.0180476,0.0131983,0.0165384,0.000504613,0.0131983,0.0131983,0.0131983,0.0156172,0.0180476,0.0189265,0.0230181,-9999,-9999
201211,29.594,1.0,27.224,3.265,1.0,31.425,4.832,1.0,23.537,22.14,1.919,24.617,3.218,29.594,1.0,27.224,3.265,1.0,31.425,4.832,1.0,481.31,297.633,1.0,313.813,297.633,1.0,393.299,1.0,351.147,393.299,1.0,403.837,1.0,345.021,403.837,1.0,32.366,1.0,23.659,32.366,1.0,95.058,94.855,1.0,0.247,1.24,1.0,2.798,2.721,1.0,0.360559594035,0.559027777778,141.197916667,1.0,47.4819444444,1.0,502.657638889,1.0,383.311,1.0,32.352,1.0,4.7,1.0,9.11528,1.0,30.5021,0.975694,30.8447,0.398941,100.647,0.975694,101.777,0.633946,0.974306,1,20.9333,27.0667,20.9333,27.0667,0.788257,0.788257,0.965278,0.965278,0.0128998,0.0128998,0.013633,0.013633,0.797078,0.788257,0.96875,0.965278,0.0137269,0.0128998,0.014418,0.013633,0.791705,0.791416,0.966979,0.966024,0.00090412,0.000972798,0.780397,0.788257,0.788257,0.792543,0.797078,0.797078,0.797078,0.780397,0.788257,0.788257,0.792543,0.797078,0.797078,0.798391,0.964583,0.965278,0.965278,0.96875,0.96875,0.96875,0.96875,0.964583,0.965278,0.965278,0.96875,0.96875,0.96875,0.964583,0.807077,0.807077,0.292785,0.292785,0.996825,0.996825,0.0163336,0.0163336,0.0186527,0.0188156,0.723738,0.723738,0.815054,0.815054,0.941182,0.941182,0.0180665,0.0180665,0.0187276,0.0186717,0.818879,0.807077,0.343456,0.292785,0.996825,0.996825,0.0184098,0.0163336,0.0204954,0.0188156,0.729704,0.723738,0.836237,0.815054,0.947354,0.941182,0.0186431,0.0180665,0.0192844,0.0186717,0.782431,0.800863,0.806925,0.807077,0.818879,0.818879,0.818879,0.782431,0.800198,0.806925,0.807077,0.817114,0.818879,0.818879,0.995238,1.0,0.996825,0.996825,0.996825,0.996825,0.996825,0.995238,0.996825,0.996825,0.996825,0.996825,0.996825,0.996825,0.721896,0.723305,0.723738,0.729379,0.729704,0.733168,0.733168,0.723305,0.723738,0.723738,0.72953,0.733168,0.733168,0.739151,0.949824,0.947354,0.941182,0.939947,0.947354,0.939947,0.939947,0.947354,0.941182,0.941182,0.941182,0.939947,0.939947,0.939947,0.888113,0.867308,0.883832,0.00318351,0.863835,0.863835,0.867308,0.882025,0.904629,0.904629,0.919066,0.904629,0.904629,0.888336,0.00343418,0.863835,0.863835,0.867308,0.889616,0.904629,0.904629,0.919066,0.089722,0.0790508,0.0924152,0.00287893,0.070136,0.070136,0.0790508,0.089722,0.107551,0.109219,0.126523,0.107551,0.107551,0.0966317,0.00311569,0.070136,0.070136,0.0790508,0.107551,0.107551,0.116034,0.126523,0.958812,0.973524,0.958832,0.00363999,0.916697,0.926784,0.935194,0.972179,0.973524,0.973524,0.981044,0.972179,0.972179,0.968194,0.00363197,0.916697,0.935194,0.958812,0.972179,0.973524,0.981044,1.00795,0.0997676,0.151244,0.113227,0.00379201,0.0813076,0.0876472,0.0986698,0.0997676,0.123016,0.151244,0.151244,0.0997676,0.0986698,0.115428,0.0036181,0.0876472,0.0986698,0.0986698,0.0997676,0.145703,0.151244,0.151244,-9999,-9999
201212,30.046,1.0,27.455,2.839,1.0,31.896,4.339,1.0,27.349,25.587,1.875,28.607,3.364,30.046,1.0,27.455,2.839,1.0,31.896,4.339,1.0,496.556,298.787,1.0,293.803,298.787,1.0,400.916,1.0,378.14,400.916,1.0,406.459,1.0,376.381,406.459,1.0,31.383,1.0,26.121,31.383,1.0,94.879,94.793,1.0,1.16,1.832,1.0,2.437,2.894,1.0,0.401930865943,0.741935483871,148.962365591,1.0,46.747311828,1.0,504.096102151,1.0,386.475,1.0,34.075,1.0,5.9,1.0,6.01142,1.0,42.8979,0.977151,43.6347,0.49836,97.2734,0.978495,98.9442,0.65622,0.976478,1,20.0,28.0,20.0,28.0,0.710215,0.710215,0.969086,0.969086,0.0148759,0.0148759,0.0158371,0.0158432,0.721081,0.710179,0.969086,0.969086,0.0148208,0.0148964,0.0157853,0.0158624,0.716792,0.714879,0.968952,0.9688,0.00101093,0.000822466,0.709631,0.710215,0.710215,0.717737,0.721081,0.721081,0.723383,0.709631,0.710179,0.710179,0.710962,0.721081,0.721081,0.723298,0.968414,0.969086,0.969086,0.968414,0.969086,0.969086,0.969086,0.968414,0.969086,0.969086,0.968414,0.969086,0.969086,0.969086,0.931028,0.931028,0.346856,0.346856,1.0,1.0,0.0179973,0.0179973,0.0197769,0.0197769,0.50823,0.50823,0.911176,0.911176,0.947005,0.947005,0.020944,0.020944,0.0213875,0.0213875,0.944027,0.930946,0.359095,0.346781,1.0,1.0,0.0178884,0.0180439,0.0196779,0.0198194,0.516896,0.50823,0.909577,0.911176,0.947005,0.947005,0.0208849,0.0209631,0.0213297,0.0214063,0.927629,0.927629,0.931028,0.940696,0.944027,0.944027,0.949698,0.927629,0.927629,0.930946,0.933499,0.944027,0.944027,0.949499,1.0,1.0,1.0,1.0,1.0,1.0,1.0,1.0,1.0,1.0,1.0,1.0,1.0,1.0,0.506225,0.50823,0.50823,0.513369,0.516896,0.516896,0.516896,0.50558,0.50823,0.50823,0.511893,0.516649,0.516896,0.516896,0.945853,0.947005,0.947005,0.945853,0.947005,0.947005,0.947005,0.945853,0.947005,0.947005,0.945853,0.947005,0.947005,0.947005,1.00157,0.991626,0.997638,0.00140245,0.984235,0.984235,0.991626,0.998376,1.00222,1.00347,1.01239,1.00222,1.00222,0.999505,0.00175361,0.984235,0.984235,0.991626,1.00222,1.00222,1.0111,1.0111,0.283985,0.281447,0.282759,0.00113096,0.273272,0.273272,0.281139,0.281447,0.284383,0.287803,0.302707,0.281139,0.281139,0.282712,0.00103329,0.273272,0.273272,0.281139,0.281411,0.284362,0.287717,0.288754,1.22738,1.21334,1.2218,0.0201162,1.11319,1.11319,1.11355,1.21334,1.22738,1.41051,1.51584,1.11319,1.11319,1.18461,0.0157661,1.11319,1.11319,1.11319,1.15281,1.21334,1.22738,1.41051,0.537898,0.527243,0.61719,0.0342057,0.448158,0.453007,0.453007,0.527243,0.727848,0.985033,1.09341,0.537898,0.453007,0.549143,0.0261166,0.448158,0.448158,0.453007,0.498635,0.537898,0.537898,0.985033,-9999,-9999
201301,32.382,1.0,29.852,3.328,1.0,34.337,4.514,1.0,30.508,28.958,1.762,31.705,3.065,32.382,1.0,29.852,3.328,1.0,34.337,4.514,1.0,492.078,319.529,1.0,291.33,319.529,1.0,404.688,1.0,394.247,404.688,1.0,414.761,1.0,395.094,414.761,1.0,39.361,1.0,28.861,39.361,1.0,94.637,94.499,1.0,1.238,0.671,1.0,2.697,2.922,1.0,0.411262681705,0.6875,151.108870968,1.0,50.4751344086,1.0,522.72311828,1.0,386.588,1.0,40.743,1.0,1.0,1.0,8.69422,1.0,21.5303,0.979839,21.9141,0.463549,118.133,0.982527,120.239,0.763109,0.979839,1,20.9355,27.0645,20.9355,27.0645,0.94879,0.94879,0.971774,0.971774,0.0122157,0.0122157,0.0315767,0.0322849,0.960451,0.959582,0.972446,0.972446,0.012304,0.0123355,0.031611,0.0323304,0.94584,0.945841,0.968112,0.968028,0.00402557,0.00404934,0.874368,0.902215,0.94879,0.951611,0.960451,0.960451,0.966608,0.874368,0.900682,0.949501,0.952058,0.959582,0.960451,0.966902,0.939516,0.945565,0.971774,0.971774,0.972446,0.972446,0.973118,0.939516,0.945565,0.971774,0.975806,0.972446,0.972446,0.973118,0.600468,0.600468,0.299912,0.299912,0.987711,0.987711,0.0124755,0.0124755,0.0558834,0.0572041,1.15829,1.15829,0.899978,0.899978,0.959421,0.959421,0.0185132,0.0185132,0.0199922,0.0200905,0.617075,0.615821,0.317751,0.317916,0.989247,0.989247,0.01283,0.0129132,0.0559636,0.0573012,1.16545,1.16495,0.906538,0.906359,0.959421,0.959421,0.0185391,0.0185655,0.0200162,0.0201387,0.450317,0.508129,0.600468,0.604889,0.617075,0.617075,0.629804,0.450317,0.505421,0.601908,0.605314,0.615821,0.617075,0.630285,0.935407,0.943088,0.987711,0.987711,0.989247,0.989247,0.990783,0.935407,0.943088,0.987711,0.986098,0.989247,0.989247,0.990783,1.14826,1.15036,1.15829,1.15969,1.16545,1.16545,1.16612,1.14827,1.14984,1.1584,1.15976,1.16495,1.16545,1.16625,0.945127,0.947517,0.959421,0.959421,0.959421,0.959421,0.959421,0.945127,0.947517,0.959421,0.959421,0.959421,0.959421,0.959421,0.687978,0.732394,0.680324,0.0119348,0.475573,0.545751,0.682578,0.687978,0.732394,0.732394,0.741184,0.732394,0.732394,0.680324,0.0119348,0.475573,0.545751,0.682578,0.687978,0.732394,0.732394,0.741184,-0.264345,-0.227188,-0.265517,0.00792246,-0.398795,-0.354931,-0.266923,-0.263833,-0.227188,-0.227188,-0.225717,-0.228058,-0.228058,-0.265516,0.00793642,-0.398795,-0.356464,-0.266212,-0.263633,-0.228058,-0.228058,-0.225424,0.970843,1.00838,0.971258,0.00913565,0.844804,0.856122,0.950073,0.970843,1.00838,1.01203,1.02386,1.00838,1.00838,0.971258,0.00913565,0.844804,0.856122,0.950073,0.970843,1.00838,1.01203,1.02386,0.052635,0.0576318,0.0561501,0.000462207,0.0485273,0.052635,0.052635,0.0576318,0.0582264,0.0582264,0.0593946,0.052635,0.0576318,0.0561501,0.000462207,0.0485273,0.052635,0.052635,0.0576318,0.0582264,0.0582264,0.0593946,-9999,-9999
201302,30.045,1.0,27.921,3.115,1.0,31.748,4.475,1.0,32.202,30.683,1.829,33.416,3.319,30.045,1.0,27.921,3.115,1.0,31.748,4.475,1.0,466.573,290.125,1.0,293.623,290.125,1.0,396.844,1.0,392.436,396.844,1.0,399.174,1.0,392.99,399.174,1.0,33.274,1.0,32.07,33.274,1.0,94.639,94.714,1.0,0.044,0.4,1.0,2.392,2.906,1.0,0.401019486876,0.736607142857,132.151785714,1.0,46.490327381,1.0,509.188244048,1.0,383.657,1.0,39.397,1.0,0.7,1.0,5.02679,1.0,9.00363,0.986607,9.18716,0.222409,115.605,0.985863,117.962,0.698966,0.985863,1,21.3929,26.6071,21.3929,26.6071,0.709714,0.709714,0.976935,0.976935,0.00747789,0.00747789,0.00762326,0.00762326,0.710082,0.710082,0.977679,0.977679,0.0076513,0.0076513,0.00779344,0.00779344,0.709305,0.709305,0.977586,0.977586,0.000182776,0.000182776,0.707119,0.707119,0.70907,0.709714,0.710082,0.710082,0.710082,0.707119,0.707119,0.70907,0.709714,0.710082,0.710082,0.710082,0.976935,0.976935,0.979167,0.976935,0.977679,0.977679,0.977679,0.976935,0.976935,0.979167,0.976935,0.977679,0.977679,0.977679,0.282696,0.282696,0.151007,0.151007,0.998299,0.998299,0.00700423,0.00700423,0.00739801,0.00739801,1.00888,1.00888,0.709371,0.709371,0.959809,0.959809,0.0117168,0.0117168,0.0119849,0.0119849,0.284879,0.284879,0.153038,0.153038,1.0,1.0,0.00717455,0.00717455,0.00755946,0.00755946,1.00776,1.00776,0.710937,0.710937,0.959809,0.959809,0.0119854,0.0119854,0.0122477,0.0122477,0.278753,0.280116,0.281991,0.282696,0.284879,0.284879,0.284879,0.278753,0.280116,0.281991,0.282696,0.284879,0.284879,0.284879,1.0,1.0,0.998299,0.998299,1.0,1.0,1.0,1.0,1.0,0.998299,0.998299,1.0,1.0,1.0,1.0047,1.0047,1.00776,1.00784,1.00888,1.00975,1.01215,1.0047,1.0047,1.00776,1.00784,1.00888,1.00975,1.01215,0.959809,0.959809,0.959809,0.961182,0.959809,0.962454,0.961131,0.959809,0.959809,0.959809,0.961182,0.959809,0.962454,0.961131,0.321584,0.313717,0.316035,0.00103077,0.307828,0.307828,0.313717,0.313717,0.321584,0.321584,0.32723,0.313717,0.313717,0.316035,0.00103077,0.307828,0.307828,0.313717,0.313717,0.321584,0.321584,0.32723,-0.385534,-0.396365,-0.39327,0.0010924,-0.401994,-0.401994,-0.396365,-0.396365,-0.385534,-0.385534,-0.382038,-0.396365,-0.396365,-0.39327,0.0010924,-0.401994,-0.401994,-0.396365,-0.396365,-0.385534,-0.385534,-0.382038,0.721224,0.720244,0.717169,0.000755471,0.70646,0.711089,0.711846,0.720244,0.720244,0.721224,0.721224,0.720244,0.720244,0.717169,0.000755471,0.70646,0.711089,0.711846,0.720244,0.720244,0.721224,0.721224,0.00483764,0.0041702,0.00572254,0.000368252,0.00192936,0.0041702,0.0041702,0.00483764,0.00759722,0.00759722,0.00796878,0.00483764,0.0041702,0.00572254,0.000368252,0.00192936,0.0041702,0.0041702,0.00483764,0.00759722,0.00759722,0.00796878,-9999,-9999
201303,29.667,1.0,27.747,3.555,1.0,31.429,4.529,1.0,28.621,27.489,1.921,29.66,3.059,29.667,1.0,27.747,3.555,1.0,31.429,4.529,1.0,418.161,274.952,1.0,266.719,274.952,1.0,394.112,1.0,375.058,394.112,1.0,394.879,1.0,372.8,394.879,1.0,32.22,1.0,27.311,32.22,1.0,94.891,94.809,1.0,0.006,0.116,1.0,2.45,2.989,1.0,0.382822041152,0.878360215054,121.873655914,1.0,43.6565860215,1.0,503.579973118,1.0,382.985,0.999328,38.869,1.0,0.5,1.0,4.29234,1.0,4.62273,0.995296,4.73531,0.19629,110.067,0.995968,112.748,0.672666,0.995296,1,22.9677,25.0323,22.9677,25.0323,0.68083,0.68083,0.982527,0.982527,0.0090988,0.0090988,0.00934159,0.00934159,0.68137,0.68137,0.983199,0.983199,0.00907497,0.00907497,0.00931838,0.00931838,0.682727,0.682727,0.981804,0.981804,0.000296828,0.000296828,0.68083,0.68083,0.68137,0.682913,0.683393,0.685062,0.685062,0.68083,0.68083,0.68137,0.682913,0.683393,0.685062,0.685062,0.982527,0.982527,0.983199,0.983871,0.985215,0.980511,0.980511,0.982527,0.982527,0.983199,0.983871,0.985215,0.980511,0.980511,0.243244,0.243244,0.136045,0.136045,0.991585,0.991585,0.00715322,0.00715322,0.00728298,0.00728298,1.03564,1.03564,0.716285,0.716285,0.974243,0.974243,0.015479,0.015479,0.016028,0.016028,0.245171,0.245171,0.139349,0.139349,0.991585,0.991585,0.00713367,0.00713367,0.00726378,0.00726378,1.03487,1.03487,0.716816,0.716816,0.975533,0.975533,0.0154387,0.0154387,0.0159892,0.0159892,0.241272,0.243244,0.243244,0.245171,0.245302,0.245982,0.246669,0.241272,0.243244,0.243244,0.245171,0.245302,0.245982,0.246669,0.985975,0.991585,0.991585,0.991585,0.985975,0.991585,0.992987,0.985975,0.991585,0.991585,0.991585,0.985975,0.991585,0.992987,1.03487,1.03487,1.03487,1.03698,1.04187,1.04319,1.04319,1.03487,1.03487,1.03487,1.03698,1.04187,1.04319,1.04319,0.975533,0.975533,0.975533,0.976824,0.966551,0.970422,0.970422,0.975533,0.975533,0.975533,0.976824,0.966551,0.970422,0.970422,0.260371,0.265256,0.262996,0.000429569,0.258428,0.260371,0.260371,0.264607,0.265256,0.265466,0.266756,0.265256,0.265256,0.262996,0.000429569,0.258428,0.260371,0.260371,0.264607,0.265256,0.265466,0.266756,-0.42469,-0.416114,-0.419731,0.000557474,-0.42514,-0.42469,-0.424054,-0.420233,-0.416114,-0.416114,-0.416114,-0.416114,-0.416114,-0.419731,0.000557474,-0.42514,-0.42469,-0.424054,-0.420233,-0.416114,-0.416114,-0.416114,0.63813,0.657322,0.647811,0.00156073,0.635879,0.635879,0.63813,0.652598,0.657322,0.657322,0.657322,0.657322,0.657322,0.647811,0.00156073,0.635879,0.635879,0.63813,0.652598,0.657322,0.657322,0.657322,0.00830737,0.0203704,0.0146946,0.000831333,0.00599727,0.00830737,0.00830737,0.0124302,0.0203704,0.0203704,0.0203704,0.00830737,0.0203704,0.0146946,0.000831333,0.00599727,0.00830737,0.00830737,0.0124302,0.0203704,0.0203704,0.0203704,-9999,-9999
201304,24.322,1.0,22.295,3.788,1.0,26.341,4.878,1.0,28.054,27.242,2.072,28.858,3.02,24.322,1.0,22.295,3.788,1.0,26.341,4.878,1.0,354.446,239.524,1.0,217.605,239.524,1.0,353.976,1.0,373.9,353.976,1.0,348.376,1.0,371.455,348.376,1.0,23.96,1.0,26.628,23.96,1.0,95.123,95.283,0.999306,0.009,0.213,0.999306,1.725,2.824,0.999306,0.351527621598,0.8625,93.4737440898,0.999305555556,39.0418291962,0.999305555556,460.697000591,0.999305555556,383.641,0.999306,30.69,1.0,0.8,1.0,-1.67146,1.0,4.95017,0.984722,5.10418,0.205414,87.059,0.997222,89.7676,0.600862,0.983333,1,23.9333,24.0667,23.9333,24.0667,0.585467,0.585467,0.977083,0.977083,0.0110375,0.0110375,0.011058,0.011058,0.584572,0.584572,0.977778,0.977778,0.0109807,0.0109807,0.0110013,0.0110013,0.584359,0.584359,0.977326,0.977326,0.000240675,0.000240675,0.580235,0.584124,0.584572,0.584572,0.584932,0.585467,0.585467,0.580235,0.584124,0.584572,0.584572,0.584932,0.585467,0.585467,0.975,0.977778,0.977778,0.977778,0.977083,0.977083,0.977083,0.975,0.977778,0.977778,0.977778,0.977083,0.977083,0.977083,0.120895,0.120895,0.0946743,0.0946743,0.966667,0.966667,0.00701304,0.00701304,0.00740017,0.00740017,1.00476,1.00476,0.680397,0.680397,0.9875,0.9875,0.0200345,0.0200345,0.0201511,0.0201511,0.121083,0.121083,0.095949,0.095949,0.966667,0.966667,0.00683182,0.00683182,0.00722867,0.00722867,1.00285,1.00285,0.68356,0.68356,0.988889,0.988889,0.019981,0.019981,0.020098,0.020098,0.107669,0.117579,0.119432,0.120895,0.121083,0.122303,0.12376,0.107669,0.117579,0.119432,0.120895,0.121083,0.122303,0.12376,0.965278,0.966667,0.966667,0.966667,0.966667,0.966667,0.966667,0.965278,0.966667,0.966667,0.966667,0.966667,0.966667,0.966667,1.00077,1.00086,1.00285,1.00285,1.00519,1.00519,1.00646,1.00077,1.00086,1.00285,1.00285,1.00519,1.00519,1.00646,0.988889,0.990278,0.988889,0.988889,0.9875,0.9875,0.9875,0.988889,0.990278,0.988889,0.988889,0.9875,0.9875,0.9875,0.115117,0.116925,0.115661,0.000636465,0.104461,0.112627,0.115117,0.115598,0.116925,0.119421,0.12014,0.116925,0.116925,0.115661,0.000636465,0.104461,0.112627,0.115117,0.115598,0.116925,0.119421,0.12014,-0.469816,-0.467647,-0.468697,0.000469038,-0.475775,-0.471998,-0.469869,-0.469816,-0.467647,-0.464791,-0.464703,-0.467647,-0.467647,-0.468697,0.000469038,-0.475775,-0.471998,-0.469869,-0.469816,-0.467647,-0.464791,-0.464703,0.5432,0.547918,0.548681,0.000634047,0.5432,0.5432,0.54774,0.547918,0.550424,0.550986,0.552816,0.547918,0.547918,0.548681,0.000634047,0.5432,0.5432,0.54774,0.547918,0.550424,0.550986,0.552816,0.0,0.0,0.000496833,0.000234715,0.0,0.0,0.0,0.0,0.0,0.0,0.00176174,0.0,0.0,0.000496833,0.000234715,0.0,0.0,0.0,0.0,0.0,0.0,0.00176174,-9999,-9999
201305,19.42,1.0,17.614,3.131,1.0,21.44,4.064,1.0,21.581,21.118,2.063,22.098,2.613,19.42,1.0,17.614,3.131,1.0,21.44,4.064,1.0,297.076,185.817,1.0,165.225,185.817,1.0,342.254,1.0,351.386,342.254,1.0,340.312,1.0,345.299,340.312,1.0,14.371,1.0,22.197,14.371,1.0,95.32,95.429,1.0,2.419,1.406,1.0,2.185,2.555,0.994624,0.308244681696,0.769489247312,75.8286290323,1.0,29.565188172,1.0,422.704973118,1.0,385.384,0.999328,21.981,1.0,3.0,1.0,-6.77823,1.0,21.4959,0.974462,22.7548,0.366165,56.6514,0.974462,59.9691,0.475519,0.974462,1,25.4516,22.5484,25.4516,22.5484,0.404851,0.404851,0.954973,0.954973,0.00860851,0.00860851,0.00924604,0.00924604,0.40613,0.40613,0.955645,0.955645,0.0085391,0.0085391,0.00918144,0.00918144,0.404954,0.404954,0.954687,0.954687,0.000481436,0.000481436,0.399226,0.399983,0.403606,0.404851,0.40613,0.40673,0.410786,0.399226,0.399983,0.403606,0.404851,0.40613,0.40673,0.410786,0.952285,0.948925,0.954301,0.954973,0.955645,0.955645,0.955645,0.952285,0.948925,0.954301,0.954973,0.955645,0.955645,0.955645,0.315628,0.315628,0.129957,0.129957,0.975186,0.975186,0.00746031,0.00746031,0.00976495,0.00976495,0.460052,0.460052,0.542977,0.542977,0.931213,0.931213,0.0155222,0.0155222,0.0155495,0.0155495,0.317591,0.317591,0.133593,0.133593,0.975186,0.975186,0.00726134,0.00726134,0.0096138,0.0096138,0.460662,0.460662,0.541885,0.541885,0.932679,0.932679,0.015481,0.015481,0.0155084,0.0155084,0.303657,0.305081,0.312932,0.315628,0.317591,0.317682,0.323874,0.303657,0.305081,0.312932,0.315628,0.317591,0.317682,0.323874,0.970223,0.971464,0.975186,0.975186,0.975186,0.975186,0.975186,0.970223,0.971464,0.975186,0.975186,0.975186,0.975186,0.975186,0.460052,0.460052,0.460482,0.460662,0.46183,0.461894,0.463019,0.460052,0.460052,0.460482,0.460662,0.46183,0.461894,0.463019,0.931213,0.931213,0.929746,0.932679,0.929746,0.932679,0.932679,0.931213,0.931213,0.929746,0.932679,0.929746,0.932679,0.932679,0.340871,0.348192,0.344798,0.000972462,0.332045,0.33607,0.340871,0.344712,0.348192,0.348192,0.357574,0.348192,0.348192,0.344798,0.000972462,0.332045,0.33607,0.340871,0.344712,0.348192,0.348192,0.357574,-0.0627341,-0.0579375,-0.0601566,0.000518752,-0.0672263,-0.0627341,-0.0627341,-0.0601385,-0.0579375,-0.0579375,-0.0532129,-0.0579375,-0.0579375,-0.0601566,0.000518752,-0.0672263,-0.0627341,-0.0627341,-0.0601385,-0.0579375,-0.0579375,-0.0532129,0.37041,0.349035,0.374906,0.00372305,0.349035,0.349035,0.349035,0.37041,0.392101,0.397973,0.419299,0.349035,0.349035,0.374906,0.00372305,0.349035,0.349035,0.349035,0.37041,0.392101,0.397973,0.419299,0.0596522,0.03628,0.047655,0.00150813,0.03628,0.03628,0.03628,0.0459174,0.0596522,0.0596522,0.0607727,0.0596522,0.03628,0.047655,0.00150813,0.03628,0.03628,0.03628,0.0459174,0.0596522,0.0596522,0.0607727,-9999,-9999
201306,15.851,1.0,14.564,2.842,1.0,17.372,3.769,1.0,18.531,18.227,1.849,18.891,2.436,15.851,1.0,14.564,2.842,1.0,17.372,3.769,1.0,267.744,158.979,1.0,143.672,158.979,1.0,328.299,1.0,341.444,328.299,1.0,323.81,1.0,333.748,323.81,1.0,11.175,1.0,19.782,11.175,1.0,95.405,95.534,1.0,8.067,0.033,1.0,2.477,2.546,1.0,0.323875039354,0.936111111111,57.6979166667,1.0,26.3048611111,1.0,403.311805556,1.0,384.167,1.0,18.123,1.0,2.7,1.0,-4.8,1.0,9.26707,0.999306,9.7351,0.174134,50.2628,0.999306,52.8013,0.449547,0.999306,1,26.0,22.0,26.0,22.0,0.0804505,0.0804505,0.988889,0.988889,0.00974253,0.00974253,0.0128332,0.0128332,0.0840475,0.0840475,0.988889,0.988889,0.00986196,0.00986196,0.0129241,0.0129241,0.08207,0.08207,0.988455,0.988455,0.00108315,0.00108315,0.06849,0.0737136,0.0768927,0.0804505,0.0840475,0.0904198,0.092614,0.06849,0.0737136,0.0768927,0.0804505,0.0840475,0.0904198,0.092614,0.970833,0.984722,0.9875,0.988889,0.988889,0.99375,0.995139,0.970833,0.984722,0.9875,0.988889,0.988889,0.99375,0.995139,0.247373,0.247373,0.157529,0.157529,0.994872,0.994872,0.00912085,0.00912085,0.014865,0.014865,-0.123202,-0.123202,0.492225,0.492225,0.981818,0.981818,0.0174181,0.0174181,0.0175622,0.0175622,0.252886,0.252886,0.162161,0.162161,0.994872,0.994872,0.00915389,0.00915389,0.0148853,0.0148853,-0.122155,-0.122155,0.500207,0.500207,0.981818,0.981818,0.0176889,0.0176889,0.0178308,0.0178308,0.230563,0.239552,0.243247,0.247373,0.252886,0.263027,0.268122,0.230563,0.239552,0.243247,0.247373,0.252886,0.263027,0.268122,0.967949,0.989744,0.994872,0.994872,0.994872,1.0,1.0,0.967949,0.989744,0.994872,0.994872,0.994872,1.0,1.0,-0.128482,-0.12664,-0.125806,-0.123202,-0.122155,-0.12215,-0.120743,-0.128482,-0.12664,-0.125806,-0.123202,-0.122155,-0.12215,-0.120743,0.974242,0.978788,0.978788,0.981818,0.981818,0.989394,0.986364,0.974242,0.978788,0.978788,0.981818,0.981818,0.989394,0.986364,0.254764,0.261753,0.261926,0.00151138,0.250773,0.253673,0.254764,0.257196,0.261753,0.272016,0.283692,0.261753,0.261753,0.261926,0.00151138,0.250773,0.253673,0.254764,0.257196,0.261753,0.272016,0.283692,0.177871,0.177705,0.179856,0.000660433,0.176745,0.176745,0.177705,0.177871,0.181597,0.181597,0.191078,0.177705,0.177705,0.179856,0.000660433,0.176745,0.176745,0.177705,0.177871,0.181597,0.181597,0.191078,0.250778,0.252236,0.248041,0.00113252,0.22634,0.242529,0.244271,0.250778,0.252236,0.252236,0.253508,0.252236,0.252236,0.248041,0.00113252,0.22634,0.242529,0.244271,0.250778,0.252236,0.252236,0.253508,0.210645,0.21551,0.210536,0.000645471,0.200816,0.208293,0.208293,0.209757,0.21551,0.21551,0.21551,0.210645,0.21551,0.210536,0.000645471,0.200816,0.208293,0.208293,0.209757,0.21551,0.21551,0.21551,-9999,-9999
201307,15.732,1.0,13.572,3.828,1.0,18.113,5.236,1.0,17.208,16.716,2.158,17.746,3.052,15.732,1.0,13.572,3.828,1.0,18.113,5.236,1.0,278.479,197.526,1.0,160.483,197.526,1.0,308.397,1.0,331.937,308.397,1.0,294.966,1.0,322.703,294.966,1.0,12.623,1.0,19.514,12.623,1.0,95.581,95.625,1.0,0.477,0.032,1.0,2.167,2.627,1.0,0.330943854154,0.764112903226,70.0134408602,1.0,33.4327956989,1.0,402.547043011,1.0,384.499,1.0,17.697,1.0,2.5,1.0,-2.43212,1.0,3.76062,0.979167,3.91795,0.1519,66.2803,0.979167,69.0532,0.538618,0.979167,1,25.1613,22.8387,25.1613,22.8387,0.320789,0.320789,0.96707,0.96707,0.00962756,0.00962756,0.0108425,0.0108425,0.325137,0.325137,0.969086,0.969086,0.00937634,0.00937634,0.0106201,0.0106201,0.322873,0.322873,0.967759,0.967759,0.00081326,0.00081326,0.314776,0.317893,0.317893,0.320789,0.325137,0.327867,0.332185,0.314776,0.317893,0.317893,0.320789,0.325137,0.327867,0.332185,0.963038,0.96707,0.96707,0.96707,0.969086,0.969086,0.969758,0.963038,0.96707,0.96707,0.96707,0.969086,0.969086,0.969758,0.0399979,0.0399979,0.0892066,0.0892066,0.993548,0.993548,0.00822756,0.00822756,0.0117128,0.0117128,0.605979,0.605979,0.502914,0.502914,0.938289,0.938289,0.0172637,0.0172637,0.0173282,0.0173282,0.0461157,0.0461157,0.0902324,0.0902324,0.993548,0.993548,0.00748389,0.00748389,0.011203,0.011203,0.608058,0.608058,0.500895,0.500895,0.942496,0.942496,0.0171065,0.0171065,0.0171716,0.0171716,0.0328466,0.034409,0.0353865,0.0399979,0.0461157,0.0510821,0.0585474,0.0328466,0.034409,0.0353865,0.0399979,0.0461157,0.0510821,0.0585474,0.987097,0.989677,0.993548,0.993548,0.993548,0.993548,0.993548,0.987097,0.989677,0.993548,0.993548,0.993548,0.993548,0.993548,0.601604,0.605148,0.605148,0.607124,0.608058,0.608134,0.608736,0.601604,0.605148,0.605148,0.607124,0.608058,0.608134,0.608736,0.936886,0.938289,0.938289,0.943899,0.942496,0.942496,0.943899,0.936886,0.938289,0.938289,0.943899,0.942496,0.942496,0.943899,0.0786111,0.07674,0.078735,0.000474134,0.0761768,0.07674,0.07674,0.0779837,0.0786111,0.0805993,0.0849065,0.07674,0.07674,0.078735,0.000474134,0.0761768,0.07674,0.07674,0.0779837,0.0786111,0.0805993,0.0849065,-0.239282,-0.248397,-0.244139,0.00113577,-0.252846,-0.25169,-0.248397,-0.248397,-0.239282,-0.239282,-0.229869,-0.248397,-0.248397,-0.244139,0.00113577,-0.252846,-0.25169,-0.248397,-0.248397,-0.239282,-0.239282,-0.229869,0.320588,0.335809,0.331019,0.00199251,0.314823,0.314823,0.320588,0.335809,0.335809,0.340324,0.352592,0.335809,0.335809,0.331019,0.00199251,0.314823,0.314823,0.320588,0.335809,0.335809,0.340324,0.352592,0.0,0.0,0.0,0.0,0.0,0.0,0.0,0.0,0.0,0.0,0.0,0.0,0.0,0.0,0.0,0.0,0.0,0.0,0.0,0.0,0.0,0.0,-9999,-9999
201308,19.818,1.0,17.395,4.508,1.0,22.371,5.759,1.0,19.557,18.879,2.502,20.272,3.525,19.818,1.0,17.395,4.508,1.0,22.371,5.759,1.0,324.5,242.938,1.0,205.902,242.938,1.0,318.726,1.0,331.354,318.726,1.0,298.164,1.0,322.026,298.164,1.0,20.033,1.0,22.58,20.033,1.0,95.493,95.43,1.0,0.031,0.0,1.0,2.064,2.261,1.0,0.266420335909,0.694220430108,89.9529569892,1.0,42.0739247312,1.0,429.677419355,1.0,385.042,1.0,23.687,1.0,1.6,1.0,4.67876,1.0,1.70521,0.981183,1.71717,0.0771025,83.8577,0.981183,84.4458,0.565779,0.981183,1,24.6452,23.3548,24.6452,23.3548,0.340306,0.340306,0.94422,0.94422,0.0101581,0.0101581,0.0110926,0.0110926,0.34549,0.34549,0.955645,0.955645,0.00971255,0.00971255,0.0106862,0.0106862,0.343466,0.343466,0.948891,0.948891,0.000701192,0.000701192,0.337903,0.337903,0.340065,0.343716,0.34549,0.346815,0.352178,0.337903,0.337903,0.340065,0.343716,0.34549,0.346815,0.352178,0.947581,0.947581,0.914651,0.905914,0.955645,0.965726,0.972446,0.947581,0.947581,0.914651,0.905914,0.955645,0.965726,0.972446,-0.0186213,-0.0186213,0.0692084,0.0692084,0.965,0.965,0.0102285,0.0102285,0.0139576,0.0139576,0.691877,0.691877,0.656014,0.656014,0.92327,0.92327,0.0169779,0.0169779,0.0170103,0.0170103,-0.00826235,-0.00826235,0.077595,0.077595,0.983065,0.983065,0.00929487,0.00929487,0.0132885,0.0132885,0.691123,0.691123,0.656994,0.656994,0.927419,0.927419,0.0165475,0.0165475,0.0165808,0.0165808,-0.0242634,-0.0229344,-0.0223949,-0.0174995,-0.00826235,-0.00394061,0.00488987,-0.0242634,-0.0229344,-0.0223949,-0.0174995,-0.00826235,-0.00394061,0.00488987,0.911559,0.965,0.91957,0.89586,0.983065,0.993495,1.0,0.911559,0.965,0.91957,0.89586,0.983065,0.993495,1.0,0.68925,0.690547,0.691123,0.691606,0.691877,0.692648,0.697268,0.68925,0.690547,0.691123,0.691606,0.691877,0.692648,0.697268,0.93712,0.944191,0.927419,0.930224,0.92327,0.944191,0.919063,0.93712,0.944191,0.927419,0.930224,0.92327,0.944191,0.919063,0.00782186,0.00833002,0.0084514,0.000119154,0.00782186,0.00782186,0.00790368,0.00833002,0.00850256,0.00875617,0.010118,0.00833002,0.00833002,0.0084514,0.000119154,0.00782186,0.00782186,0.00790368,0.00833002,0.00850256,0.00875617,0.010118,-0.330081,-0.33716,-0.335015,0.000610522,-0.34206,-0.338313,-0.33716,-0.33716,-0.332402,-0.331233,-0.330081,-0.33716,-0.33716,-0.335015,0.000610522,-0.34206,-0.338313,-0.33716,-0.33716,-0.332402,-0.331233,-0.330081,0.252138,0.258596,0.255814,0.00364061,0.219969,0.226723,0.252138,0.258596,0.268999,0.268999,0.29918,0.258596,0.258596,0.255814,0.00364061,0.219969,0.226723,0.252138,0.258596,0.268999,0.268999,0.29918,0.0,0.0,0.004649,0.00135142,0.0,0.0,0.0,0.0,0.00174901,0.0194333,0.021139,0.0,0.0,0.004649,0.00135142,0.0,0.0,0.0,0.0,0.00174901,0.0194333,0.021139,-9999,-9999
201309,25.367,1.0,23.117,4.182,1.0,27.575,5.385,1.0,20.221,19.409,2.143,21.013,3.025,25.367,1.0,23.117,4.182,1.0,27.575,5.385,1.0,385.853,266.943,1.0,249.734,266.943,1.0,350.793,1.0,339.383,350.793,1.0,338.811,1.0,331.354,338.811,1.0,28.263,1.0,21.565,28.263,1.0,95.362,95.133,1.0,0.058,0.26,1.0,2.51,2.564,1.0,-9999,-9999,105.285416667,1.0,45.5208333333,1.0,466.958333333,1.0,386.394,1.0,31.667,1.0,1.1,0.992361,5.85278,1.0,3.15759,0.934028,3.39927,0.0924955,91.4477,0.934028,98.4471,0.571721,0.933333,1,23.7333,24.2667,23.7333,24.2667,0.487766,0.487766,0.854861,0.854861,0.00801649,0.00801649,0.00994871,0.00994871,0.496864,0.496864,0.877083,0.877083,0.00776018,0.00776018,0.00974336,0.00974336,0.494002,0.494002,0.858194,0.858194,0.00105881,0.00105881,0.48714,0.487766,0.487766,0.491853,0.496864,0.499549,0.503938,0.48714,0.487766,0.487766,0.491853,0.496864,0.499549,0.503938,0.782639,0.854861,0.854861,0.852083,0.877083,0.885417,0.891667,0.782639,0.854861,0.854861,0.852083,0.877083,0.885417,0.891667,0.00884458,0.00884458,0.0902805,0.0902805,0.888527,0.888527,0.00859204,0.00859204,0.0129418,0.0129418,0.923537,0.923537,0.732943,0.732943,0.823222,0.823222,0.0127623,0.0127623,0.0132911,0.0132911,0.021137,0.021137,0.0985759,0.0985759,0.923249,0.923249,0.00824601,0.00824601,0.0127147,0.0127147,0.928803,0.928803,0.726003,0.726003,0.832944,0.832944,0.0123999,0.0123999,0.0129435,0.0129435,-0.000393105,0.00723167,0.00884458,0.0130286,0.021137,0.0265881,0.0325353,-0.000393105,0.00723167,0.00884458,0.0130286,0.021137,0.0265881,0.0325353,0.760749,0.802355,0.888527,0.882911,0.923249,0.939734,0.942512,0.760749,0.802355,0.888527,0.882911,0.923249,0.939734,0.942512,0.923537,0.923537,0.926318,0.928429,0.928803,0.93096,0.931339,0.923537,0.923537,0.926318,0.928429,0.928803,0.93096,0.931339,0.823222,0.823222,0.8135,0.832944,0.832944,0.842667,0.806722,0.823222,0.823222,0.8135,0.832944,0.832944,0.842667,0.806722,0.0484076,0.0434089,0.0461835,0.000835509,0.0434089,0.0434089,0.0434089,0.0456049,0.0484076,0.04896,0.0518815,0.0434089,0.0434089,0.0461835,0.000835509,0.0434089,0.0434089,0.0434089,0.0456049,0.0484076,0.04896,0.0518815,-0.443445,-0.453455,-0.447819,0.00110367,-0.455689,-0.454978,-0.453455,-0.45144,-0.442161,-0.442161,-0.435258,-0.453455,-0.453455,-0.447819,0.00110367,-0.455689,-0.454978,-0.453455,-0.45144,-0.442161,-0.442161,-0.435258,0.611797,0.579935,0.57037,0.00762754,0.48457,0.507839,0.562374,0.579935,0.579935,0.611797,0.611797,0.579935,0.579935,0.57037,0.00762754,0.48457,0.507839,0.562374,0.579935,0.579935,0.611797,0.611797,0.0159564,0.00745636,0.0109587,0.00112863,0.0,0.00087311,0.00745636,0.00745636,0.0159564,0.0159564,0.0203835,0.0159564,0.00745636,0.0109587,0.00112863,0.0,0.00087311,0.00745636,0.00745636,0.0159564,0.0159564,0.0203835,-9999,-9999
201310,26.602,1.0,24.093,4.095,1.0,28.705,5.417,1.0,23.547,22.069,2.329,24.78,3.733,26.602,1.0,24.093,4.095,1.0,28.705,5.417,1.0,442.467,312.884,1.0,296.291,312.884,1.0,352.489,1.0,345.933,352.489,1.0,327.113,1.0,338.964,327.113,1.0,32.17,1.0,24.602,32.17,1.0,95.239,95.197,1.0,0.081,0.0,1.0,2.53,2.929,1.0,0.397871565636,0.745967741935,125.340725806,1.0,54.0846774194,1.0,485.988575269,1.0,380.246,1.0,35.663,1.0,0.8,0.961694,9.04032,1.0,4.01078,0.973118,3.99031,0.105663,114.245,0.973118,113.662,0.754812,0.973118,1,21.871,26.129,21.871,26.129,0.605554,0.605554,0.942876,0.942876,0.00842214,0.00842214,0.00913395,0.00913395,0.604241,0.604241,0.945565,0.945565,0.00825771,0.00825771,0.00898256,0.00898256,0.605978,0.605978,0.944825,0.944825,0.000880564,0.000880564,0.599676,0.600644,0.604241,0.604241,0.607714,0.607714,0.615833,0.599676,0.600644,0.604241,0.604241,0.607714,0.607714,0.615833,0.953629,0.950269,0.945565,0.945565,0.940188,0.940188,0.94086,0.953629,0.950269,0.945565,0.945565,0.940188,0.940188,0.94086,0.149752,0.149752,0.137588,0.137588,0.97647,0.97647,0.00947316,0.00947316,0.0104015,0.0104015,0.947979,0.947979,0.719885,0.719885,0.914614,0.914614,0.0126259,0.0126259,0.0129136,0.0129136,0.14882,0.14882,0.134995,0.134995,0.980869,0.980869,0.00919619,0.00919619,0.0101499,0.0101499,0.946379,0.946379,0.721051,0.721051,0.915905,0.915905,0.0124274,0.0124274,0.0127197,0.0127197,0.140792,0.142586,0.14882,0.14882,0.151177,0.151177,0.156196,0.140792,0.142586,0.14882,0.14882,0.151177,0.151177,0.156196,0.992599,0.985267,0.980869,0.980869,0.973537,0.973537,0.983801,0.992599,0.985267,0.980869,0.980869,0.973537,0.973537,0.983801,0.945071,0.945246,0.946379,0.946379,0.950668,0.950668,0.960841,0.945071,0.945246,0.946379,0.946379,0.950668,0.950668,0.960841,0.920868,0.920868,0.915905,0.915905,0.912179,0.912179,0.904731,0.920868,0.920868,0.915905,0.915905,0.912179,0.912179,0.904731,0.192083,0.18522,0.18654,0.00141925,0.171996,0.175763,0.18522,0.18522,0.192083,0.192083,0.200713,0.18522,0.18522,0.18654,0.00141925,0.171996,0.175763,0.18522,0.18522,0.192083,0.192083,0.200713,-0.415631,-0.419021,-0.419439,0.000662153,-0.427681,-0.424881,-0.419021,-0.419021,-0.416883,-0.415631,-0.415631,-0.419021,-0.419021,-0.419439,0.000662153,-0.427681,-0.424881,-0.419021,-0.419021,-0.416883,-0.415631,-0.415631,0.699116,0.689463,0.701428,0.00283455,0.680415,0.688457,0.689463,0.689463,0.716552,0.716552,0.729689,0.689463,0.689463,0.701428,0.00283455,0.680415,0.688457,0.689463,0.689463,0.716552,0.716552,0.729689,0.000687998,0.00114652,0.000729503,0.000116897,0.0,0.0,0.0,0.000687998,0.00114652,0.00114652,0.00172723,0.000687998,0.00114652,0.000729503,0.000116897,0.0,0.0,0.0,0.000687998,0.00114652,0.00114652,0.00172723,-9999,-9999
201311,28.913,1.0,26.935,3.395,1.0,30.447,4.593,1.0,24.472,22.903,1.989,25.691,3.345,28.913,1.0,26.935,3.395,1.0,30.447,4.593,1.0,480.449,295.349,1.0,311.631,295.349,1.0,383.97,1.0,355.848,383.97,1.0,381.568,1.0,350.482,381.568,1.0,33.237,1.0,23.439,33.237,1.0,94.897,94.782,1.0,0.101,0.44,1.0,2.721,2.897,1.0,0.399031670449,0.670833333333,126.430555556,1.0,50.68125,1.0,502.261805556,1.0,375.144,1.0,38.371,1.0,0.8,0.966667,7.15417,1.0,7.94114,0.978472,8.07782,0.239701,109.317,0.98125,111.199,0.763395,0.977083,1,20.9667,27.0333,20.8333,27.0333,0.521468,0.521468,0.964583,0.964583,0.00813916,0.00813916,0.0175539,0.0175539,0.49286,0.49286,0.965972,0.965972,0.00818345,0.00818345,0.0175744,0.0175744,0.507845,0.507845,0.964253,0.964253,0.0023687,0.0023687,0.49286,0.49286,0.49286,0.494594,0.521468,0.523966,0.52614,0.49286,0.49286,0.49286,0.494594,0.521468,0.523966,0.52614,0.965972,0.965972,0.965972,0.967361,0.964583,0.964583,0.963194,0.965972,0.965972,0.965972,0.967361,0.964583,0.964583,0.963194,0.108688,0.108688,0.2135,0.2135,0.998413,0.998413,0.00860903,0.00860903,0.0287569,0.0287569,0.807952,0.807952,0.713775,0.713775,0.938272,0.938272,0.0122109,0.0122109,0.013313,0.013313,0.0587297,0.0587297,0.270005,0.270005,1.0,1.0,0.00872134,0.00872134,0.0287907,0.0287907,0.797799,0.797799,0.727959,0.727959,0.939506,0.939506,0.0122393,0.0122393,0.013339,0.013339,0.0587297,0.0587297,0.0587297,0.0616178,0.113606,0.113606,0.115077,0.0587297,0.0587297,0.0587297,0.0616178,0.113606,0.113606,0.115077,1.0,1.0,1.0,1.0,0.998413,0.998413,0.998413,1.0,1.0,1.0,1.0,0.998413,0.998413,0.998413,0.790054,0.797799,0.797799,0.798554,0.807952,0.808407,0.811207,0.790054,0.797799,0.797799,0.798554,0.807952,0.808407,0.811207,0.920988,0.939506,0.939506,0.939506,0.938272,0.938272,0.92716,0.920988,0.939506,0.939506,0.939506,0.938272,0.938272,0.92716,0.148955,0.14083,0.145624,0.000665435,0.14083,0.14083,0.14083,0.145994,0.148955,0.150612,0.15255,0.14083,0.14083,0.145624,0.000665435,0.14083,0.14083,0.14083,0.145994,0.148955,0.150612,0.15255,-0.37501,-0.35203,-0.362221,0.00223229,-0.378764,-0.378764,-0.376502,-0.362759,-0.35203,-0.346831,-0.341237,-0.35203,-0.35203,-0.362221,0.00223229,-0.378764,-0.378764,-0.376502,-0.362759,-0.35203,-0.346831,-0.341237,0.357005,0.3436,0.355748,0.00249987,0.336839,0.3436,0.3436,0.356092,0.360367,0.360367,0.385453,0.3436,0.3436,0.355748,0.00249987,0.336839,0.3436,0.3436,0.356092,0.360367,0.360367,0.385453,0.00274025,0.0,0.000854285,0.000188032,0.0,0.0,0.0,0.0,0.00221624,0.00221624,0.00274025,0.00274025,0.0,0.000854285,0.000188032,0.0,0.0,0.0,0.0,0.00221624,0.00221624,0.00274025,-9999,-9999
201312,28.943,1.0,26.833,2.823,1.0,30.45,4.086,1.0,27.794,26.029,2.01,29.055,3.428,28.943,1.0,26.833,2.823,1.0,30.45,4.086,1.0,496.374,275.283,1.0,313.754,275.283,1.0,399.005,1.0,373.269,399.005,1.0,404.4,1.0,370.722,404.4,1.0,30.142,1.0,26.847,30.142,1.0,94.755,94.835,1.0,0.078,2.29,1.0,2.558,2.863,1.0,0.380356854039,0.550403225806,135.530241935,1.0,44.2459677419,1.0,495.190860215,1.0,387.36,0.999328,35.783,1.0,4.0,0.999328,4.68145,1.0,31.9607,0.966398,34.2042,0.345957,90.0051,0.966398,96.3233,0.825464,0.966398,1,20.0,28.0,19.9677,28.0,0.902129,0.901797,0.951613,0.950941,0.00841867,0.00842149,0.0104347,0.0102735,0.899361,0.899361,0.952285,0.952285,0.00860618,0.00860618,0.0105865,0.0104254,0.895855,0.896203,0.949227,0.949328,0.000771127,0.000694895,0.888074,0.889799,0.89264,0.895126,0.899361,0.902129,0.902129,0.890029,0.890029,0.89264,0.894574,0.899361,0.901797,0.902129,0.9375,0.943548,0.952285,0.941532,0.952285,0.951613,0.951613,0.943548,0.943548,0.952285,0.936156,0.952285,0.950941,0.951613,0.643065,0.643,0.286057,0.286072,0.982258,0.982258,0.0120956,0.0121004,0.0229582,0.0227415,1.03095,1.03045,0.718456,0.718876,0.929724,0.928571,0.0108973,0.0109005,0.0146805,0.0155238,0.654671,0.654671,0.30498,0.30498,0.983871,0.983871,0.0125979,0.0125979,0.0232267,0.0230101,1.01809,1.01809,0.735778,0.735778,0.929724,0.929724,0.0110065,0.0110065,0.0147618,0.0155984,0.609902,0.615644,0.625529,0.643065,0.654671,0.654671,0.661265,0.616161,0.616161,0.623841,0.643065,0.654671,0.654671,0.661265,0.959677,0.969355,0.967742,0.982258,0.983871,0.983871,0.996774,0.969355,0.969355,0.966129,0.982258,0.983871,0.983871,0.996774,1.00278,1.01128,1.01809,1.01809,1.03095,1.03095,1.03142,1.00278,1.00885,1.01809,1.01809,1.03045,1.03095,1.03177,0.927419,0.927419,0.929724,0.929724,0.929724,0.929724,0.921659,0.927419,0.926267,0.929724,0.929724,0.928571,0.929724,0.921659,0.82897,0.840888,0.837482,0.00122476,0.827412,0.827412,0.82897,0.840888,0.840888,0.845976,0.845976,0.840888,0.840888,0.837482,0.00122476,0.827412,0.827412,0.82897,0.840888,0.840888,0.845976,0.845976,-0.0610588,-0.0584734,-0.0587212,0.000771477,-0.0652273,-0.0642913,-0.0610588,-0.0584734,-0.0559738,-0.0558212,-0.0539252,-0.0584734,-0.0584734,-0.0583726,0.000912891,-0.0652273,-0.0652273,-0.0608289,-0.0584734,-0.0561532,-0.0559738,-0.0476883,1.10326,0.950285,1.01518,0.0108862,0.950285,0.950285,0.950285,0.971695,1.10326,1.10326,1.1099,0.950285,0.950285,1.01518,0.0108862,0.950285,0.950285,0.950285,0.971695,1.10326,1.10326,1.1099,0.116715,0.0646535,0.0978176,0.00674709,0.013564,0.0629191,0.0646535,0.0760772,0.132497,0.158151,0.158151,0.116715,0.0646535,0.0978176,0.00674709,0.013564,0.0629191,0.0646535,0.0760772,0.132497,0.158151,0.158151,-9999,-9999
201401,29.397,1.0,27.329,2.79,1.0,30.994,3.765,1.0,29.196,27.421,1.955,30.572,3.412,29.397,1.0,27.329,2.79,1.0,30.994,3.765,1.0,492.078,296.523,1.0,308.215,296.523,1.0,401.868,1.0,378.551,401.868,1.0,412.388,1.0,376.858,412.388,1.0,28.442,1.0,28.193,28.442,1.0,94.607,94.616,1.0,0.0,4.426,1.0,2.737,3.105,0.999328,0.403538690794,0.575940860215,151.933467742,1.0,47.5362903226,1.0,499.012768817,1.0,393.851,1.0,36.512,1.0,5.0,1.0,1.34677,1.0,63.3479,0.984543,66.3077,0.641741,79.9221,0.983871,83.6563,0.678589,0.983871,1,20.9355,27.0645,20.9355,27.0645,0.473833,0.502788,0.975134,0.975806,0.0180376,0.0186218,0.0235583,0.0240189,0.502577,0.502577,0.975806,0.975806,0.0186151,0.0186151,0.0240033,0.0240137,0.492373,0.496456,0.974899,0.975218,0.003029,0.00310111,0.470191,0.473833,0.473833,0.481031,0.502577,0.50414,0.527543,0.4738,0.4738,0.473833,0.502577,0.504082,0.50414,0.527543,0.969758,0.975134,0.975134,0.97379,0.975806,0.975134,0.975806,0.975134,0.975134,0.975134,0.975806,0.975134,0.975134,0.975806,1.41189,1.45446,0.353449,0.369593,0.993856,0.995392,0.0221393,0.0230692,0.0306241,0.0314118,-0.286441,-0.269938,1.24809,1.2835,0.960616,0.960616,0.0256329,0.0263524,0.0275191,0.0281905,1.45421,1.45421,0.369433,0.369433,0.995392,0.995392,0.023058,0.023058,0.0312947,0.0314036,-0.270111,-0.270111,1.28374,1.28374,0.960616,0.960616,0.0263443,0.0263443,0.0281829,0.0281829,1.40215,1.41189,1.41189,1.42757,1.45421,1.45421,1.50309,1.41182,1.41182,1.41189,1.45292,1.45421,1.45446,1.50309,0.984639,0.993856,0.993856,0.993856,0.995392,0.995392,0.995392,0.993856,0.993856,0.993856,0.995392,0.995392,0.995392,0.995392,-0.286691,-0.286441,-0.286441,-0.285254,-0.270111,-0.266415,-0.265306,-0.286607,-0.286441,-0.286441,-0.270111,-0.266512,-0.266415,-0.265306,0.958227,0.960616,0.960616,0.958227,0.960616,0.959464,0.960659,0.958227,0.960616,0.960616,0.960616,0.959464,0.959464,0.960659,1.54626,1.54603,1.56968,0.00790675,1.5365,1.5365,1.54603,1.54626,1.57469,1.58344,1.67574,1.54603,1.54603,1.56528,0.00686998,1.5365,1.54541,1.54603,1.54626,1.57469,1.57469,1.67574,1.07246,1.04346,1.07322,0.00628372,1.03236,1.03242,1.04325,1.07243,1.09366,1.1038,1.14831,1.04346,1.04346,1.07291,0.00561634,1.03236,1.04346,1.04346,1.07243,1.09366,1.09366,1.1482,1.55257,1.55257,1.54436,0.00517562,1.50811,1.50811,1.50811,1.55257,1.58093,1.58093,1.58766,1.55257,1.55257,1.53757,0.00518759,1.48032,1.50811,1.50811,1.52774,1.55257,1.58093,1.58766,1.04351,1.07153,1.06258,0.00200155,1.04351,1.04351,1.04351,1.07135,1.07153,1.07153,1.07537,1.05884,1.07153,1.06317,0.00203112,1.04351,1.04351,1.04876,1.07135,1.07153,1.07537,1.07574,-9999,-9999
201402,27.041,1.0,25.205,2.36,1.0,28.529,3.539,1.0,30.695,29.051,1.768,32.02,3.187,27.041,1.0,25.205,2.36,1.0,28.529,3.539,1.0,466.573,284.046,1.0,295.451,284.046,1.0,394.417,1.0,386.925,394.417,1.0,405.275,1.0,386.587,405.275,1.0,21.014,1.0,29.338,21.014,1.0,94.582,94.574,1.0,0.017,1.457,1.0,2.194,3.142,0.997768,0.42402496495,0.699404761905,158.552083333,1.0,44.9851190476,1.0,474.957589286,1.0,388.555,0.997024,32.818,1.0,5.3,1.0,-1.2061,1.0,94.99,0.97619,104.445,0.899482,50.0839,0.97619,55.0693,0.633943,0.97619,1,21.3929,26.6071,21.3571,26.5357,-0.824148,-0.823212,0.965774,0.967262,0.0281676,0.028292,0.0282477,0.0283285,-0.823212,-0.823212,0.967262,0.967262,0.028292,0.028292,0.0283718,0.0283285,-0.82342,-0.823727,0.966927,0.967299,0.00051726,0.000487502,-0.827485,-0.825809,-0.825809,-0.8236,-0.823212,-0.821556,-0.821556,-0.826088,-0.826088,-0.825809,-0.824148,-0.823212,-0.823212,-0.821556,0.965774,0.969494,0.969494,0.965774,0.967262,0.965774,0.965774,0.969494,0.969494,0.969494,0.965774,0.967262,0.967262,0.965774,2.11739,2.12651,0.468238,0.47577,1.0,1.0,0.0266732,0.0271537,0.0280169,0.0280884,-3.12749,-3.13335,2.7582,2.74967,0.939103,0.941748,0.0440359,0.0440868,0.0441741,0.0441995,2.12651,2.12651,0.47577,0.47577,1.0,1.0,0.0271537,0.0271537,0.0284748,0.0280884,-3.13335,-3.13335,2.74967,2.74967,0.941748,0.941748,0.0440868,0.0440868,0.0442248,0.0441995,2.10416,2.10937,2.11498,2.11739,2.12651,2.12651,2.12651,2.10937,2.11214,2.11498,2.11739,2.12651,2.12651,2.12651,0.998377,1.0,1.0,1.0,1.0,1.0,1.0,1.0,1.0,1.0,1.0,1.0,1.0,1.0,-3.13335,-3.13335,-3.13335,-3.12749,-3.12704,-3.12637,-3.11646,-3.13335,-3.13335,-3.13335,-3.12749,-3.12712,-3.12704,-3.12637,0.941748,0.941748,0.941748,0.939103,0.939103,0.939103,0.939103,0.941748,0.941748,0.941748,0.939103,0.945716,0.939103,0.939103,2.31898,2.32419,2.32014,0.00136012,2.30075,2.31823,2.31873,2.31898,2.32419,2.32649,2.32887,2.32419,2.32419,2.32092,0.00125062,2.30075,2.31685,2.31873,2.31898,2.32419,2.32887,2.32887,3.14313,3.1474,3.14386,0.00111239,3.12684,3.14313,3.14313,3.14454,3.1474,3.1474,3.15042,3.1474,3.1474,3.14434,0.00111977,3.12684,3.14045,3.14313,3.14454,3.1474,3.15042,3.15042,2.47625,2.47625,2.49359,0.0055646,2.45214,2.45214,2.47625,2.48178,2.53576,2.54646,2.54646,2.47625,2.47625,2.48645,0.00546827,2.44044,2.45214,2.46555,2.47625,2.48178,2.53576,2.54646,3.24842,3.23625,3.24917,0.00196922,3.23625,3.23625,3.23625,3.24842,3.26201,3.26499,3.26499,3.24475,3.23625,3.24764,0.00198858,3.23349,3.23625,3.23625,3.24826,3.25264,3.26201,3.26499,-9999,-9999
201403,27.411,1.0,25.048,3.443,1.0,29.58,4.752,1.0,30.262,28.896,1.922,31.514,3.213,27.411,1.0,25.048,3.443,1.0,29.58,4.752,1.0,418.161,290.034,1.0,254.633,290.034,1.0,376.54,1.0,382.216,376.54,1.0,377.604,1.0,381.117,377.604,1.0,27.311,1.0,30.227,27.311,1.0,94.966,95.112,1.0,0.038,0.09,1.0,2.355,2.624,1.0,0.337549070682,0.842069892473,137.790994624,1.0,48.1633064516,1.0,480.641801075,1.0,388.836,1.0,36.122,1.0,1.8,1.0,7.64987,1.0,38.2608,0.998656,39.0179,0.486935,89.4768,0.998656,91.2473,0.597426,0.998656,1,22.9677,25.0323,22.9677,25.0323,0.0437614,0.0571973,0.984543,0.984543,0.0208384,0.0210059,0.0290687,0.0308868,0.0571973,0.0571973,0.984543,0.984543,0.0210059,0.0210059,0.029189,0.0308868,0.0413634,0.0477266,0.982577,0.984274,0.0036373,0.00289021,-0.00513253,0.0166632,0.0190779,0.0437614,0.0571973,0.0571973,0.0643659,0.0166632,0.0190779,0.0437614,0.0567214,0.0571973,0.0643659,0.0643659,0.971774,0.975134,0.981855,0.984543,0.984543,0.984543,0.984543,0.975134,0.981855,0.984543,0.989247,0.984543,0.984543,0.984543,1.26293,1.28626,0.378046,0.404477,1.0,1.0,0.0206804,0.0214013,0.0421388,0.0419772,-1.07355,-1.07016,1.26895,1.27284,0.970323,0.970323,0.0335057,0.0334817,0.0350648,0.0350419,1.28626,1.28626,0.404477,0.404477,1.0,1.0,0.0214013,0.0214013,0.0424972,0.0419772,-1.07016,-1.07016,1.27284,1.27284,0.970323,0.970323,0.0334817,0.0334817,0.0350419,0.0350419,1.18735,1.22699,1.23208,1.26293,1.28626,1.30042,1.30431,1.22699,1.23208,1.26293,1.28626,1.30042,1.30431,1.30431,0.985975,0.992987,1.0,1.0,1.0,1.0,1.0,0.992987,1.0,1.0,1.0,1.0,1.0,1.0,-1.09631,-1.09084,-1.09066,-1.07355,-1.07016,-1.07016,-1.07016,-1.09084,-1.09084,-1.08402,-1.07355,-1.07016,-1.07016,-1.07016,0.957419,0.965161,0.95871,0.970323,0.970323,0.970323,0.970323,0.965161,0.965161,0.979355,0.970323,0.970323,0.970323,0.970323,1.38555,1.4176,1.40584,0.00637389,1.34943,1.34943,1.38555,1.4176,1.43875,1.45044,1.45495,1.4176,1.4176,1.39435,0.00716166,1.29993,1.34943,1.34943,1.38555,1.4176,1.43875,1.45495,1.34179,1.3604,1.35811,0.00368208,1.33035,1.33035,1.34179,1.3604,1.38203,1.38509,1.39059,1.3604,1.3604,1.35298,0.00380943,1.30117,1.33035,1.33827,1.34364,1.3604,1.38203,1.39059,1.27399,1.27399,1.2557,0.00426599,1.23029,1.24091,1.24781,1.25332,1.27399,1.27399,1.27399,1.27399,1.27399,1.24899,0.00551137,1.12746,1.23029,1.24091,1.25332,1.27399,1.27399,1.27399,1.28519,1.28645,1.28748,0.00181686,1.28027,1.28027,1.28519,1.28645,1.29321,1.29321,1.30017,1.30017,1.28645,1.28587,0.00215284,1.24606,1.28027,1.28074,1.28645,1.28645,1.30017,1.30017,-9999,-9999
201404,23.773,1.0,21.64,3.413,1.0,25.891,4.828,1.0,26.423,25.746,2.084,27.097,2.917,23.773,1.0,21.64,3.413,1.0,25.891,4.828,1.0,354.446,237.819,1.0,212.458,237.819,1.0,359.946,1.0,364.761,359.946,1.0,362.825,1.0,360.838,362.825,1.0,20.029,1.0,25.981,20.029,1.0,95.101,95.183,1.0,2.811,0.08,1.0,1.974,2.572,0.986806,0.307920527598,0.827777777778,101.884722222,1.0,40.4159722222,1.0,455.521527778,1.0,388.399,1.0,30.596,1.0,2.5,1.0,-1.00903,1.0,14.2602,0.993056,15.5099,0.336031,80.2806,0.993056,87.3161,0.569902,0.993056,1,23.9333,24.0667,23.9333,24.0667,0.490256,0.498014,0.986111,0.985417,0.01041,0.0106322,0.019096,0.0178146,0.498014,0.498014,0.985417,0.985417,0.0106322,0.0106322,0.019218,0.0178146,0.494927,0.49823,0.985382,0.985399,0.00202338,0.00189993,0.469705,0.481178,0.484608,0.490256,0.498014,0.513196,0.513324,0.481178,0.484608,0.490256,0.498014,0.513196,0.513196,0.513324,0.973611,0.988194,0.9875,0.986111,0.985417,0.984028,0.981944,0.988194,0.9875,0.986111,0.985417,0.984028,0.984028,0.981944,0.492723,0.506324,0.216024,0.229701,0.988466,0.988527,0.0120478,0.0125341,0.0240038,0.0226048,0.453245,0.454622,0.577809,0.577411,0.983389,0.982,0.0160236,0.0161928,0.0167671,0.0169289,0.506324,0.506324,0.229701,0.229701,0.988527,0.988527,0.0125341,0.0125341,0.0242515,0.0226048,0.454622,0.454622,0.577411,0.577411,0.982,0.982,0.0161928,0.0161928,0.0169289,0.0169289,0.457429,0.474939,0.481247,0.492723,0.506324,0.516462,0.527389,0.474939,0.481247,0.492723,0.506324,0.516462,0.51887,0.527389,0.967391,0.988466,0.988466,0.988466,0.988527,0.987138,0.987138,0.988466,0.988466,0.988466,0.988527,0.987138,1.0,0.987138,0.451979,0.453245,0.453245,0.45382,0.454622,0.46312,0.473692,0.453245,0.453245,0.453245,0.454622,0.46312,0.46312,0.473692,0.983667,0.983389,0.983389,0.986167,0.982,0.980611,0.976444,0.983389,0.983389,0.983389,0.982,0.980611,0.980611,0.976444,0.539231,0.550607,0.548314,0.00301293,0.526539,0.527117,0.539231,0.550607,0.565785,0.569877,0.569877,0.550607,0.550607,0.543152,0.0034163,0.484128,0.526539,0.527117,0.539231,0.550607,0.565785,0.569877,0.0489752,0.0525928,0.050085,0.0012972,0.0425085,0.0425085,0.0489752,0.0524612,0.0525928,0.0566802,0.0566802,0.0525928,0.0525928,0.0482245,0.00157499,0.0144237,0.0425085,0.04323,0.0489752,0.0525928,0.0525928,0.0566802,0.634285,0.634285,0.64488,0.00515699,0.588381,0.634285,0.634285,0.637389,0.651698,0.689653,0.689653,0.634285,0.634285,0.65114,0.00676544,0.588381,0.588381,0.634285,0.637389,0.689653,0.689653,0.729094,0.179507,0.186143,0.158451,0.00627721,0.0888868,0.113631,0.113631,0.179507,0.186143,0.186143,0.186143,0.157923,0.186143,0.175212,0.00856502,0.0888868,0.113631,0.157923,0.179507,0.186143,0.186143,0.307864,-9999,-9999
201405,20.758,1.0,18.766,3.559,1.0,23.008,4.667,1.0,22.23,21.777,2.037,22.741,2.658,20.758,1.0,18.766,3.559,1.0,23.008,4.667,1.0,297.076,193.753,1.0,162.027,193.753,1.0,343.454,1.0,359.974,343.454,1.0,341.95,1.0,355.276,341.95,1.0,16.929,1.0,21.024,16.929,1.0,95.332,95.438,1.0,3.476,0.006,1.0,1.922,2.164,1.0,0.252049611307,0.760752688172,72.7083333333,1.0,33.3864247312,1.0,431.121639785,1.0,382.061,1.0,24.202,1.0,2.6,1.0,-3.0625,1.0,6.44937,0.990591,6.95847,0.190633,64.2722,0.990591,69.3457,0.464682,0.990591,1,25.4516,22.5484,25.4516,22.5484,0.245233,0.24938,0.942204,0.945565,0.0100821,0.00967785,0.0192768,0.017659,0.24938,0.24938,0.945565,0.945565,0.00967785,0.00967785,0.0190685,0.017659,0.247398,0.251306,0.947211,0.950638,0.00214815,0.00205548,0.228442,0.230917,0.234235,0.245233,0.24938,0.263777,0.273402,0.230917,0.234235,0.245233,0.24938,0.263777,0.263777,0.273402,0.930108,0.932796,0.936156,0.942204,0.945565,0.966398,0.975806,0.932796,0.936156,0.942204,0.945565,0.966398,0.966398,0.975806,0.174183,0.186115,0.0951851,0.104717,0.961439,0.968883,0.0118444,0.0111159,0.0261694,0.0239657,0.307992,0.302729,0.453872,0.459465,0.919732,0.918266,0.01578,0.0153852,0.0168936,0.0165255,0.186115,0.186115,0.104717,0.104717,0.968883,0.968883,0.0111159,0.0111159,0.0258478,0.0239657,0.302729,0.302729,0.459465,0.459465,0.918266,0.918266,0.0153852,0.0153852,0.0165255,0.0165255,0.150219,0.158271,0.162478,0.174183,0.186115,0.204942,0.216341,0.158271,0.162478,0.174183,0.186115,0.204942,0.204942,0.216341,0.946303,0.946303,0.951365,0.961439,0.968883,0.989975,0.998759,0.946303,0.951365,0.961439,0.968883,0.989975,0.989975,0.998759,0.296996,0.298936,0.300477,0.302729,0.307992,0.311,0.318014,0.298936,0.298936,0.302729,0.307992,0.311,0.311,0.318014,0.916863,0.918207,0.918393,0.918266,0.919732,0.93873,0.948872,0.918207,0.918207,0.918266,0.919732,0.93873,0.93873,0.948872,0.203926,0.216956,0.212919,0.00231247,0.188379,0.188379,0.203926,0.216956,0.223307,0.223307,0.234977,0.216956,0.216956,0.208602,0.00246178,0.187852,0.188379,0.189256,0.203926,0.216956,0.223307,0.234977,-0.041307,-0.0324241,-0.0383875,0.000760245,-0.0458561,-0.0430646,-0.041307,-0.0404702,-0.0324241,-0.0324241,-0.0324241,-0.0324241,-0.0324241,-0.0387955,0.000779007,-0.0458561,-0.0458561,-0.041307,-0.0404702,-0.0324241,-0.0324241,-0.0324241,0.211211,0.211211,0.212819,0.00133121,0.201667,0.204091,0.204091,0.211211,0.219501,0.219501,0.219501,0.211211,0.211211,0.21509,0.00177849,0.201667,0.201667,0.211211,0.211211,0.219501,0.219501,0.240189,0.0108265,0.00570599,0.00770678,0.000890506,0.0,0.00443312,0.00443312,0.00570599,0.0108265,0.0108265,0.0112146,0.0107889,0.00570599,0.0101316,0.00123963,0.0,0.00443312,0.00570599,0.0107889,0.0108265,0.0112146,0.0281171,-9999,-9999
201406,14.32,1.0,12.429,4.043,1.0,16.556,5.194,1.0,19.478,19.137,2.473,19.881,3.074,14.32,1.0,12.429,4.043,1.0,16.556,5.194,1.0,267.744,193.174,1.0,150.92,193.174,1.0,298.742,1.0,338.101,298.742,1.0,293.989,1.0,329.865,293.989,1.0,11.182,1.0,23.207,11.182,1.0,95.554,95.698,1.0,0.377,0.0,1.0,2.355,2.685,1.0,0.344404833238,0.869444444444,61.3527777778,1.0,35.5583333333,1.0,395.040972222,1.0,383.588,1.0,17.664,1.0,2.2,1.0,-6.6,1.0,0.67044,0.992361,0.736383,0.117052,61.6011,0.991667,67.66,0.511234,0.991667,1,26.0,22.0,26.0,22.0,0.483265,0.489014,0.988194,0.988194,0.0121135,0.0119255,0.0124594,0.0123184,0.489014,0.489014,0.988194,0.988194,0.0119255,0.0119255,0.0122766,0.0123184,0.487503,0.48754,0.98783,0.988576,0.000425455,0.000435742,0.483265,0.483265,0.485453,0.489014,0.489095,0.489095,0.491011,0.483265,0.483265,0.485453,0.489014,0.489095,0.489438,0.491011,0.988194,0.988194,0.988194,0.988194,0.990278,0.990278,0.990278,0.988194,0.988194,0.988194,0.988194,0.990278,0.981944,0.990278,0.152047,0.157842,0.145956,0.148263,1.0,1.0,0.0110101,0.0105812,0.0119838,0.011591,0.836374,0.841612,0.569621,0.569294,0.974242,0.974242,0.021894,0.0217324,0.02205,0.0218896,0.157842,0.157842,0.148263,0.148263,1.0,1.0,0.0105812,0.0105812,0.011591,0.011591,0.841612,0.841612,0.569294,0.569294,0.974242,0.974242,0.0217324,0.0217324,0.0218896,0.0218896,0.150723,0.151729,0.152047,0.152866,0.157842,0.161192,0.163238,0.151729,0.151729,0.152047,0.157842,0.161192,0.161192,0.163238,0.998718,1.0,1.0,0.994872,1.0,1.0,1.0,1.0,1.0,1.0,1.0,1.0,1.0,1.0,0.836374,0.836374,0.837824,0.841351,0.841612,0.841612,0.847631,0.836374,0.836374,0.837824,0.839434,0.841612,0.841612,0.841612,0.974242,0.974242,0.978788,0.974242,0.974242,0.974242,0.963636,0.974242,0.974242,0.978788,0.978788,0.974242,0.974242,0.974242,0.158384,0.161501,0.161544,0.00050553,0.15775,0.158384,0.158384,0.161501,0.163115,0.164689,0.167157,0.161501,0.161501,0.161464,0.000492309,0.15775,0.15775,0.158384,0.161501,0.163115,0.163995,0.167157,-0.324881,-0.327513,-0.325996,0.000257736,-0.327703,-0.327513,-0.327513,-0.32598,-0.324881,-0.324749,-0.323854,-0.327513,-0.327513,-0.326039,0.00025677,-0.327703,-0.327703,-0.327513,-0.32598,-0.324881,-0.324749,-0.323854,0.38667,0.38667,0.390842,0.00271559,0.379615,0.384147,0.384147,0.38667,0.39061,0.393296,0.41619,0.38667,0.38667,0.397667,0.00469273,0.379615,0.379615,0.384147,0.38667,0.393296,0.41619,0.451168,0.0,0.0,0.00092942,0.00092942,0.0,0.0,0.0,0.0,0.0,0.0,0.0,0.0,0.0,0.00116519,0.000952979,0.0,0.0,0.0,0.0,0.0,0.0,0.0,-9999,-9999
201407,14.238,1.0,12.149,4.207,1.0,16.542,5.583,1.0,18.03,17.556,2.441,18.548,3.506,14.238,1.0,12.149,4.207,1.0,16.542,5.583,1.0,278.479,198.653,1.0,166.623,198.653,1.0,298.091,1.0,328.053,298.091,1.0,280.309,1.0,318.191,280.309,1.0,12.016,1.0,22.341,12.016,1.0,95.617,95.655,1.0,0.065,0.465,1.0,1.943,2.169,0.975806,0.241652734145,0.711021505376,70.2567204301,1.0,35.6794354839,1.0,390.887096774,1.0,387.614,1.0,15.816,1.0,3.7,1.0,-2.71438,1.0,8.21469,0.993952,8.6772,0.232627,60.7587,0.993952,64.1796,0.522248,0.993952,1,25.1613,22.8387,25.1613,22.8387,0.24075,0.24429,0.97043,0.979839,0.00903175,0.00883318,0.0098738,0.00969249,0.24429,0.24429,0.979839,0.979839,0.00883318,0.00883318,0.00969249,0.00969249,0.243241,0.244524,0.973135,0.975722,0.000893084,0.000887788,0.231319,0.239912,0.239912,0.243589,0.24429,0.247892,0.254192,0.239912,0.239912,0.24075,0.24429,0.247892,0.247892,0.254192,0.943548,0.969086,0.969086,0.962366,0.979839,0.981183,0.982527,0.969086,0.969086,0.97043,0.979839,0.981183,0.981183,0.982527,0.0967027,0.097758,0.0939219,0.101896,0.987196,0.996228,0.00865716,0.00815097,0.0103615,0.00994251,0.382874,0.388817,0.454347,0.462685,0.952314,0.962132,0.0156086,0.0154727,0.0160951,0.0159633,0.097758,0.097758,0.101896,0.101896,0.996228,0.996228,0.00815097,0.00815097,0.00994251,0.00994251,0.388817,0.388817,0.462685,0.462685,0.962132,0.962132,0.0154727,0.0154727,0.0159633,0.0159633,0.076564,0.0912906,0.0912906,0.097758,0.0986954,0.102677,0.109664,0.0912906,0.0912906,0.0967027,0.097758,0.102677,0.102677,0.109664,0.939454,0.985906,0.985906,0.996228,0.966551,0.997469,0.997469,0.985906,0.985906,0.987196,0.996228,0.997469,0.997469,0.997469,0.382874,0.382874,0.386005,0.387189,0.388817,0.390729,0.395727,0.382874,0.382874,0.382874,0.388817,0.390729,0.390729,0.395727,0.952314,0.952314,0.948107,0.950912,0.962132,0.963534,0.966339,0.952314,0.952314,0.952314,0.962132,0.963534,0.963534,0.966339,0.0892142,0.0916415,0.093535,0.00135585,0.0830269,0.0830269,0.0892142,0.0916415,0.0999547,0.0999547,0.109295,0.0916415,0.0916415,0.0915424,0.00131265,0.0775105,0.0830269,0.0858736,0.0892142,0.0916415,0.0999547,0.109295,-0.151536,-0.152648,-0.150989,0.000583755,-0.156885,-0.155375,-0.152648,-0.151536,-0.147937,-0.147937,-0.144897,-0.152648,-0.152648,-0.151698,0.000562165,-0.156885,-0.156885,-0.152648,-0.152648,-0.151536,-0.147937,-0.144897,0.223961,0.223961,0.229018,0.0030635,0.212922,0.212922,0.216175,0.223961,0.23119,0.253826,0.253826,0.223961,0.223961,0.22989,0.00366793,0.212922,0.212922,0.216175,0.223961,0.23119,0.235031,0.289597,0.00918456,0.00699614,0.010186,0.000967656,0.00578747,0.00699614,0.00699614,0.00831086,0.00918456,0.00918456,0.0244259,0.00578747,0.00699614,0.00926591,0.000821172,0.00578747,0.00578747,0.00699614,0.00764167,0.00918456,0.00918456,0.0244259,-9999,-9999
201408,14.861,1.0,12.514,3.971,1.0,17.331,5.128,1.0,21.695,20.825,2.797,22.614,3.874,14.861,1.0,12.514,3.971,1.0,17.331,5.128,1.0,324.5,248.447,1.0,209.251,248.447,1.0,290.727,1.0,336.453,290.727,1.0,271.724,1.0,327.95,271.724,1.0,13.809,1.0,25.234,13.809,1.0,95.645,95.859,1.0,0.004,0.0,1.0,1.632,2.928,1.0,0.368016490695,0.985887096774,89.8185483871,1.0,45.2311827957,1.0,404.135080645,1.0,383.72,1.0,20.606,1.0,2.2,1.0,1.67608,1.0,3.0892,1.0,3.1968,0.0955997,82.0866,1.0,84.9457,0.555901,1.0,1,24.6452,23.3548,24.6452,23.3548,0.461731,0.464824,0.995296,0.999328,0.0105261,0.0104205,0.0124845,0.0116652,0.464824,0.464824,0.999328,0.999328,0.0104205,0.0104205,0.0123957,0.0116652,0.461979,0.463626,0.995632,0.99711,0.00088432,0.000717571,0.450875,0.45423,0.45717,0.461731,0.464824,0.467656,0.468889,0.45378,0.45717,0.461731,0.464824,0.467656,0.467656,0.468889,0.982527,0.987231,0.994624,0.995296,0.999328,0.999328,0.999328,0.987231,0.994624,0.995296,0.999328,0.999328,0.999328,0.999328,0.0104814,0.0154498,0.0950423,0.098518,1.0,1.0,0.00619115,0.00556288,0.0121354,0.00914716,0.905889,0.906816,0.66013,0.656482,0.990533,0.998656,0.0197972,0.0197857,0.0199681,0.0199784,0.0154498,0.0154498,0.098518,0.098518,1.0,1.0,0.00556288,0.00556288,0.0118272,0.00914716,0.906816,0.906816,0.656482,0.656482,0.998656,0.998656,0.0197857,0.0197857,0.0199568,0.0199784,-0.00748661,-0.00170806,0.0046441,0.0104814,0.0154498,0.0191665,0.0217213,-0.00170806,0.0046441,0.0104814,0.0154498,0.0191665,0.0191665,0.0217213,0.990591,0.997312,1.0,1.0,1.0,1.0,1.0,0.997312,1.0,1.0,1.0,1.0,1.0,1.0,0.902844,0.902979,0.903246,0.905889,0.906816,0.908194,0.908515,0.902979,0.902979,0.905889,0.906816,0.908194,0.908515,0.908515,0.976625,0.989189,0.973936,0.990533,0.998656,0.998656,0.998656,0.989189,0.989189,0.990533,0.998656,0.998656,0.998656,0.998656,0.0154326,0.0166783,0.0167772,0.00031977,0.0137407,0.0154326,0.0154326,0.0166783,0.0180734,0.0180734,0.0203493,0.0166783,0.0166783,0.0164295,0.00029828,0.0137407,0.0137407,0.0154326,0.0160456,0.0166783,0.0180734,0.0203493,-0.446298,-0.448146,-0.446849,0.000484335,-0.449583,-0.449583,-0.44854,-0.448146,-0.446298,-0.443429,-0.443429,-0.448146,-0.448146,-0.445549,0.000700819,-0.449583,-0.449272,-0.448146,-0.448146,-0.443429,-0.443429,-0.437734,0.293202,0.293202,0.30258,0.00260201,0.292199,0.292199,0.293202,0.29643,0.314514,0.314514,0.328918,0.293202,0.293202,0.306817,0.00333124,0.292199,0.292199,0.293202,0.29643,0.314514,0.328918,0.333583,0.0,0.0,0.0,0.0,0.0,0.0,0.0,0.0,0.0,0.0,0.0,0.0,0.0,0.0,0.0,0.0,0.0,0.0,0.0,0.0,0.0,0.0,-9999,-9999
201409,22.763,1.0,20.411,4.663,1.0,25.062,5.867,1.0,21.804,20.859,2.262,22.729,3.238,22.763,1.0,20.411,4.663,1.0,25.062,5.867,1.0,385.853,287.974,1.0,248.44,287.974,1.0,328.829,1.0,342.788,328.829,1.0,308.701,1.0,335.31,308.701,1.0,25.198,1.0,22.093,25.198,1.0,95.411,95.386,1.0,0.557,0.0,1.0,2.097,2.473,1.0,0.289933965168,0.603472222222,109.892361111,1.0,52.8333333333,1.0,454.097916667,1.0,382.371,1.0,30.869,1.0,1.0,0.997222,10.2069,1.0,1.92206,0.975694,1.9211,0.0782442,98.9568,0.975694,98.9074,0.645238,0.975694,1,23.7333,24.2667,23.7333,24.2667,0.360661,0.36018,0.95625,0.961111,0.00798646,0.00768655,0.00885361,0.00784152,0.36018,0.36018,0.961111,0.961111,0.00768655,0.00768655,0.00858405,0.00784152,0.359665,0.360632,0.9575,0.958785,0.000515841,0.000369838,0.351086,0.354735,0.359275,0.36018,0.360661,0.362377,0.363474,0.354199,0.359275,0.36018,0.360661,0.362377,0.362377,0.363474,0.946528,0.948611,0.95625,0.961111,0.95625,0.961111,0.961111,0.95,0.95625,0.961111,0.95625,0.961111,0.961111,0.961111,0.0092831,0.0124467,0.0801239,0.0809181,0.988768,0.992935,0.00759344,0.00674925,0.0112681,0.00763616,0.678784,0.674743,0.542854,0.538619,0.924,0.929444,0.0132887,0.0130802,0.0134415,0.0132354,0.0124467,0.0124467,0.0809181,0.0809181,0.992935,0.992935,0.00674925,0.00674925,0.0107173,0.00763616,0.674743,0.674743,0.538619,0.538619,0.929444,0.929444,0.0130802,0.0130802,0.0132354,0.0132354,-0.00262147,-0.00160715,0.00789941,0.0092831,0.0124467,0.0150432,0.0166513,-0.00160715,0.00789941,0.0092831,0.0124467,0.0150432,0.0150432,0.0166513,0.98744,0.986111,0.988768,0.988768,0.992935,0.992935,0.990097,0.986111,0.988768,0.988768,0.992935,0.992935,0.992935,0.990097,0.671089,0.674743,0.674743,0.676817,0.6778,0.678784,0.678784,0.674743,0.674743,0.674743,0.676637,0.677514,0.678784,0.678784,0.907333,0.929444,0.929444,0.932222,0.9115,0.924,0.924,0.929444,0.929444,0.929444,0.936278,0.924,0.924,0.924,0.0190633,0.0203633,0.0197394,0.00011206,0.0187869,0.0190633,0.0190633,0.0195834,0.0203633,0.0203633,0.0203633,0.0203633,0.0203633,0.0196527,0.000114144,0.0186494,0.0190633,0.0190633,0.0195834,0.0203633,0.0203633,0.0203633,-0.341598,-0.339817,-0.340893,0.000347824,-0.3433,-0.34317,-0.34317,-0.341598,-0.339817,-0.339691,-0.339691,-0.339817,-0.339817,-0.340013,0.000479075,-0.3433,-0.34317,-0.341598,-0.339817,-0.339691,-0.339691,-0.335549,0.218962,0.218962,0.217074,0.00283869,0.188125,0.188125,0.204579,0.218962,0.227472,0.227472,0.236711,0.218962,0.218962,0.222121,0.00315919,0.188125,0.204579,0.21661,0.218962,0.227472,0.236711,0.250474,0.0,0.0,0.0,0.0,0.0,0.0,0.0,0.0,0.0,0.0,0.0,0.0,0.0,6.59611e-05,6.59611e-05,0.0,0.0,0.0,0.0,0.0,0.0,0.0,-9999,-9999
201410,27.266,1.0,24.569,4.309,1.0,29.528,5.765,1.0,22.526,21.083,2.136,23.73,3.433,27.266,1.0,24.569,4.309,1.0,29.528,5.765,1.0,442.467,320.946,1.0,298.966,320.946,1.0,351.716,1.0,342.714,351.716,1.0,323.192,1.0,335.223,323.192,1.0,34.367,1.0,22.788,34.367,1.0,95.271,95.223,1.0,0.0,0.0,1.0,2.602,2.717,1.0,0.312784866072,0.772177419355,124.355510753,1.0,59.3803763441,1.0,488.958333333,1.0,378.507,1.0,37.462,1.0,0.5,0.972446,11.0417,1.0,1.5854,0.989247,1.54523,0.0650137,115.183,0.989247,112.265,0.661884,0.989247,1,21.871,26.129,21.871,26.129,0.44948,0.447963,0.96707,0.976478,0.0077149,0.00761844,0.00788495,0.00802791,0.447963,0.447963,0.976478,0.976478,0.00761844,0.00761844,0.00779059,0.00802791,0.449948,0.448634,0.971354,0.972631,0.000717448,0.000502637,0.445127,0.446931,0.447963,0.447963,0.450189,0.450189,0.459384,0.445127,0.445127,0.446931,0.447963,0.44948,0.450189,0.450189,0.976478,0.977151,0.976478,0.976478,0.967742,0.967742,0.966398,0.976478,0.976478,0.977151,0.976478,0.96707,0.967742,0.967742,0.0926906,0.0907507,0.106444,0.100718,0.989666,0.996998,0.00745113,0.00722576,0.00792299,0.00771142,0.719214,0.718192,0.597051,0.598152,0.948622,0.959605,0.0121501,0.0120543,0.0122446,0.0123224,0.0907507,0.0907507,0.100718,0.100718,0.996998,0.996998,0.00722576,0.00722576,0.00771142,0.00771142,0.718192,0.718192,0.598152,0.598152,0.959605,0.959605,0.0120543,0.0120543,0.0121496,0.0123224,0.0873038,0.0873038,0.0907507,0.0907507,0.0923891,0.0926906,0.0926906,0.0873038,0.0873038,0.0877471,0.0907507,0.0919169,0.0926906,0.0926906,0.994065,0.994065,0.996998,0.996998,0.9882,0.989666,0.989666,0.994065,0.994065,0.995531,0.996998,0.989666,0.989666,0.989666,0.716117,0.718192,0.718192,0.719214,0.721229,0.721229,0.737611,0.716117,0.716117,0.718192,0.719007,0.719214,0.721229,0.721229,0.96204,0.959605,0.959605,0.948622,0.949863,0.949863,0.947474,0.96204,0.96204,0.959605,0.96204,0.948622,0.949863,0.949863,0.0808432,0.0802277,0.0788416,0.000368476,0.0744869,0.0744869,0.0761717,0.0802277,0.0802277,0.0808432,0.0808432,0.0802277,0.0802277,0.0791346,0.000341453,0.0744869,0.0761717,0.079221,0.0799011,0.0802277,0.0808432,0.0808432,-0.368637,-0.367735,-0.369792,0.000452482,-0.379744,-0.370888,-0.37076,-0.368637,-0.367735,-0.367735,-0.367735,-0.367735,-0.367735,-0.370813,0.00064931,-0.379744,-0.379276,-0.370888,-0.37064,-0.367735,-0.367735,-0.367735,0.413985,0.413985,0.412095,0.00171016,0.39551,0.39551,0.400995,0.413985,0.416104,0.418911,0.426653,0.413985,0.413985,0.411488,0.00166331,0.39551,0.39551,0.400995,0.413985,0.416104,0.416104,0.426653,0.00357462,0.00371987,0.00392834,0.00016076,0.00133895,0.00357462,0.00357462,0.00371987,0.0051007,0.0051007,0.00514672,0.00390783,0.00371987,0.00378437,0.00019469,0.0,0.00316054,0.00357462,0.00371987,0.00390783,0.0051007,0.00514672,-9999,-9999
201411,30.16,1.0,28.181,3.278,1.0,31.689,4.531,1.0,23.669,22.095,2.036,24.89,3.446,30.16,1.0,28.181,3.278,1.0,31.689,4.531,1.0,480.449,278.116,1.0,320.397,278.116,1.0,396.742,1.0,349.893,396.742,1.0,402.007,1.0,343.564,402.007,1.0,35.323,1.0,23.404,35.323,1.0,95.098,94.965,1.0,0.0,0.34,1.0,2.631,2.899,0.992361,-9999,-9999,120.223611111,1.0,48.4652777778,1.0,506.2,1.0,380.471,0.95,39.382,1.0,0.8,0.976389,6.67222,1.0,7.39521,0.84375,7.70392,0.178211,100.633,0.84375,104.834,0.61447,0.84375,1,20.9667,27.0333,20.9333,27.0333,0.537382,0.543323,0.80625,0.809028,0.00705311,0.00707055,0.0152084,0.0152165,0.543323,0.543323,0.809028,0.809028,0.00707055,0.00707055,0.0152165,0.0152165,0.534445,0.53757,0.805278,0.806719,0.00187794,0.00163101,0.515358,0.516375,0.518095,0.537382,0.543323,0.543323,0.545832,0.516375,0.516375,0.537382,0.542723,0.543323,0.543323,0.545832,0.796528,0.802778,0.795139,0.80625,0.809028,0.809028,0.808333,0.802778,0.802778,0.80625,0.808333,0.809028,0.809028,0.808333,0.194678,0.2062,0.155654,0.162943,0.864921,0.872857,0.00701768,0.00700769,0.027153,0.0260404,0.769272,0.770488,0.557462,0.556414,0.761023,0.759788,0.010766,0.0108033,0.0112743,0.0113099,0.2062,0.2062,0.162943,0.162943,0.872857,0.872857,0.00700769,0.00700769,0.0271504,0.0260404,0.770488,0.770488,0.556414,0.556414,0.759788,0.759788,0.0108033,0.0108033,0.0113099,0.0113099,0.153739,0.153739,0.156458,0.194678,0.2062,0.2062,0.209199,0.153739,0.156041,0.194678,0.20464,0.2062,0.2062,0.209199,0.856667,0.856667,0.851905,0.864921,0.872857,0.872857,0.872857,0.856667,0.845556,0.864921,0.872857,0.872857,0.872857,0.872857,0.76017,0.763986,0.763986,0.770488,0.770488,0.77068,0.772445,0.763084,0.763986,0.769272,0.770488,0.77068,0.77068,0.772445,0.75366,0.761023,0.761023,0.759788,0.759788,0.758554,0.758554,0.749956,0.761023,0.761023,0.759788,0.758554,0.758554,0.758554,0.281984,0.29085,0.276043,0.0074973,0.178421,0.183495,0.281984,0.289931,0.29085,0.29085,0.335111,0.29085,0.29085,0.262105,0.00832785,0.178421,0.178421,0.185124,0.281984,0.29085,0.29085,0.335111,-0.255398,-0.252473,-0.261527,0.00592781,-0.337954,-0.331863,-0.255398,-0.252793,-0.252473,-0.252473,-0.210721,-0.252473,-0.252473,-0.272339,0.00650835,-0.337954,-0.337954,-0.331863,-0.255398,-0.252473,-0.252473,-0.210721,0.788253,0.788253,0.801556,0.00249024,0.788253,0.788253,0.788253,0.793591,0.824493,0.826148,0.826148,0.788253,0.788253,0.801682,0.00274088,0.786701,0.788253,0.788253,0.79341,0.826148,0.826148,0.826849,0.0854794,0.0647416,0.0711233,0.0013392,0.0647416,0.0647416,0.0647416,0.0662999,0.070667,0.0854794,0.0854794,0.070667,0.0647416,0.0705624,0.00151239,0.0647416,0.0647416,0.0647416,0.0662999,0.0735363,0.0854794,0.0854794,-9999,-9999
201412,28.664,1.0,26.391,2.8,1.0,30.288,4.128,1.0,26.07,24.254,2.021,27.368,3.665,28.664,1.0,26.391,2.8,1.0,30.288,4.128,1.0,496.374,296.139,1.0,324.437,296.139,1.0,404.069,1.0,360.411,404.069,1.0,414.528,1.0,355.784,414.528,1.0,26.279,1.0,25.872,26.279,1.0,94.825,94.683,1.0,0.0,5.271,1.0,2.857,2.594,0.982527,-9999,-9999,163.590725806,1.0,46.7567204301,1.0,489.946908602,1.0,406.277,0.992608,35.76,1.0,6.5,1.0,1.03349,1.0,55.8335,0.941532,58.1642,0.452523,75.3046,0.942204,78.4482,0.539042,1.0,2,20.0,28.0,19.9355,27.7742,0.489428,0.500062,0.894489,0.897177,0.0186983,0.0196133,0.0373737,0.0298603,0.500062,0.500062,0.897177,0.897177,0.0196133,0.0196133,0.0378397,0.0298603,0.479699,0.487907,0.891415,0.894708,0.00449376,0.00337444,0.421233,0.435342,0.45503,0.489428,0.500062,0.500062,0.500062,0.435342,0.45503,0.489428,0.497684,0.500062,0.500062,0.500062,0.874328,0.876344,0.88172,0.894489,0.897177,0.897177,0.897177,0.876344,0.88172,0.894489,0.901882,0.897177,0.897177,0.897177,1.32437,1.34705,0.543929,0.535683,0.896774,0.903226,0.0280713,0.0295344,0.0813952,0.0510291,-0.137462,-0.136096,1.23943,1.24674,0.892857,0.892857,0.0234954,0.0245901,0.0252132,0.0262363,1.34705,1.34705,0.535683,0.535683,0.903226,0.903226,0.0295344,0.0295344,0.0819113,0.0510291,-0.136096,-0.136096,1.24674,1.24674,0.892857,0.892857,0.0245901,0.0245901,0.0262363,0.0262363,1.17095,1.19425,1.26383,1.32437,1.34705,1.34705,1.34705,1.19268,1.26383,1.32387,1.32437,1.34705,1.34705,1.34705,0.846774,0.86129,0.869355,0.896774,0.903226,0.903226,0.903226,0.86129,0.869355,0.91129,0.896774,0.903226,0.903226,0.903226,-0.157173,-0.151039,-0.138168,-0.136096,-0.135874,-0.132744,-0.120317,-0.151039,-0.151039,-0.137462,-0.136096,-0.135874,-0.132744,-0.120317,0.883641,0.890553,0.895161,0.892857,0.895161,0.887097,0.894009,0.890553,0.890553,0.892857,0.892857,0.895161,0.887097,0.894009,1.48768,1.46193,1.45653,0.0103773,1.32073,1.33443,1.46193,1.46285,1.48768,1.48768,1.53267,1.46193,1.46193,1.43745,0.0118558,1.31032,1.33443,1.33443,1.46193,1.48768,1.48768,1.53267,0.998248,0.961871,0.968623,0.00776123,0.879402,0.879402,0.961871,0.963265,0.998248,0.998248,1.03499,0.961871,0.961871,0.957749,0.00845289,0.877238,0.879402,0.889086,0.961871,0.998248,0.998248,1.03499,1.54454,1.54454,1.47795,0.0118327,1.35572,1.41281,1.41281,1.45153,1.54454,1.54454,1.58025,1.54454,1.54454,1.46738,0.0128134,1.26207,1.41281,1.41281,1.45153,1.54454,1.54454,1.58025,1.01155,0.98855,0.966261,0.00762177,0.880802,0.903648,0.925769,0.98855,0.999652,1.01155,1.01155,0.925769,0.98855,0.959626,0.0079666,0.86898,0.903648,0.925769,0.98855,0.999652,1.01155,1.01155,-9999,-9999
