TIMESTAMP,TA_F_MDS,TA_F_MDS_QC,TA_F_MDS_NIGHT,TA_F_MDS_NIGHT_SD,TA_F_MDS_NIGHT_QC,TA_F_MDS_DAY,TA_F_MDS_DAY_SD,TA_F_MDS_DAY_QC,TA_ERA,TA_ERA_NIGHT,TA_ERA_NIGHT_SD,TA_ERA_DAY,TA_ERA_DAY_SD,TA_F,TA_F_QC,TA_F_NIGHT,TA_F_NIGHT_SD,TA_F_NIGHT_QC,TA_F_DAY,TA_F_DAY_SD,TA_F_DAY_QC,SW_IN_POT,SW_IN_F_MDS,SW_IN_F_MDS_QC,SW_IN_ERA,SW_IN_F,SW_IN_F_QC,LW_IN_F_MDS,LW_IN_F_MDS_QC,LW_IN_ERA,LW_IN_F,LW_IN_F_QC,LW_IN_JSB,LW_IN_JSB_QC,LW_IN_JSB_ERA,LW_IN_JSB_F,LW_IN_JSB_F_QC,VPD_F_MDS,VPD_F_MDS_QC,VPD_ERA,VPD_F,VPD_F_QC,PA_ERA,PA_F,PA_F_QC,P_ERA,P_F,P_F_QC,WS_ERA,WS_F,WS_F_QC,USTAR,USTAR_QC,NETRAD,NETRAD_QC,SW_OUT,SW_OUT_QC,LW_OUT,LW_OUT_QC,CO2_F_MDS,CO2_F_MDS_QC,TS_F_MDS_1,TS_F_MDS_2,TS_F_MDS_3,TS_F_MDS_4,TS_F_MDS_5,TS_F_MDS_1_QC,TS_F_MDS_2_QC,TS_F_MDS_3_QC,TS_F_MDS_4_QC,TS_F_MDS_5_QC,G_F_MDS,G_F_MDS_QC,LE_F_MDS,LE_F_MDS_QC,LE_CORR,LE_RANDUNC,H_F_MDS,H_F_MDS_QC,H_CORR,H_RANDUNC,EBC_CF_N,EBC_CF_METHOD,NIGHT_D,DAY_D,NIGHT_RANDUNC_N,DAY_RANDUNC_N,NEE_CUT_REF,NEE_VUT_REF,NEE_CUT_REF_QC,NEE_VUT_REF_QC,NEE_CUT_REF_RANDUNC,NEE_VUT_REF_RANDUNC,NEE_CUT_REF_JOINTUNC,NEE_VUT_REF_JOINTUNC,NEE_CUT_USTAR50,NEE_VUT_USTAR50,NEE_CUT_USTAR50_QC,NEE_VUT_USTAR50_QC,NEE_CUT_USTAR50_RANDUNC,NEE_VUT_USTAR50_RANDUNC,NEE_CUT_USTAR50_JOINTUNC,NEE_VUT_USTAR50_JOINTUNC,NEE_CUT_MEAN,NEE_VUT_MEAN,NEE_CUT_MEAN_QC,NEE_VUT_MEAN_QC,NEE_CUT_SE,NEE_VUT_SE,NEE_CUT_05,NEE_CUT_16,NEE_CUT_25,NEE_CUT_50,NEE_CUT_75,NEE_CUT_84,NEE_CUT_95,NEE_VUT_05,NEE_VUT_16,NEE_VUT_25,NEE_VUT_50,NEE_VUT_75,NEE_VUT_84,NEE_VUT_95,NEE_CUT_05_QC,NEE_CUT_16_QC,NEE_CUT_25_QC,NEE_CUT_50_QC,NEE_CUT_75_QC,NEE_CUT_84_QC,NEE_CUT_95_QC,NEE_VUT_05_QC,NEE_VUT_16_QC,NEE_VUT_25_QC,NEE_VUT_50_QC,NEE_VUT_75_QC,NEE_VUT_84_QC,NEE_VUT_95_QC,NEE_CUT_REF_NIGHT,NEE_VUT_REF_NIGHT,NEE_CUT_REF_NIGHT_SD,NEE_VUT_REF_NIGHT_SD,NEE_CUT_REF_NIGHT_QC,NEE_VUT_REF_NIGHT_QC,NEE_CUT_REF_NIGHT_RANDUNC,NEE_VUT_REF_NIGHT_RANDUNC,NEE_CUT_REF_NIGHT_JOINTUNC,NEE_VUT_REF_NIGHT_JOINTUNC,NEE_CUT_REF_DAY,NEE_VUT_REF_DAY,NEE_CUT_REF_DAY_SD,NEE_VUT_REF_DAY_SD,NEE_CUT_REF_DAY_QC,NEE_VUT_REF_DAY_QC,NEE_CUT_REF_DAY_RANDUNC,NEE_VUT_REF_DAY_RANDUNC,NEE_CUT_REF_DAY_JOINTUNC,NEE_VUT_REF_DAY_JOINTUNC,NEE_CUT_USTAR50_NIGHT,NEE_VUT_USTAR50_NIGHT,NEE_CUT_USTAR50_NIGHT_SD,NEE_VUT_USTAR50_NIGHT_SD,NEE_CUT_USTAR50_NIGHT_QC,NEE_VUT_USTAR50_NIGHT_QC,NEE_CUT_USTAR50_NIGHT_RANDUNC,NEE_VUT_USTAR50_NIGHT_RANDUNC,NEE_CUT_USTAR50_NIGHT_JOINTUNC,NEE_VUT_USTAR50_NIGHT_JOINTUNC,NEE_CUT_USTAR50_DAY,NEE_VUT_USTAR50_DAY,NEE_CUT_USTAR50_DAY_SD,NEE_VUT_USTAR50_DAY_SD,NEE_CUT_USTAR50_DAY_QC,NEE_VUT_USTAR50_DAY_QC,NEE_CUT_USTAR50_DAY_RANDUNC,NEE_VUT_USTAR50_DAY_RANDUNC,NEE_CUT_USTAR50_DAY_JOINTUNC,NEE_VUT_USTAR50_DAY_JOINTUNC,NEE_CUT_05_NIGHT,NEE_CUT_16_NIGHT,NEE_CUT_25_NIGHT,NEE_CUT_50_NIGHT,NEE_CUT_75_NIGHT,NEE_CUT_84_NIGHT,NEE_CUT_95_NIGHT,NEE_VUT_05_NIGHT,NEE_VUT_16_NIGHT,NEE_VUT_25_NIGHT,NEE_VUT_50_NIGHT,NEE_VUT_75_NIGHT,NEE_VUT_84_NIGHT,NEE_VUT_95_NIGHT,NEE_CUT_05_NIGHT_QC,NEE_CUT_16_NIGHT_QC,NEE_CUT_25_NIGHT_QC,NEE_CUT_50_NIGHT_QC,NEE_CUT_75_NIGHT_QC,NEE_CUT_84_NIGHT_QC,NEE_CUT_95_NIGHT_QC,NEE_VUT_05_NIGHT_QC,NEE_VUT_16_NIGHT_QC,NEE_VUT_25_NIGHT_QC,NEE_VUT_50_NIGHT_QC,NEE_VUT_75_NIGHT_QC,NEE_VUT_84_NIGHT_QC,NEE_VUT_95_NIGHT_QC,NEE_CUT_05_DAY,NEE_CUT_16_DAY,NEE_CUT_25_DAY,NEE_CUT_50_DAY,NEE_CUT_75_DAY,NEE_CUT_84_DAY,NEE_CUT_95_DAY,NEE_VUT_05_DAY,NEE_VUT_16_DAY,NEE_VUT_25_DAY,NEE_VUT_50_DAY,NEE_VUT_75_DAY,NEE_VUT_84_DAY,NEE_VUT_95_DAY,NEE_CUT_05_DAY_QC,NEE_CUT_16_DAY_QC,NEE_CUT_25_DAY_QC,NEE_CUT_50_DAY_QC,NEE_CUT_75_DAY_QC,NEE_CUT_84_DAY_QC,NEE_CUT_95_DAY_QC,NEE_VUT_05_DAY_QC,NEE_VUT_16_DAY_QC,NEE_VUT_25_DAY_QC,NEE_VUT_50_DAY_QC,NEE_VUT_75_DAY_QC,NEE_VUT_84_DAY_QC,NEE_VUT_95_DAY_QC,RECO_NT_VUT_REF,RECO_NT_VUT_USTAR50,RECO_NT_VUT_MEAN,RECO_NT_VUT_SE,RECO_NT_VUT_05,RECO_NT_VUT_16,RECO_NT_VUT_25,RECO_NT_VUT_50,RECO_NT_VUT_75,RECO_NT_VUT_84,RECO_NT_VUT_95,RECO_NT_CUT_REF,RECO_NT_CUT_USTAR50,RECO_NT_CUT_MEAN,RECO_NT_CUT_SE,RECO_NT_CUT_05,RECO_NT_CUT_16,RECO_NT_CUT_25,RECO_NT_CUT_50,RECO_NT_CUT_75,RECO_NT_CUT_84,RECO_NT_CUT_95,GPP_NT_VUT_REF,GPP_NT_VUT_USTAR50,GPP_NT_VUT_MEAN,GPP_NT_VUT_SE,GPP_NT_VUT_05,GPP_NT_VUT_16,GPP_NT_VUT_25,GPP_NT_VUT_50,GPP_NT_VUT_75,GPP_NT_VUT_84,GPP_NT_VUT_95,GPP_NT_CUT_REF,GPP_NT_CUT_USTAR50,GPP_NT_CUT_MEAN,GPP_NT_CUT_SE,GPP_NT_CUT_05,GPP_NT_CUT_16,GPP_NT_CUT_25,GPP_NT_CUT_50,GPP_NT_CUT_75,GPP_NT_CUT_84,GPP_NT_CUT_95,RECO_DT_VUT_REF,RECO_DT_VUT_USTAR50,RECO_DT_VUT_MEAN,RECO_DT_VUT_SE,RECO_DT_VUT_05,RECO_DT_VUT_16,RECO_DT_VUT_25,RECO_DT_VUT_50,RECO_DT_VUT_75,RECO_DT_VUT_84,RECO_DT_VUT_95,RECO_DT_CUT_REF,RECO_DT_CUT_USTAR50,RECO_DT_CUT_MEAN,RECO_DT_CUT_SE,RECO_DT_CUT_05,RECO_DT_CUT_16,RECO_DT_CUT_25,RECO_DT_CUT_50,RECO_DT_CUT_75,RECO_DT_CUT_84,RECO_DT_CUT_95,GPP_DT_VUT_REF,GPP_DT_VUT_USTAR50,GPP_DT_VUT_MEAN,GPP_DT_VUT_SE,GPP_DT_VUT_05,GPP_DT_VUT_16,GPP_DT_VUT_25,GPP_DT_VUT_50,GPP_DT_VUT_75,GPP_DT_VUT_84,GPP_DT_VUT_95,GPP_DT_CUT_REF,GPP_DT_CUT_USTAR50,GPP_DT_CUT_MEAN,GPP_DT_CUT_SE,GPP_DT_CUT_05,GPP_DT_CUT_16,GPP_DT_CUT_25,GPP_DT_CUT_50,GPP_DT_CUT_75,GPP_DT_CUT_84,GPP_DT_CUT_95,RECO_SR,RECO_SR_N
201201,-9999,-9999,-9999,-9999,-9999,-9999,-9999,-9999,-1.017,-1.755,1.409,0.167,1.467,-1.017,0.0,-1.755,1.409,0.0,0.167,1.467,0.0,122.473,-9999,-9999,46.03,46.03,0.0,-9999,-9999,292.329,292.329,0.0,-9999,-9999,283.002,283.002,0.0,-9999,-9999,0.727,0.727,0.0,94.836,94.836,0.0,2.752,2.752,0.0,1.687,1.687,0.0,-9999,-9999,-9999,-9999,-9999,-9999,-9999,-9999,-9999,-9999,-9999,-9999,-9999,-9999,-9999,-9999,-9999,-9999,-9999,-9999,-9999,1.0,104.943,0.0,203.238,-9999,62.6291,0.0,121.291,-9999,1.0,3,29.7097,18.2903,0.0,0.0,-1.46693,-1.46693,0.0,0.0,-9999,-9999,-9999,-9999,-1.46693,-1.46693,0.0,0.0,-9999,-9999,-9999,-9999,-1.49851,-1.50007,0.0,0.0,0.0185667,0.0191293,-1.66006,-1.54295,-1.48783,-1.46693,-1.45915,-1.45915,-1.45695,-1.74124,-1.54295,-1.46693,-1.46693,-1.45915,-1.45915,-1.45695,0.0,0.0,0.0,0.0,0.0,0.0,0.0,0.0,0.0,0.0,0.0,0.0,0.0,0.0,2.50694,2.50694,3.02621,3.02621,0.0,0.0,-9999,-9999,-9999,-9999,-7.78165,-7.78165,1.96751,1.96751,0.0,0.0,-9999,-9999,-9999,-9999,2.50694,2.50694,3.02621,3.02621,0.0,0.0,-9999,-9999,-9999,-9999,-7.78165,-7.78165,1.96751,1.96751,0.0,0.0,-9999,-9999,-9999,-9999,2.2294,2.38867,2.47435,2.50694,2.51909,2.51909,2.52245,2.10283,2.38867,2.50694,2.50694,2.51909,2.51909,2.52245,0.0,0.0,0.0,0.0,0.0,0.0,0.0,0.0,0.0,0.0,0.0,0.0,0.0,0.0,-7.81751,-7.78165,-7.78165,-7.78165,-7.78165,-7.78165,-7.78165,-7.81751,-7.78165,-7.78165,-7.78165,-7.78165,-7.78165,-7.78165,0.0,0.0,0.0,0.0,0.0,0.0,0.0,0.0,0.0,0.0,0.0,0.0,0.0,0.0,2.50216,2.44171,2.40944,0.027191,2.07197,2.20268,2.34401,2.4041,2.48947,2.5757,2.66712,2.4041,2.44219,2.38257,0.0378636,1.82905,2.15912,2.27512,2.3889,2.54011,2.62623,2.72607,3.81898,3.90864,3.9095,0.0309296,3.61404,3.66209,3.81898,3.87144,4.02535,4.11865,4.18774,3.75239,3.90912,3.88108,0.0405479,3.29598,3.6302,3.75239,3.8669,4.09169,4.12429,4.2971,2.71322,2.71228,2.66865,0.0486608,2.04322,2.09164,2.71228,2.7892,2.85601,2.89986,2.91244,2.71322,2.71228,2.68703,0.0465961,2.04322,2.09164,2.71228,2.82348,2.86649,2.89951,2.90987,1.90347,1.90313,1.89502,0.0186159,1.67446,1.6875,1.90313,1.93362,1.95717,1.97014,1.97795,1.90347,1.90313,1.90153,0.0176983,1.67446,1.6875,1.90313,1.94287,1.96081,1.97014,1.97795,-9999,-9999
201202,-9999,-9999,-9999,-9999,-9999,-9999,-9999,-9999,-5.335,-6.647,1.7,-3.669,2.178,-5.335,0.0,-6.647,1.7,0.0,-3.669,2.178,0.0,187.557,-9999,-9999,91.013,91.013,0.0,-9999,-9999,272.428,272.428,0.0,-9999,-9999,258.783,258.783,0.0,-9999,-9999,0.799,0.799,0.0,94.925,94.925,0.0,0.931,0.931,0.0,1.352,1.352,0.0,-9999,-9999,-9999,-9999,-9999,-9999,-9999,-9999,-9999,-9999,-9999,-9999,-9999,-9999,-9999,-9999,-9999,-9999,-9999,-9999,-9999,1.0,103.455,0.0,192.151,-9999,61.7294,0.0,114.653,-9999,1.0,3,26.9655,21.0345,0.0,0.0,-1.46967,-1.46967,0.0,0.0,-9999,-9999,-9999,-9999,-1.46967,-1.46967,0.0,0.0,-9999,-9999,-9999,-9999,-1.50351,-1.50528,0.0,0.0,0.0187706,0.0194032,-1.66302,-1.55131,-1.49125,-1.46967,-1.4655,-1.4655,-1.45899,-1.74735,-1.55131,-1.47168,-1.46967,-1.4655,-1.4655,-1.45899,0.0,0.0,0.0,0.0,0.0,0.0,0.0,0.0,0.0,0.0,0.0,0.0,0.0,0.0,3.07992,3.07992,2.52463,2.52463,0.0,0.0,-9999,-9999,-9999,-9999,-7.18124,-7.18124,2.55712,2.55712,0.0,0.0,-9999,-9999,-9999,-9999,3.07992,3.07992,2.52463,2.52463,0.0,0.0,-9999,-9999,-9999,-9999,-7.18124,-7.18124,2.55712,2.55712,0.0,0.0,-9999,-9999,-9999,-9999,2.83781,2.93962,3.04278,3.07992,3.08689,3.08689,3.09823,2.6927,2.93962,3.07635,3.07992,3.08689,3.08689,3.09823,0.0,0.0,0.0,0.0,0.0,0.0,0.0,0.0,0.0,0.0,0.0,0.0,0.0,0.0,-7.29461,-7.18124,-7.18124,-7.18124,-7.18124,-7.18124,-7.18124,-7.29461,-7.18124,-7.18124,-7.18124,-7.18124,-7.18124,-7.18124,0.0,0.0,0.0,0.0,0.0,0.0,0.0,0.0,0.0,0.0,0.0,0.0,0.0,0.0,1.93433,1.87787,1.85984,0.0249372,1.55649,1.67364,1.8031,1.85929,1.94083,2.04006,2.09152,1.85929,1.87832,1.83736,0.0348144,1.33908,1.63412,1.73472,1.84501,1.97009,2.05213,2.19037,3.26336,3.34754,3.36512,0.0298914,3.09963,3.13914,3.26336,3.33296,3.50018,3.56119,3.61456,3.20439,3.34798,3.34087,0.0383295,2.80874,3.11064,3.20496,3.31441,3.52381,3.59216,3.73442,2.38757,2.38675,2.34835,0.0428205,1.79799,1.8406,2.38675,2.45443,2.51323,2.55181,2.56289,2.38757,2.38675,2.36453,0.0410035,1.79799,1.8406,2.38675,2.4846,2.52245,2.5515,2.56062,3.18182,3.18133,3.16808,0.0265303,2.84963,2.86916,3.18133,3.22445,3.25823,3.2772,3.28834,3.18182,3.18133,3.17748,0.0252349,2.84963,2.86916,3.18133,3.23821,3.26347,3.2772,3.28834,-9999,-9999
201203,-9999,-9999,-9999,-9999,-9999,-9999,-9999,-9999,5.005,2.588,1.81,7.338,3.226,5.005,0.0,2.588,1.81,0.0,7.338,3.226,0.0,282.43,-9999,-9999,163.203,163.203,0.0,-9999,-9999,295.172,295.172,0.0,-9999,-9999,286.461,286.461,0.0,-9999,-9999,2.609,2.609,0.0,95.385,95.385,0.0,0.832,0.832,0.0,1.105,1.105,0.0,-9999,-9999,-9999,-9999,-9999,-9999,-9999,-9999,-9999,-9999,-9999,-9999,-9999,-9999,-9999,-9999,-9999,-9999,-9999,-9999,-9999,1.0,104.943,0.0,165.91,-9999,62.6291,0.0,99.0139,-9999,2.0,3,23.5161,24.4839,0.0,0.0,-1.46693,-1.46693,0.0,0.0,-9999,-9999,-9999,-9999,-1.46693,-1.46693,0.0,0.0,-9999,-9999,-9999,-9999,-1.49851,-1.50007,0.0,0.0,0.0185667,0.0191293,-1.66006,-1.54295,-1.48783,-1.46693,-1.45915,-1.45915,-1.45695,-1.74124,-1.54295,-1.46693,-1.46693,-1.45915,-1.45915,-1.45695,0.0,0.0,0.0,0.0,0.0,0.0,0.0,0.0,0.0,0.0,0.0,0.0,0.0,0.0,3.52406,3.52406,2.27134,2.27134,0.0,0.0,-9999,-9999,-9999,-9999,-6.16249,-6.16249,3.48522,3.48522,0.0,0.0,-9999,-9999,-9999,-9999,3.52406,3.52406,2.27134,2.27134,0.0,0.0,-9999,-9999,-9999,-9999,-6.16249,-6.16249,3.48522,3.48522,0.0,0.0,-9999,-9999,-9999,-9999,3.33811,3.3889,3.49782,3.52406,3.53822,3.53822,3.54375,3.17762,3.3889,3.52406,3.52406,3.53822,3.54171,3.54375,0.0,0.0,0.0,0.0,0.0,0.0,0.0,0.0,0.0,0.0,0.0,0.0,0.0,0.0,-6.34736,-6.17645,-6.17645,-6.16249,-6.16249,-6.16185,-6.16185,-6.34736,-6.17645,-6.17645,-6.16249,-6.16249,-6.16185,-6.16185,0.0,0.0,0.0,0.0,0.0,0.0,0.0,0.0,0.0,0.0,0.0,0.0,0.0,0.0,3.46866,3.4212,3.35767,0.0238705,3.06395,3.17041,3.30475,3.35797,3.42158,3.47406,3.59607,3.32998,3.42158,3.33503,0.0308612,2.91249,3.1352,3.2284,3.32998,3.4212,3.52248,3.60167,4.81491,4.88813,4.85774,0.025999,4.59435,4.62976,4.78091,4.83346,4.95269,5.02423,5.10887,4.76338,4.88851,4.83354,0.0329366,4.37942,4.60602,4.76182,4.81491,4.95415,5.04482,5.19135,3.09146,3.09039,3.04067,0.0554444,2.32806,2.38322,3.09039,3.17802,3.25416,3.30411,3.31845,3.09146,3.09039,3.06162,0.0530918,2.32806,2.38322,3.09039,3.21708,3.26609,3.30371,3.31552,4.63449,4.63389,4.61578,0.032463,4.22095,4.24616,4.63389,4.68627,4.72815,4.75229,4.76603,4.63449,4.63389,4.62742,0.0308886,4.22095,4.24616,4.63389,4.70413,4.73468,4.75229,4.76603,-9999,-9999
201204,-9999,-9999,-9999,-9999,-9999,-9999,-9999,-9999,6.704,4.556,1.764,8.216,2.695,6.704,0.0,4.556,1.764,0.0,8.216,2.695,0.0,379.926,-9999,-9999,175.306,175.306,0.0,-9999,-9999,314.593,314.593,0.0,-9999,-9999,310.095,310.095,0.0,-9999,-9999,3.282,3.282,0.0,93.893,93.893,0.0,2.258,2.258,0.0,1.345,1.345,0.0,-9999,-9999,-9999,-9999,-9999,-9999,-9999,-9999,-9999,-9999,-9999,-9999,-9999,-9999,-9999,-9999,-9999,-9999,-9999,-9999,7.10669,0.160417,104.224,0.0,164.773,-9999,62.1942,0.0,98.3264,-9999,2.0,3,20.0333,27.9667,0.0,0.0,-1.46825,-1.46825,0.0,0.0,-9999,-9999,-9999,-9999,-1.46825,-1.46825,0.0,0.0,-9999,-9999,-9999,-9999,-1.50093,-1.50259,0.0,0.0,0.0186642,0.0192608,-1.66149,-1.54699,-1.48949,-1.46825,-1.46222,-1.46222,-1.45794,-1.74419,-1.54699,-1.46847,-1.46825,-1.46222,-1.46222,-1.45794,0.0,0.0,0.0,0.0,0.0,0.0,0.0,0.0,0.0,0.0,0.0,0.0,0.0,0.0,3.94693,3.94693,2.08878,2.08878,0.0,0.0,-9999,-9999,-9999,-9999,-5.26136,-5.26136,4.13256,4.13256,0.0,0.0,-9999,-9999,-9999,-9999,3.94693,3.94693,2.08878,2.08878,0.0,0.0,-9999,-9999,-9999,-9999,-5.26136,-5.26136,4.13256,4.13256,0.0,0.0,-9999,-9999,-9999,-9999,3.80547,3.93926,3.94693,3.94693,3.95496,3.97073,3.97073,3.69428,3.80645,3.94693,3.94693,3.95496,3.97073,3.97073,0.0,0.0,0.0,0.0,0.0,0.0,0.0,0.0,0.0,0.0,0.0,0.0,0.0,0.0,-5.47733,-5.29092,-5.29092,-5.26136,-5.26136,-5.25731,-5.25731,-5.47733,-5.29092,-5.29092,-5.26136,-5.26136,-5.26136,-5.25731,0.0,0.0,0.0,0.0,0.0,0.0,0.0,0.0,0.0,0.0,0.0,0.0,0.0,0.0,3.75521,3.71419,3.64079,0.0224456,3.36265,3.46642,3.58794,3.64477,3.71451,3.75987,3.86519,3.60429,3.71451,3.62142,0.0274946,3.2729,3.43596,3.51656,3.61343,3.71419,3.78076,3.87002,5.11743,5.18244,5.14338,0.0239268,4.89818,4.92882,5.06004,5.13348,5.21151,5.29096,5.3762,5.07449,5.18277,5.12235,0.0293936,4.74115,4.92218,5.04294,5.11743,5.19949,5.31776,5.44727,3.18665,3.18554,3.1343,0.0571516,2.39974,2.45661,3.18554,3.27588,3.35436,3.40585,3.42063,3.18665,3.18554,3.15589,0.0547266,2.39974,2.45661,3.18554,3.31614,3.36666,3.40544,3.41761,4.77569,4.77504,4.75509,0.0351311,4.32638,4.35391,4.77504,4.83194,4.87751,4.90393,4.91889,4.77569,4.77504,4.76772,0.0334276,4.32638,4.35391,4.77504,4.85149,4.88461,4.90393,4.91889,-9999,-9999
201205,-9999,-9999,-9999,-9999,-9999,-9999,-9999,-9999,12.707,10.196,2.057,14.1,3.086,12.707,0.0,10.196,2.057,0.0,14.1,3.086,0.0,453.217,-9999,-9999,240.485,240.485,0.0,-9999,-9999,326.762,326.762,0.0,-9999,-9999,324.904,324.904,0.0,-9999,-9999,5.649,5.649,0.0,94.785,94.785,0.0,1.927,1.927,0.0,1.272,1.272,0.0,-9999,-9999,-9999,-9999,-9999,-9999,-9999,-9999,-9999,-9999,-9999,-9999,-9999,-9999,-9999,-9999,-9999,-9999,-9999,-9999,7.0544,0.0,103.949,0.0,135.609,-9999,62.0035,0.0,80.8877,-9999,1.0,3,17.129,30.871,0.0,0.0,-1.47487,-1.47487,0.0,0.0,-9999,-9999,-9999,-9999,-1.47487,-1.47487,0.0,0.0,-9999,-9999,-9999,-9999,-1.50707,-1.50874,0.0,0.0,0.0186129,0.0192436,-1.66842,-1.55509,-1.49542,-1.47487,-1.46778,-1.46778,-1.46389,-1.74843,-1.55509,-1.47508,-1.47487,-1.46778,-1.46778,-1.46389,0.0,0.0,0.0,0.0,0.0,0.0,0.0,0.0,0.0,0.0,0.0,0.0,0.0,0.0,4.27098,4.27098,1.96721,1.96721,0.0,0.0,-9999,-9999,-9999,-9999,-4.58286,-4.58286,4.49126,4.49126,0.0,0.0,-9999,-9999,-9999,-9999,4.27098,4.27098,1.96721,1.96721,0.0,0.0,-9999,-9999,-9999,-9999,-4.58286,-4.58286,4.49126,4.49126,0.0,0.0,-9999,-9999,-9999,-9999,4.10955,4.27034,4.27098,4.27098,4.28124,4.30062,4.30062,4.10955,4.2049,4.27098,4.27098,4.28124,4.30062,4.30062,0.0,0.0,0.0,0.0,0.0,0.0,0.0,0.0,0.0,0.0,0.0,0.0,0.0,0.0,-4.78293,-4.61328,-4.61328,-4.58286,-4.58286,-4.57758,-4.57758,-4.78293,-4.61328,-4.61328,-4.58286,-4.58286,-4.58286,-4.57758,0.0,0.0,0.0,0.0,0.0,0.0,0.0,0.0,0.0,0.0,0.0,0.0,0.0,0.0,4.77947,4.76289,4.65383,0.0211705,4.47089,4.49545,4.52943,4.61827,4.76302,4.78135,4.82362,4.58472,4.76302,4.64708,0.0203535,4.49209,4.50515,4.5295,4.58472,4.75451,4.78977,4.82555,6.20458,6.23777,6.16258,0.0195023,5.98808,6.03628,6.05055,6.20458,6.24038,6.26464,6.32763,6.19385,6.2379,6.15416,0.0208244,5.98828,6.03471,6.05055,6.10622,6.23777,6.2879,6.35588,3.51676,3.51554,3.45899,0.0630721,2.64834,2.7111,3.51554,3.61524,3.70185,3.75868,3.77499,3.51676,3.51554,3.48282,0.0603959,2.64834,2.7111,3.51554,3.65967,3.71542,3.75822,3.77165,5.88505,5.88429,5.85906,0.0407732,5.35614,5.38943,5.88429,5.95013,6.00361,6.03526,6.05277,5.88505,5.88429,5.87387,0.0388139,5.35614,5.38943,5.88429,5.97382,6.01195,6.03526,6.05277,-9999,-9999
201206,-9999,-9999,-9999,-9999,-9999,-9999,-9999,-9999,16.551,14.258,1.762,17.605,2.771,16.551,0.0,14.258,1.762,0.0,17.605,2.771,0.0,485.243,-9999,-9999,208.7,208.7,0.0,-9999,-9999,358.405,358.405,0.0,-9999,-9999,363.412,363.412,0.0,-9999,-9999,5.668,5.668,0.0,94.837,94.837,0.0,5.281,5.281,0.0,1.121,1.121,0.0,-9999,-9999,-9999,-9999,-9999,-9999,-9999,-9999,-9999,-9999,-9999,-9999,-9999,-9999,-9999,-9999,-9999,-9999,-9999,-9999,7.06094,0.0,104.224,0.0,143.102,1.07374,62.1942,0.0,85.3944,1.09284,1.0,2,15.1,32.9,5.16667,10.1333,-1.46825,-1.46825,0.0,0.0,0.153833,0.153833,0.159565,0.159565,-1.46825,-1.46825,0.0,0.0,0.161034,0.161034,0.166519,0.166519,-1.50093,-1.50259,0.0,0.0,0.0186642,0.0192608,-1.66149,-1.54699,-1.48949,-1.46825,-1.46222,-1.46222,-1.45794,-1.74419,-1.54699,-1.46847,-1.46825,-1.46222,-1.46222,-1.45794,0.0,0.0,0.0,0.0,0.0,0.0,0.0,0.0,0.0,0.0,0.0,0.0,0.0,0.0,4.39399,4.39399,1.7577,1.7577,0.0,0.0,0.327258,0.327258,0.32764,0.32764,-4.08223,-4.08223,4.84147,4.84147,0.0,0.0,0.149182,0.149182,0.150214,0.149927,4.39399,4.39399,1.7577,1.7577,0.0,0.0,0.342121,0.342121,0.342486,0.342486,-4.08223,-4.08223,4.84147,4.84147,0.0,0.0,0.156426,0.156426,0.15741,0.157136,4.21778,4.39399,4.39399,4.39399,4.40093,4.42561,4.42561,4.21778,4.39399,4.39399,4.40093,4.40093,4.42561,4.42561,0.0,0.0,0.0,0.0,0.0,0.0,0.0,0.0,0.0,0.0,0.0,0.0,0.0,0.0,-4.27307,-4.11208,-4.11208,-4.08223,-4.08223,-4.07693,-4.07693,-4.27307,-4.11208,-4.11208,-4.08223,-4.08223,-4.08223,-4.07693,0.0,0.0,0.0,0.0,0.0,0.0,0.0,0.0,0.0,0.0,0.0,0.0,0.0,0.0,5.44578,5.44943,5.31649,0.0245855,5.03105,5.09852,5.2222,5.42945,5.4494,5.45305,5.45607,5.2222,5.4494,5.32181,0.0243606,5.03085,5.11725,5.22317,5.42945,5.45134,5.45461,5.4902,6.91255,6.91768,6.81908,0.0209784,6.57807,6.6879,6.68916,6.90636,6.91708,6.91768,6.92753,6.92829,6.91765,6.82274,0.0235756,6.57804,6.68683,6.68916,6.90547,6.91894,6.92731,6.97218,3.70797,3.70668,3.64706,0.0665014,2.79233,2.8585,3.70668,3.8118,3.90312,3.96303,3.98023,3.70797,3.70668,3.67218,0.0636796,2.79233,2.8585,3.70668,3.85865,3.91743,3.96256,3.97672,5.27269,5.27194,5.24763,0.0400413,4.75461,4.78694,5.27194,5.33695,5.38941,5.42031,5.43753,5.27269,5.27194,5.26215,0.0381128,4.75461,4.78694,5.27194,5.35993,5.39758,5.42031,5.43753,-9999,-9999
201207,17.397,0.877016,14.242,1.711,0.886022,19.006,3.386,0.872923,17.184,14.967,1.482,18.316,2.452,17.484,0.877016,14.51,1.643,0.886022,19.011,3.174,0.872923,467.607,230.51,0.877016,208.03,219.619,0.877016,372.631,0.877016,360.628,371.803,0.877016,378.549,0.877016,366.118,381.093,0.877016,5.928,0.877016,5.022,5.791,0.877016,94.971,94.844,0.847446,5.895,5.895,0.0,1.111,1.496,0.620296,-9999,-9999,167.249892528,0.868279569892,18.7202327173,0.870967741935,403.478003858,0.870967741935,407.878,0.84879,-9999,-9999,-9999,-9999,-9999,-9999,-9999,-9999,-9999,-9999,4.37042,0.877016,81.4277,0.84543,111.803,0.578329,47.1447,0.846774,64.7311,0.583659,0.840054,1,16.2258,31.7742,16.2258,31.7742,-1.54117,-1.54117,0.839382,0.839382,0.078858,0.078858,0.174482,0.176757,-1.58384,-1.58384,0.839382,0.839382,0.0797752,0.0797752,0.174899,0.177168,-1.53806,-1.53592,0.836811,0.836358,0.0229016,0.0229454,-1.78124,-1.69161,-1.61332,-1.58384,-1.45219,-1.38032,-1.29726,-1.78124,-1.69156,-1.59534,-1.58384,-1.45219,-1.37517,-1.29899,0.840726,0.840726,0.840054,0.839382,0.834677,0.834677,0.828629,0.840726,0.840726,0.839382,0.839382,0.834677,0.833333,0.829301,3.73498,3.73498,2.08894,2.08894,0.874636,0.874636,0.174948,0.175221,0.361403,0.361467,-4.14873,-4.14873,5.0238,5.0238,0.821217,0.821217,0.0718608,0.0719166,0.0980845,0.0975493,3.61949,3.61949,2.15996,2.15996,0.874636,0.874636,0.176964,0.176964,0.362383,0.362315,-4.15075,-4.15075,5.01836,5.01836,0.821217,0.821217,0.0729402,0.0729402,0.0988781,0.0983064,3.17192,3.3844,3.52686,3.61949,3.9546,4.01687,4.18623,3.17346,3.38456,3.57436,3.61949,3.8371,4.01687,4.18161,0.874636,0.874636,0.874636,0.874636,0.868944,0.868944,0.861354,0.874636,0.874636,0.874636,0.874636,0.872739,0.868944,0.861354,-4.21202,-4.18508,-4.15357,-4.14607,-4.06245,-4.05157,-4.02957,-4.21245,-4.18338,-4.15357,-4.14578,-4.06245,-4.05157,-4.02652,0.802806,0.823265,0.821217,0.822257,0.814973,0.814973,0.813933,0.798613,0.823265,0.821217,0.822257,0.814973,0.814973,0.812892,4.04866,3.96245,4.23049,0.0843535,3.78945,3.87566,3.89558,3.97351,4.21071,5.05554,5.22303,3.89558,3.96238,4.20695,0.0782995,3.7894,3.85908,3.89489,3.97351,4.21389,4.43355,5.19521,5.56771,5.54629,5.76638,0.0690568,5.48821,5.49234,5.54814,5.58401,5.67161,6.36442,6.53417,5.57425,5.54621,5.74501,0.0620051,5.48922,5.50197,5.55144,5.58401,5.68642,5.80873,6.4913,4.94334,4.96151,4.71822,0.0574337,4.09311,4.12411,4.26415,4.85443,5.0178,5.01911,5.0484,4.93993,4.96151,4.72043,0.0568818,4.08776,4.11814,4.26761,4.85443,5.0178,5.03081,5.0484,6.12247,6.13115,6.02809,0.0359946,5.64233,5.65019,5.7418,6.13022,6.16294,6.16353,6.35688,6.12135,6.13115,6.02831,0.0355202,5.64233,5.65218,5.74318,6.13115,6.15801,6.16353,6.35688,-9999,-9999
201208,17.98,1.0,14.384,2.289,1.0,20.307,4.008,1.0,18.302,15.944,1.856,19.828,2.975,17.98,1.0,14.384,2.289,1.0,20.307,4.008,1.0,405.065,231.275,1.0,209.435,231.275,1.0,366.635,1.0,356.107,366.635,1.0,377.421,1.0,360.616,377.421,1.0,6.553,1.0,6.921,6.553,1.0,95.134,94.966,0.864919,4.323,4.323,0.0,0.967,1.346,0.997312,0.226633410114,0.773521505376,169.552873612,0.999327956989,19.9480798052,1.0,407.924825269,1.0,418.563,1.0,-9999,-9999,-9999,-9999,-9999,-9999,-9999,-9999,-9999,-9999,3.2657,1.0,75.9074,0.999328,100.406,0.645867,50.0419,0.998656,66.1926,0.560365,0.997312,1,18.9032,29.0968,18.9032,29.0968,-1.44145,-1.44145,0.990591,0.990591,0.0851048,0.0851048,0.138412,0.12493,-1.49426,-1.49426,0.989919,0.989919,0.0891824,0.0891824,0.140956,0.127743,-1.45936,-1.46353,0.988794,0.988743,0.0154017,0.0135704,-1.59499,-1.559,-1.51425,-1.49426,-1.39615,-1.34069,-1.32903,-1.56881,-1.559,-1.51425,-1.49426,-1.43676,-1.37608,-1.32903,0.989919,0.989919,0.989919,0.989919,0.987903,0.988575,0.988575,0.989919,0.989919,0.989919,0.989919,0.987903,0.988575,0.988575,2.77161,2.77161,2.70009,2.70009,1.0,1.0,0.168093,0.167163,0.292852,0.26863,-4.07524,-4.07524,4.75489,4.75489,0.984456,0.984456,0.0811619,0.0807788,0.0819641,0.0815365,2.63069,2.63069,2.84494,2.84494,1.0,1.0,0.175284,0.175284,0.297038,0.273757,-4.06387,-4.06387,4.80077,4.80077,0.983415,0.983415,0.0844499,0.0844499,0.0852212,0.0851749,2.3902,2.47889,2.58644,2.63069,2.84801,2.9585,3.00534,2.45131,2.48888,2.5837,2.63069,2.77875,2.90945,3.00534,1.0,1.0,1.0,1.0,0.995392,0.995392,0.995392,1.0,1.0,1.0,1.0,0.995392,0.995392,0.995392,-4.07702,-4.07574,-4.07348,-4.06681,-4.06326,-4.05286,-4.04766,-4.07574,-4.07524,-4.07269,-4.06551,-4.06387,-4.05306,-4.04789,0.983261,0.984456,0.983415,0.983415,0.983415,0.984456,0.984456,0.984456,0.984456,0.983415,0.983381,0.983415,0.984456,0.984456,3.44407,3.3416,3.36649,0.0318695,3.10172,3.14953,3.2671,3.3416,3.44407,3.56045,3.6173,3.27561,3.34153,3.37078,0.0344353,3.04751,3.11408,3.2671,3.34226,3.51058,3.56279,3.60625,4.79207,4.83586,4.8306,0.019593,4.66072,4.70924,4.77627,4.81748,4.8976,4.93528,4.96519,4.86163,4.83579,4.83015,0.0201329,4.64249,4.68393,4.75193,4.82193,4.90269,4.93621,4.96191,4.09561,4.13081,4.23182,0.0338897,3.93852,4.01313,4.08534,4.1528,4.36885,4.48533,4.58672,4.09016,4.13081,4.24723,0.0449511,3.88889,4.01313,4.07841,4.13081,4.36885,4.51089,4.59774,5.49529,5.50283,5.51139,0.0162259,5.36059,5.41542,5.44977,5.48667,5.56176,5.63422,5.66946,5.48943,5.50283,5.5107,0.0189981,5.36059,5.40403,5.42267,5.48506,5.50532,5.65136,5.69287,-9999,-9999
201209,12.811,1.0,10.254,2.402,1.0,15.011,3.57,1.0,13.508,11.647,2.17,15.098,3.06,12.811,1.0,10.254,2.402,1.0,15.011,3.57,1.0,315.149,140.996,1.0,139.948,140.996,1.0,353.497,1.0,340.894,353.497,1.0,350.015,1.0,342.103,350.015,1.0,3.077,1.0,3.966,3.077,1.0,94.922,94.845,0.947917,3.208,3.208,0.0,1.146,1.22,0.986806,0.176600479824,0.788194444444,103.034399116,0.998611111111,12.048401199,1.0,378.564372917,1.0,414.877,0.997917,-9999,-9999,-9999,-9999,-9999,-9999,-9999,-9999,-9999,-9999,-0.0133324,1.0,38.4525,0.995833,59.309,0.450489,28.6901,0.997222,44.2515,0.46191,0.99375,1,22.2333,25.7667,22.2333,25.7667,-1.47367,-1.47367,0.989583,0.989583,0.0675187,0.0675187,0.0761813,0.0768449,-1.39847,-1.41623,0.989583,0.990972,0.0723323,0.0720988,0.0804784,0.0808986,-1.40848,-1.40679,0.989687,0.989566,0.00879291,0.00810446,-1.48452,-1.45478,-1.44109,-1.41257,-1.38847,-1.38421,-1.3217,-1.47367,-1.45668,-1.43885,-1.4088,-1.38633,-1.38329,-1.30833,0.989583,0.989583,0.989583,0.990972,0.990972,0.990972,0.989583,0.989583,0.989583,0.990972,0.990972,0.990972,0.990972,0.989583,1.35852,1.35852,2.49665,2.49665,0.997101,0.997101,0.12151,0.117592,0.135684,0.131429,-3.77641,-3.77641,3.92942,3.92942,0.983267,0.983267,0.0700541,0.0661611,0.0770428,0.0738813,1.45181,1.42841,2.54799,2.51899,0.997101,1.0,0.12537,0.124964,0.139152,0.138064,-3.72348,-3.73454,3.94015,3.92563,0.983267,0.983267,0.0718178,0.0715879,0.07865,0.078778,1.3333,1.36764,1.38315,1.42168,1.46918,1.48839,1.54817,1.35852,1.37099,1.38266,1.43494,1.46836,1.48839,1.57248,0.997101,0.998551,0.997101,0.998551,1.0,1.0,1.0,0.997101,0.997101,0.997101,1.0,1.0,1.0,1.0,-3.77386,-3.76769,-3.74607,-3.73143,-3.72433,-3.70357,-3.67169,-3.77438,-3.76825,-3.74607,-3.73143,-3.7236,-3.70248,-3.66808,0.983267,0.983267,0.977985,0.983267,0.983267,0.979267,0.980549,0.983267,0.983267,0.977985,0.983267,0.983267,0.979267,0.980549,2.2973,2.27011,2.28627,0.0211996,2.08981,2.19959,2.2518,2.27354,2.30468,2.34206,2.49546,2.2518,2.27005,2.28447,0.0245668,2.0794,2.12154,2.25092,2.27569,2.29659,2.34206,2.43638,3.67841,3.68634,3.69251,0.0173818,3.51202,3.59676,3.63644,3.68458,3.74327,3.7875,3.81906,3.71811,3.66852,3.69295,0.0200465,3.49637,3.53044,3.62174,3.68583,3.74327,3.80496,3.83845,1.94381,1.89467,1.94665,0.0175732,1.80751,1.86978,1.90114,1.94381,1.98756,1.99912,2.04636,1.92653,1.90513,1.93279,0.0132277,1.78064,1.85878,1.89713,1.9502,1.98598,1.99197,2.00742,3.34492,3.32694,3.34041,0.00783081,3.25536,3.29973,3.32258,3.33757,3.36178,3.36927,3.3725,3.33224,3.33118,3.33268,0.00568145,3.25536,3.29622,3.30839,3.33409,3.36178,3.36927,3.37122,-9999,-9999
201210,8.033,1.0,6.163,1.9,1.0,10.15,3.051,1.0,8.793,7.085,2.313,10.777,3.031,8.033,1.0,6.163,1.9,1.0,10.15,3.051,1.0,217.975,85.174,1.0,96.863,85.174,1.0,331.379,1.0,319.065,331.379,1.0,319.252,1.0,315.537,319.252,1.0,1.891,1.0,2.918,1.891,1.0,94.563,94.53,0.993952,2.303,2.303,0.0,1.171,1.186,0.985887,0.166042001774,0.764784946237,55.0721130335,0.999327956989,9.10541681037,0.999327956989,352.407015643,0.999327956989,426.053,1.0,-9999,-9999,-9999,-9999,-9999,-9999,-9999,-9999,-9999,-9999,-1.89613,1.0,19.1414,0.998656,32.4948,0.38667,14.4131,0.999328,24.468,0.4328,0.997312,1,25.6774,22.3226,25.6774,22.3226,-0.852931,-0.852931,0.992608,0.992608,0.0544413,0.0544413,0.125577,0.1265,-0.799843,-0.799843,0.992608,0.992608,0.0548529,0.0548529,0.125756,0.126678,-0.835304,-0.830535,0.991801,0.991751,0.0170686,0.0201559,-1.0578,-0.969598,-0.915959,-0.808218,-0.754226,-0.743273,-0.731584,-1.05764,-0.971645,-0.916279,-0.808286,-0.752953,-0.743273,-0.73299,0.988575,0.991935,0.990591,0.992608,0.992608,0.992608,0.992608,0.988575,0.992608,0.990591,0.992608,0.992608,0.992608,0.992608,0.466786,0.466786,1.98421,1.98421,0.998759,0.998759,0.0829473,0.0835889,0.195804,0.200192,-2.29398,-2.29398,2.48036,2.48036,0.985826,0.985826,0.0590736,0.0589977,0.0639486,0.0639422,0.552331,0.552331,1.99913,1.99913,0.998759,0.998759,0.0841259,0.0841259,0.196306,0.200417,-2.27575,-2.27575,2.50086,2.50086,0.985826,0.985826,0.0596213,0.0596213,0.0644549,0.064518,0.142468,0.296561,0.36306,0.537237,0.631794,0.651294,0.667853,0.142731,0.28765,0.361605,0.53745,0.634353,0.651462,0.660737,0.996278,0.998759,0.996278,0.998759,0.998759,0.998759,0.998759,0.996278,0.998759,0.996278,0.998759,0.998759,0.998759,0.998759,-2.34933,-2.31827,-2.31069,-2.27748,-2.27043,-2.26929,-2.26398,-2.35215,-2.31857,-2.30715,-2.27729,-2.27077,-2.26926,-2.26455,0.98436,0.985826,0.98436,0.985826,0.98717,0.985826,0.985826,0.982893,0.985826,0.98436,0.985826,0.985826,0.985826,0.985826,0.957705,0.956484,0.938334,0.0181107,0.670554,0.885942,0.906064,0.947683,0.96236,0.972867,0.978509,0.943286,0.95646,0.93814,0.0160982,0.651875,0.896441,0.906064,0.947683,0.972867,0.978509,0.997594,1.7304,1.75633,1.76909,0.0127573,1.64859,1.69631,1.69916,1.73049,1.84357,1.87463,1.89463,1.79329,1.7563,1.77344,0.0137912,1.65625,1.69222,1.69831,1.7304,1.84337,1.88015,1.8954,1.82087,1.68277,1.73093,0.0188997,1.51439,1.57975,1.61235,1.74706,1.82121,1.84688,1.90404,1.82121,1.6845,1.72185,0.0205261,1.50096,1.55678,1.60709,1.74706,1.8209,1.84852,1.89012,2.11346,2.06213,2.08706,0.0071384,2.00181,2.03445,2.06213,2.08709,2.11655,2.12382,2.15256,2.11359,2.06284,2.08055,0.00805257,1.98688,2.00959,2.04429,2.09125,2.11657,2.13036,2.14647,-9999,-9999
201211,3.805,1.0,2.58,1.744,1.0,5.635,2.687,1.0,4.696,3.668,1.276,6.254,1.825,3.805,1.0,2.58,1.744,1.0,5.635,2.687,1.0,139.959,56.793,0.873611,59.006,53.133,0.873611,306.807,0.868056,304.785,308.956,0.868056,291.148,0.869444,298.159,295.206,0.869444,1.159,0.920139,1.591,1.118,0.920139,94.479,94.519,0.761111,1.446,1.446,0.0,1.251,1.055,0.8375,0.137763471686,0.630555555556,25.6784393302,0.802777777778,4.75826436873,0.802777777778,329.562241226,0.802777777778,383.577,0.995139,-9999,-9999,-9999,-9999,-9999,-9999,-9999,-9999,-9999,-9999,-3.10162,0.868056,8.76996,0.988194,14.7772,0.206427,7.89179,0.993056,13.2975,0.356899,0.811111,1,28.9,19.1,28.8667,18.9667,-0.131877,-0.131877,0.926389,0.926389,0.0290193,0.0290193,0.0759467,0.0803749,-0.129976,-0.130022,0.927778,0.927778,0.0287939,0.0288814,0.0758608,0.0803252,-0.186177,-0.184649,0.925069,0.924288,0.0091861,0.00955237,-0.290945,-0.270242,-0.23384,-0.175089,-0.131877,-0.129875,-0.123576,-0.290945,-0.276448,-0.232562,-0.170892,-0.130022,-0.126541,-0.123576,0.916667,0.914583,0.923611,0.935417,0.926389,0.927778,0.929167,0.916667,0.917361,0.913889,0.934722,0.927778,0.93125,0.929167,0.769884,0.769884,0.928031,0.928031,0.934683,0.934683,0.0364323,0.0366738,0.0993204,0.10325,-1.468,-1.468,1.83893,1.83893,0.909815,0.909815,0.0429853,0.0431083,0.0580598,0.0591921,0.765933,0.76595,0.929755,0.928909,0.934683,0.934683,0.0363475,0.0365086,0.0992894,0.103191,-1.45796,-1.45811,1.83609,1.83603,0.913148,0.913148,0.0428551,0.042886,0.0579635,0.0590303,0.565871,0.588155,0.650143,0.721026,0.766477,0.772949,0.778708,0.565506,0.579915,0.652561,0.721026,0.769626,0.772949,0.778708,0.932143,0.929762,0.927381,0.934683,0.934683,0.934683,0.934683,0.932143,0.932143,0.927381,0.934683,0.940635,0.934683,0.934683,-1.56593,-1.54558,-1.52817,-1.49576,-1.46983,-1.46752,-1.45329,-1.56593,-1.53923,-1.52669,-1.49275,-1.46949,-1.45811,-1.45329,0.906667,0.883148,0.889815,0.919815,0.918148,0.909815,0.916481,0.906667,0.883148,0.909815,0.919815,0.918148,0.913148,0.916481,0.983622,0.987383,0.890783,0.0170467,0.712201,0.722567,0.790994,0.931132,0.987383,0.991346,1.00056,0.991346,0.987885,0.892158,0.0167362,0.713691,0.729588,0.790332,0.93135,0.986254,0.992922,1.00061,1.12414,1.11741,1.0755,0.00771312,0.993439,1.00341,1.02356,1.0978,1.11529,1.11786,1.12563,1.1228,1.11786,1.07834,0.00782294,0.993439,1.00485,1.02417,1.10333,1.11529,1.12414,1.12678,1.02035,1.06354,1.04653,0.0161011,0.813744,0.963988,0.997022,1.03993,1.09488,1.12591,1.17813,1.02035,1.06341,1.0378,0.0193206,0.703932,0.934533,0.984712,1.03451,1.11366,1.15378,1.18709,1.10968,1.12127,1.11109,0.00849441,1.03828,1.05444,1.09039,1.12126,1.13343,1.14895,1.16875,1.10968,1.12126,1.10918,0.00877724,1.00601,1.04438,1.09039,1.11778,1.1335,1.15679,1.16897,-9999,-9999
201212,0.46,1.0,-0.349,2.162,1.0,1.923,1.895,1.0,-0.906,-1.527,1.438,0.197,1.309,0.46,1.0,-0.349,2.162,1.0,1.923,1.895,1.0,105.195,37.095,1.0,40.798,37.095,1.0,285.76,1.0,289.675,285.76,1.0,271.589,1.0,279.772,271.589,1.0,1.145,1.0,0.906,1.145,1.0,94.343,94.54,0.90793,2.07,2.07,0.0,1.569,1.527,0.821237,0.193978023385,0.58938172043,1.63446835659,1.0,8.83508874348,1.0,312.386278226,1.0,394.737,0.987231,-9999,-9999,-9999,-9999,-9999,-9999,-9999,-9999,-9999,-9999,-4.0383,1.0,5.73962,0.986559,9.67115,0.180149,-10.9669,0.986559,-18.479,0.42855,1.0,2,30.6452,17.3548,30.6452,17.3548,0.213367,0.213367,0.971774,0.971774,0.0258667,0.0258667,0.0651609,0.0641962,0.228609,0.228623,0.971774,0.971774,0.0269833,0.0269965,0.0656122,0.0646597,0.258446,0.260787,0.970581,0.970464,0.012036,0.0123754,0.199056,0.213367,0.225262,0.235991,0.242823,0.332981,0.358438,0.198929,0.213367,0.227174,0.23546,0.242823,0.330876,0.360996,0.967742,0.971774,0.967742,0.973118,0.973118,0.96707,0.96707,0.967742,0.971774,0.973118,0.973118,0.973118,0.96707,0.965726,0.384381,0.384381,0.801068,0.801068,0.995734,0.995734,0.0369462,0.0355838,0.0885192,0.0879593,-0.110135,-0.110135,0.641917,0.641917,0.930213,0.930213,0.0284142,0.0283694,0.0315793,0.0314782,0.404713,0.404734,0.814476,0.814419,0.995734,0.995734,0.0374268,0.0374403,0.0887209,0.0887266,-0.10589,-0.10589,0.641982,0.641982,0.930213,0.930213,0.0283632,0.0283967,0.0315334,0.0315027,0.361803,0.384381,0.398089,0.418298,0.423293,0.545261,0.580492,0.361803,0.384381,0.401241,0.416135,0.423293,0.545261,0.584257,0.990531,0.995734,0.996774,0.996774,0.996774,0.98845,0.987409,0.990531,0.995734,0.996774,0.996774,0.996774,0.98845,0.987409,-0.116377,-0.11075,-0.110135,-0.104484,-0.0940455,-0.0831904,-0.0723428,-0.116332,-0.110807,-0.108201,-0.10589,-0.0898554,-0.0835271,-0.0723428,0.93211,0.93211,0.930213,0.93211,0.930213,0.930213,0.930213,0.93211,0.93211,0.93211,0.930213,0.935906,0.930213,0.930213,0.609517,0.624426,0.615058,0.00840949,0.566571,0.568856,0.57853,0.609517,0.624412,0.64202,0.673639,0.611415,0.624412,0.614598,0.00837481,0.566007,0.568956,0.57853,0.607787,0.625233,0.64202,0.660866,0.379957,0.395803,0.354491,0.00580509,0.295004,0.312323,0.331071,0.3698,0.377697,0.383144,0.395918,0.407567,0.395803,0.356152,0.00590748,0.293882,0.310044,0.331384,0.367812,0.377697,0.383144,0.410996,0.465717,0.397911,0.425313,0.00485807,0.363043,0.38887,0.399314,0.427537,0.454581,0.455947,0.464642,0.465717,0.397834,0.428098,0.00518994,0.362219,0.381304,0.415355,0.432606,0.453305,0.456103,0.465717,0.295132,0.28378,0.283869,0.00262617,0.250092,0.255884,0.280798,0.286002,0.295132,0.298124,0.299446,0.295132,0.283739,0.284427,0.00258859,0.250532,0.255996,0.280523,0.287158,0.295132,0.298102,0.298733,-9999,-9999
201301,-0.438,1.0,-1.173,1.748,1.0,0.737,1.492,1.0,-0.89,-1.598,1.286,0.243,1.335,-0.438,1.0,-1.173,1.748,1.0,0.737,1.492,1.0,122.473,37.948,1.0,42.257,37.948,1.0,290.935,1.0,297.283,290.935,1.0,267.49,1.0,289.03,267.49,1.0,0.829,1.0,0.759,0.829,1.0,94.263,94.531,0.917339,1.768,1.768,0.0,1.287,1.34,0.952957,0.159282320823,0.648521505376,8.72024413642,1.0,9.51912930081,1.0,310.643091398,1.0,385.132,1.0,-9999,-9999,-9999,-9999,-9999,-9999,-9999,-9999,-9999,-9999,-3.22789,1.0,2.55085,0.999328,4.94013,0.108011,-4.60973,0.999328,-8.92745,0.359482,1.0,3,29.7419,18.2581,29.7097,18.1613,0.0940004,0.0940004,0.987903,0.987903,0.016794,0.016794,0.0245335,0.0240329,0.0895478,0.0895478,0.990591,0.990591,0.0166693,0.0166693,0.0244483,0.0239459,0.10251,0.10304,0.985349,0.985148,0.00383068,0.0035769,0.0780665,0.078928,0.0871691,0.0984985,0.111413,0.114697,0.12075,0.0785768,0.0803143,0.0896901,0.105217,0.111413,0.114697,0.12075,0.987903,0.987903,0.991263,0.979167,0.991935,0.990591,0.979167,0.980511,0.987903,0.963038,0.979167,0.991935,0.990591,0.979167,0.294818,0.294818,0.539469,0.539469,0.994624,0.994624,0.0214804,0.0215144,0.0276681,0.0281897,-0.249679,-0.249679,0.84172,0.84172,0.977047,0.977047,0.0240299,0.0241038,0.0302483,0.030307,0.287455,0.287455,0.550421,0.550421,1.0,1.0,0.021339,0.021339,0.0275585,0.0280561,-0.248931,-0.248931,0.841685,0.841685,0.975149,0.975149,0.023962,0.023962,0.0301944,0.0301944,0.273939,0.282565,0.286078,0.306731,0.31332,0.317443,0.325408,0.274751,0.283267,0.288475,0.307844,0.314,0.319698,0.325408,0.994624,0.984613,0.984613,1.0,1.0,1.0,0.982206,0.994624,0.958228,0.958228,1.0,1.0,0.981884,0.982206,-0.277684,-0.270303,-0.26879,-0.249679,-0.234986,-0.233559,-0.228239,-0.277684,-0.270303,-0.26879,-0.249679,-0.234986,-0.233559,-0.228239,0.973368,0.971576,0.971576,0.977047,0.978639,0.978639,0.978639,0.973368,0.971576,0.971576,0.977047,0.978639,0.978639,0.978639,0.360676,0.35589,0.364536,0.00442056,0.344443,0.352097,0.357491,0.360937,0.366953,0.368055,0.374851,0.361461,0.35589,0.364536,0.00442056,0.344443,0.352097,0.357491,0.360937,0.366953,0.368055,0.374851,0.248904,0.266342,0.26153,0.00302046,0.22592,0.248351,0.249493,0.254765,0.269483,0.285047,0.288643,0.271334,0.266342,0.262027,0.00304707,0.22592,0.248143,0.249493,0.254765,0.278096,0.28516,0.288751,0.348417,0.335677,0.337008,0.00753903,0.265534,0.289122,0.315808,0.330511,0.345859,0.387212,0.412023,0.330511,0.335677,0.337008,0.00753903,0.265534,0.289122,0.315808,0.330511,0.345859,0.387212,0.412023,0.218336,0.213401,0.211996,0.00233144,0.187814,0.19472,0.201367,0.212226,0.220799,0.223022,0.229101,0.212303,0.213401,0.211996,0.00233144,0.187814,0.19472,0.201367,0.212226,0.220799,0.223022,0.229101,-9999,-9999
201302,-2.492,1.0,-3.296,1.766,1.0,-1.467,1.598,1.0,-2.654,-3.709,1.462,-1.321,1.855,-2.492,1.0,-3.296,1.766,1.0,-1.467,1.598,1.0,186.07,71.69,1.0,81.645,71.69,1.0,280.03,1.0,289.453,280.03,1.0,251.454,1.0,279.501,251.454,1.0,0.718,1.0,0.742,0.718,1.0,94.103,94.478,0.973958,1.777,1.777,0.0,1.212,1.462,0.983631,0.192127130811,0.643601190476,23.1835903551,1.0,26.5381803876,1.0,301.99796875,1.0,381.709,1.0,-9999,-9999,-9999,-9999,-9999,-9999,-9999,-9999,-9999,-9999,-3.43396,1.0,2.0259,0.994792,3.76281,0.0960142,1.36626,0.997768,2.53761,0.373828,1.0,2,27.0,21.0,27.0,20.9643,0.19224,0.19224,0.99256,0.99256,0.0135441,0.0135441,0.0145571,0.0145571,0.200318,0.200318,0.991815,0.991815,0.0135614,0.0135614,0.0145731,0.0145731,0.191173,0.191173,0.991406,0.991406,0.00131619,0.00131619,0.164824,0.185813,0.188927,0.192934,0.195503,0.196483,0.197597,0.164824,0.185813,0.188927,0.192934,0.195503,0.196483,0.197597,0.991815,0.991071,0.991815,0.991815,0.991815,0.991815,0.991815,0.991815,0.991071,0.991815,0.991815,0.991815,0.991815,0.991815,0.318844,0.318844,0.398555,0.398555,1.0,1.0,0.0189336,0.0190295,0.0219983,0.0220809,0.0130166,0.0130166,0.567684,0.567684,0.983202,0.983202,0.0169022,0.0170597,0.0185806,0.018724,0.332494,0.332494,0.391193,0.391193,1.0,1.0,0.0190725,0.0190725,0.0221179,0.0221179,0.0134938,0.0134938,0.567817,0.567817,0.981416,0.981416,0.0170469,0.0170469,0.0187123,0.0187123,0.283907,0.308627,0.313247,0.319066,0.328192,0.331027,0.331214,0.283907,0.308627,0.313247,0.319066,0.328192,0.331027,0.331214,1.0,0.995879,0.998626,0.998626,1.0,1.0,1.0,1.0,0.995879,0.998626,0.998626,1.0,1.0,1.0,-0.00215253,0.000206893,0.00613269,0.0130166,0.0138108,0.0156413,0.0205482,-0.00215253,0.000206893,0.00613269,0.0130166,0.0138108,0.0156413,0.0205482,0.981416,0.981416,0.981416,0.983202,0.983202,0.983202,0.983202,0.981416,0.981416,0.981416,0.983202,0.983202,0.983202,0.983202,0.298746,0.307842,0.301724,0.00121387,0.289018,0.293103,0.29558,0.301947,0.303764,0.312635,0.31415,0.306666,0.307842,0.301724,0.00121387,0.289018,0.293103,0.29558,0.301947,0.303764,0.312635,0.31415,0.105071,0.107525,0.110551,0.00148435,0.093983,0.105071,0.105747,0.107554,0.117667,0.120389,0.124468,0.105215,0.107525,0.110551,0.00148435,0.093983,0.105071,0.105747,0.107554,0.117667,0.120389,0.124468,0.42625,0.42637,0.43808,0.00295491,0.397913,0.426291,0.428923,0.440643,0.447979,0.450939,0.464317,0.42915,0.42637,0.43808,0.00295491,0.397913,0.426291,0.428923,0.440643,0.447979,0.450939,0.464317,0.184642,0.185799,0.19437,0.0014754,0.181732,0.185401,0.185677,0.193034,0.200723,0.203634,0.21031,0.185677,0.185799,0.19437,0.0014754,0.181732,0.185401,0.185677,0.193034,0.200723,0.203634,0.21031,-9999,-9999
201303,1.292,1.0,-0.293,2.286,1.0,2.856,2.568,1.0,1.976,0.226,1.525,3.699,2.531,1.292,1.0,-0.293,2.286,1.0,2.856,2.568,1.0,279.096,117.511,1.0,143.006,117.511,1.0,288.378,1.0,294.823,288.378,1.0,267.559,1.0,286.036,267.559,1.0,1.898,1.0,1.716,1.898,1.0,93.758,93.881,0.961694,1.785,1.479,0.409274,1.327,1.563,0.94422,0.217578045894,0.694220430108,67.8009851262,0.997311827957,16.3839877349,0.997311827957,320.786970308,0.997311827957,383.291,0.997984,-9999,-9999,-9999,-9999,-9999,-9999,-9999,-9999,-9999,-9999,-2.15393,1.0,13.3149,0.99664,24.7304,0.199701,24.7547,0.997312,45.978,0.589143,0.993952,1,23.6452,24.3548,23.6452,24.3548,-0.142551,-0.142551,0.983199,0.983199,0.0173237,0.0173237,0.0214994,0.0214994,-0.144307,-0.144307,0.983199,0.983199,0.01764,0.01764,0.021755,0.021755,-0.155201,-0.155201,0.979015,0.979015,0.00240817,0.00240817,-0.191186,-0.168015,-0.156943,-0.153576,-0.145367,-0.142551,-0.140822,-0.191186,-0.168015,-0.156943,-0.153576,-0.145367,-0.142551,-0.140822,0.986559,0.96371,0.985887,0.985887,0.982527,0.983199,0.983199,0.986559,0.96371,0.985887,0.985887,0.982527,0.983199,0.983199,0.634613,0.634613,0.37629,0.37629,0.994624,0.994624,0.0195265,0.0194444,0.0278027,0.0277451,-0.880184,-0.880184,1.18426,1.18426,0.971401,0.971401,0.0269475,0.0269469,0.0275892,0.0275886,0.630499,0.630499,0.385363,0.385363,0.994624,0.994624,0.0202848,0.0202848,0.0283405,0.0283405,-0.879351,-0.879351,1.18462,1.18462,0.971401,0.971401,0.0271026,0.0271026,0.0277407,0.0277407,0.545039,0.596251,0.609023,0.613428,0.632488,0.635834,0.636464,0.545039,0.596251,0.609023,0.613428,0.632488,0.635834,0.636464,1.0,0.97197,0.992043,1.0,0.979194,0.994624,0.994624,1.0,0.97197,0.992043,1.0,0.979194,0.994624,0.994624,-0.894269,-0.890851,-0.888901,-0.884949,-0.879957,-0.87902,-0.878978,-0.894269,-0.890851,-0.888901,-0.884949,-0.879957,-0.87902,-0.878978,0.957609,0.965791,0.957609,0.954804,0.971401,0.971401,0.971401,0.957609,0.965791,0.957609,0.954804,0.971401,0.971401,0.971401,0.656268,0.654173,0.646957,0.0042918,0.579444,0.644062,0.644226,0.650156,0.656298,0.670233,0.673055,0.644668,0.654173,0.646957,0.0042918,0.579444,0.644062,0.644226,0.650156,0.656298,0.670233,0.673055,0.794374,0.79848,0.802157,0.00239047,0.77063,0.793739,0.794376,0.800991,0.812989,0.819832,0.821221,0.797758,0.79848,0.802157,0.00239047,0.77063,0.793739,0.794376,0.800991,0.812989,0.819832,0.821221,1.23788,1.23166,1.18328,0.0189654,0.857302,1.13054,1.16452,1.22474,1.24152,1.24599,1.25822,1.23805,1.23166,1.18328,0.0189654,0.857302,1.13054,1.16452,1.22474,1.24152,1.24599,1.25822,1.13547,1.13482,1.10809,0.00867572,0.976567,1.0647,1.09891,1.12358,1.13757,1.13928,1.14344,1.13553,1.13482,1.10809,0.00867572,0.976567,1.0647,1.09891,1.12358,1.13757,1.13928,1.14344,-9999,-9999
201304,7.845,1.0,5.446,2.314,1.0,9.568,2.889,1.0,7.863,5.329,2.102,9.695,3.195,7.845,1.0,5.446,2.314,1.0,9.568,2.889,1.0,376.995,144.589,1.0,186.321,144.589,1.0,321.734,1.0,317.596,321.734,1.0,312.901,1.0,313.75,312.901,1.0,3.34,1.0,3.249,3.34,1.0,94.55,94.597,0.9875,1.673,0.43,1.0,1.126,1.424,0.579167,-9999,-9999,100.625039312,1.0,9.71292411873,1.0,356.185097222,1.0,478.399,0.757639,-9999,-9999,-9999,-9999,-9999,-9999,-9999,-9999,-9999,-9999,2.19072,1.0,35.2828,0.740972,46.0287,0.343057,38.5278,0.746528,50.2621,0.629194,0.738194,1,20.1333,27.8667,20.1,27.5333,-0.558002,-0.558002,0.704861,0.704861,0.0649062,0.0649062,0.181747,0.181747,-0.642963,-0.642963,0.705556,0.705556,0.0616367,0.0616367,0.180605,0.180605,-0.554203,-0.554203,0.700729,0.700729,0.0261112,0.0261112,-0.763213,-0.701653,-0.659864,-0.643259,-0.454306,-0.36213,-0.313403,-0.763213,-0.701653,-0.659864,-0.643259,-0.454306,-0.36213,-0.313403,0.709722,0.710417,0.705556,0.705556,0.698611,0.681944,0.672917,0.709722,0.710417,0.705556,0.705556,0.698611,0.681944,0.672917,0.840482,0.840482,1.3014,1.3014,0.787719,0.787719,0.0840226,0.0901054,0.250549,0.252654,-1.5488,-1.5488,2.08683,2.08683,0.650007,0.650007,0.0804791,0.0858491,0.132829,0.13615,0.765146,0.765146,1.32448,1.32448,0.789474,0.789474,0.0859098,0.0859098,0.251189,0.251189,-1.6345,-1.6345,2.14605,2.14605,0.650007,0.650007,0.0813977,0.0813977,0.133388,0.133388,0.50306,0.668013,0.743172,0.764609,1.00141,1.14009,1.21088,0.50306,0.668013,0.743172,0.764609,1.00141,1.14009,1.21088,0.801754,0.801754,0.789474,0.789474,0.787719,0.749123,0.72807,0.801754,0.801754,0.789474,0.789474,0.787719,0.749123,0.72807,-1.66249,-1.64674,-1.63926,-1.62631,-1.50273,-1.43539,-1.40687,-1.66249,-1.64674,-1.63926,-1.62631,-1.50273,-1.43539,-1.40687,0.650007,0.650007,0.650007,0.671846,0.64311,0.637363,0.636213,0.650007,0.650007,0.650007,0.671846,0.64311,0.637363,0.636213,1.50772,1.32496,1.4795,0.0372105,1.13283,1.21599,1.33423,1.35116,1.67791,1.74022,1.77381,1.35088,1.32496,1.4795,0.0372105,1.13283,1.21599,1.33423,1.35116,1.67791,1.74022,1.77381,1.98905,1.96792,2.0337,0.0162452,1.85204,1.92045,1.97768,2.00192,2.10405,2.12957,2.16779,1.96655,1.96792,2.0337,0.0162452,1.85204,1.92045,1.97768,2.00192,2.10405,2.12957,2.16779,1.20347,1.19641,1.13789,0.0279633,0.816091,0.904544,0.964153,1.19839,1.24632,1.26725,1.41005,1.20347,1.19641,1.13789,0.0279633,0.816091,0.904544,0.964153,1.19839,1.24632,1.26725,1.41005,2.06133,2.0585,2.09343,0.0293497,1.64966,2.02051,2.05524,2.07929,2.22733,2.31112,2.33452,2.06133,2.0585,2.09343,0.0293497,1.64966,2.02051,2.05524,2.07929,2.22733,2.31112,2.33452,-9999,-9999
201305,10.484,1.0,8.241,1.812,1.0,11.745,2.731,1.0,10.238,8.463,1.388,11.243,2.293,10.484,1.0,8.241,1.812,1.0,11.745,2.731,1.0,451.395,164.443,1.0,179.054,164.443,1.0,336.542,1.0,339.132,336.542,1.0,335.774,1.0,339.958,335.774,1.0,3.093,1.0,2.77,3.093,1.0,94.339,94.28,0.972446,5.061,3.755,1.0,1.237,1.301,0.155914,-9999,-9999,122.091619132,0.996639784946,7.99209354745,1.0,369.87902641,0.994623655914,414.241,0.407258,-9999,-9999,-9999,-9999,-9999,-9999,-9999,-9999,-9999,-9999,2.82249,1.0,41.1949,0.0,53.7415,1.1514,41.5648,0.0,54.224,1.91149,1.0,2,17.2581,30.7419,0.806452,0.870968,-0.891305,-0.891305,0.0,0.0,0.687578,0.687578,0.723895,0.723895,-1.01266,-1.01266,0.0,0.0,0.601052,0.601052,0.642281,0.642281,-0.866217,-0.866217,0.0,0.0,0.0374642,0.0374642,-1.17415,-1.05711,-1.01266,-0.98632,-0.712205,-0.604293,-0.51435,-1.17415,-1.05711,-1.01266,-0.98632,-0.712205,-0.604293,-0.51435,0.0,0.0,0.0,0.0,0.0,0.0,0.0,0.0,0.0,0.0,0.0,0.0,0.0,0.0,0.905525,0.905525,1.53991,1.53991,0.0,0.0,0.975747,1.07515,1.03992,1.1337,-1.85808,-1.85808,2.42466,2.42466,0.0,0.0,0.684201,0.787676,0.700791,0.802129,0.803934,0.803934,1.59252,1.59252,0.0,0.0,0.957468,0.957468,1.02278,1.02278,-1.98278,-1.98278,2.50236,2.50236,0.0,0.0,0.677038,0.677038,0.693799,0.693799,0.375174,0.623459,0.802639,0.834455,1.21418,1.34274,1.55442,0.375174,0.623459,0.802639,0.834455,1.21418,1.34274,1.55442,0.0,0.0,0.0,0.0,0.0,0.0,0.0,0.0,0.0,0.0,0.0,0.0,0.0,0.0,-1.98361,-1.98239,-1.98039,-1.936,-1.76921,-1.67923,-1.65061,-1.98361,-1.98239,-1.98039,-1.936,-1.76921,-1.67923,-1.65061,0.0,0.0,0.0,0.0,0.0,0.0,0.0,0.0,0.0,0.0,0.0,0.0,0.0,0.0,2.79495,2.00761,2.56047,0.0934039,1.91594,1.98905,2.05915,2.2235,3.09982,3.25665,3.29621,2.22893,2.00761,2.56047,0.0934039,1.91594,1.98905,2.05915,2.2235,3.09982,3.25665,3.29621,3.09468,3.02027,3.42669,0.0761378,2.99948,3.0229,3.12794,3.2286,3.81637,3.89905,4.00788,3.0229,3.02027,3.42669,0.0761378,2.99948,3.0229,3.12794,3.2286,3.81637,3.89905,4.00788,1.34468,1.35005,1.11752,0.0590869,0.539765,0.676623,0.846002,1.20426,1.34468,1.36171,1.64521,1.34467,1.35005,1.11752,0.0590869,0.539765,0.676623,0.846002,1.20426,1.34468,1.36171,1.64521,3.25048,3.2549,3.26212,0.0565966,2.46683,2.84151,3.15618,3.25096,3.46332,3.65482,3.80095,3.25047,3.2549,3.26212,0.0565966,2.46683,2.84151,3.15618,3.25096,3.46332,3.65482,3.80095,-9999,-9999
201306,14.651,1.0,11.556,1.872,1.0,16.064,3.31,1.0,14.348,12.12,1.583,15.369,2.596,14.651,1.0,11.556,1.872,1.0,16.064,3.31,1.0,484.971,210.593,1.0,205.006,210.593,1.0,351.564,1.0,351.735,351.564,1.0,361.188,1.0,355.295,361.188,1.0,5.369,1.0,4.584,5.369,1.0,94.986,94.911,0.950694,4.588,5.81,1.0,1.139,1.464,0.925,-9999,-9999,141.232977519,0.711805555556,12.6891999784,0.997222222222,387.587344077,0.7125,413.69,1.0,12.222,11.97,11.421,10.609,8.724,1.0,1.0,1.0,1.0,1.0,4.00056,1.0,50.36,0.051389,66.0877,0.663096,49.1363,0.046528,64.4818,0.588469,1.0,2,15.1333,32.8667,5.03333,11.2,0.00380802,0.00380802,0.0527778,0.0527778,0.152581,0.152581,0.460394,0.460394,-0.156214,-0.156214,0.0527778,0.0527778,0.178208,0.178208,0.46951,0.46951,0.293471,0.293471,0.05875,0.05875,0.0677346,0.0677346,-0.67924,-0.15402,-0.135392,0.395503,0.679855,0.714731,0.732976,-0.67924,-0.15402,-0.135392,0.395503,0.679855,0.714731,0.732976,0.0777778,0.0527778,0.0527778,0.0527778,0.0652778,0.0652778,0.0645833,0.0777778,0.0527778,0.0527778,0.0527778,0.0652778,0.0652778,0.0645833,5.02661,5.02661,1.91977,1.91977,0.0244444,0.0244444,0.342105,0.395093,0.864841,0.887137,-2.29747,-2.29747,5.2361,5.2361,0.0656566,0.0656566,0.142721,0.143821,0.293304,0.293841,4.66355,4.66355,1.85644,1.85644,0.0244444,0.0244444,0.337344,0.337344,0.862968,0.862968,-2.35681,-2.35681,5.16297,5.16297,0.0656566,0.0656566,0.197409,0.197409,0.323463,0.323463,3.44817,4.66534,4.71789,6.01225,6.16004,6.25394,6.2949,3.44817,4.66534,4.71789,6.01225,6.16004,6.25394,6.2949,0.0622222,0.0244444,0.0244444,0.0288889,0.0577778,0.0555556,0.0577778,0.0622222,0.0244444,0.0244444,0.0288889,0.0577778,0.0555556,0.0577778,-2.43564,-2.35455,-2.35228,-2.07995,-1.89594,-1.84208,-1.81106,-2.43564,-2.35455,-2.35228,-2.07995,-1.89594,-1.84208,-1.81106,0.0757576,0.0656566,0.0656566,0.0686869,0.0656566,0.0686869,0.0686869,0.0757576,0.0656566,0.0656566,0.0686869,0.0656566,0.0686869,0.0686869,5.21246,3.52609,4.62958,0.173296,3.51813,3.52723,3.95993,4.06624,5.79951,5.86784,5.88603,4.06645,3.52609,4.62958,0.173296,3.51813,3.52723,3.95993,4.06624,5.79951,5.86784,5.88603,3.88893,3.68231,4.33611,0.177326,3.19075,3.26204,3.36345,3.68344,5.23598,5.47312,5.75806,3.68344,3.68231,4.33611,0.177326,3.19075,3.26204,3.36345,3.68344,5.23598,5.47312,5.75806,2.22225,2.23755,2.02651,0.0703892,1.37835,1.51979,1.72933,2.11146,2.23755,2.27983,2.57707,2.2222,2.23755,2.02651,0.0703892,1.37835,1.51979,1.72933,2.11146,2.23755,2.27983,2.57707,3.27782,3.28731,3.2167,0.0320792,2.95098,2.99577,3.03481,3.24684,3.29822,3.33429,3.49244,3.27779,3.28731,3.2167,0.0320792,2.95098,2.99577,3.03481,3.24684,3.29822,3.33429,3.49244,-9999,-9999
201307,19.042,1.0,14.565,2.61,1.0,21.326,4.401,1.0,18.78,16.015,1.792,20.192,2.938,19.042,1.0,14.565,2.61,1.0,21.326,4.401,1.0,468.94,285.352,1.0,249.075,285.352,1.0,356.711,1.0,354.255,356.711,1.0,377.937,1.0,358.362,377.937,1.0,8.961,1.0,7.341,8.961,1.0,95.259,95.076,0.97379,2.677,1.39,1.0,1.071,1.485,0.997984,0.242694780126,0.716397849462,200.512303792,0.993279569892,22.5003723044,1.0,415.296814516,1.0,417.723,1.0,14.904,14.643,13.961,13.01,10.862,1.0,1.0,1.0,1.0,1.0,3.50636,1.0,80.6294,0.984543,105.81,0.588223,70.5903,0.985215,92.636,0.515306,0.977151,1,16.1613,31.8387,16.1613,31.8387,-1.70266,-1.70266,0.963038,0.963038,0.0864974,0.0864974,0.199963,0.199963,-1.79699,-1.79699,0.963038,0.963038,0.0881816,0.0881816,0.200697,0.200697,-1.6433,-1.6433,0.962097,0.962097,0.0229765,0.0229765,-1.83268,-1.81791,-1.75201,-1.69414,-1.54065,-1.45733,-1.42175,-1.83268,-1.81791,-1.75201,-1.69414,-1.54065,-1.45733,-1.42175,0.963038,0.963038,0.965054,0.963038,0.961022,0.961022,0.960349,0.963038,0.963038,0.965054,0.963038,0.961022,0.961022,0.960349,2.57047,2.57047,2.74739,2.74739,0.956989,0.956989,0.193268,0.191631,0.455754,0.455062,-3.73839,-3.73839,4.70533,4.70533,0.964975,0.964975,0.0805516,0.0795576,0.0935022,0.0926472,2.31278,2.31278,2.84829,2.84829,0.956989,0.956989,0.195537,0.195537,0.456721,0.456721,-3.75531,-3.75531,4.68552,4.68552,0.964975,0.964975,0.0809977,0.0809977,0.0938868,0.0938868,2.22059,2.25936,2.37934,2.57873,2.88363,3.08485,3.24872,2.22059,2.25936,2.37934,2.57873,2.88363,3.08485,3.24872,0.956989,0.956989,0.963441,0.956989,0.956989,0.956989,0.956989,0.956989,0.956989,0.963441,0.956989,0.956989,0.956989,0.956989,-3.76038,-3.75742,-3.73839,-3.71935,-3.6812,-3.66246,-3.63834,-3.76038,-3.75742,-3.73839,-3.71935,-3.6812,-3.66246,-3.63834,0.964975,0.964975,0.964975,0.961825,0.965983,0.965983,0.960878,0.964975,0.964975,0.964975,0.961825,0.965983,0.965983,0.960878,3.52855,3.0301,3.31461,0.0532764,2.99787,3.05737,3.09258,3.24266,3.59089,3.65123,3.72761,3.24266,3.0301,3.31461,0.0532764,2.99787,3.05737,3.09258,3.24266,3.59089,3.65123,3.72761,4.895,4.82709,4.95791,0.0482742,4.80431,4.84206,4.87356,4.93358,5.11296,5.16056,5.18354,4.81747,4.82709,4.95791,0.0482742,4.80431,4.84206,4.87356,4.93358,5.11296,5.16056,5.18354,4.09932,4.31966,4.13262,0.0401209,3.7042,3.88195,4.00206,4.11027,4.25925,4.3097,4.50724,4.15223,4.31966,4.13262,0.0401209,3.7042,3.88195,4.00206,4.11027,4.25925,4.3097,4.50724,5.59481,5.72718,5.6453,0.0217866,5.43814,5.51384,5.57644,5.64181,5.711,5.77032,5.82346,5.60523,5.72718,5.6453,0.0217866,5.43814,5.51384,5.57644,5.64181,5.711,5.77032,5.82346,-9999,-9999
201308,16.842,1.0,13.108,2.518,1.0,19.222,4.098,1.0,17.551,15.162,1.952,19.069,3.061,16.842,1.0,13.108,2.518,1.0,19.222,4.098,1.0,407.638,237.366,1.0,201.257,237.366,1.0,351.882,1.0,355.228,351.882,1.0,368.855,1.0,359.546,368.855,1.0,6.103,1.0,6.675,6.103,1.0,95.138,94.982,0.891801,2.712,5.039,1.0,0.957,1.254,0.997984,0.199896943117,0.795698924731,156.28687655,0.978494623656,17.793435864,1.0,401.941081989,1.0,417.468,0.890457,14.944,14.852,14.516,13.987,12.348,1.0,1.0,1.0,1.0,1.0,1.52863,1.0,62.3064,0.99664,83.4156,1.06834,53.3513,0.998656,71.4266,0.879611,0.97379,1,18.7742,29.2258,18.7742,29.2258,-1.68725,-1.68725,0.809812,0.809812,0.113086,0.113086,0.174127,0.174127,-1.67406,-1.67406,0.811828,0.811828,0.112721,0.112721,0.17389,0.17389,-1.54922,-1.54922,0.809661,0.809661,0.0337262,0.0337262,-1.82356,-1.70397,-1.68761,-1.58453,-1.46982,-1.43916,-1.23948,-1.82356,-1.70397,-1.68761,-1.58453,-1.46982,-1.43916,-1.23948,0.806452,0.809812,0.811828,0.813844,0.821909,0.797043,0.799059,0.806452,0.809812,0.811828,0.813844,0.821909,0.797043,0.799059,2.28726,2.28726,2.9885,2.9885,0.834826,0.834826,0.222243,0.222574,0.373164,0.373362,-4.15464,-4.15464,4.66637,4.66637,0.794641,0.794641,0.1074,0.107659,0.115755,0.115996,2.31833,2.31833,2.9764,2.9764,0.837898,0.837898,0.221444,0.221444,0.372689,0.372689,-4.15059,-4.15059,4.67053,4.67053,0.795835,0.795835,0.107664,0.107664,0.116,0.116,2.16581,2.27135,2.28726,2.50999,2.69376,2.87088,3.0393,2.16581,2.27135,2.28726,2.50999,2.69376,2.87088,3.0393,0.834826,0.834826,0.834826,0.837898,0.857054,0.823434,0.823434,0.834826,0.834826,0.834826,0.837898,0.857054,0.823434,0.823434,-4.28465,-4.16322,-4.15464,-4.13098,-4.08569,-4.07686,-3.96622,-4.28465,-4.16322,-4.15464,-4.13098,-4.08569,-4.07686,-3.96622,0.789079,0.793528,0.794641,0.781364,0.799101,0.799101,0.782401,0.789079,0.793528,0.794641,0.781364,0.799101,0.799101,0.782401,2.90209,2.93067,2.91983,0.0653432,1.96943,2.76683,2.78893,2.87045,3.25524,3.3586,3.37256,2.76683,2.93067,2.91983,0.0653432,1.96943,2.76683,2.78893,2.87045,3.25524,3.3586,3.37256,4.93237,4.60472,4.46906,0.0585213,3.49752,4.25428,4.35136,4.57657,4.70467,4.7622,4.86174,4.57657,4.60472,4.46906,0.0585213,3.49752,4.25428,4.35136,4.57657,4.70467,4.7622,4.86174,2.37117,2.42417,2.52832,0.0364101,2.18663,2.30134,2.35396,2.54956,2.65298,2.73723,2.89972,2.43552,2.42417,2.52832,0.0364101,2.18663,2.30134,2.35396,2.54956,2.65298,2.73723,2.89972,4.32324,4.38468,4.42746,0.0186347,4.23269,4.29294,4.32324,4.38401,4.52893,4.54229,4.57701,4.34867,4.38468,4.42746,0.0186347,4.23269,4.29294,4.32324,4.38401,4.52893,4.54229,4.57701,-9999,-9999
201309,12.63,1.0,10.502,1.881,1.0,14.413,2.73,1.0,12.925,11.233,1.648,14.365,2.555,12.63,1.0,10.502,1.881,1.0,14.413,2.73,1.0,318.344,161.224,1.0,130.617,161.224,1.0,346.442,1.0,342.65,346.442,1.0,346.209,1.0,344.239,346.209,1.0,2.878,1.0,3.461,2.878,1.0,94.882,94.798,0.872917,3.083,4.603,1.0,1.09,1.399,0.999306,0.197397985174,0.836111111111,104.780211647,0.972916666667,9.40484437639,1.0,378.416298611,1.0,409.866,0.979167,12.339,12.354,12.298,12.18,11.631,1.0,1.0,1.0,1.0,1.0,0.514685,1.0,32.6191,1.0,58.9051,0.73994,24.9028,0.997917,44.9707,0.857743,0.970833,1,22.1333,25.8667,22.1333,25.8333,-0.503507,-0.503507,0.955556,0.955556,0.0623957,0.0623957,0.118732,0.118732,-0.549648,-0.549648,0.955556,0.955556,0.0634478,0.0634478,0.119288,0.119288,-0.554583,-0.554583,0.955781,0.955781,0.0132629,0.0132629,-0.678927,-0.659114,-0.626269,-0.555327,-0.511642,-0.457083,-0.405418,-0.678927,-0.659114,-0.626269,-0.555327,-0.511642,-0.457083,-0.405418,0.953472,0.953472,0.953472,0.954861,0.954861,0.967361,0.963889,0.953472,0.953472,0.953472,0.954861,0.954861,0.967361,0.963889,2.33733,2.33733,1.52893,1.52893,0.980952,0.980952,0.0909293,0.0894253,0.215653,0.215023,-2.88587,-2.88587,3.47855,3.47855,0.935407,0.935407,0.0823746,0.0812031,0.0915483,0.0904956,2.24772,2.24772,1.62354,1.62354,0.980952,0.980952,0.0910005,0.0910005,0.215683,0.215683,-2.89136,-2.89136,3.46846,3.46846,0.935407,0.935407,0.082518,0.082518,0.0916773,0.0916773,2.06951,2.10633,2.17581,2.237,2.33733,2.49742,2.54533,2.06951,2.10633,2.17581,2.237,2.33733,2.49742,2.54533,0.977778,0.977778,0.977778,0.980952,0.980952,1.0,1.0,0.977778,0.977778,0.977778,0.980952,0.980952,1.0,1.0,-2.97324,-2.96592,-2.95106,-2.89191,-2.88784,-2.88603,-2.88011,-2.97324,-2.96592,-2.95106,-2.89191,-2.88784,-2.88603,-2.88011,0.934074,0.934074,0.934074,0.935407,0.935407,0.935407,0.935407,0.934074,0.934074,0.934074,0.935407,0.935407,0.935407,0.935407,2.67006,2.65069,2.44591,0.0413417,2.08885,2.10023,2.10572,2.55095,2.65394,2.70554,2.77189,2.08871,2.65069,2.44591,0.0413417,2.08885,2.10023,2.10572,2.55095,2.65394,2.70554,2.77189,3.24505,3.20034,3.0005,0.04749,2.49793,2.56164,2.66251,3.1969,3.22753,3.2436,3.27636,3.1969,3.20034,3.0005,0.04749,2.49793,2.56164,2.66251,3.1969,3.22753,3.2436,3.27636,1.40362,1.04016,1.52164,0.043142,1.04009,1.24372,1.37481,1.48871,1.63262,1.80926,1.99452,1.39598,1.04016,1.52164,0.043142,1.04009,1.24372,1.37481,1.48871,1.63262,1.80926,1.99452,2.69485,2.50346,2.77686,0.0201577,2.50345,2.69485,2.70222,2.75897,2.85183,2.85365,2.94876,2.69142,2.50346,2.77686,0.0201577,2.50345,2.69485,2.70222,2.75897,2.85183,2.85365,2.94876,-9999,-9999
201310,9.358,1.0,7.283,2.438,1.0,11.754,3.243,1.0,9.906,8.284,1.692,11.758,2.509,9.358,1.0,7.283,2.438,1.0,11.754,3.243,1.0,221.009,111.076,1.0,94.951,111.076,1.0,325.193,1.0,325.521,325.193,1.0,321.875,1.0,323.394,321.875,1.0,2.326,1.0,2.5,2.326,1.0,94.938,94.896,0.843414,2.639,3.181,1.0,1.238,1.184,0.989919,0.171586191333,0.764112903226,62.5440618934,0.98252688172,6.64472033179,1.0,358.623454301,1.0,405.267,1.0,9.406,9.527,9.69,9.917,10.253,1.0,1.0,1.0,1.0,1.0,-1.30499,1.0,19.7957,0.997984,35.5848,0.483912,15.9307,0.999328,28.6372,0.736766,0.979839,1,25.5484,22.4516,25.5484,22.4516,-0.950807,-0.950807,0.998656,0.998656,0.0682514,0.0682514,0.0833738,0.0833738,-0.965274,-0.965274,0.998656,0.998656,0.0706576,0.0706576,0.0853548,0.0853548,-0.927141,-0.927141,0.998572,0.998572,0.0118779,0.0118779,-1.04109,-0.974381,-0.960063,-0.954279,-0.886303,-0.878612,-0.802391,-1.04109,-0.974381,-0.960063,-0.954279,-0.886303,-0.878612,-0.802391,0.998656,0.998656,0.998656,0.998656,0.998656,0.998656,0.997984,0.998656,0.998656,0.998656,0.998656,0.998656,0.998656,0.997984,0.761693,0.761693,1.97181,1.97181,1.0,1.0,0.103243,0.0988786,0.139636,0.136441,-2.80363,-2.80363,2.97433,2.97433,0.99719,0.99719,0.0858248,0.0843312,0.0899712,0.0885475,0.730363,0.730363,2.06887,2.06887,1.0,1.0,0.10347,0.10347,0.139804,0.139804,-2.80315,-2.80315,2.95998,2.95998,0.99719,0.99719,0.0855995,0.0855995,0.0897563,0.0897563,0.537079,0.707117,0.70947,0.71847,0.878324,0.895151,1.1487,0.537079,0.707117,0.70947,0.71847,0.878324,0.895151,1.1487,1.0,1.0,1.0,1.0,1.0,1.0,1.0,1.0,1.0,1.0,1.0,1.0,1.0,1.0,-2.9416,-2.81618,-2.81194,-2.80363,-2.76554,-2.76219,-2.74503,-2.9416,-2.81618,-2.81194,-2.80363,-2.76554,-2.76219,-2.74503,0.995723,0.99719,0.99719,0.99719,0.998534,0.99719,0.998534,0.995723,0.99719,0.99719,0.99719,0.998534,0.99719,0.998534,1.06908,1.07389,1.14542,0.0242718,0.966208,1.05821,1.06696,1.08268,1.21165,1.22226,1.35304,1.07098,1.07389,1.14542,0.0242718,0.966208,1.05821,1.06696,1.08268,1.21165,1.22226,1.35304,2.03696,2.03917,2.07256,0.0132158,1.99716,2.01828,2.0246,2.04381,2.1016,2.10739,2.11295,2.03897,2.03917,2.07256,0.0132158,1.99716,2.01828,2.0246,2.04381,2.1016,2.10739,2.11295,0.864612,0.659665,0.676974,0.0220953,0.423923,0.514518,0.537284,0.71453,0.766595,0.823723,0.864612,0.879462,0.659665,0.676974,0.0220953,0.423923,0.514518,0.537284,0.71453,0.766595,0.823723,0.864612,1.78224,1.65925,1.69373,0.0135253,1.57026,1.60334,1.63875,1.69397,1.75734,1.78224,1.8479,1.78912,1.65925,1.69373,0.0135253,1.57026,1.60334,1.63875,1.69397,1.75734,1.78224,1.8479,-9999,-9999
201311,2.721,1.0,1.939,1.591,1.0,3.876,1.626,1.0,2.403,1.476,1.589,3.771,1.661,2.721,1.0,1.939,1.591,1.0,3.876,1.626,1.0,141.929,51.073,1.0,51.792,51.073,1.0,304.142,1.0,305.413,304.142,1.0,286.718,1.0,298.923,286.718,1.0,0.945,1.0,0.881,0.945,1.0,94.498,94.647,0.778472,2.196,2.27,1.0,1.315,1.225,0.697222,0.169960401545,0.523611111111,22.0667710393,0.994444444444,3.65305337313,1.0,327.308625,1.0,410.197,0.9875,6.321,6.547,6.922,7.479,8.626,1.0,1.0,1.0,1.0,1.0,-3.29158,1.0,9.77559,0.986111,17.5726,0.295662,-1.24446,0.985417,-2.23704,0.496937,1.0,2,28.8333,19.1667,28.8333,19.1667,-0.0790477,-0.0790477,0.980556,0.980556,0.0354556,0.0354556,0.0410677,0.0410677,-0.0671116,-0.0671116,0.980556,0.980556,0.0356227,0.0356227,0.0412121,0.0412121,-0.0874407,-0.0874407,0.978958,0.978958,0.00314015,0.00314015,-0.130688,-0.111752,-0.102418,-0.0820545,-0.0729916,-0.0703052,-0.0693297,-0.130688,-0.111752,-0.102418,-0.0820545,-0.0729916,-0.0703052,-0.0693297,0.975694,0.979167,0.957639,0.980556,0.980556,0.980556,0.980556,0.975694,0.979167,0.957639,0.980556,0.980556,0.980556,0.980556,0.604377,0.604377,0.711799,0.711799,1.0,1.0,0.0451461,0.0452339,0.052759,0.0528341,-1.07791,-1.07791,1.53743,1.53743,0.95307,0.95307,0.0520599,0.0518582,0.0544452,0.0542524,0.621928,0.621928,0.719134,0.719134,1.0,1.0,0.0452162,0.0452162,0.0528189,0.0528189,-1.07477,-1.07477,1.53874,1.53874,0.95307,0.95307,0.0525713,0.0525713,0.0549345,0.0549345,0.550259,0.566796,0.584158,0.608866,0.618126,0.621398,0.62631,0.550259,0.566796,0.584158,0.608866,0.618126,0.621398,0.62631,0.99647,0.99647,1.0,1.0,1.0,1.0,1.0,0.99647,0.99647,1.0,1.0,1.0,1.0,1.0,-1.12535,-1.10979,-1.09452,-1.08952,-1.08142,-1.07791,-1.07585,-1.12535,-1.10979,-1.09452,-1.08952,-1.08142,-1.07791,-1.07585,0.944649,0.95307,0.95307,0.95307,0.95307,0.95307,0.95307,0.944649,0.95307,0.95307,0.95307,0.95307,0.95307,0.95307,0.821228,0.822891,0.832004,0.00408108,0.792295,0.809586,0.820377,0.824187,0.851966,0.854313,0.864038,0.825242,0.822891,0.832004,0.00408108,0.792295,0.809586,0.820377,0.824187,0.851966,0.854313,0.864038,0.894487,0.890003,0.919444,0.00604893,0.875018,0.891641,0.894043,0.897223,0.940145,0.966211,0.984187,0.892004,0.890003,0.919444,0.00604893,0.875018,0.891641,0.894043,0.897223,0.940145,0.966211,0.984187,0.578178,0.574845,0.6312,0.01577,0.503881,0.551545,0.570154,0.62328,0.648704,0.686821,0.779184,0.58005,0.574845,0.6312,0.01577,0.503881,0.551545,0.570154,0.62328,0.648704,0.686821,0.779184,0.78159,0.77695,0.798926,0.00678176,0.738389,0.763824,0.772677,0.801179,0.812056,0.819462,0.861924,0.782357,0.77695,0.798926,0.00678176,0.738389,0.763824,0.772677,0.801179,0.812056,0.819462,0.861924,-9999,-9999
201312,0.245,1.0,-1.35,2.304,1.0,3.081,3.294,1.0,0.495,-0.508,1.398,2.267,1.981,0.245,1.0,-1.35,2.304,1.0,3.081,3.294,1.0,105.516,55.639,1.0,50.983,55.639,1.0,268.911,1.0,281.258,268.911,1.0,257.411,1.0,269.528,257.411,1.0,1.323,1.0,1.142,1.323,1.0,95.117,95.323,0.838038,0.509,0.374,1.0,1.448,1.136,0.981855,0.160643693984,0.657258064516,8.55000854244,0.998655913978,4.84737673354,0.999327956989,311.065925561,0.999327956989,400.222,0.998656,2.189,2.479,3.006,3.833,5.92,1.0,1.0,1.0,1.0,1.0,-4.45956,1.0,3.33114,0.99664,4.39614,0.259991,1.55893,0.998656,2.05733,0.419005,1.0,3,30.6452,17.3548,30.6452,17.3548,-0.335185,-0.3325,0.984543,0.984543,0.0446644,0.0440329,0.0620119,0.0676724,-0.325845,-0.324453,0.985887,0.985887,0.0436266,0.0435333,0.0612687,0.0673484,-0.334799,-0.329723,0.982275,0.982174,0.00583233,0.0081879,-0.393561,-0.379184,-0.367584,-0.335185,-0.309771,-0.293148,-0.275628,-0.393561,-0.37839,-0.369349,-0.33431,-0.294436,-0.275616,-0.239589,0.989247,0.97043,0.985887,0.984543,0.980511,0.984543,0.980511,0.989247,0.989919,0.985887,0.989247,0.980511,0.980511,0.984543,-0.072338,-0.0691846,1.17037,1.17077,0.998959,0.998959,0.0548251,0.0550235,0.100281,0.112048,-0.76471,-0.763154,1.28531,1.28515,0.958887,0.958887,0.0656744,0.0657692,0.0773535,0.0771165,-0.0689202,-0.0669234,1.17146,1.17277,0.998959,0.998959,0.0543799,0.0542503,0.100038,0.111671,-0.747594,-0.747448,1.3195,1.31912,0.962682,0.962682,0.0655704,0.0654648,0.0772652,0.0768571,-0.203324,-0.17992,-0.126289,-0.0948038,-0.0273564,-0.0119848,0.0344737,-0.203223,-0.17992,-0.121956,-0.0736522,-0.0167433,0.0152959,0.0637751,0.998959,0.998959,0.998959,0.979813,0.993757,0.998959,0.980853,0.998959,0.998959,0.998959,0.979813,0.993757,0.998959,0.998959,-0.840727,-0.776002,-0.76471,-0.755121,-0.702845,-0.69426,-0.677969,-0.84198,-0.774792,-0.760517,-0.754695,-0.707092,-0.69426,-0.678081,0.958781,0.9533,0.958887,0.962682,0.97217,0.97217,0.973962,0.958781,0.956989,0.9533,0.962682,0.970272,0.97217,0.973962,0.562903,0.556439,0.444953,0.0189711,0.254999,0.277796,0.289517,0.490768,0.544676,0.550662,0.557393,0.525664,0.556439,0.444953,0.0189711,0.254999,0.277796,0.289517,0.490768,0.544676,0.550662,0.557393,0.896104,0.880892,0.774661,0.0224192,0.527858,0.568811,0.580778,0.862818,0.877051,0.886309,0.894749,0.889779,0.882284,0.779752,0.0221533,0.551759,0.572864,0.606994,0.86383,0.878707,0.889779,0.894338,0.415404,0.416052,0.54603,0.0275519,0.25549,0.400375,0.415262,0.474077,0.725005,0.733901,0.79789,0.415703,0.416052,0.54603,0.0275519,0.25549,0.400375,0.415262,0.474077,0.725005,0.733901,0.79789,0.57933,0.579563,0.586257,0.0166737,0.345616,0.480671,0.520664,0.57929,0.679355,0.68458,0.720083,0.579448,0.579563,0.586257,0.0166737,0.345616,0.480671,0.520664,0.57929,0.679355,0.68458,0.720083,-9999,-9999
201401,0.974,1.0,-0.096,1.73,1.0,2.744,2.347,1.0,1.53,0.69,1.186,2.888,1.454,0.974,1.0,-0.096,1.73,1.0,2.744,2.347,1.0,122.473,47.83,1.0,46.716,47.83,1.0,289.722,1.0,297.797,289.722,1.0,267.982,1.0,289.656,267.982,1.0,0.664,1.0,0.96,0.664,1.0,94.139,94.196,0.741263,1.448,1.548,1.0,1.385,0.906,0.99328,0.140233419174,0.668682795699,16.8955239805,1.0,3.52689970477,1.0,317.32734543,1.0,374.861,1.0,1.123,1.369,1.792,2.453,4.226,1.0,1.0,1.0,1.0,1.0,-2.95959,1.0,1.37714,0.995968,2.66704,0.313444,1.7512,1.0,3.39147,0.420196,1.0,2,29.7419,18.2581,29.7419,18.2581,-0.949717,-0.765518,0.984543,0.982527,0.049055,0.0469131,0.128661,0.132362,-0.881665,-0.945587,0.985887,0.985887,0.0494928,0.048137,0.128829,0.132801,-0.752156,-0.744723,0.984241,0.982577,0.0204433,0.0214467,-0.946084,-0.881665,-0.859193,-0.761147,-0.700747,-0.64378,-0.521589,-0.958768,-0.890641,-0.852591,-0.753257,-0.674559,-0.643102,-0.465225,0.985887,0.985887,0.988575,0.988575,0.989247,0.979167,0.97379,0.985887,0.985887,0.989247,0.947581,0.978495,0.976478,0.972446,-0.54681,-0.305351,1.67477,1.51507,0.993722,0.993722,0.0646355,0.0615501,0.167255,0.173772,-1.51243,-1.43571,1.41687,1.37394,0.968944,0.963251,0.0652059,0.063838,0.0922915,0.0964574,-0.441297,-0.529034,1.70163,1.63137,0.993722,0.993722,0.0657899,0.0634491,0.167704,0.174454,-1.51409,-1.52671,1.44093,1.43634,0.972739,0.972739,0.0650848,0.064749,0.092206,0.0970627,-0.534862,-0.446265,-0.434993,-0.329025,-0.229151,-0.137742,0.063081,-0.552332,-0.45462,-0.444825,-0.305351,-0.189531,-0.129607,0.185608,0.993722,0.993722,0.993722,0.993722,0.988519,0.992681,0.987305,0.993722,0.993722,0.993722,0.993722,0.993722,0.988519,0.987305,-1.51454,-1.50628,-1.48352,-1.41777,-1.38442,-1.37565,-1.32514,-1.5324,-1.52287,-1.49582,-1.41687,-1.38532,-1.37825,-1.35239,0.972739,0.968944,0.972739,0.98191,0.95408,0.955977,0.982016,0.972739,0.972739,0.945014,0.98191,0.95408,0.955977,0.98191,0.0542516,0.0336939,0.0786456,0.00479701,0.0277133,0.0541511,0.055428,0.0731786,0.105552,0.116267,0.125258,0.105552,0.0858983,0.0826865,0.00502252,0.0277133,0.0542516,0.0558119,0.0788672,0.106642,0.116381,0.125258,0.972769,0.979281,0.822631,0.0196861,0.558425,0.700035,0.73229,0.842866,0.922727,0.954683,0.984979,0.967563,0.967563,0.834842,0.0181444,0.557089,0.699706,0.757034,0.853889,0.912083,0.950281,0.967563,1.10588,0.998322,1.09923,0.0423562,0.712754,0.850017,0.982894,1.03597,1.10588,1.40208,1.65816,1.14939,1.10581,1.1197,0.0475535,0.680951,0.834706,0.959921,1.03706,1.14939,1.50202,1.77736,1.11437,1.08481,1.10323,0.0154089,0.942443,0.966516,1.07794,1.105,1.12791,1.19766,1.25749,1.11076,1.11431,1.09807,0.0171547,0.863159,0.963689,1.00545,1.11076,1.13029,1.18823,1.30553,-9999,-9999
201402,2.862,1.0,0.812,2.396,1.0,5.458,3.19,1.0,2.709,1.328,1.333,4.468,2.05,2.862,1.0,0.812,2.396,1.0,5.458,3.19,1.0,186.07,97.006,1.0,88.521,97.006,1.0,283.956,1.0,293.098,283.956,1.0,264.097,1.0,283.938,264.097,1.0,2.141,1.0,1.612,2.141,1.0,94.131,94.165,0.881696,1.637,0.643,1.0,1.332,1.255,0.986607,0.183135692558,0.688988095238,47.9995272612,0.999255952381,6.74580895632,1.0,326.071011905,1.0,388.403,1.0,1.42,1.616,1.941,2.438,3.768,1.0,1.0,1.0,1.0,1.0,-1.90766,1.0,9.22004,0.997768,17.8561,0.346326,16.7022,0.999256,32.3464,0.580291,0.99628,1,27.0,21.0,26.8929,21.0,-0.498306,-0.459548,0.974702,0.973214,0.0325471,0.0295708,0.180831,0.195998,-0.498916,-0.590914,0.974702,0.975446,0.0328093,0.0309927,0.180879,0.196218,-0.477484,-0.438873,0.976618,0.973903,0.0312858,0.0342712,-0.674706,-0.624228,-0.607402,-0.588245,-0.443885,-0.268471,-0.145652,-0.695543,-0.622274,-0.603391,-0.497991,-0.284881,-0.234765,-0.0767325,0.988839,0.986607,0.987351,0.984375,0.973214,0.96875,0.956101,0.988839,0.986607,0.985863,0.974702,0.973214,0.96875,0.946429,-0.117998,-0.0419758,1.48875,1.33961,0.982143,0.978022,0.044378,0.0385814,0.294893,0.317994,-0.951492,-0.961534,1.43843,1.43211,0.963961,0.965747,0.0433492,0.0422151,0.0548094,0.0513394,-0.120946,-0.269031,1.49196,1.49603,0.982143,0.982143,0.0448061,0.0413082,0.294958,0.318336,-0.949494,-0.970594,1.44062,1.43657,0.963961,0.965747,0.0436667,0.0429065,0.0550608,0.0519094,-0.455082,-0.32429,-0.303641,-0.259065,-0.0304559,0.25878,0.443733,-0.450755,-0.320121,-0.289405,-0.1175,0.232374,0.311168,0.535756,1.0,1.0,1.0,0.998626,0.978022,0.96978,0.947606,1.0,1.0,1.0,0.982143,0.978022,0.96978,0.930043,-0.981434,-0.971227,-0.970586,-0.949494,-0.918846,-0.904148,-0.880035,-0.98038,-0.971227,-0.97056,-0.949494,-0.918772,-0.912794,-0.849978,0.967208,0.965584,0.965747,0.963961,0.965747,0.972403,0.965422,0.967208,0.965584,0.968994,0.963961,0.965747,0.965747,0.965422,0.613555,0.529193,0.734388,0.0358838,0.407743,0.543034,0.554571,0.664828,0.938816,0.984582,1.15917,0.596352,0.739309,0.705193,0.0369105,0.406286,0.529455,0.551301,0.615041,0.747989,0.954913,1.17606,1.25393,1.12011,1.17313,0.0222647,1.0826,1.1162,1.12011,1.20203,1.23088,1.25115,1.31454,1.23715,1.23823,1.18268,0.0103148,1.08099,1.10828,1.12222,1.1922,1.22338,1.23715,1.31454,1.33076,1.19568,1.17169,0.0252075,0.896468,1.03844,1.05175,1.1896,1.22186,1.32045,1.3609,1.22244,1.32058,1.14345,0.0197205,0.895969,1.03844,1.04586,1.18504,1.22186,1.22928,1.32049,1.1482,1.05721,1.04304,0.0171709,0.856952,0.898996,0.991367,1.06407,1.10955,1.1482,1.21302,1.11154,1.14331,1.03872,0.0156172,0.822392,0.918649,0.992857,1.06314,1.09465,1.11154,1.16977,-9999,-9999
201403,5.032,1.0,1.736,3.077,1.0,8.153,4.483,1.0,4.835,2.226,2.536,7.317,3.768,5.032,1.0,1.736,3.077,1.0,8.153,4.483,1.0,279.096,158.43,1.0,160.051,158.43,1.0,285.984,1.0,291.215,285.984,1.0,273.315,1.0,281.646,273.315,1.0,3.276,1.0,3.163,3.276,1.0,94.663,94.741,0.861559,1.336,1.387,1.0,1.324,1.336,0.983871,0.209135340749,0.730510752688,95.0887806495,1.0,10.746489737,1.0,338.58000672,1.0,363.376,0.998656,2.854,2.945,3.077,3.288,3.976,1.0,1.0,1.0,1.0,1.0,-0.75711,1.0,16.5016,0.999328,27.4599,0.305202,41.0662,0.999328,68.337,0.47042,0.999328,1,23.6452,24.3548,23.5484,24.3226,-1.56164,-1.83133,0.969758,0.959005,0.0349962,0.0381353,0.298205,0.287501,-1.47733,-1.84987,0.969758,0.969086,0.0364137,0.0348716,0.298375,0.287087,-1.53588,-1.58901,0.970901,0.966599,0.05205,0.0493487,-1.98285,-1.8843,-1.83133,-1.53418,-1.3309,-1.29201,-1.20747,-1.98285,-1.90076,-1.84125,-1.58472,-1.44473,-1.33083,-1.2305,0.956317,0.959005,0.959005,0.987903,0.986559,0.986559,0.987903,0.956317,0.959005,0.969086,0.942204,0.987903,0.986559,0.983871,-1.06884,-1.51802,2.33573,2.58225,0.97043,0.951613,0.0554182,0.0607835,0.529221,0.512002,-1.90333,-1.99424,1.70732,1.80487,0.969073,0.966438,0.0390854,0.0421086,0.0711215,0.0703146,-0.911765,-1.53906,2.3338,2.5518,0.97043,0.97043,0.0584577,0.0538545,0.529548,0.511226,-1.88605,-2.00629,1.70636,1.80067,0.969073,0.967782,0.0395788,0.0406904,0.0713939,0.0694745,-1.78855,-1.60968,-1.51802,-0.997065,-0.623984,-0.557058,-0.358024,-1.78855,-1.64065,-1.52416,-1.09464,-0.798438,-0.623882,-0.389491,0.947214,0.951613,0.951613,1.0,1.0,1.0,1.0,0.947214,0.951613,0.97043,0.874697,1.0,1.0,1.0,-2.02905,-2.00879,-2.00461,-1.9349,-1.89626,-1.88995,-1.87629,-2.02905,-2.00885,-2.00706,-1.96072,-1.90333,-1.89622,-1.87404,0.965197,0.966438,0.967782,0.975793,0.973105,0.973105,0.973105,0.965197,0.966438,0.966438,0.961475,0.969073,0.973105,0.973105,0.514406,0.512122,0.579853,0.0158347,0.487519,0.512122,0.525602,0.557095,0.581414,0.636656,0.739181,0.565787,0.513391,0.570587,0.0173687,0.469329,0.511188,0.514406,0.549086,0.580758,0.589508,0.715662,2.03658,2.36199,2.16886,0.0455099,1.69236,1.87205,1.99084,2.11222,2.39267,2.43081,2.55502,2.04142,1.99072,2.10647,0.046129,1.66214,1.8032,1.89019,2.04297,2.3668,2.42741,2.55537,1.03029,1.02036,0.999851,0.0234472,0.845801,0.870977,0.883747,0.992707,1.05616,1.10968,1.18551,0.890586,0.917611,0.974943,0.021046,0.843696,0.867936,0.873741,0.917611,1.02817,1.09499,1.18546,1.62352,1.61912,1.59762,0.00744348,1.53385,1.56156,1.564,1.59488,1.6178,1.62646,1.6542,1.57237,1.58456,1.59117,0.00771273,1.53759,1.55425,1.56321,1.57936,1.60531,1.6178,1.6398,-9999,-9999
201404,8.734,1.0,5.653,2.467,1.0,10.982,3.858,1.0,8.341,6.161,1.772,9.927,2.917,8.734,1.0,5.653,2.467,1.0,10.982,3.858,1.0,376.995,165.701,1.0,181.087,165.701,1.0,318.308,1.0,318.898,318.308,1.0,316.9,1.0,315.334,316.9,1.0,3.303,1.0,3.041,3.303,1.0,94.541,94.526,0.848611,2.175,2.197,1.0,1.151,1.35,0.893056,0.224278691443,0.667361111111,115.929611642,0.999305555556,7.15778725672,1.0,360.444006944,1.0,372.357,0.999306,6.322,6.243,6.03,5.727,5.243,1.0,1.0,1.0,1.0,1.0,1.88603,1.0,36.3793,0.997917,50.1546,0.429709,46.3808,0.997222,63.9432,0.571095,0.994444,1,20.1333,27.8667,20.1333,27.8667,-1.77089,-1.7071,0.984722,0.983333,0.051853,0.049366,0.134325,0.138184,-1.78886,-1.79039,0.983333,0.984722,0.0527939,0.0505463,0.134691,0.13861,-1.69405,-1.66703,0.981424,0.979497,0.0190555,0.0218024,-1.85987,-1.78886,-1.77667,-1.74538,-1.67549,-1.54103,-1.47327,-1.79694,-1.78488,-1.77089,-1.72159,-1.54887,-1.52675,-1.44377,0.985417,0.983333,0.985417,0.985417,0.983333,0.979861,0.954861,0.985417,0.984722,0.984722,0.985417,0.979861,0.977083,0.972222,0.387438,0.521091,1.5505,1.44859,1.0,1.0,0.0929705,0.0869729,0.272095,0.266282,-3.21163,-3.20445,2.86411,2.88347,0.973687,0.971388,0.0547786,0.0525398,0.0614934,0.0606717,0.311139,0.352069,1.57831,1.56459,1.0,1.0,0.0936773,0.0888535,0.272337,0.266902,-3.18531,-3.21725,2.90515,2.86356,0.971303,0.973687,0.0556644,0.0540202,0.0622837,0.0619582,0.191136,0.332221,0.352145,0.416639,0.578584,0.843659,0.96933,0.315177,0.350804,0.352993,0.441525,0.827635,0.85416,1.03077,1.0,1.0,1.0,1.0,1.0,0.993651,0.948705,1.0,1.0,1.0,1.0,0.987302,0.987302,0.979365,-3.21653,-3.21129,-3.19687,-3.18441,-3.17156,-3.15541,-3.14105,-3.21691,-3.21129,-3.19753,-3.18441,-3.16608,-3.15061,-3.13715,0.973687,0.974837,0.974837,0.974837,0.970154,0.970154,0.96645,0.973687,0.974837,0.971388,0.974837,0.970154,0.970154,0.981104,0.814006,0.753895,0.848053,0.0318206,0.635689,0.649313,0.705812,0.775952,0.942461,0.969336,1.27835,0.734957,0.691306,0.799301,0.0284763,0.620097,0.643643,0.6612,0.710958,0.866098,0.952561,1.2435,2.52204,2.54429,2.51479,0.0132854,2.3872,2.40158,2.47751,2.50143,2.54361,2.54814,2.69532,2.48016,2.48016,2.49335,0.013185,2.38046,2.39184,2.47452,2.48879,2.54067,2.54345,2.6741,1.43744,1.45352,1.61098,0.0451609,1.31018,1.33972,1.3794,1.46523,1.86636,2.01208,2.08174,1.33972,1.86539,1.61564,0.0437461,1.30455,1.32015,1.3492,1.56203,1.84824,1.98329,2.08174,2.94541,2.9546,3.00196,0.0139091,2.89308,2.90833,2.93593,2.96873,3.09495,3.10264,3.15316,2.91786,3.14035,3.00675,0.0147037,2.87329,2.90914,2.91786,2.98935,3.08695,3.10262,3.15316,-9999,-9999
201405,11.561,1.0,8.915,2.153,1.0,13.046,3.135,1.0,10.955,8.826,1.848,12.146,2.6,11.561,1.0,8.915,2.153,1.0,13.046,3.135,1.0,451.395,192.798,1.0,200.41,192.798,1.0,334.714,1.0,333.449,334.714,1.0,336.865,1.0,333.042,336.865,1.0,4.57,1.0,4.019,4.57,1.0,94.734,94.684,0.872984,2.494,3.312,0.883065,1.351,1.637,0.932124,0.258536967735,0.74126344086,141.144126985,0.997983870968,8.58313867621,1.0,376.839321237,1.0,405.867,0.991263,9.487,9.349,8.996,8.457,7.17,1.0,1.0,1.0,1.0,1.0,2.97114,1.0,63.5021,0.983199,80.4514,0.561416,45.9473,0.981855,58.2111,0.570551,0.980511,1,17.2581,30.7419,17.2581,30.7419,-1.50224,-1.49736,0.950269,0.950269,0.0594714,0.0579187,0.0836641,0.0825594,-1.51037,-1.50609,0.950269,0.950269,0.0610009,0.0583683,0.0847582,0.0828755,-1.48308,-1.46913,0.954906,0.953797,0.00878918,0.0117183,-1.55703,-1.54925,-1.51234,-1.49671,-1.4593,-1.43156,-1.40356,-1.55703,-1.54709,-1.50953,-1.49551,-1.44583,-1.42942,-1.32322,0.971102,0.971102,0.950269,0.950269,0.950269,0.950269,0.947581,0.971102,0.971774,0.950269,0.950269,0.950269,0.950269,0.948253,1.51681,1.52418,1.92205,1.88605,0.932749,0.932749,0.125366,0.118255,0.181828,0.177947,-3.10854,-3.10633,3.31414,3.31714,0.960576,0.960576,0.0582462,0.0564556,0.0597924,0.0578656,1.47555,1.50705,1.94845,1.91599,0.932749,0.932749,0.125188,0.119558,0.181705,0.178815,-3.09803,-3.10902,3.32083,3.31373,0.960576,0.960576,0.059035,0.0566386,0.0605611,0.0580442,1.37009,1.39137,1.47047,1.51681,1.59116,1.65477,1.8607,1.37009,1.39164,1.47662,1.52998,1.62255,1.65758,1.99706,0.97491,0.97491,0.932749,0.932749,0.932749,0.932749,0.9267,0.97491,0.976703,0.932749,0.932749,0.932749,0.932749,0.9267,-3.1127,-3.10622,-3.10405,-3.09846,-3.08259,-3.0792,-3.07482,-3.10893,-3.10664,-3.1043,-3.09816,-3.0844,-3.08125,-3.07222,0.960576,0.960576,0.968215,0.960576,0.960576,0.960576,0.960576,0.960576,0.960576,0.968215,0.960576,0.960576,0.960576,0.960576,1.98638,1.96223,2.05356,0.0290566,1.90399,1.91598,1.92734,1.98186,2.05813,2.19304,2.48826,1.95164,1.91823,2.01767,0.0236246,1.90399,1.91598,1.92657,1.95164,2.02095,2.14013,2.39637,3.41498,3.46831,3.5221,0.0180589,3.42107,3.4242,3.45325,3.4787,3.51798,3.62246,3.8024,3.4286,3.4286,3.50075,0.0160652,3.42285,3.42378,3.43687,3.47042,3.48349,3.58125,3.73044,2.22875,2.2371,2.41733,0.0241555,2.22875,2.25204,2.256,2.41604,2.53624,2.59766,2.6609,2.47258,2.51712,2.40583,0.0244912,2.20889,2.25204,2.2608,2.41839,2.53534,2.56913,2.62007,3.56718,3.57493,3.65974,0.0109341,3.56718,3.57989,3.58699,3.66205,3.73269,3.74653,3.76237,3.66176,3.6957,3.65265,0.0107552,3.55524,3.57989,3.58864,3.66176,3.71307,3.73683,3.7454,-9999,-9999
201406,16.022,1.0,11.795,2.537,1.0,17.968,4.298,1.0,15.729,13.063,1.872,16.957,3.048,16.022,1.0,11.795,2.537,1.0,17.968,4.298,1.0,484.971,272.982,1.0,243.575,272.982,1.0,344.271,1.0,341.827,344.271,1.0,357.935,1.0,343.237,357.935,1.0,7.381,1.0,6.656,7.381,1.0,94.968,94.813,0.916667,2.389,2.389,0.0,1.041,1.402,0.996528,0.223420142551,0.793055555556,199.901466573,0.932638888889,14.9747756042,0.933333333333,402.234516369,0.933333333333,417.442,1.0,12.655,12.461,11.926,11.159,9.31,1.0,1.0,1.0,1.0,1.0,2.80575,1.0,95.4075,1.0,107.644,0.684913,78.2214,0.999306,88.2539,0.612683,0.956944,1,15.1333,32.8667,15.1333,32.8667,-1.79073,-1.83142,0.980556,0.98125,0.0713937,0.0710227,0.150296,0.14845,-1.82339,-1.79144,0.980556,0.980556,0.0726561,0.0714606,0.1509,0.14866,-1.8544,-1.86565,0.974653,0.972656,0.0228057,0.02277,-2.17087,-2.03977,-1.85974,-1.81431,-1.78819,-1.77525,-1.7704,-2.16923,-2.03977,-1.93308,-1.81775,-1.79056,-1.77905,-1.75761,0.953472,0.971528,0.979861,0.980556,0.980556,0.980556,0.980556,0.953472,0.971528,0.950694,0.980556,0.980556,0.980556,0.980556,1.13162,1.05422,2.97215,2.99145,1.0,1.0,0.168559,0.16776,0.361898,0.35117,-3.04313,-3.06413,3.93436,3.91843,0.971717,0.972727,0.0641238,0.0634358,0.0772594,0.0760583,1.01253,1.1289,3.00712,2.9717,1.0,1.0,0.171745,0.168786,0.363393,0.351661,-3.03404,-3.04286,3.95439,3.93596,0.971717,0.971717,0.0648234,0.0638316,0.0778411,0.0763887,0.130079,0.531744,0.967563,1.09605,1.14416,1.17224,1.19416,0.130079,0.531744,0.685771,1.06326,1.13162,1.14876,1.19311,0.935556,0.986667,1.0,1.0,1.0,1.0,1.0,0.935556,0.986667,0.926944,1.0,1.0,1.0,1.0,-3.12005,-3.1185,-3.09065,-3.04313,-3.03377,-3.03231,-3.02485,-3.12003,-3.11623,-3.09787,-3.04421,-3.03545,-3.03231,-3.02485,0.969697,0.961616,0.970707,0.971717,0.971717,0.971717,0.971717,0.962626,0.961616,0.963636,0.961585,0.971717,0.971717,0.971717,1.78252,1.7691,1.72522,0.023532,1.5171,1.55462,1.62119,1.7254,1.78252,1.84589,1.88341,1.697,1.65965,1.71768,0.022463,1.52004,1.55462,1.62119,1.72249,1.78252,1.81536,1.84694,3.48072,3.56054,3.59057,0.0141356,3.39845,3.5113,3.52511,3.58625,3.64411,3.69285,3.71758,3.48072,3.48304,3.57208,0.0141694,3.39845,3.48072,3.51301,3.56954,3.61734,3.68004,3.70548,2.80355,2.98171,2.87825,0.0367528,2.47278,2.56396,2.73072,2.87217,3.00678,3.01957,3.31176,2.83037,2.94597,2.88958,0.0376526,2.47474,2.65328,2.78168,2.833,3.01171,3.04643,3.29026,4.2997,4.37991,4.34928,0.0192826,4.18016,4.21703,4.28901,4.3274,4.40684,4.43334,4.51013,4.30615,4.35974,4.34593,0.019137,4.15536,4.21703,4.29902,4.32787,4.39169,4.43105,4.52062,-9999,-9999
201407,17.04,1.0,14.019,2.009,1.0,18.553,3.217,1.0,16.792,14.593,1.515,17.887,2.465,17.04,1.0,14.019,2.009,1.0,18.553,3.217,1.0,468.94,207.229,1.0,188.453,207.229,1.0,362.602,1.0,360.807,362.602,1.0,383.353,1.0,366.335,383.353,1.0,4.666,1.0,4.762,4.666,1.0,94.814,94.626,0.800403,4.593,2.22,0.997312,1.036,1.343,0.903898,0.222771462677,0.727150537634,151.047337702,0.996639784946,15.173308573,0.997311827957,403.900171065,0.997311827957,415.385,0.999328,14.247,14.067,13.619,12.876,10.921,1.0,1.0,1.0,1.0,1.0,4.10771,1.0,86.232,0.99664,96.4225,0.632454,44.9808,0.994624,50.2965,0.493662,0.991263,1,16.1613,31.8387,16.1613,31.8387,-1.8965,-1.76709,0.984543,0.985215,0.0642259,0.0629659,0.213177,0.224582,-1.91064,-1.94123,0.984543,0.984543,0.0665029,0.0642201,0.213874,0.224937,-1.86632,-1.8191,0.985383,0.984728,0.0317805,0.0354069,-2.04312,-2.03206,-2.02497,-1.94123,-1.76459,-1.62551,-1.49301,-2.03428,-2.03039,-2.02248,-1.8965,-1.74915,-1.59924,-1.39331,0.990591,0.986559,0.984543,0.984543,0.984543,0.983871,0.983199,0.986559,0.987903,0.984543,0.984543,0.985215,0.984543,0.983199,0.866033,1.17227,2.81114,2.59023,1.0,1.0,0.129277,0.125388,0.527104,0.556499,-3.19954,-3.17069,4.17012,4.17937,0.976615,0.977593,0.066725,0.0657041,0.0747031,0.0744275,0.809611,0.761094,2.82356,2.86772,1.0,1.0,0.134268,0.128477,0.52835,0.557203,-3.1916,-3.20874,4.18432,4.17059,0.976615,0.976615,0.0684795,0.0667208,0.0762742,0.0753266,0.449492,0.49832,0.506189,0.761094,1.17594,1.52033,1.82809,0.449492,0.501728,0.529075,0.866033,1.18684,1.5861,2.08502,1.0,1.0,1.0,1.0,1.0,1.0,0.997849,1.0,1.0,1.0,1.0,1.0,1.0,0.997849,-3.22168,-3.21522,-3.21049,-3.19371,-3.16904,-3.14804,-3.11002,-3.22146,-3.2129,-3.20874,-3.19015,-3.156,-3.14297,-3.09783,0.976615,0.976615,0.97964,0.976615,0.977593,0.97564,0.97564,0.976615,0.97964,0.976615,0.976615,0.977656,0.976648,0.973685,2.10155,1.84287,1.88554,0.0889363,1.1797,1.25802,1.2751,1.88186,2.12564,2.42766,2.72334,1.2751,1.713,1.75241,0.0846437,1.1797,1.24032,1.25802,1.7795,2.10614,2.40778,2.64335,3.69429,3.7841,3.7046,0.055364,3.23991,3.2793,3.2923,3.7841,3.89954,4.02634,4.12656,3.68284,3.62364,3.61873,0.0543019,3.23991,3.25171,3.2862,3.68284,3.8833,4.00067,4.12656,3.98967,4.05994,4.05703,0.0493794,3.69509,3.74382,3.80449,4.03926,4.15912,4.31706,4.67203,3.74858,4.0626,3.97798,0.04694,3.54216,3.69665,3.74858,3.98964,4.09065,4.17513,4.60954,5.01881,5.06809,5.07586,0.0258389,4.87656,4.9059,4.94667,5.06435,5.15225,5.18605,5.34806,4.9059,5.06341,5.03313,0.0242013,4.78983,4.87801,4.9059,5.01883,5.10517,5.15585,5.32711,-9999,-9999
201408,15.062,1.0,12.476,1.905,1.0,16.71,3.008,1.0,15.087,13.227,1.486,16.274,2.228,15.062,1.0,12.476,1.905,1.0,16.71,3.008,1.0,407.638,176.349,1.0,164.055,176.349,1.0,353.977,1.0,353.968,353.977,1.0,373.389,1.0,358.012,373.389,1.0,3.189,1.0,3.611,3.189,1.0,94.826,94.71,0.69086,4.111,4.174,0.747984,0.946,1.163,0.881048,0.202973201199,0.69623655914,124.209452185,0.995295698925,12.4621392576,0.996639784946,392.15697018,0.996639784946,405.915,0.998656,14.148,14.071,13.826,13.397,11.992,1.0,1.0,1.0,1.0,1.0,2.305,1.0,76.3517,0.998656,85.3962,0.67036,33.8608,0.997312,37.8719,0.49024,0.992608,1,18.7742,29.2258,18.7742,29.2258,-1.85694,-1.88653,0.985887,0.985887,0.0763683,0.071717,0.104947,0.10333,-1.95705,-1.85156,0.987903,0.985887,0.0771051,0.0758702,0.105484,0.106255,-1.90738,-1.88876,0.985786,0.984493,0.0186537,0.0170924,-2.0073,-1.99913,-1.98177,-1.95187,-1.87112,-1.85516,-1.75336,-2.00294,-1.9837,-1.97986,-1.90052,-1.85694,-1.83492,-1.73434,0.989247,0.988575,0.989247,0.987903,0.982527,0.986559,0.979839,0.988575,0.988575,0.988575,0.982527,0.985887,0.985887,0.980511,1.51026,1.41945,2.90856,2.68965,0.987139,0.985241,0.151085,0.140214,0.230237,0.236637,-3.88738,-3.87441,4.38213,4.37047,0.985115,0.986155,0.071897,0.0690688,0.074352,0.0728523,1.28547,1.52718,2.99787,2.86428,0.990723,0.987139,0.152347,0.149843,0.231067,0.242467,-3.90022,-3.89118,4.37401,4.3815,0.986155,0.985115,0.0728997,0.0717869,0.075322,0.0754342,1.14587,1.1628,1.19655,1.29803,1.43996,1.51026,1.67084,1.15776,1.18684,1.21261,1.40902,1.49669,1.56809,1.7213,0.992515,0.992515,0.992515,0.990723,0.983449,0.987139,0.977757,0.992515,0.992515,0.992515,0.983449,0.987139,0.987139,0.979654,-3.90669,-3.89983,-3.89565,-3.88853,-3.87243,-3.86194,-3.8313,-3.90669,-3.89846,-3.89565,-3.88766,-3.86504,-3.85211,-3.8261,0.986155,0.986155,0.986155,0.987196,0.981741,0.981741,0.980628,0.986155,0.986155,0.986155,0.985115,0.981741,0.981741,0.977549,2.26884,2.25453,2.14805,0.0589765,1.68094,1.74569,1.75783,2.23165,2.27943,2.31484,2.54701,1.74569,1.95194,2.0767,0.0658664,1.64905,1.72928,1.74569,1.97791,2.26884,2.2925,2.55798,4.02466,4.10609,4.0372,0.0427604,3.67628,3.72926,3.7414,4.10609,4.17991,4.18532,4.28134,4.00119,3.90899,3.98408,0.0478464,3.65097,3.72269,3.73002,3.93259,4.13617,4.18467,4.28728,2.67044,3.05928,2.84655,0.0301934,2.60231,2.65314,2.67874,2.75961,3.0445,3.0685,3.12069,2.60231,2.81345,2.80582,0.0276114,2.60057,2.63559,2.67352,2.75091,2.95278,3.04073,3.12069,4.39394,4.55654,4.48337,0.0116689,4.38808,4.39394,4.42396,4.46979,4.55598,4.57407,4.5893,4.39058,4.48707,4.47232,0.0102701,4.38582,4.39472,4.42396,4.45727,4.50937,4.55433,4.5859,-9999,-9999
201409,13.532,1.0,11.178,1.993,1.0,15.586,3.071,1.0,13.294,11.547,1.754,14.817,2.613,13.532,1.0,11.178,1.993,1.0,15.586,3.071,1.0,318.344,150.32,1.0,139.822,150.32,1.0,347.478,1.0,344.861,347.478,1.0,362.01,1.0,346.93,362.01,1.0,2.098,1.0,2.914,2.098,1.0,95.027,94.973,0.45625,2.318,2.113,1.0,1.019,1.172,0.822917,0.202458708137,0.572916666667,103.917150524,1.0,10.2963982852,1.0,383.584583333,1.0,411.788,1.0,12.952,12.948,12.849,12.65,11.844,1.0,1.0,1.0,1.0,1.0,1.10422,1.0,54.4658,0.999306,64.3574,0.632353,32.5477,0.998611,38.4587,0.463709,0.998611,1,22.1667,25.8333,22.1667,25.8333,-1.53868,-1.53015,0.993056,0.993056,0.0777002,0.0760475,0.214005,0.220468,-1.6782,-1.57756,0.99375,0.993056,0.0778219,0.0760134,0.214049,0.220456,-1.58211,-1.53677,0.993125,0.992778,0.027681,0.0283869,-1.78346,-1.73864,-1.73074,-1.6782,-1.44794,-1.33984,-1.27317,-1.74872,-1.73406,-1.72479,-1.54029,-1.36579,-1.32019,-1.26734,0.993056,0.993056,0.99375,0.99375,0.993056,0.992361,0.993056,0.992361,0.99375,0.993056,0.99375,0.993056,0.993056,0.993056,0.914418,0.891542,1.69868,1.66502,1.0,1.0,0.130914,0.129365,0.388332,0.396555,-3.56672,-3.5405,3.77587,3.74175,0.987018,0.987018,0.0805321,0.0788606,0.0929856,0.0925009,0.652221,0.846594,1.93116,1.67588,1.0,1.0,0.130778,0.128322,0.388286,0.396216,-3.59091,-3.58309,3.75669,3.76211,0.988253,0.987018,0.0826059,0.0800014,0.0947873,0.0934753,0.448405,0.536921,0.548014,0.652221,1.05951,1.26812,1.37705,0.517372,0.544695,0.568205,0.898115,1.21042,1.29442,1.38394,1.0,1.0,1.0,1.0,1.0,1.0,1.0,1.0,1.0,1.0,1.0,1.0,1.0,1.0,-3.60391,-3.60332,-3.60241,-3.59091,-3.53879,-3.51035,-3.48878,-3.60399,-3.60241,-3.60135,-3.56728,-3.5139,-3.50571,-3.48521,0.986919,0.986919,0.988253,0.988253,0.987018,0.985783,0.987018,0.986919,0.988253,0.986919,0.988253,0.987018,0.985783,0.987018,1.301,1.27698,1.26851,0.0499615,0.791209,0.944795,0.956927,1.2736,1.57272,1.61471,1.68752,0.948868,1.02772,1.19018,0.049116,0.760779,0.942012,0.952099,1.03318,1.38422,1.58492,1.66522,2.70955,2.85454,2.80668,0.0224252,2.55173,2.67708,2.69111,2.81389,2.89565,2.93851,3.0049,2.71534,2.70592,2.77228,0.0225385,2.54783,2.67429,2.67749,2.71138,2.85544,2.93085,2.95485,3.24273,3.54318,3.1832,0.0477148,2.70962,2.85505,2.92515,3.20312,3.38285,3.52354,3.64607,2.91482,3.02197,3.12462,0.0476518,2.68345,2.82523,2.91482,3.02197,3.38285,3.47503,3.63041,3.86091,3.97111,3.79969,0.01633,3.64026,3.69457,3.72693,3.78167,3.84629,3.93616,4.00096,3.75069,3.78656,3.79224,0.0160046,3.64026,3.68364,3.71544,3.77066,3.84442,3.88447,3.99375,-9999,-9999
201410,10.132,1.0,7.992,2.304,1.0,12.571,3.254,1.0,10.402,8.655,1.869,12.402,2.764,10.132,1.0,7.992,2.304,1.0,12.571,3.254,1.0,221.009,97.774,1.0,104.775,97.774,1.0,329.862,1.0,325.103,329.862,1.0,338.158,1.0,322.885,338.158,1.0,1.627,1.0,2.591,1.627,1.0,94.985,94.952,0.137769,2.498,3.361,1.0,1.189,1.202,0.678091,-9999,-9999,58.3449873609,1.0,6.34111159677,1.0,362.950510753,1.0,410.758,0.993952,10.579,10.687,10.811,10.959,11.016,1.0,1.0,1.0,1.0,1.0,-0.639144,1.0,30.7375,0.988575,40.5647,0.459121,13.4896,0.988575,17.8023,0.397987,0.956989,1,25.5484,22.4516,25.5484,22.4516,-0.714397,-0.698132,0.973118,0.973118,0.0515515,0.0515265,0.0981151,0.121133,-0.761968,-0.706485,0.97043,0.973118,0.052112,0.0511147,0.0984108,0.120959,-0.672224,-0.64688,0.971371,0.970497,0.0245664,0.0255759,-0.815481,-0.761196,-0.740518,-0.714397,-0.667439,-0.594234,-0.504204,-0.815481,-0.754493,-0.737176,-0.69712,-0.633691,-0.535237,-0.474877,0.97043,0.97043,0.971774,0.973118,0.972446,0.971774,0.971774,0.97043,0.973118,0.972446,0.973118,0.974462,0.969086,0.968414,0.678448,0.687121,1.57171,1.56203,0.996175,0.996175,0.0786492,0.07878,0.15922,0.189256,-2.21085,-2.18549,2.43382,2.40996,0.946823,0.946823,0.0572617,0.0568554,0.0678362,0.0684313,0.599287,0.675875,1.62828,1.57421,0.990798,0.996175,0.0793818,0.0779437,0.159584,0.18891,-2.21883,-2.19119,2.43145,2.41139,0.946823,0.946823,0.0580245,0.0567699,0.0684814,0.0683603,0.512106,0.583499,0.61124,0.675875,0.741629,0.860378,1.00334,0.512106,0.597066,0.620675,0.689073,0.759985,0.941227,1.03306,0.990798,0.990798,0.991935,0.996175,0.994934,0.994934,0.994934,0.990798,0.991935,0.991935,0.996175,0.994934,0.994934,0.992452,-2.22523,-2.21883,-2.20937,-2.1897,-2.17565,-2.14609,-2.13205,-2.22523,-2.21392,-2.20937,-2.18728,-2.15758,-2.13776,-2.1201,0.946823,0.946823,0.948289,0.948289,0.945479,0.954057,0.954057,0.946823,0.946823,0.948289,0.946823,0.945479,0.941447,0.954057,1.02927,1.03497,1.1051,0.0314713,0.888912,0.913051,0.945434,1.04,1.18879,1.32277,1.34534,0.913003,0.979746,1.05742,0.0270076,0.888912,0.912322,0.914652,0.993361,1.1059,1.23613,1.34405,1.7322,1.74145,1.75112,0.0103295,1.6354,1.68045,1.70343,1.74665,1.77824,1.83896,1.85742,1.7322,1.74171,1.72965,0.0118019,1.62014,1.65772,1.67262,1.74176,1.76481,1.83487,1.85089,2.13823,2.13216,2.20429,0.0217367,1.98014,2.0481,2.10022,2.1812,2.31478,2.33914,2.42475,2.10022,1.98107,2.18636,0.0212871,1.97529,2.0481,2.1001,2.13823,2.29686,2.3333,2.40408,2.26283,2.25854,2.24443,0.00659457,2.17098,2.21046,2.21636,2.23306,2.27183,2.28387,2.30414,2.21678,2.20415,2.23996,0.00603731,2.17098,2.2031,2.21085,2.23423,2.26285,2.28045,2.30115,-9999,-9999
201411,5.584,0.810417,4.027,2.104,0.816667,7.933,3.025,0.8,6.692,5.555,1.374,8.415,1.956,5.626,0.810417,4.244,1.858,0.816667,7.681,2.674,0.8,141.929,60.914,0.811111,60.768,60.208,0.811111,309.977,0.810417,312.573,309.125,0.810417,304.099,0.810417,307.637,303.312,0.810417,0.981,0.810417,1.398,0.951,0.810417,94.451,94.445,0.0958333,1.429,1.19,1.0,1.298,1.042,0.719444,-9999,-9999,28.3542374026,0.798611111111,3.27380910396,1.0,339.258315972,0.791666666667,418.222,0.805556,6.822,7.01,7.312,7.773,8.836,1.0,1.0,1.0,1.0,1.0,-2.41323,1.0,10.9884,0.744444,14.5015,0.206463,0.771212,0.329861,1.01778,0.333638,1.0,2,28.8333,19.1667,28.8333,19.1,-0.167872,-0.142152,0.792361,0.792361,0.030955,0.0305603,0.0827044,0.0858944,-0.220041,-0.140582,0.797222,0.792361,0.0313958,0.0311468,0.0828704,0.0861048,-0.167443,-0.148742,0.793108,0.791024,0.021234,0.0188495,-0.274883,-0.261078,-0.251952,-0.212988,-0.122789,-0.107692,-0.0557036,-0.274883,-0.255673,-0.249922,-0.142152,-0.107692,-0.0951246,0.0843921,0.796528,0.795139,0.795139,0.797917,0.791667,0.797222,0.791667,0.796528,0.792361,0.795139,0.792361,0.797222,0.791667,0.786111,0.892111,0.927855,0.998357,1.02808,0.807778,0.807778,0.039095,0.0383236,0.121642,0.132189,-1.73972,-1.73073,2.10792,2.12251,0.768889,0.768889,0.0460438,0.0459901,0.0481805,0.0482438,0.814238,0.930157,0.977666,1.02276,0.815556,0.807778,0.039834,0.0394014,0.121882,0.132505,-1.74693,-1.73148,2.0982,2.1214,0.768889,0.768889,0.0463553,0.0462152,0.0484782,0.0484584,0.728687,0.741383,0.746433,0.821386,0.953009,0.97176,1.04091,0.728687,0.746433,0.749763,0.927194,0.97176,0.999456,1.26333,0.814444,0.814444,0.814444,0.816667,0.810714,0.816667,0.807778,0.814444,0.814444,0.811032,0.807778,0.816667,0.810714,0.804762,-1.75426,-1.74595,-1.74116,-1.73016,-1.72328,-1.71758,-1.69236,-1.75426,-1.74133,-1.73972,-1.72594,-1.71929,-1.71218,-1.67263,0.768889,0.768889,0.768889,0.768889,0.768889,0.769259,0.767222,0.768889,0.768889,0.768889,0.762222,0.768889,0.762222,0.757222,0.837092,0.827828,0.961835,0.0302912,0.774537,0.778387,0.786463,0.833216,1.15926,1.19521,1.22994,0.786463,0.812206,0.919226,0.0286768,0.766105,0.777788,0.779347,0.812206,1.14238,1.17165,1.22046,1.04295,0.96841,1.11004,0.0189409,0.972525,0.990405,1.02939,1.04187,1.24426,1.27616,1.28408,1.03225,1.03225,1.08667,0.0200822,0.968433,0.990404,1.02444,1.03892,1.2264,1.27616,1.28283,1.34345,1.34718,1.41507,0.0224873,1.25123,1.30391,1.32427,1.36114,1.4582,1.50172,1.7606,1.59881,1.50418,1.42694,0.0312824,1.23875,1.30391,1.32427,1.37177,1.45864,1.50418,1.59881,1.43931,1.42728,1.44242,0.00718661,1.37899,1.39945,1.41384,1.42803,1.45365,1.47696,1.53397,1.48931,1.47733,1.44548,0.0110434,1.37121,1.39428,1.41314,1.441,1.45718,1.47733,1.50983,-9999,-9999
201412,3.004,0.670027,2.381,2.116,0.665591,4.104,2.172,0.677419,1.368,0.847,1.221,2.296,1.215,2.276,0.670027,1.731,1.95,0.665591,3.245,1.94,0.677419,105.516,46.12,0.655914,35.382,34.411,0.655914,292.102,0.749328,303.167,299.898,0.749328,272.371,0.655914,296.191,290.586,0.655914,1.618,0.667339,1.005,1.017,0.667339,94.765,94.855,0.391129,1.35,1.766,0.999328,1.339,1.247,0.826613,0.184717622211,0.637096774194,2.02499298297,0.709005376344,2.49754794313,0.999327956989,321.400908861,0.695564516129,402.014,0.655242,4.913,5.125,5.482,6.023,7.3,1.0,1.0,1.0,1.0,1.0,-3.04959,1.0,14.2674,0.609543,-9999,0.293465,-18.3709,0.608871,-9999,0.406123,-9999,-9999,30.6452,17.3548,30.6452,17.3548,0.449058,0.446491,0.649866,0.649866,0.0176315,0.0175422,0.0438113,0.0432329,0.444784,0.452277,0.649866,0.649866,0.0174651,0.0176943,0.0437446,0.0432948,0.448171,0.457727,0.649546,0.649093,0.00524132,0.00641228,0.408752,0.416857,0.41826,0.443192,0.462968,0.497071,0.499284,0.41172,0.418061,0.437578,0.446983,0.467547,0.497089,0.503088,0.651882,0.651882,0.651882,0.649866,0.649866,0.649866,0.649866,0.651882,0.651882,0.649866,0.649866,0.649866,0.649866,0.649866,0.981538,0.981893,0.500416,0.502375,0.66129,0.66129,0.0212016,0.0212477,0.0648901,0.0649052,-0.530218,-0.537538,0.984377,0.994087,0.629981,0.629981,0.0284014,0.0278976,0.0318922,0.0317696,0.973499,0.982703,0.497736,0.500817,0.66129,0.66129,0.021036,0.0213005,0.0648362,0.0649225,-0.527712,-0.523616,0.981938,0.984756,0.629981,0.629981,0.028054,0.0284489,0.0315832,0.0322548,0.931725,0.946578,0.946832,0.971133,1.0214,1.06924,1.07432,0.936971,0.946578,0.96326,0.981538,1.05573,1.06924,1.07848,0.66129,0.66129,0.66129,0.66129,0.66129,0.66129,0.66129,0.66129,0.66129,0.66129,0.66129,0.66129,0.66129,0.66129,-0.642281,-0.557648,-0.554965,-0.551028,-0.530218,-0.528633,-0.527721,-0.641839,-0.559032,-0.556828,-0.551028,-0.532049,-0.528633,-0.527724,0.624288,0.629981,0.629981,0.635674,0.629981,0.629981,0.629981,0.624288,0.629981,0.629981,0.635674,0.629981,0.629981,0.629981,0.836956,0.836956,0.930417,0.0197992,0.817891,0.820599,0.827874,0.836956,1.09393,1.09466,1.10789,0.823102,0.833856,0.903427,0.018218,0.817891,0.817891,0.823102,0.833407,0.984491,1.09393,1.10476,0.391628,0.384679,0.472258,0.0151606,0.384679,0.387778,0.390223,0.405147,0.557678,0.59686,0.612879,0.389152,0.389072,0.455256,0.014135,0.384679,0.38781,0.390223,0.401946,0.506056,0.596842,0.612879,0.389686,0.518465,0.641664,0.0357811,0.391785,0.426627,0.462033,0.538703,0.873211,0.894894,0.919581,0.426627,0.421843,0.599573,0.0350291,0.389483,0.426627,0.458252,0.476866,0.859244,0.894894,0.919581,0.438155,0.400654,0.525251,0.0174115,0.387129,0.409356,0.438155,0.459612,0.64541,0.651604,0.659736,0.445713,0.448568,0.506882,0.0159106,0.38707,0.419675,0.445713,0.459534,0.639148,0.651604,0.659736,-9999,-9999
