TIMESTAMP,TA_F_MDS,TA_F_MDS_QC,TA_F_MDS_NIGHT,TA_F_MDS_NIGHT_SD,TA_F_MDS_NIGHT_QC,TA_F_MDS_DAY,TA_F_MDS_DAY_SD,TA_F_MDS_DAY_QC,TA_ERA,TA_ERA_NIGHT,TA_ERA_NIGHT_SD,TA_ERA_DAY,TA_ERA_DAY_SD,TA_F,TA_F_QC,TA_F_NIGHT,TA_F_NIGHT_SD,TA_F_NIGHT_QC,TA_F_DAY,TA_F_DAY_SD,TA_F_DAY_QC,SW_IN_POT,SW_IN_F_MDS,SW_IN_F_MDS_QC,SW_IN_ERA,SW_IN_F,SW_IN_F_QC,LW_IN_F_MDS,LW_IN_F_MDS_QC,LW_IN_ERA,LW_IN_F,LW_IN_F_QC,LW_IN_JSB,LW_IN_JSB_QC,LW_IN_JSB_ERA,LW_IN_JSB_F,LW_IN_JSB_F_QC,VPD_F_MDS,VPD_F_MDS_QC,VPD_ERA,VPD_F,VPD_F_QC,PA_ERA,PA_F,PA_F_QC,P_ERA,P_F,P_F_QC,WS_ERA,WS_F,WS_F_QC,USTAR,USTAR_QC,NETRAD,NETRAD_QC,PPFD_IN,PPFD_IN_QC,PPFD_DIF,PPFD_DIF_QC,SW_DIF,SW_DIF_QC,SW_OUT,SW_OUT_QC,CO2_F_MDS,CO2_F_MDS_QC,TS_F_MDS_1,TS_F_MDS_2,TS_F_MDS_3,TS_F_MDS_1_QC,TS_F_MDS_2_QC,TS_F_MDS_3_QC,SWC_F_MDS_1,SWC_F_MDS_2,SWC_F_MDS_1_QC,SWC_F_MDS_2_QC,G_F_MDS,G_F_MDS_QC,LE_F_MDS,LE_F_MDS_QC,LE_CORR,LE_RANDUNC,H_F_MDS,H_F_MDS_QC,H_CORR,H_RANDUNC,EBC_CF_N,EBC_CF_METHOD,NIGHT_D,DAY_D,NIGHT_RANDUNC_N,DAY_RANDUNC_N,NEE_CUT_REF,NEE_VUT_REF,NEE_CUT_REF_QC,NEE_VUT_REF_QC,NEE_CUT_REF_RANDUNC,NEE_VUT_REF_RANDUNC,NEE_CUT_REF_JOINTUNC,NEE_VUT_REF_JOINTUNC,NEE_CUT_USTAR50,NEE_VUT_USTAR50,NEE_CUT_USTAR50_QC,NEE_VUT_USTAR50_QC,NEE_CUT_USTAR50_RANDUNC,NEE_VUT_USTAR50_RANDUNC,NEE_CUT_USTAR50_JOINTUNC,NEE_VUT_USTAR50_JOINTUNC,NEE_CUT_MEAN,NEE_VUT_MEAN,NEE_CUT_MEAN_QC,NEE_VUT_MEAN_QC,NEE_CUT_SE,NEE_VUT_SE,NEE_CUT_05,NEE_CUT_16,NEE_CUT_25,NEE_CUT_50,NEE_CUT_75,NEE_CUT_84,NEE_CUT_95,NEE_VUT_05,NEE_VUT_16,NEE_VUT_25,NEE_VUT_50,NEE_VUT_75,NEE_VUT_84,NEE_VUT_95,NEE_CUT_05_QC,NEE_CUT_16_QC,NEE_CUT_25_QC,NEE_CUT_50_QC,NEE_CUT_75_QC,NEE_CUT_84_QC,NEE_CUT_95_QC,NEE_VUT_05_QC,NEE_VUT_16_QC,NEE_VUT_25_QC,NEE_VUT_50_QC,NEE_VUT_75_QC,NEE_VUT_84_QC,NEE_VUT_95_QC,NEE_CUT_REF_NIGHT,NEE_VUT_REF_NIGHT,NEE_CUT_REF_NIGHT_SD,NEE_VUT_REF_NIGHT_SD,NEE_CUT_REF_NIGHT_QC,NEE_VUT_REF_NIGHT_QC,NEE_CUT_REF_NIGHT_RANDUNC,NEE_VUT_REF_NIGHT_RANDUNC,NEE_CUT_REF_NIGHT_JOINTUNC,NEE_VUT_REF_NIGHT_JOINTUNC,NEE_CUT_REF_DAY,NEE_VUT_REF_DAY,NEE_CUT_REF_DAY_SD,NEE_VUT_REF_DAY_SD,NEE_CUT_REF_DAY_QC,NEE_VUT_REF_DAY_QC,NEE_CUT_REF_DAY_RANDUNC,NEE_VUT_REF_DAY_RANDUNC,NEE_CUT_REF_DAY_JOINTUNC,NEE_VUT_REF_DAY_JOINTUNC,NEE_CUT_USTAR50_NIGHT,NEE_VUT_USTAR50_NIGHT,NEE_CUT_USTAR50_NIGHT_SD,NEE_VUT_USTAR50_NIGHT_SD,NEE_CUT_USTAR50_NIGHT_QC,NEE_VUT_USTAR50_NIGHT_QC,NEE_CUT_USTAR50_NIGHT_RANDUNC,NEE_VUT_USTAR50_NIGHT_RANDUNC,NEE_CUT_USTAR50_NIGHT_JOINTUNC,NEE_VUT_USTAR50_NIGHT_JOINTUNC,NEE_CUT_USTAR50_DAY,NEE_VUT_USTAR50_DAY,NEE_CUT_USTAR50_DAY_SD,NEE_VUT_USTAR50_DAY_SD,NEE_CUT_USTAR50_DAY_QC,NEE_VUT_USTAR50_DAY_QC,NEE_CUT_USTAR50_DAY_RANDUNC,NEE_VUT_USTAR50_DAY_RANDUNC,NEE_CUT_USTAR50_DAY_JOINTUNC,NEE_VUT_USTAR50_DAY_JOINTUNC,NEE_CUT_05_NIGHT,NEE_CUT_16_NIGHT,NEE_CUT_25_NIGHT,NEE_CUT_50_NIGHT,NEE_CUT_75_NIGHT,NEE_CUT_84_NIGHT,NEE_CUT_95_NIGHT,NEE_VUT_05_NIGHT,NEE_VUT_16_NIGHT,NEE_VUT_25_NIGHT,NEE_VUT_50_NIGHT,NEE_VUT_75_NIGHT,NEE_VUT_84_NIGHT,NEE_VUT_95_NIGHT,NEE_CUT_05_NIGHT_QC,NEE_CUT_16_NIGHT_QC,NEE_CUT_25_NIGHT_QC,NEE_CUT_50_NIGHT_QC,NEE_CUT_75_NIGHT_QC,NEE_CUT_84_NIGHT_QC,NEE_CUT_95_NIGHT_QC,NEE_VUT_05_NIGHT_QC,NEE_VUT_16_NIGHT_QC,NEE_VUT_25_NIGHT_QC,NEE_VUT_50_NIGHT_QC,NEE_VUT_75_NIGHT_QC,NEE_VUT_84_NIGHT_QC,NEE_VUT_95_NIGHT_QC,NEE_CUT_05_DAY,NEE_CUT_16_DAY,NEE_CUT_25_DAY,NEE_CUT_50_DAY,NEE_CUT_75_DAY,NEE_CUT_84_DAY,NEE_CUT_95_DAY,NEE_VUT_05_DAY,NEE_VUT_16_DAY,NEE_VUT_25_DAY,NEE_VUT_50_DAY,NEE_VUT_75_DAY,NEE_VUT_84_DAY,NEE_VUT_95_DAY,NEE_CUT_05_DAY_QC,NEE_CUT_16_DAY_QC,NEE_CUT_25_DAY_QC,NEE_CUT_50_DAY_QC,NEE_CUT_75_DAY_QC,NEE_CUT_84_DAY_QC,NEE_CUT_95_DAY_QC,NEE_VUT_05_DAY_QC,NEE_VUT_16_DAY_QC,NEE_VUT_25_DAY_QC,NEE_VUT_50_DAY_QC,NEE_VUT_75_DAY_QC,NEE_VUT_84_DAY_QC,NEE_VUT_95_DAY_QC,RECO_NT_VUT_REF,RECO_NT_VUT_USTAR50,RECO_NT_VUT_MEAN,RECO_NT_VUT_SE,RECO_NT_VUT_05,RECO_NT_VUT_16,RECO_NT_VUT_25,RECO_NT_VUT_50,RECO_NT_VUT_75,RECO_NT_VUT_84,RECO_NT_VUT_95,RECO_NT_CUT_REF,RECO_NT_CUT_USTAR50,RECO_NT_CUT_MEAN,RECO_NT_CUT_SE,RECO_NT_CUT_05,RECO_NT_CUT_16,RECO_NT_CUT_25,RECO_NT_CUT_50,RECO_NT_CUT_75,RECO_NT_CUT_84,RECO_NT_CUT_95,GPP_NT_VUT_REF,GPP_NT_VUT_USTAR50,GPP_NT_VUT_MEAN,GPP_NT_VUT_SE,GPP_NT_VUT_05,GPP_NT_VUT_16,GPP_NT_VUT_25,GPP_NT_VUT_50,GPP_NT_VUT_75,GPP_NT_VUT_84,GPP_NT_VUT_95,GPP_NT_CUT_REF,GPP_NT_CUT_USTAR50,GPP_NT_CUT_MEAN,GPP_NT_CUT_SE,GPP_NT_CUT_05,GPP_NT_CUT_16,GPP_NT_CUT_25,GPP_NT_CUT_50,GPP_NT_CUT_75,GPP_NT_CUT_84,GPP_NT_CUT_95,RECO_DT_VUT_REF,RECO_DT_VUT_USTAR50,RECO_DT_VUT_MEAN,RECO_DT_VUT_SE,RECO_DT_VUT_05,RECO_DT_VUT_16,RECO_DT_VUT_25,RECO_DT_VUT_50,RECO_DT_VUT_75,RECO_DT_VUT_84,RECO_DT_VUT_95,RECO_DT_CUT_REF,RECO_DT_CUT_USTAR50,RECO_DT_CUT_MEAN,RECO_DT_CUT_SE,RECO_DT_CUT_05,RECO_DT_CUT_16,RECO_DT_CUT_25,RECO_DT_CUT_50,RECO_DT_CUT_75,RECO_DT_CUT_84,RECO_DT_CUT_95,GPP_DT_VUT_REF,GPP_DT_VUT_USTAR50,GPP_DT_VUT_MEAN,GPP_DT_VUT_SE,GPP_DT_VUT_05,GPP_DT_VUT_16,GPP_DT_VUT_25,GPP_DT_VUT_50,GPP_DT_VUT_75,GPP_DT_VUT_84,GPP_DT_VUT_95,GPP_DT_CUT_REF,GPP_DT_CUT_USTAR50,GPP_DT_CUT_MEAN,GPP_DT_CUT_SE,GPP_DT_CUT_05,GPP_DT_CUT_16,GPP_DT_CUT_25,GPP_DT_CUT_50,GPP_DT_CUT_75,GPP_DT_CUT_84,GPP_DT_CUT_95,RECO_SR,RECO_SR_N
200201,-9999,-9999,-9999,-9999,-9999,-9999,-9999,-9999,3.694,2.177,2.209,6.065,2.704,3.694,0.0,2.177,2.209,0.0,6.065,2.704,0.0,141.058,-9999,-9999,70.704,70.704,0.0,-9999,-9999,224.475,224.475,0.0,-9999,-9999,276.549,276.549,0.0,-9999,-9999,1.408,1.408,0.0,101.796,101.796,0.0,0.625,0.625,0.0,1.041,1.041,0.0,-9999,-9999,-9999,-9999,-9999,-9999,-9999,-9999,-9999,-9999,-9999,-9999,-9999,-9999,-9999,-9999,-9999,-9999,-9999,-9999,-9999,-9999,-9999,-9999,-9999,1.0,37.0169,0.0,37.1843,-9999,39.5956,0.0,39.7747,-9999,2.0,3,29.2258,18.7742,0.0,0.0,0.292533,0.386418,0.0,0.0,-9999,-9999,-9999,-9999,0.291523,0.386418,0.0,0.0,-9999,-9999,-9999,-9999,0.381927,0.389331,0.0,0.0,0.0148332,0.0151261,0.291523,0.292533,0.297533,0.310123,0.479439,0.482907,0.520711,0.291523,0.292533,0.297533,0.386418,0.479439,0.499945,0.520711,0.0,0.0,0.0,0.0,0.0,0.0,0.0,0.0,0.0,0.0,0.0,0.0,0.0,0.0,2.00676,2.15609,0.913461,0.969898,0.0,0.0,-9999,-9999,-9999,-9999,-2.40611,-2.40691,1.35842,1.3566,0.0,0.0,-9999,-9999,-9999,-9999,2.00571,2.15609,0.914613,0.969898,0.0,0.0,-9999,-9999,-9999,-9999,-2.40691,-2.40691,1.3566,1.3566,0.0,0.0,-9999,-9999,-9999,-9999,2.00571,2.00676,2.01031,2.02899,2.30332,2.30436,2.36424,2.00571,2.00676,2.01031,2.15609,2.30332,2.33572,2.36546,0.0,0.0,0.0,0.0,0.0,0.0,0.0,0.0,0.0,0.0,0.0,0.0,0.0,0.0,-2.40691,-2.40691,-2.40691,-2.40611,-2.39953,-2.39953,-2.39487,-2.40691,-2.40691,-2.40691,-2.40611,-2.39953,-2.39953,-2.39487,0.0,0.0,0.0,0.0,0.0,0.0,0.0,0.0,0.0,0.0,0.0,0.0,0.0,0.0,1.42144,1.35725,1.41693,0.0128835,1.30868,1.32423,1.36639,1.38873,1.46091,1.51645,1.5664,1.4136,1.36991,1.41584,0.0121565,1.32019,1.32914,1.37046,1.40622,1.42576,1.48457,1.5664,0.984267,0.970836,1.0276,0.0229441,0.821229,0.841312,0.900317,0.984267,1.12823,1.1633,1.26879,1.08378,1.07838,1.03391,0.0225764,0.821229,0.849356,0.926784,0.995977,1.12823,1.1633,1.26879,0.767529,0.758594,0.80079,0.01333,0.757136,0.758161,0.758596,0.767562,0.768475,0.82031,1.01736,0.767686,0.768452,0.79569,0.0129934,0.757136,0.758161,0.758594,0.767529,0.768475,0.82031,1.02351,0.873912,0.871122,0.866026,0.00769852,0.699748,0.851166,0.871122,0.881081,0.883426,0.884497,0.915682,0.881081,0.882178,0.8665,0.0076746,0.683671,0.862782,0.871122,0.881081,0.882448,0.884491,0.884673,-9999,0.0
200202,-9999,-9999,-9999,-9999,-9999,-9999,-9999,-9999,7.161,5.476,1.988,9.264,2.834,7.161,0.0,5.476,1.988,0.0,9.264,2.834,0.0,204.182,-9999,-9999,97.171,97.171,0.0,-9999,-9999,264.768,264.768,0.0,-9999,-9999,315.589,315.589,0.0,-9999,-9999,1.597,1.597,0.0,100.903,100.903,0.0,3.716,3.716,0.0,1.479,1.479,0.0,-9999,-9999,-9999,-9999,-9999,-9999,-9999,-9999,-9999,-9999,-9999,-9999,-9999,-9999,-9999,-9999,-9999,-9999,-9999,-9999,-9999,-9999,-9999,-9999,9.1244,0.52381,36.9786,0.0,37.9147,-9999,39.6374,0.0,40.6409,-9999,3.0,3,26.6786,21.3214,0.0,0.0,0.268245,0.360617,0.0,0.0,-9999,-9999,-9999,-9999,0.267239,0.360617,0.0,0.0,-9999,-9999,-9999,-9999,0.358022,0.365524,0.0,0.0,0.0149295,0.015224,0.267239,0.268245,0.273227,0.286199,0.456503,0.459959,0.498232,0.267239,0.268245,0.273227,0.360617,0.456503,0.476936,0.498232,0.0,0.0,0.0,0.0,0.0,0.0,0.0,0.0,0.0,0.0,0.0,0.0,0.0,0.0,2.12581,2.28771,0.776384,0.813291,0.0,0.0,-9999,-9999,-9999,-9999,-2.0832,-2.08523,1.65743,1.65341,0.0,0.0,-9999,-9999,-9999,-9999,2.12569,2.28771,0.776508,0.813291,0.0,0.0,-9999,-9999,-9999,-9999,-2.08523,-2.08523,1.65341,1.65341,0.0,0.0,-9999,-9999,-9999,-9999,2.1253,2.12532,2.12569,2.14026,2.4541,2.4541,2.51905,2.1253,2.12532,2.12532,2.28771,2.4541,2.48292,2.52484,0.0,0.0,0.0,0.0,0.0,0.0,0.0,0.0,0.0,0.0,0.0,0.0,0.0,0.0,-2.08523,-2.08523,-2.08523,-2.0832,-2.07176,-2.07163,-2.07163,-2.08523,-2.08523,-2.08523,-2.0832,-2.07176,-2.07163,-2.07163,0.0,0.0,0.0,0.0,0.0,0.0,0.0,0.0,0.0,0.0,0.0,0.0,0.0,0.0,1.73524,1.75222,1.79435,0.0108291,1.70781,1.7341,1.73625,1.79129,1.82247,1.83482,1.93943,1.73073,1.70524,1.78827,0.00983937,1.70902,1.73073,1.73497,1.76859,1.82247,1.83482,1.93249,1.40003,1.3916,1.42883,0.0109804,1.31508,1.3352,1.37504,1.43956,1.468,1.48432,1.54182,1.44078,1.43801,1.43025,0.0106948,1.31508,1.34684,1.37832,1.43956,1.46683,1.48432,1.54454,1.23718,1.22277,1.26203,0.0114663,1.22043,1.22208,1.22278,1.23718,1.2387,1.27495,1.455,1.23743,1.23866,1.25777,0.0109585,1.22043,1.22208,1.22277,1.23718,1.2387,1.27037,1.455,1.12212,1.11919,1.11183,0.00880713,0.92302,1.09377,1.11919,1.13102,1.13347,1.13472,1.15536,1.13102,1.13231,1.11271,0.00887071,0.902052,1.1102,1.11919,1.13102,1.13231,1.13472,1.13473,-9999,0.0
200203,-9999,-9999,-9999,-9999,-9999,-9999,-9999,-9999,10.879,8.644,2.259,13.011,3.426,10.955,0.298387,8.857,2.217,0.304985,12.972,3.339,0.292804,294.323,-9999,-9999,171.044,171.91,0.298387,-9999,-9999,275.623,275.623,0.0,-9999,-9999,326.107,326.107,0.0,-9999,-9999,3.165,3.165,0.0,100.936,101.012,0.297715,0.802,0.789,0.297715,1.367,1.462,0.297715,-9999,-9999,-9999,-9999,-9999,-9999,-9999,-9999,-9999,-9999,-9999,-9999,-9999,-9999,-9999,-9999,-9999,-9999,-9999,-9999,-9999,-9999,-9999,-9999,7.25597,0.0,34.4082,0.298387,36.532,-9999,40.2523,0.299059,42.7367,-9999,3.0,3,23.5161,24.4839,0.0,0.0,0.190966,0.274266,0.295699,0.295027,-9999,-9999,-9999,-9999,0.195578,0.274266,0.295027,0.295027,-9999,-9999,-9999,-9999,0.261043,0.266609,0.295514,0.295481,0.0118678,0.0123074,0.186922,0.189506,0.194499,0.204527,0.322063,0.334125,0.390559,0.186922,0.189506,0.194499,0.266187,0.326863,0.350483,0.39146,0.297043,0.297043,0.297043,0.295699,0.295027,0.294355,0.293011,0.297043,0.297043,0.297043,0.295027,0.295027,0.294355,0.293683,1.99661,2.17977,0.877129,0.859388,0.304985,0.304985,-9999,-9999,-9999,-9999,-1.57577,-1.59391,2.13363,2.12389,0.287841,0.2866,-9999,-9999,-9999,-9999,2.0284,2.17977,0.854845,0.859388,0.304985,0.304985,-9999,-9999,-9999,-9999,-1.59459,-1.59391,2.12288,2.12389,0.2866,0.2866,-9999,-9999,-9999,-9999,1.97932,1.98453,1.99201,2.0284,2.27254,2.28729,2.40572,1.97932,1.98453,1.99201,2.1642,2.27764,2.30808,2.4125,0.304985,0.304985,0.304985,0.304985,0.304985,0.304985,0.304985,0.304985,0.304985,0.304985,0.304985,0.304985,0.304985,0.304985,-1.59785,-1.5964,-1.59459,-1.5873,-1.56744,-1.56724,-1.5647,-1.59951,-1.59695,-1.59524,-1.5873,-1.56744,-1.56724,-1.5647,0.2866,0.2866,0.2866,0.28536,0.290323,0.290323,0.290323,0.28536,0.2866,0.2866,0.28536,0.290323,0.290323,0.290323,1.96937,2.10101,2.07981,0.0201788,1.92768,1.9408,1.95186,2.09227,2.1932,2.20526,2.24514,1.97572,1.97546,2.07137,0.0194466,1.92768,1.94649,1.9577,1.98018,2.1932,2.20533,2.24514,1.82532,1.82674,1.8132,0.00843693,1.74076,1.75129,1.75736,1.82532,1.8668,1.87372,1.88228,1.78498,1.77988,1.81033,0.00823543,1.74076,1.75654,1.7657,1.78498,1.86492,1.87363,1.88441,1.95795,1.9891,1.98363,0.00543298,1.92627,1.94961,1.95101,1.98752,2.01019,2.01739,2.04331,2.01739,1.97067,1.98084,0.00521901,1.92627,1.94961,1.95101,1.97178,2.00575,2.01739,2.02578,1.75045,1.80451,1.71,0.00920503,1.54391,1.68017,1.69145,1.71416,1.74326,1.75045,1.80451,1.69162,1.70356,1.71131,0.00993361,1.51694,1.68017,1.69145,1.70674,1.74326,1.75934,1.80451,-9999,0.0
200204,13.536,1.0,11.907,1.999,1.0,14.738,2.902,1.0,12.853,10.677,1.814,14.461,2.804,13.536,1.0,11.907,1.999,1.0,14.738,2.902,1.0,386.886,175.581,1.0,176.035,175.581,1.0,-9999,-9999,307.619,307.619,0.0,-9999,-9999,357.109,357.109,0.0,-9999,-9999,3.434,3.434,0.0,100.51,100.768,1.0,2.458,3.033,1.0,1.4,1.337,0.788889,0.362404443651,0.7375,-9999,-9999,344.425821051,1.0,-9999,-9999,0.0,1.0,0.0,1.0,391.337,1.0,-9999,-9999,-9999,-9999,-9999,-9999,-9999,-9999,-9999,-9999,1.08804,0.0,29.247,1.0,39.374,-9999,20.8564,1.0,28.078,-9999,3.0,3,20.4667,27.5333,0.0,0.0,-2.99585,-2.95243,1.0,1.0,-9999,-9999,-9999,-9999,-3.03581,-2.95243,1.0,1.0,-9999,-9999,-9999,-9999,-3.02214,-3.02789,0.981354,0.979497,0.00847102,0.00964871,-3.12977,-3.09561,-3.05708,-3.00623,-2.99357,-2.98987,-2.95243,-3.13398,-3.12276,-3.06685,-3.00623,-2.99585,-2.98987,-2.95243,0.997222,0.943056,0.948611,1.0,1.0,1.0,1.0,0.943056,0.943056,0.942361,1.0,1.0,1.0,1.0,2.19571,2.48734,0.971019,0.790945,1.0,1.0,-9999,-9999,-9999,-9999,-6.52737,-6.66205,5.78141,5.80879,1.0,1.0,-9999,-9999,-9999,-9999,2.22485,2.48734,0.87244,0.790945,1.0,1.0,-9999,-9999,-9999,-9999,-6.61775,-6.66205,5.77267,5.80879,1.0,1.0,-9999,-9999,-9999,-9999,2.04225,2.14719,2.15657,2.22485,2.53802,2.55949,2.68998,2.04225,2.14719,2.15657,2.31025,2.55422,2.58116,2.68998,1.0,1.0,1.0,1.0,0.894737,0.894737,0.894737,1.0,1.0,1.0,1.0,0.894737,0.894737,0.894737,-6.99585,-6.97613,-6.84273,-6.65711,-6.51288,-6.50633,-6.46699,-7.05388,-6.99512,-6.94389,-6.66205,-6.51288,-6.50633,-6.46699,0.974713,0.973563,0.983908,1.0,1.0,1.0,1.0,0.974713,0.974713,0.974713,1.0,1.0,1.0,1.0,2.82503,3.32359,3.03176,0.0538148,2.45305,2.64605,2.77427,3.07313,3.3161,3.35477,3.47881,2.82455,2.85395,3.01436,0.0521314,2.45372,2.64178,2.77547,2.84596,3.31261,3.33568,3.46978,6.26503,6.27602,6.05965,0.0577882,5.44661,5.65228,5.77341,6.2029,6.38286,6.42726,6.55877,5.87431,5.88976,6.03649,0.0553961,5.44729,5.64801,5.77461,5.87431,6.3061,6.42726,6.53066,2.98479,3.09329,3.13843,0.0374643,2.73159,2.94144,2.96154,3.09329,3.2715,3.40904,3.5122,3.00676,3.40904,3.10211,0.0342118,2.73159,2.94144,2.96154,3.06797,3.21201,3.34096,3.40904,6.3148,6.18119,6.11646,0.0369317,5.74844,5.89135,5.90524,6.10235,6.28794,6.36634,6.55314,5.91659,6.10175,6.08365,0.0314228,5.74844,5.89135,5.90524,6.10175,6.17345,6.28794,6.39317,-9999,0.0
200205,17.887,1.0,15.915,1.868,1.0,19.023,2.839,1.0,17.066,14.826,1.918,18.37,2.651,17.887,1.0,15.915,1.868,1.0,19.023,2.839,1.0,455.538,224.777,1.0,210.553,224.777,1.0,-9999,-9999,330.345,330.345,0.0,-9999,-9999,379.129,379.129,0.0,-9999,-9999,3.802,3.802,0.0,100.579,100.757,1.0,6.072,4.361,1.0,1.292,1.296,0.725806,0.344240604074,0.630376344086,164.324178241,0.58064516129,452.110571306,1.0,-9999,-9999,0.0,1.0,0.0,1.0,385.822,0.944892,-9999,-9999,-9999,-9999,-9999,-9999,-9999,-9999,-9999,-9999,3.5543,0.708333,55.1914,0.952285,112.453,-9999,10.8962,0.951613,22.2011,-9999,1.0,2,17.7419,30.2581,0.0,0.0,-3.95145,-3.83486,0.949597,0.948253,-9999,-9999,-9999,-9999,-3.81823,-3.83486,0.949597,0.948253,-9999,-9999,-9999,-9999,-3.7186,-3.68708,0.941112,0.939382,0.0516603,0.0557944,-3.97212,-3.95145,-3.95117,-3.83486,-3.6317,-3.51499,-2.90315,-3.97212,-3.95145,-3.95117,-3.83486,-3.54418,-3.39078,-2.90315,0.950269,0.949597,0.950269,0.948253,0.938844,0.935484,0.906586,0.950269,0.949597,0.950269,0.948253,0.936828,0.929435,0.906586,4.26933,4.611,1.45076,1.20306,0.962649,0.962649,-9999,-9999,-9999,-9999,-8.49096,-8.51385,7.69245,7.80599,0.941226,0.939145,-9999,-9999,-9999,-9999,4.56452,4.611,1.2545,1.20306,0.962649,0.962649,-9999,-9999,-9999,-9999,-8.46015,-8.51385,7.77005,7.80599,0.941226,0.939145,-9999,-9999,-9999,-9999,4.18506,4.22316,4.23773,4.56452,5.00877,5.04454,5.58741,4.18506,4.22316,4.23773,4.611,5.02697,5.31867,5.58741,0.962649,0.962649,0.962649,0.962649,0.949066,0.949066,0.949066,0.962649,0.962649,0.962649,0.962649,0.949066,0.949066,0.949066,-8.55539,-8.51385,-8.4927,-8.46465,-8.43835,-8.26916,-7.6632,-8.55539,-8.51385,-8.49096,-8.46465,-8.33086,-8.26396,-7.6632,0.934767,0.939145,0.934767,0.942301,0.932543,0.927055,0.879368,0.934767,0.939145,0.941226,0.942301,0.929243,0.917188,0.879368,5.105,5.33982,5.26302,0.0883276,4.47911,4.62288,4.70666,5.328,5.68947,5.92656,6.0624,5.02077,5.14584,5.22678,0.0832843,4.48019,4.61711,4.70808,5.10536,5.64521,5.71398,6.07446,9.16286,9.17468,8.9501,0.0493286,8.4621,8.56408,8.65782,8.92323,9.25176,9.29436,9.32532,8.89913,8.96407,8.94538,0.0477787,8.4621,8.55832,8.65925,8.92359,9.24699,9.28943,9.29791,6.36501,6.68537,7.12298,0.0683009,6.36501,6.67811,6.75596,7.01034,7.48037,7.51465,7.84153,7.01034,6.86746,7.03764,0.0682538,6.36501,6.59531,6.67811,6.95001,7.4486,7.51129,7.62841,10.5766,10.1152,10.3496,0.0437769,9.83615,10.1152,10.1177,10.2922,10.5766,10.6632,10.7352,9.83615,10.1177,10.3012,0.0449857,9.83519,9.9501,10.1152,10.2893,10.4929,10.6403,10.6886,5.80146,0.977151
200206,23.414,1.0,20.973,1.71,1.0,24.65,3.324,1.0,22.623,19.884,1.787,24.011,2.82,23.414,1.0,20.973,1.71,1.0,24.65,3.324,1.0,485.889,270.84,1.0,247.672,270.84,1.0,-9999,-9999,362.444,362.444,0.0,-9999,-9999,410.23,410.23,0.0,-9999,-9999,6.729,6.729,0.0,100.741,100.936,1.0,2.3,1.8,0.986111,1.117,1.076,0.991667,0.292292030666,0.905555555556,169.083004019,0.995833333333,540.354340419,0.998611111111,-9999,-9999,0.0,1.0,0.0,1.0,381.603,1.0,23.054,20.278,21.698,1.0,1.0,1.0,18.494,-9999,0.995833,-9999,4.9876,1.0,81.4943,1.0,166.045,-9999,-1.00227,1.0,-2.04213,-9999,0.991667,1,16.1333,31.8667,0.0,0.0,-7.22346,-7.20684,1.0,0.996528,-9999,-9999,-9999,-9999,-7.19638,-7.25194,0.997917,0.995833,-9999,-9999,-9999,-9999,-7.16533,-7.152,0.995833,0.995399,0.0156889,0.0159121,-7.30061,-7.26279,-7.24046,-7.17979,-7.13869,-7.09857,-6.9523,-7.30954,-7.26285,-7.22346,-7.16133,-7.10955,-7.05509,-6.96214,0.998611,1.0,0.996528,0.997917,0.994444,0.994444,0.991667,0.995139,1.0,1.0,0.994444,1.0,0.99375,0.991667,4.50461,4.8579,1.87487,1.42185,1.0,1.0,-9999,-9999,-9999,-9999,-12.7586,-12.9146,11.0749,11.1712,1.0,0.994792,-9999,-9999,-9999,-9999,4.82993,4.87993,1.42901,1.40913,1.0,1.0,-9999,-9999,-9999,-9999,-12.8854,-12.9908,11.1553,11.1558,0.996875,0.99375,-9999,-9999,-9999,-9999,4.13415,4.31106,4.46539,4.84129,5.12724,5.16444,5.22903,4.09565,4.28805,4.46539,4.8579,5.14043,5.19004,5.25655,1.0,1.0,1.0,1.0,1.0,1.0,1.0,1.0,1.0,1.0,1.0,1.0,1.0,1.0,-13.0729,-13.0021,-12.9726,-12.898,-12.7009,-12.5888,-12.4258,-13.1024,-13.0233,-12.9612,-12.8854,-12.686,-12.5666,-12.4258,0.992708,0.991667,0.991667,0.996875,0.987433,1.0,1.0,0.970766,0.991667,0.956183,0.996875,0.986391,1.0,1.0,5.45353,5.72541,5.58912,0.0818163,4.77949,4.95616,5.13005,5.68012,6.06398,6.1148,6.17075,5.36732,5.58232,5.565,0.0785585,4.79819,4.99577,5.13005,5.55232,6.04656,6.09063,6.17908,12.887,12.9774,12.7411,0.0772511,11.87,12.0713,12.3476,12.887,13.1943,13.2252,13.3251,12.6657,12.7787,12.7303,0.0743914,11.913,12.1396,12.3485,12.7535,13.1681,13.2167,13.3199,7.33111,7.43643,7.85417,0.101789,7.2274,7.33111,7.40401,7.54173,8.04854,8.64505,9.2404,7.82253,7.32703,7.75781,0.0949431,7.15696,7.2645,7.38117,7.49128,7.82381,8.50184,9.2242,14.0573,13.844,13.751,0.101932,13.234,13.4098,13.4573,13.6268,14.0923,14.3722,14.6166,13.371,13.5756,13.7146,0.0968667,13.2209,13.3676,13.4084,13.6219,14.0743,14.2338,14.6025,8.37105,1.0
200207,23.027,1.0,20.364,1.718,1.0,24.471,3.272,1.0,22.897,20.448,1.84,24.211,2.762,23.027,1.0,20.364,1.718,1.0,24.471,3.272,1.0,471.209,269.125,1.0,248.406,269.125,1.0,-9999,-9999,360.865,360.865,0.0,-9999,-9999,408.701,408.701,0.0,-9999,-9999,7.069,7.069,0.0,100.542,100.778,1.0,3.255,2.652,0.995296,1.153,1.0,0.985887,0.29340302066,0.909274193548,169.092878834,0.994623655914,526.940384116,1.0,-9999,-9999,0.0,1.0,0.0,1.0,382.809,1.0,22.764,21.306,21.915,1.0,1.0,1.0,21.182,-9999,1.0,-9999,2.09445,1.0,90.1105,1.0,159.399,-9999,5.55328,1.0,9.82335,-9999,0.992608,1,16.7742,31.2258,0.0,0.0,-6.08507,-6.02024,1.0,0.998656,-9999,-9999,-9999,-9999,-6.03728,-5.98369,0.998656,0.998656,-9999,-9999,-9999,-9999,-6.09412,-6.10353,0.997749,0.997446,0.0106262,0.0115251,-6.24767,-6.17618,-6.13053,-6.08461,-6.05158,-6.04251,-5.99769,-6.24767,-6.18841,-6.14718,-6.08939,-6.05826,-6.03824,-5.99277,0.99328,1.0,0.997312,1.0,0.999328,0.998656,0.998656,0.99328,0.991935,1.0,1.0,0.997984,0.99664,0.999328,5.25982,5.60083,2.11032,1.70178,1.0,1.0,-9999,-9999,-9999,-9999,-11.8676,-11.9508,10.2989,10.4198,1.0,0.997984,-9999,-9999,-9999,-9999,5.54179,5.6341,1.75544,1.6723,1.0,1.0,-9999,-9999,-9999,-9999,-11.944,-11.9161,10.4431,10.445,0.997984,0.997984,-9999,-9999,-9999,-9999,4.96401,5.15146,5.20013,5.52523,5.77722,5.83859,5.91347,4.95453,5.13643,5.19611,5.60083,5.81182,5.87433,5.91347,1.0,1.0,1.0,1.0,1.0,1.0,1.0,1.0,1.0,1.0,1.0,1.0,1.0,1.0,-12.3681,-12.2481,-12.1927,-11.9178,-11.8627,-11.8379,-11.8246,-12.3642,-12.2818,-12.2462,-11.9508,-11.8603,-11.8476,-11.8246,0.986629,0.987637,0.983403,0.997984,1.0,1.0,1.0,0.987637,0.991903,0.993919,0.997984,1.0,0.998992,1.0,6.43262,6.76669,6.55394,0.0774065,5.67986,5.96028,6.15414,6.7036,6.89968,6.99588,7.13551,6.44067,6.55956,6.5364,0.0734227,5.67986,6.00526,6.15541,6.46165,6.89127,6.98866,7.06555,12.7238,12.7504,12.6575,0.0778569,11.7865,12.0691,12.231,12.7238,13.0942,13.1738,13.2934,12.4961,12.5968,12.6305,0.0748206,11.8032,12.0962,12.2375,12.5129,13.0664,13.1128,13.1938,8.04782,8.79907,8.46621,0.187404,6.70863,6.99971,7.45273,8.60997,9.35633,9.91119,10.1686,7.52356,8.73901,8.42507,0.178863,6.73174,6.98734,7.51752,8.62923,9.14813,9.62054,10.159,13.6549,13.5484,13.3227,0.157952,11.8556,12.0509,12.3729,13.4514,14.2206,14.3668,14.6617,12.9671,13.4718,13.2682,0.147443,11.859,12.0405,12.4955,13.4643,13.8719,14.1834,14.5833,7.764,1.0
200208,21.974,1.0,19.521,1.578,1.0,23.596,3.184,1.0,21.362,19.437,1.526,22.634,2.357,21.974,1.0,19.521,1.578,1.0,23.596,3.184,1.0,414.917,220.819,1.0,204.326,220.819,1.0,-9999,-9999,357.04,357.04,0.0,-9999,-9999,404.994,404.994,0.0,-9999,-9999,4.645,4.645,0.0,100.531,100.728,1.0,4.41,2.839,1.0,1.11,1.004,0.475806,-9999,-9999,135.692641268,1.0,431.725363936,1.0,-9999,-9999,0.0,1.0,0.0,1.0,403.059,1.0,21.477,20.949,21.053,1.0,1.0,1.0,21.911,-9999,1.0,-9999,1.8267,1.0,61.3154,1.0,102.569,-9999,18.7092,1.0,31.2969,-9999,1.0,1,19.0968,28.9032,0.0,0.0,-3.98354,-4.08352,1.0,0.991935,-9999,-9999,-9999,-9999,-3.82271,-4.07302,0.994624,0.989919,-9999,-9999,-9999,-9999,-4.14064,-4.17446,0.931569,0.918061,0.028447,0.0286447,-4.44481,-4.38367,-4.27271,-4.12493,-4.04727,-3.9395,-3.85505,-4.46953,-4.3932,-4.35918,-4.15743,-4.05118,-4.00396,-3.90245,1.0,0.881048,0.409946,1.0,1.0,0.995968,0.994624,1.0,0.841398,0.860215,0.985887,0.926747,0.617608,0.995968,4.82129,4.70437,0.775569,0.402953,1.0,1.0,-9999,-9999,-9999,-9999,-9.54428,-9.61165,8.18027,8.46385,1.0,0.98702,-9999,-9999,-9999,-9999,5.34638,4.73476,0.518285,0.405772,1.0,1.0,-9999,-9999,-9999,-9999,-9.62807,-9.61384,8.63939,8.49973,0.991398,0.983564,-9999,-9999,-9999,-9999,3.88425,4.27057,4.51886,4.74316,4.85779,4.96292,5.23853,3.86841,3.99153,4.5073,4.74403,4.84402,4.87954,5.34638,1.0,1.0,1.0,1.0,1.0,1.0,1.0,1.0,1.0,1.0,1.0,1.0,0.240323,1.0,-10.1919,-10.0971,-9.78217,-9.65415,-9.57273,-9.54428,-9.51352,-10.1919,-10.1184,-10.01,-9.67668,-9.58333,-9.54467,-9.51856,0.798101,0.621545,0.96882,0.982412,0.976651,1.0,0.997849,0.798101,0.513828,0.611791,1.0,1.0,0.997849,0.835579,5.84544,5.47576,5.49364,0.0892814,4.5604,4.77491,5.28712,5.57452,5.71318,5.83636,6.34414,5.85292,6.34414,5.52755,0.0840099,4.59146,4.91357,5.30736,5.57543,5.76377,5.85292,6.2908,9.53735,9.54878,9.6681,0.0747311,8.89984,9.10133,9.42299,9.56328,9.87467,9.98455,10.3454,9.75263,10.1669,9.66819,0.0687296,8.9694,9.25886,9.47295,9.56688,9.84209,10.0868,10.3272,8.12573,13.8591,9.2738,0.539077,4.70407,5.87785,7.12908,8.2138,12.1712,13.7168,14.1549,8.00243,8.30557,9.03633,0.515218,4.71752,6.05717,6.67758,8.21135,10.578,13.0496,14.2543,10.7905,12.9546,11.0329,0.307738,8.4237,9.05641,9.70949,10.2381,12.6699,13.4434,13.9324,10.1584,10.7772,10.8661,0.286001,8.39856,9.01367,9.50228,10.1584,11.719,13.4434,13.9882,6.65734,1.0
200209,17.989,1.0,15.862,1.529,1.0,19.817,3.032,1.0,17.273,15.621,1.423,18.69,2.503,17.989,1.0,15.862,1.529,1.0,19.817,3.032,1.0,331.299,164.27,1.0,155.912,164.27,1.0,-9999,-9999,327.065,327.065,0.0,-9999,-9999,375.951,375.951,0.0,-9999,-9999,3.241,3.241,0.0,100.752,100.913,1.0,4.533,2.033,1.0,1.13,0.959,0.988194,0.280188259791,0.88125,84.9204753895,0.999305555556,316.284077222,0.999305555556,-9999,-9999,0.0,1.0,0.0,1.0,394.57,1.0,18.113,19.198,18.483,1.0,1.0,1.0,21.531,-9999,1.0,-9999,-1.75281,1.0,37.4488,1.0,62.0536,0.641104,14.9114,1.0,24.7085,1.17025,0.999306,1,22.1667,25.8333,0.0,0.0,-1.06132,-1.0099,0.999306,0.998611,-9999,-9999,-9999,-9999,-1.0066,-0.989448,0.998611,0.998611,-9999,-9999,-9999,-9999,-1.08167,-1.09647,0.998785,0.998785,0.0149743,0.0170939,-1.30134,-1.2153,-1.10061,-1.04528,-1.02284,-1.00705,-0.998278,-1.33209,-1.23411,-1.17544,-1.05565,-1.03284,-1.01757,-0.995337,0.998611,0.998611,0.998611,0.999306,0.998611,0.998611,0.998611,0.998611,0.998611,0.998611,0.998611,0.999306,0.999306,0.999306,3.09858,3.22731,1.81957,1.49425,1.0,1.0,-9999,-9999,-9999,-9999,-4.50823,-4.5257,4.57991,4.59017,0.998718,0.997483,-9999,-9999,-9999,-9999,3.21935,3.23461,1.51656,1.46775,1.0,1.0,-9999,-9999,-9999,-9999,-4.5125,-4.49488,4.58697,4.61615,0.997483,0.997483,-9999,-9999,-9999,-9999,2.9269,3.01074,3.10061,3.12842,3.20075,3.23231,3.25624,2.94159,2.98005,3.04913,3.12367,3.18805,3.23933,3.25408,1.0,1.0,1.0,1.0,1.0,1.0,1.0,1.0,1.0,1.0,1.0,1.0,1.0,1.0,-4.76838,-4.67539,-4.63135,-4.52251,-4.48681,-4.47875,-4.46883,-4.80413,-4.68055,-4.65147,-4.52819,-4.49359,-4.48198,-4.46486,0.997483,0.997483,0.997483,0.997483,0.998718,0.998718,0.998718,0.997483,0.997483,0.997483,0.998718,0.998718,0.998718,0.998718,3.72527,3.82493,3.64831,0.0216572,3.46176,3.53539,3.5647,3.61512,3.72527,3.79571,3.86267,3.72082,3.751,3.66717,0.0191217,3.5105,3.53599,3.58319,3.63045,3.73208,3.80436,3.86267,4.80504,4.81438,4.74477,0.0211031,4.55468,4.63617,4.65146,4.72955,4.78642,4.84643,4.94083,4.70786,4.75759,4.74884,0.0188142,4.59415,4.64101,4.65436,4.72684,4.79342,4.84643,4.93739,6.19832,6.17096,5.88549,0.0710488,5.21721,5.40566,5.47776,5.90799,6.25416,6.34052,6.46931,6.27658,6.46931,5.97632,0.0805884,5.23821,5.37114,5.46627,6.0938,6.34052,6.5084,6.61077,5.85985,5.92759,5.79698,0.0375104,5.41735,5.47973,5.51894,5.85985,5.96297,6.02689,6.09451,5.90945,6.0842,5.84033,0.0425193,5.40936,5.49034,5.57874,5.88896,6.02253,6.11532,6.1933,4.62875,1.0
200210,13.571,1.0,12.296,1.792,1.0,14.993,2.969,1.0,13.483,11.909,1.913,15.259,2.884,13.571,1.0,12.296,1.792,1.0,14.993,2.969,1.0,237.988,85.372,1.0,110.952,85.372,1.0,-9999,-9999,301.397,301.397,0.0,361.294,0.774194,351.08,357.88,0.774194,3.107,0.774194,2.378,2.944,0.774194,100.694,100.909,1.0,2.48,2.275,0.995296,1.232,0.926,0.990591,0.228652989355,0.836021505376,28.0669279621,0.995295698925,166.687190601,1.0,-9999,-9999,0.0,1.0,0.0,1.0,419.593,1.0,13.33,15.293,14.012,1.0,1.0,1.0,24.893,-9999,1.0,-9999,-2.54259,1.0,12.7226,0.999328,15.5512,0.198446,12.3701,1.0,15.1203,0.353621,0.994624,1,25.3871,22.6129,25.0,19.0323,0.862938,1.16013,0.983871,0.981183,0.0542074,0.0510279,0.1901,0.189421,1.08132,1.15375,0.981183,0.979839,0.049627,0.0515148,0.188844,0.189553,1.10022,1.11211,0.926899,0.91749,0.0260614,0.0265684,0.86597,0.921601,0.934782,1.04595,1.24436,1.28602,1.3568,0.858247,0.93454,0.941394,1.08842,1.2828,1.29938,1.34873,0.983199,0.986559,0.985215,0.981855,0.886425,0.834677,0.794355,0.983871,0.983871,0.985215,0.90457,0.901882,0.6875,0.765457,1.9588,2.35757,0.903221,0.754718,0.996278,0.996278,0.0637012,0.0637012,0.298457,0.304235,-0.411253,-0.246201,2.24111,2.28251,0.969828,0.964154,0.0770842,0.0770842,0.118195,0.127236,2.2228,2.36838,0.754542,0.749784,0.996278,0.995083,0.0617033,0.0643668,0.298037,0.304375,-0.259332,-0.269903,2.26136,2.30261,0.964154,0.962618,0.0753141,0.0777442,0.117048,0.127637,1.92318,2.0298,2.05753,2.24135,2.51968,2.61296,2.67089,1.92318,2.04668,2.07877,2.34834,2.54458,2.64166,2.68177,0.996278,0.997519,0.996278,0.997519,0.880528,0.833423,0.735443,0.996278,0.996278,0.997519,0.925501,0.834714,0.956469,0.813554,-0.440629,-0.40357,-0.374226,-0.330695,-0.246201,-0.224372,-0.160446,-0.448603,-0.40357,-0.37755,-0.33655,-0.246201,-0.201115,-0.162196,0.664664,0.974099,0.969828,0.929768,0.964154,0.723039,0.859533,0.633227,0.974099,0.971294,0.949931,0.964154,0.833759,0.859533,2.56678,2.85044,2.48989,0.0522746,2.01716,2.12753,2.17107,2.56817,2.70829,2.78128,2.8686,2.5613,2.61205,2.48399,0.0496665,2.01477,2.12997,2.17107,2.56813,2.69854,2.78128,2.90181,1.63964,1.69669,1.37778,0.0332269,1.08165,1.15621,1.21998,1.35968,1.49466,1.52137,1.69509,1.20709,1.53073,1.38377,0.0313916,1.08178,1.15621,1.24385,1.40011,1.50484,1.55085,1.69986,3.34928,4.23725,3.62929,0.108797,2.64516,3.01881,3.1917,3.4205,3.901,4.46457,4.86472,3.25996,4.86472,3.55178,0.104928,2.64516,2.97485,3.08567,3.36629,3.8577,4.19365,4.62984,1.82922,2.226,1.93515,0.042474,1.51471,1.69485,1.72831,1.89459,2.06558,2.18576,2.37439,1.88128,2.47141,1.90269,0.0375894,1.51273,1.69485,1.75504,1.87642,2.0297,2.14144,2.35281,2.63354,1.0
200211,9.849,1.0,9.338,1.364,1.0,10.542,1.543,1.0,10.369,9.425,1.505,11.686,1.601,9.849,1.0,9.338,1.364,1.0,10.542,1.543,1.0,160.362,34.423,0.998611,49.017,34.654,0.998611,-9999,-9999,304.395,304.395,0.0,339.677,0.998611,353.985,339.643,0.998611,1.377,1.0,1.191,1.377,1.0,100.353,100.569,1.0,6.667,7.627,1.0,1.489,1.378,0.741667,0.266257945526,0.596527777778,-2.85668694423,0.996527777778,67.9365110242,0.998611111111,-9999,-9999,0.0,1.0,0.0,1.0,432.937,0.951389,10.473,12.472,11.096,1.0,1.0,1.0,41.372,-9999,0.991667,-9999,-2.36898,1.0,3.76454,0.952778,4.6015,0.115049,1.95231,0.951389,2.38636,0.283346,1.0,2,28.2333,19.7667,28.2333,19.7667,1.37689,1.43813,0.95,0.947917,0.0558596,0.0546391,0.0823325,0.0778794,1.43426,1.44901,0.949306,0.947917,0.0544326,0.0550325,0.081371,0.0781559,1.3984,1.39585,0.947101,0.946424,0.00848443,0.00890108,1.28816,1.33404,1.36407,1.4075,1.43894,1.45501,1.46836,1.28077,1.33732,1.36253,1.40532,1.43719,1.44831,1.47326,0.949306,0.949306,0.95,0.95,0.947917,0.948611,0.944444,0.949306,0.95,0.949306,0.949306,0.947917,0.963194,0.945833,1.63509,1.7264,1.23081,1.08099,0.961817,0.960626,0.0691436,0.0690769,0.102265,0.100813,0.895876,0.912549,1.53971,1.46761,0.933952,0.930443,0.0813461,0.0813207,0.0878051,0.0907269,1.7185,1.7375,1.08206,1.08036,0.960626,0.960626,0.0688132,0.0694814,0.102042,0.10109,0.914961,0.922251,1.49336,1.47626,0.933952,0.930443,0.0810179,0.0820669,0.0875011,0.0913964,1.53476,1.58102,1.61697,1.68,1.72229,1.73171,1.75356,1.52374,1.58486,1.61126,1.67069,1.7185,1.73171,1.77576,0.961817,0.986505,0.961817,0.961817,0.992813,0.960626,0.992813,0.961817,0.961817,0.961817,0.988889,0.960626,0.960626,0.945849,0.831777,0.876422,0.890292,0.898433,0.919577,0.942529,0.951958,0.822538,0.861248,0.889048,0.899144,0.919577,0.941704,0.95474,0.932285,0.932285,0.933952,0.933952,0.930443,0.911316,0.932268,0.932285,0.893768,0.862886,0.933952,0.930443,0.922506,0.93084,1.80049,1.78178,1.67579,0.020995,1.45435,1.46775,1.56575,1.73275,1.78699,1.80261,1.82718,1.79942,1.78917,1.68597,0.0202253,1.46354,1.47955,1.56876,1.73328,1.78699,1.80332,1.82729,0.333809,0.332775,0.27994,0.0214612,0.0590986,0.0918213,0.152479,0.339658,0.401236,0.408423,0.426523,0.385078,0.354909,0.287569,0.0212754,0.0590986,0.115641,0.153908,0.341716,0.402824,0.414704,0.426597,1.30132,1.56761,1.71297,0.048425,1.1259,1.36707,1.58242,1.69248,1.83335,1.92655,2.26947,1.66804,1.58242,1.68857,0.0470215,1.13919,1.36707,1.57333,1.66804,1.78221,1.87093,2.28548,0.428173,0.308945,0.372254,0.0245656,0.127501,0.21907,0.252116,0.341513,0.414733,0.463527,0.725836,0.183814,0.23109,0.35838,0.0242205,0.129769,0.222202,0.244065,0.335377,0.396586,0.478115,0.725836,1.90994,1.0
200212,5.648,1.0,5.392,0.907,1.0,6.061,1.058,1.0,5.799,4.98,1.282,7.118,1.533,5.648,1.0,5.392,0.907,1.0,6.061,1.058,1.0,123.922,28.727,1.0,41.689,28.727,1.0,-9999,-9999,272.582,272.582,0.0,307.367,1.0,323.161,307.367,1.0,0.932,1.0,0.825,0.932,1.0,100.853,101.144,1.0,1.744,3.219,1.0,1.185,1.211,0.475806,-9999,-9999,-2.56857514528,0.998655913978,53.1097292172,0.999327956989,-9999,-9999,0.0,1.0,0.0,1.0,434.017,0.886425,7.529,10.033,8.421,0.790323,0.790323,0.790323,44.419,-9999,0.649866,-9999,-4.35274,0.793683,2.05346,0.881048,2.36611,0.0572326,3.46408,0.884409,3.99151,0.169556,1.0,2,29.5806,18.4194,29.5806,18.4194,1.1909,1.04947,0.863575,0.863575,0.0369773,0.0356806,0.151131,0.166315,1.06108,1.05102,0.861559,0.863575,0.0354956,0.0361273,0.150775,0.166412,1.08426,1.06845,0.840239,0.833048,0.0204317,0.0226724,0.834643,0.907296,1.02154,1.09784,1.18063,1.20037,1.20706,0.804923,0.866012,0.96163,1.09619,1.18063,1.1909,1.2067,0.855511,0.854839,0.850806,0.863575,0.863575,0.863575,0.863575,0.576613,0.854839,0.856855,0.84879,0.863575,0.863575,0.863575,1.2965,1.17236,0.532505,0.460458,0.932147,0.929922,0.0437736,0.0436967,0.165025,0.218761,0.915135,0.757598,0.762027,0.619726,0.757027,0.760423,0.0557372,0.0557134,0.108539,0.118304,1.17963,1.17521,0.456659,0.459787,0.929922,0.929922,0.0434848,0.0442296,0.164949,0.218868,0.774367,0.756844,0.630103,0.620042,0.755329,0.760423,0.0553948,0.0564393,0.108363,0.118647,0.794807,0.978272,1.11752,1.21043,1.28242,1.2965,1.35415,0.796226,0.864166,1.03718,1.20902,1.26682,1.29287,1.35415,0.914349,0.914349,0.903226,0.897664,0.935484,0.932147,0.931034,0.914349,0.913237,0.914349,0.897664,0.935484,0.932147,0.931034,0.686049,0.752564,0.758906,0.832686,0.925049,0.938833,0.959621,0.669819,0.730105,0.758425,0.836651,0.928715,0.938833,0.954694,0.75665,0.765516,0.760423,0.763347,0.757027,0.757027,0.757027,0.556876,0.555084,0.760423,0.763347,0.757027,0.757027,0.757027,1.29873,1.23129,1.15207,0.0395589,0.613438,0.829144,0.885802,1.23567,1.31185,1.36664,1.44737,1.29926,1.22885,1.18759,0.0359383,0.649928,0.856141,1.18658,1.23854,1.32167,1.36664,1.44025,0.178617,0.180274,0.0836123,0.023165,-0.192398,-0.0665156,-0.0230349,0.0886339,0.167793,0.226917,0.327907,0.108546,0.167769,0.103326,0.0225086,-0.192398,-0.0428903,0.0338941,0.108546,0.179364,0.227239,0.332127,0.511504,0.744282,0.912969,0.0508502,0.444694,0.61602,0.747413,0.845501,0.995314,1.3321,1.3967,0.617743,0.84607,0.88356,0.054623,0.444694,0.606444,0.666069,0.843686,0.881679,1.3321,1.40726,0.238694,0.161245,0.121767,0.0214226,0.0,0.0,0.0,0.060274,0.238694,0.265651,0.300061,0.0577771,0.205044,0.131666,0.0210608,0.0,0.0,0.0,0.0611034,0.256296,0.261546,0.300061,1.38694,1.0
200301,2.853,1.0,2.321,1.342,1.0,3.646,1.726,1.0,4.089,2.699,1.796,6.217,2.255,2.853,1.0,2.321,1.342,1.0,3.646,1.726,1.0,141.058,48.962,1.0,69.569,48.962,1.0,-9999,-9999,234.221,234.221,0.0,278.467,1.0,285.992,278.467,1.0,1.189,1.0,1.245,1.189,1.0,100.592,100.609,1.0,1.03,1.123,0.695565,1.407,1.439,0.758065,0.247987931431,0.747311827957,3.03348352067,0.691532258065,93.7448795013,1.0,-9999,-9999,0.0,1.0,0.0,1.0,427.048,0.997312,3.333,4.504,6.767,1.0,1.0,1.0,37.471,-9999,1.0,-9999,-5.09557,1.0,3.45179,0.997312,3.97735,0.141521,6.1605,0.997312,7.09848,0.400573,0.688844,1,29.2258,18.7742,29.2258,18.7742,0.638633,0.641934,0.99664,0.99328,0.051296,0.0497289,0.0556498,0.0540037,0.632628,0.632532,0.99328,0.99328,0.0497777,0.0498523,0.0542534,0.0541173,0.628544,0.628329,0.99165,0.99165,0.00618857,0.00613383,0.570562,0.600111,0.613062,0.626423,0.64203,0.643268,0.652403,0.570562,0.600111,0.610295,0.626996,0.640117,0.642227,0.652429,0.984543,0.99664,0.991935,0.99664,0.99328,0.992608,0.99328,0.984543,0.99664,0.991935,0.99328,0.992608,0.99664,0.99328,0.850331,0.821695,1.20376,1.05039,1.0,1.0,0.0584016,0.0580291,0.0630486,0.06243,0.26525,0.31525,1.67786,1.64964,0.991219,0.982796,0.0835001,0.0827702,0.092473,0.0917613,0.807542,0.807542,1.04675,1.04675,1.0,1.0,0.0580819,0.0581802,0.0627526,0.0625705,0.314414,0.314169,1.64874,1.64893,0.982796,0.982796,0.0828583,0.0829635,0.0918938,0.0919356,0.771989,0.80312,0.809402,0.822172,0.842816,0.850633,0.863183,0.768549,0.804584,0.808999,0.825584,0.842065,0.850633,0.863183,1.0,1.0,1.0,1.0,1.0,1.0,1.0,1.0,1.0,1.0,1.0,1.0,1.0,1.0,0.129731,0.236024,0.247496,0.261727,0.304989,0.315496,0.332197,0.137097,0.236024,0.247496,0.262914,0.305343,0.31525,0.330318,0.969534,0.991219,0.991219,0.991219,0.991219,0.982796,0.981183,0.969534,0.991219,0.991219,0.991219,0.982796,0.982796,0.981183,0.853701,0.811582,0.840552,0.0109638,0.708579,0.787715,0.812735,0.835832,0.869951,0.880752,0.907194,0.853701,0.811582,0.840552,0.0109638,0.708579,0.787715,0.812735,0.835832,0.869951,0.880752,0.907194,0.176087,0.179049,0.212222,0.00846611,0.107503,0.154498,0.181243,0.216694,0.242736,0.257023,0.267421,0.197115,0.178953,0.212008,0.00837511,0.107192,0.164783,0.179578,0.216694,0.24431,0.252261,0.267421,0.996359,1.0677,1.07815,0.0352397,0.875708,0.936657,0.953733,1.03169,1.09628,1.19956,1.28599,0.953017,1.0677,1.07815,0.0352397,0.875708,0.936657,0.953733,1.03169,1.09628,1.19956,1.28599,0.363115,0.322098,0.34491,0.0100861,0.271761,0.285441,0.293295,0.322167,0.382833,0.415132,0.46629,0.293295,0.322098,0.34491,0.0100861,0.271761,0.285441,0.293295,0.322167,0.382833,0.415132,0.46629,1.09,1.0
200302,2.859,1.0,1.642,2.286,1.0,4.373,3.073,1.0,3.343,1.492,2.12,5.638,2.72,2.859,1.0,1.642,2.286,1.0,4.373,3.073,1.0,204.182,106.423,1.0,119.357,106.423,1.0,-9999,-9999,224.559,224.559,0.0,258.923,1.0,276.631,258.923,1.0,3.178,1.0,1.722,3.178,1.0,101.2,101.278,1.0,0.059,0.202,0.802083,1.308,1.636,0.991071,0.279906723462,0.991071428571,23.0621021117,0.802083333333,207.181129423,1.0,-9999,-9999,0.0,1.0,0.0,1.0,425.889,1.0,1.426,2.274,4.336,1.0,1.0,1.0,33.391,10.002,1.0,1.0,-3.55244,1.0,8.00756,1.0,6.86077,0.222191,19.7575,1.0,16.9279,0.59393,0.802083,1,26.6786,21.3214,26.6786,21.2857,0.598958,0.591633,0.999256,0.99628,0.0586593,0.0559842,0.108798,0.107379,0.589185,0.589185,0.99628,0.99628,0.0560031,0.0560031,0.107389,0.107389,0.554016,0.554016,0.983036,0.983036,0.0156926,0.0156926,0.379152,0.455122,0.497969,0.584605,0.611156,0.638381,0.672441,0.379152,0.455122,0.497969,0.584605,0.611156,0.638381,0.672441,0.922619,0.986607,0.981399,0.998512,0.998512,1.0,1.0,0.922619,0.986607,0.981399,0.998512,0.998512,1.0,1.0,0.958141,0.954956,1.17849,1.11182,0.998677,0.998677,0.0694252,0.0690451,0.106923,0.106677,0.0941157,0.0877615,2.18759,1.99589,1.0,0.993429,0.0856069,0.0853787,0.118868,0.118704,0.954677,0.954677,1.1118,1.1118,0.998677,0.998677,0.0690519,0.0690519,0.106681,0.106681,0.0830417,0.0830417,1.99775,1.99775,0.993429,0.993429,0.0854284,0.0854284,0.11874,0.11874,0.811332,0.859361,0.878253,0.944467,0.96805,1.022,1.0803,0.811332,0.859361,0.878253,0.944467,0.96805,1.022,1.0803,1.0,0.939697,0.94662,0.998677,0.998677,1.0,1.0,1.0,0.939697,0.94662,0.998677,0.998677,1.0,1.0,-0.19072,-0.0601505,-0.0264489,0.0638131,0.0941157,0.104788,0.109095,-0.19072,-0.0601505,-0.0264489,0.0638131,0.0941157,0.104788,0.109095,0.925425,0.946684,0.983605,1.0,1.0,1.0,1.0,0.925425,0.946684,0.983605,1.0,1.0,1.0,1.0,0.955314,0.996157,0.990606,0.0177019,0.885979,0.944934,0.955061,0.988985,1.03849,1.08666,1.12652,0.955314,0.996157,0.990606,0.0177019,0.885979,0.944934,0.955061,0.988985,1.03849,1.08666,1.12652,0.405113,0.406972,0.436589,0.0135349,0.337814,0.349627,0.357044,0.421184,0.491015,0.515905,0.591064,0.346241,0.406972,0.436589,0.0135349,0.337814,0.349627,0.357044,0.421184,0.491015,0.515905,0.591064,0.982711,0.529536,0.962723,0.0498145,0.555183,0.656863,0.746943,0.921459,1.05945,1.15396,1.40507,0.746943,0.529536,0.962723,0.0498145,0.555183,0.656863,0.746943,0.921459,1.05945,1.15396,1.40507,0.620066,0.295687,0.525893,0.0242735,0.293055,0.377664,0.409676,0.4891,0.620066,0.661567,0.771474,0.481238,0.295687,0.525893,0.0242735,0.293055,0.377664,0.409676,0.4891,0.620066,0.661567,0.771474,0.916597,1.0
200303,10.328,1.0,8.81,2.734,1.0,11.776,4.133,1.0,9.95,7.489,2.472,12.312,3.99,10.328,1.0,8.81,2.734,1.0,11.776,4.133,1.0,294.323,160.588,1.0,182.035,160.588,1.0,-9999,-9999,267.239,267.239,0.0,314.893,1.0,317.984,314.893,1.0,4.865,1.0,3.009,4.865,1.0,101.402,101.334,1.0,0.15,0.4,1.0,1.091,1.633,0.985887,0.286889952951,0.986559139785,67.3068247204,1.0,316.356991637,1.0,-9999,-9999,0.0,1.0,0.0,1.0,400.011,1.0,8.529,8.182,8.28,0.999328,0.999328,0.999328,33.043,9.703,0.999328,0.999328,5.10001,0.999328,14.2466,1.0,15.1998,0.274122,44.0882,1.0,47.0378,0.652974,0.997984,1,23.5161,24.4839,23.5161,24.4839,0.269771,0.305869,0.995968,0.994624,0.0543443,0.0526197,0.0622679,0.0607686,0.316633,0.316633,0.994624,0.994624,0.0525575,0.0525575,0.0607148,0.0607148,0.282002,0.282002,0.986341,0.986341,0.009657,0.009657,0.0824997,0.265271,0.269771,0.297263,0.309804,0.326066,0.338362,0.0824997,0.265271,0.269771,0.297263,0.309804,0.326066,0.338362,0.950941,0.995968,0.995968,0.997312,0.994624,0.985215,0.979839,0.950941,0.995968,0.995968,0.997312,0.994624,0.985215,0.979839,1.24821,1.28128,1.42778,1.25182,0.998656,0.998656,0.0700469,0.0703442,0.0939296,0.0941515,-0.662899,-0.626735,2.15416,2.05524,0.99328,0.990533,0.0728832,0.0729202,0.0865304,0.0865616,1.28924,1.28924,1.24887,1.24887,0.998656,0.998656,0.0702519,0.0702519,0.0940826,0.0940826,-0.612965,-0.612965,2.02834,2.02834,0.990533,0.990533,0.0728423,0.0728423,0.0864959,0.0864959,0.89884,1.17965,1.21082,1.24952,1.28331,1.30481,1.31697,0.89884,1.17965,1.21082,1.24952,1.28331,1.30481,1.31697,0.984516,0.987043,0.992204,0.998656,1.0,0.998656,1.0,0.984516,0.987043,0.992204,0.998656,1.0,0.998656,1.0,-0.672417,-0.6641,-0.654779,-0.631964,-0.597982,-0.570814,-0.542678,-0.672417,-0.6641,-0.654779,-0.631964,-0.597982,-0.570814,-0.542678,0.99328,0.99328,0.995968,0.995968,0.998656,0.978409,0.975663,0.99328,0.99328,0.995968,0.995968,0.998656,0.978409,0.975663,1.34472,1.32915,1.31127,0.0169104,1.06628,1.25917,1.27327,1.31226,1.34472,1.40084,1.46674,1.34472,1.32915,1.31127,0.0169104,1.06628,1.25917,1.27327,1.31226,1.34472,1.40084,1.46674,1.0168,1.01251,1.02927,0.0125211,0.965885,0.979334,0.987122,1.00426,1.03739,1.16093,1.18084,1.03658,1.01251,1.02927,0.0125211,0.965885,0.979334,0.987122,1.00426,1.03739,1.16093,1.18084,1.43212,1.54316,1.48564,0.0275629,1.19263,1.22775,1.39884,1.48221,1.5765,1.63744,1.71591,1.52833,1.54316,1.48564,0.0275629,1.19263,1.22775,1.39884,1.48221,1.5765,1.63744,1.71591,1.32897,1.20856,1.19058,0.0134071,1.04415,1.07671,1.13158,1.19763,1.24559,1.25944,1.31358,1.23857,1.20856,1.19058,0.0134071,1.04415,1.07671,1.13158,1.19763,1.24559,1.25944,1.31358,1.75881,1.0
200304,12.998,1.0,11.068,2.024,1.0,14.427,2.942,1.0,12.719,10.561,2.148,14.309,3.214,12.998,1.0,11.068,2.024,1.0,14.427,2.942,1.0,386.886,193.628,1.0,200.068,193.628,1.0,-9999,-9999,297.713,297.713,0.0,338.108,1.0,347.511,338.108,1.0,5.303,1.0,3.935,5.303,1.0,100.739,100.633,1.0,1.421,1.547,1.0,1.45,1.398,0.684028,0.415140371441,0.645833333333,100.913307094,0.999305555556,391.807068495,1.0,-9999,-9999,0.0,1.0,0.0,1.0,395.343,0.897917,12.666,12.502,12.346,1.0,1.0,1.0,33.214,9.615,1.0,1.0,4.492,1.0,32.2542,0.893056,40.6879,0.491823,41.9989,0.895139,52.9807,0.69907,0.890972,1,20.4667,27.5333,20.4667,27.5,-2.25651,-2.20249,0.886806,0.878472,0.066736,0.0623427,0.0961767,0.093182,-2.19765,-2.19765,0.877778,0.877778,0.0622011,0.0622011,0.0930873,0.0930873,-2.25024,-2.25024,0.863576,0.863576,0.0104744,0.0104744,-2.32857,-2.32009,-2.29779,-2.2637,-2.22002,-2.18158,-2.12399,-2.32857,-2.32009,-2.29779,-2.2637,-2.22002,-2.18158,-2.12399,0.888194,0.888194,0.886111,0.827778,0.734028,0.882639,0.851389,0.888194,0.888194,0.886111,0.827778,0.734028,0.882639,0.851389,1.77987,1.89713,1.04546,0.945616,0.962982,0.952456,0.0794051,0.0818661,0.144589,0.145955,-4.96779,-4.95721,4.79286,4.74655,0.834154,0.827255,0.0846881,0.0852539,0.105354,0.10581,1.88006,1.88006,0.953213,0.953213,0.952456,0.952456,0.081717,0.081717,0.145871,0.145871,-4.93808,-4.93808,4.72328,4.72328,0.826105,0.826105,0.0850406,0.0850406,0.105638,0.105638,1.67743,1.70115,1.74369,1.78966,1.90177,1.94281,2.01232,1.67743,1.70115,1.74369,1.78966,1.90177,1.94281,2.01232,0.964737,0.964737,0.962982,0.952456,0.954211,0.92114,0.92114,0.964737,0.964737,0.962982,0.952456,0.954211,0.92114,0.92114,-5.09252,-5.05043,-5.01566,-4.99017,-4.95721,-4.92509,-4.906,-5.09252,-5.05043,-5.01566,-4.99017,-4.95721,-4.92509,-4.906,0.775875,0.767333,0.835345,0.760124,0.827255,0.833002,0.792087,0.775875,0.767333,0.835345,0.760124,0.827255,0.833002,0.792087,2.19476,2.20673,2.16358,0.0324081,1.83751,1.92363,1.96526,2.15909,2.28259,2.37067,2.46208,2.19476,2.20673,2.16358,0.0324081,1.83751,1.92363,1.96526,2.15909,2.28259,2.37067,2.46208,4.40912,4.40438,4.41383,0.0252266,4.17757,4.24243,4.26307,4.38977,4.54299,4.61038,4.67084,4.3386,4.40438,4.41383,0.0252266,4.17757,4.24243,4.26307,4.38977,4.54299,4.61038,4.67084,3.14141,2.92997,3.20103,0.0623162,2.7484,2.84436,2.93593,3.16513,3.32703,3.39185,3.66988,3.25288,2.92997,3.20103,0.0623162,2.7484,2.84436,2.93593,3.16513,3.32703,3.39185,3.66988,4.79033,4.6292,5.01291,0.0894429,4.55491,4.61366,4.64696,4.69474,5.70975,5.87402,5.98263,4.66498,4.6292,5.01291,0.0894429,4.55491,4.61366,4.64696,4.69474,5.70975,5.87402,5.98263,2.54688,1.0
200305,20.15,1.0,17.357,2.21,1.0,21.787,3.875,1.0,20.169,17.31,2.357,21.85,3.459,20.15,1.0,17.357,2.21,1.0,21.787,3.875,1.0,455.538,265.054,0.997984,264.658,264.963,0.997984,-9999,-9999,332.399,332.399,0.0,385.406,0.997984,381.119,385.489,0.997984,9.149,1.0,8.046,9.149,1.0,100.903,100.691,1.0,0.615,2.819,1.0,1.262,0.992,0.905242,0.304141378783,0.905241935484,143.713597354,0.998655913978,519.99418861,0.997983870968,-9999,-9999,0.0,1.0,0.0,1.0,390.912,0.988575,18.48,17.869,17.089,1.0,1.0,1.0,29.653,8.404,0.992608,0.992608,4.64856,1.0,68.4589,0.988575,117.091,0.91725,14.8983,0.988575,25.4819,0.684162,0.987231,1,17.7419,30.2581,17.7419,30.2581,-6.89725,-6.96483,0.984543,0.979839,0.0993233,0.0907492,0.181215,0.176662,-6.97253,-6.97253,0.979839,0.979839,0.0905721,0.0905721,0.176571,0.176571,-6.89426,-6.89426,0.965944,0.965944,0.0213421,0.0213421,-7.09215,-7.03125,-6.99548,-6.90754,-6.83525,-6.72811,-6.65957,-7.09215,-7.03125,-6.99548,-6.90754,-6.83525,-6.72811,-6.65957,0.969086,0.976478,0.978495,0.984543,0.985215,0.985887,0.985887,0.969086,0.976478,0.978495,0.984543,0.985215,0.985887,0.985887,1.64521,1.7382,1.87356,1.31359,1.0,1.0,0.088778,0.0945519,0.16085,0.164107,-11.5154,-11.6819,9.50247,9.4448,0.975963,0.968394,0.125872,0.127167,0.228508,0.229224,1.72861,1.72861,1.30952,1.30952,1.0,1.0,0.0958459,0.0958459,0.164856,0.164856,-11.6874,-11.6874,9.43275,9.43275,0.968394,0.968394,0.126538,0.126538,0.228875,0.228875,1.53996,1.632,1.64941,1.79026,1.87109,1.90027,1.98564,1.53996,1.632,1.64941,1.79026,1.87109,1.90027,1.98564,0.998302,1.0,1.0,0.980348,0.998302,0.998302,1.0,0.998302,1.0,1.0,0.980348,0.998302,0.998302,1.0,-11.8146,-11.7659,-11.7496,-11.6505,-11.4972,-11.3845,-11.3512,-11.8146,-11.7659,-11.7496,-11.6505,-11.4972,-11.3845,-11.3512,0.922978,0.935571,0.956668,0.968466,0.977003,0.978044,0.978044,0.922978,0.935571,0.956668,0.968466,0.977003,0.978044,0.978044,2.04407,1.95109,2.08727,0.0214809,1.85909,1.90163,2.02984,2.10312,2.16076,2.25152,2.27659,2.04407,1.95109,2.08727,0.0214809,1.85909,1.90163,2.02984,2.10312,2.16076,2.25152,2.27659,8.91622,8.92362,8.98153,0.0159828,8.80264,8.90372,8.91635,8.93963,9.04717,9.10308,9.16167,8.95662,8.92362,8.98153,0.0159828,8.80264,8.90372,8.91635,8.93963,9.04717,9.10308,9.16167,5.61038,6.32492,5.53533,0.0845896,4.34354,4.99678,5.25271,5.38626,6.04181,6.15595,6.2126,5.28686,6.32492,5.53533,0.0845896,4.34354,4.99678,5.25271,5.38626,6.04181,6.15595,6.2126,11.8457,12.029,11.2745,0.095382,10.2911,10.5464,10.7153,11.466,11.8725,11.9032,11.9858,10.9859,12.029,11.2745,0.095382,10.2911,10.5464,10.7153,11.466,11.8725,11.9032,11.9858,4.15181,1.0
200306,26.017,1.0,22.669,2.017,1.0,27.709,3.922,1.0,26.502,23.485,2.183,28.025,3.41,26.017,1.0,22.669,2.017,1.0,27.709,3.922,1.0,485.889,312.211,1.0,282.188,312.211,1.0,-9999,-9999,378.598,378.598,0.0,432.908,1.0,425.883,432.908,1.0,11.307,1.0,12.896,11.307,1.0,100.7,100.402,1.0,0.328,0.46,1.0,1.013,1.307,0.834028,0.283369635218,0.79375,194.232503713,1.0,619.724133483,1.0,-9999,-9999,0.0,1.0,0.0,1.0,390.047,0.977083,23.671,22.621,21.096,0.802083,0.802083,0.802083,19.662,6.416,0.672917,0.674306,6.36056,0.804167,109.914,0.977083,154.556,1.23226,18.7183,0.977083,26.3206,1.0133,2.0,2,16.1333,31.8667,16.1333,31.8667,-6.11889,-5.95796,0.963194,0.95625,0.109181,0.103329,0.157833,0.153843,-5.91863,-5.91863,0.954861,0.954861,0.102738,0.102738,0.153446,0.153446,-6.0503,-6.0503,0.932708,0.932708,0.0189943,0.0189943,-6.27361,-6.16368,-6.12776,-6.06938,-5.95336,-5.93573,-5.88455,-6.27361,-6.16368,-6.12776,-6.06938,-5.95336,-5.93573,-5.88455,0.903472,0.809722,0.872222,0.965972,0.959722,0.954167,0.947917,0.903472,0.809722,0.872222,0.965972,0.959722,0.954167,0.947917,3.85152,4.09773,2.24428,1.93595,1.0,1.0,0.127358,0.129157,0.474931,0.475417,-10.8434,-10.7368,9.66366,9.72767,0.94459,0.934039,0.133165,0.134979,0.190172,0.191447,4.09773,4.09773,1.93595,1.93595,1.0,1.0,0.129157,0.129157,0.475417,0.475417,-10.6799,-10.6799,9.79813,9.79813,0.931922,0.931922,0.134026,0.134026,0.190776,0.190776,2.83115,3.20423,3.34246,4.03323,4.097,4.11931,4.22401,2.83115,3.20423,3.34246,4.03323,4.097,4.11931,4.22401,0.753922,0.91777,0.901103,1.0,0.989951,1.0,1.0,0.753922,0.91777,0.901103,1.0,0.989951,1.0,1.0,-10.9267,-10.8722,-10.8362,-10.7315,-10.6948,-10.6007,-10.4864,-10.9267,-10.8722,-10.8362,-10.7315,-10.6948,-10.6007,-10.4864,0.949832,0.947715,0.94459,0.87621,0.930847,0.857325,0.845766,0.949832,0.947715,0.94459,0.87621,0.930847,0.857325,0.845766,4.11281,4.13653,4.16705,0.0351913,3.82858,3.94014,4.04971,4.14478,4.35756,4.42012,4.48896,4.11281,4.13653,4.16705,0.0351913,3.82858,3.94014,4.04971,4.14478,4.35756,4.42012,4.48896,10.0945,10.0552,10.2173,0.0360732,9.99226,10.0455,10.0729,10.1154,10.4512,10.4896,10.5471,10.1092,10.0552,10.2173,0.0360732,9.99226,10.0455,10.0729,10.1154,10.4512,10.4896,10.5471,6.02212,7.21699,6.49106,0.0986035,5.45131,5.71622,5.86434,6.58449,6.93727,7.1722,7.32619,6.60131,7.21699,6.49106,0.0986035,5.45131,5.71622,5.86434,6.58449,6.93727,7.1722,7.32619,12.2664,12.4451,11.8457,0.0864827,10.5656,11.3972,11.5739,11.8241,12.2961,12.4336,12.6129,11.3972,12.4451,11.8457,0.0864827,10.5656,11.3972,11.5739,11.8241,12.2961,12.4336,12.6129,6.64427,1.0
200307,25.623,0.998656,22.569,2.048,1.0,27.265,3.67,0.997984,25.832,23.188,2.129,27.246,3.291,25.625,0.998656,22.569,2.048,1.0,27.268,3.671,0.997984,471.209,296.316,0.975134,270.041,296.418,0.975134,-9999,-9999,373.203,373.203,0.0,431.162,0.97379,420.655,429.463,0.97379,10.914,0.97379,11.787,10.93,0.97379,100.64,100.328,0.995968,0.403,0.135,0.963038,1.099,1.285,0.520161,-9999,-9999,176.801203368,0.947580645161,586.62384491,0.951612903226,-9999,-9999,0.0,1.0,0.0,1.0,389.165,0.981183,26.298,26.035,23.416,0.99664,0.99664,0.99664,13.18,5.347,0.99664,0.872984,8.30156,0.99664,91.3339,0.981183,100.641,1.36157,59.9954,0.981183,66.1093,1.35848,0.927419,1,16.7742,31.2258,16.7742,31.1613,-2.8394,-2.9756,0.956989,0.944892,0.110584,0.106029,0.149055,0.145708,-2.9756,-2.9756,0.944892,0.944892,0.106029,0.106029,0.145708,0.145708,-2.82348,-2.82348,0.926411,0.926411,0.0224575,0.0224575,-2.9756,-2.94443,-2.91726,-2.84615,-2.77491,-2.74454,-2.68636,-2.9756,-2.94443,-2.91726,-2.84615,-2.77491,-2.74454,-2.68636,0.944892,0.958333,0.949597,0.963038,0.91129,0.883065,0.872984,0.944892,0.958333,0.949597,0.963038,0.91129,0.883065,0.872984,4.54657,4.2092,1.88305,1.72084,0.993952,0.993952,0.130489,0.130496,0.390928,0.39093,-6.68281,-6.70256,6.50618,6.48985,0.936223,0.917944,0.139632,0.140604,0.290251,0.29072,4.2092,4.2092,1.72084,1.72084,0.993952,0.993952,0.130496,0.130496,0.39093,0.39093,-6.70256,-6.70256,6.48985,6.48985,0.917944,0.917944,0.140604,0.140604,0.29072,0.29072,3.17916,3.84482,4.00732,4.24915,4.43687,4.58183,4.61639,3.17916,3.84482,4.00732,4.24915,4.43687,4.58183,4.61639,0.858423,0.93974,0.952285,0.993952,0.993952,0.995968,0.995968,0.858423,0.93974,0.952285,0.993952,0.993952,0.995968,0.995968,-6.80083,-6.71701,-6.69823,-6.64024,-6.35188,-6.2081,-5.6941,-6.80083,-6.71701,-6.69823,-6.64024,-6.35188,-6.2081,-5.6941,0.943414,0.91586,0.917944,0.925,0.884073,0.854637,0.80746,0.943414,0.91586,0.917944,0.925,0.884073,0.854637,0.80746,5.03268,5.07102,5.12124,0.0539656,4.21649,4.95417,5.0128,5.08435,5.32635,5.43463,5.50556,5.03268,5.07102,5.12124,0.0539656,4.21649,4.95417,5.0128,5.08435,5.32635,5.43463,5.50556,8.04661,8.04661,7.94472,0.0679214,6.68523,7.76661,7.8986,7.97777,8.16092,8.1996,8.40667,7.93006,8.04661,7.94472,0.0679214,6.68523,7.76661,7.8986,7.97777,8.16092,8.1996,8.40667,5.77351,5.81017,6.08229,0.114932,5.08398,5.41859,5.58672,5.96777,6.28716,6.94857,7.57978,5.87946,5.81017,6.08229,0.114932,5.08398,5.41859,5.58672,5.96777,6.28716,6.94857,7.57978,8.66089,7.92089,8.10982,0.0847921,7.29274,7.51844,7.70481,7.99573,8.41779,8.66089,9.17726,8.0942,7.92089,8.10982,0.0847921,7.29274,7.51844,7.70481,7.99573,8.41779,8.66089,9.17726,8.65395,1.0
200308,26.624,1.0,23.32,2.098,1.0,28.809,4.333,1.0,26.827,24.264,2.066,28.514,3.198,26.624,1.0,23.32,2.098,1.0,28.809,4.333,1.0,414.917,256.911,0.969086,235.092,255.625,0.969086,-9999,-9999,384.313,384.313,0.0,444.945,0.965726,431.421,444.974,0.965726,11.281,0.965726,11.87,11.107,0.965726,100.779,100.449,0.91129,0.916,0.839,0.999328,1.032,1.317,0.905242,0.289119754314,0.895833333333,146.610396961,0.997983870968,511.057609396,0.999327956989,-9999,-9999,0.0,1.0,0.0,0.999327956989,398.506,0.964382,24.236,25.46,22.691,0.25336,0.25336,0.139785,13.973,5.204,0.252688,0.119624,5.49886,0.252688,87.4858,0.961694,107.679,1.18571,27.1391,0.96371,33.4033,1.02798,2.0,2,19.0968,28.9032,19.0968,28.9032,-1.71842,-1.78992,0.955645,0.953629,0.127453,0.117075,0.167445,0.159688,-1.78956,-1.78956,0.953629,0.953629,0.117354,0.117354,0.159893,0.159893,-1.87646,-1.87646,0.934627,0.934627,0.0161011,0.0161011,-2.03566,-1.9935,-1.96583,-1.85551,-1.79357,-1.77631,-1.76015,-2.03566,-1.9935,-1.96583,-1.85551,-1.79357,-1.77631,-1.76015,0.959677,0.924059,0.905914,0.915323,0.954301,0.950269,0.955645,0.959677,0.924059,0.905914,0.915323,0.954301,0.950269,0.955645,5.22425,4.97083,3.13081,2.45968,0.998208,0.998208,0.165279,0.164597,0.396719,0.396435,-6.13547,-6.09057,6.89492,6.85205,0.925499,0.921966,0.152604,0.152568,0.203204,0.203178,4.96583,4.96583,2.45999,2.45999,0.998208,0.998208,0.165565,0.165565,0.396838,0.396838,-6.08641,-6.08641,6.85004,6.85004,0.921966,0.921966,0.15266,0.15266,0.203247,0.203247,3.9314,4.32709,4.56544,4.87635,4.99082,5.04839,5.10877,3.9314,4.32709,4.56544,4.87635,4.99082,5.04839,5.10877,0.878674,0.978853,0.980645,0.989247,1.0,0.998208,0.998208,0.878674,0.978853,0.980645,0.989247,1.0,0.998208,0.998208,-6.26362,-6.22731,-6.16832,-6.11856,-6.03493,-5.95895,-5.82461,-6.26362,-6.22731,-6.16832,-6.11856,-6.03493,-5.95895,-5.82461,0.931106,0.930031,0.925499,0.923118,0.8909,0.8558,0.814524,0.931106,0.930031,0.925499,0.923118,0.8909,0.8558,0.814524,5.80228,5.87834,5.72804,0.0379817,5.18658,5.41318,5.60429,5.75054,5.86967,5.92725,6.02648,5.80228,5.87834,5.72804,0.0379817,5.18658,5.41318,5.60429,5.75054,5.86967,5.92725,6.02648,7.66966,7.6679,7.6045,0.026424,7.26542,7.44884,7.55413,7.58956,7.67064,7.74703,7.84226,7.57574,7.6679,7.6045,0.026424,7.26542,7.44884,7.55413,7.58956,7.67064,7.74703,7.84226,6.74329,7.89331,6.67556,0.122256,5.46766,5.90161,6.09589,6.7116,7.02489,7.48962,8.00297,6.86671,7.89331,6.67556,0.122256,5.46766,5.90161,6.09589,6.7116,7.02489,7.48962,8.00297,7.83668,8.75016,7.97844,0.0777931,7.18756,7.41154,7.51617,8.02267,8.33286,8.56257,8.70601,7.84749,8.75016,7.97844,0.0777931,7.18756,7.41154,7.51617,8.02267,8.33286,8.56257,8.70601,7.33629,1.0
200309,18.445,1.0,15.982,2.143,1.0,20.594,4.111,1.0,18.94,16.96,2.095,20.664,3.358,18.445,1.0,15.982,2.143,1.0,20.594,4.111,1.0,331.299,183.157,1.0,177.775,183.157,1.0,-9999,-9999,323.883,323.883,0.0,379.917,1.0,372.868,379.917,1.0,6.609,1.0,6.702,6.609,1.0,101.161,100.957,0.996528,0.622,1.073,1.0,1.152,1.442,0.940972,0.313951260344,0.661805555556,79.4109816113,0.998611111111,351.190676791,1.0,-9999,-9999,-9999,-9999,-9999,-9999,397.928,0.999306,17.744,17.735,18.198,0.997917,0.997917,0.605556,20.915,5.099,0.997222,0.516667,-1.57896,0.997917,43.1337,0.998611,58.6503,0.731078,15.6787,0.996528,21.3189,0.697979,0.940278,1,22.2,25.8,22.2,25.8,-0.222929,-0.329768,0.965972,0.956944,0.0781263,0.0698719,0.247329,0.244847,-0.329768,-0.329768,0.956944,0.956944,0.0698826,0.0698826,0.24485,0.24485,-0.37364,-0.37364,0.949653,0.949653,0.031929,0.031929,-0.656132,-0.60787,-0.558911,-0.394837,-0.256911,-0.138538,-0.0163769,-0.656132,-0.60787,-0.558911,-0.394837,-0.256911,-0.138538,-0.0163769,0.936111,0.888194,0.922222,0.952778,0.965972,0.96875,0.975694,0.936111,0.888194,0.922222,0.952778,0.965972,0.96875,0.975694,3.84638,3.6157,1.59446,1.35889,0.986957,0.976812,0.0941895,0.0970321,0.56675,0.567229,-3.75076,-3.74136,4.50382,4.35482,0.947212,0.939263,0.0928986,0.0933871,0.170888,0.171154,3.6157,3.6157,1.35889,1.35889,0.976812,0.976812,0.0970561,0.0970561,0.567233,0.567233,-3.74136,-3.74136,4.35482,4.35482,0.939263,0.939263,0.0933944,0.0933944,0.171158,0.171158,2.5927,2.82535,2.96038,3.49119,3.77622,3.94308,4.10466,2.5927,2.82535,2.96038,3.49119,3.77622,3.94308,4.10466,0.94776,0.94776,0.949209,0.973913,0.986957,0.986957,0.986957,0.94776,0.94776,0.949209,0.973913,0.986957,0.986957,0.986957,-3.77253,-3.76133,-3.75076,-3.71293,-3.60277,-3.47446,-3.3259,-3.77253,-3.76133,-3.75076,-3.71293,-3.60277,-3.47446,-3.3259,0.947212,0.948545,0.947212,0.932699,0.965926,0.901252,0.89638,0.947212,0.948545,0.947212,0.932699,0.965926,0.901252,0.89638,3.74777,3.76328,3.5813,0.0624386,2.96811,3.12598,3.16018,3.68409,3.87588,3.95623,4.18759,3.74777,3.76328,3.5813,0.0624386,2.96811,3.12598,3.16018,3.68409,3.87588,3.95623,4.18759,4.09305,4.09305,3.95494,0.0335368,3.53415,3.67459,3.74725,4.06318,4.11464,4.12371,4.20396,4.10944,4.09305,3.95494,0.0335368,3.53415,3.67459,3.74725,4.06318,4.11464,4.12371,4.20396,3.9505,4.14843,4.16305,0.0931081,3.06463,3.40886,3.73584,4.27822,4.50855,4.63196,4.81368,4.27822,4.14843,4.16305,0.0931081,3.06463,3.40886,3.73584,4.27822,4.50855,4.63196,4.81368,4.98702,4.6372,4.42196,0.0709991,3.65351,3.86094,3.95219,4.5852,4.72523,4.84499,4.98702,4.5852,4.6372,4.42196,0.0709991,3.65351,3.86094,3.95219,4.5852,4.72523,4.84499,4.98702,3.95362,1.0
200310,11.879,1.0,10.706,1.612,1.0,13.179,2.346,1.0,12.237,10.942,1.775,13.684,2.587,11.879,1.0,10.706,1.612,1.0,13.179,2.346,1.0,237.988,90.959,1.0,108.753,90.959,1.0,-9999,-9999,294.922,294.922,0.0,345.923,1.0,344.807,345.923,1.0,2.944,1.0,3.149,2.944,1.0,100.517,100.462,1.0,2.907,0.252,1.0,1.405,1.549,0.99664,0.322585695508,0.773521505376,23.7661067753,0.997983870968,167.338689378,1.0,-9999,-9999,-9999,-9999,-9999,-9999,406.132,0.999328,11.669,12.306,14.418,1.0,1.0,1.0,21.334,5.241,1.0,0.671371,-4.37974,1.0,15.2134,1.0,23.4064,0.326782,3.51495,0.999328,5.40787,0.491409,0.997312,1,25.3871,22.6129,25.3871,22.4839,0.182782,0.0984054,0.989247,0.977823,0.0624984,0.0572864,0.0847414,0.080974,0.0984054,0.0984054,0.977823,0.977823,0.0572864,0.0572864,0.080974,0.080974,0.143646,0.143646,0.978478,0.978478,0.00921272,0.00921272,0.0468397,0.0945992,0.103362,0.131237,0.190396,0.209055,0.215691,0.0468397,0.0945992,0.103362,0.131237,0.190396,0.209055,0.215691,0.975806,0.977151,0.971774,0.987903,0.989247,0.99328,0.993952,0.975806,0.977151,0.971774,0.987903,0.989247,0.99328,0.993952,1.88416,1.77453,1.49753,1.25324,1.0,0.982952,0.0760142,0.0776835,0.10689,0.108083,-1.70089,-1.75316,2.81918,2.75614,0.977426,0.973277,0.0774308,0.0782361,0.0906898,0.0913783,1.77453,1.77453,1.25324,1.25324,0.982952,0.982952,0.0776835,0.0776835,0.108083,0.108083,-1.75316,-1.75316,2.75614,2.75614,0.973277,0.973277,0.0782361,0.0782361,0.0913783,0.0913783,1.72805,1.76379,1.78587,1.81091,1.8897,1.91409,1.95217,1.72805,1.76379,1.78587,1.81091,1.8897,1.91409,1.95217,0.982952,0.982952,0.982952,0.982952,1.0,1.0,1.0,0.982952,0.982952,0.982952,0.982952,1.0,1.0,1.0,-1.80789,-1.78046,-1.74671,-1.7157,-1.70089,-1.68603,-1.66819,-1.80789,-1.78046,-1.74671,-1.7157,-1.70089,-1.68603,-1.66819,0.938462,0.893807,0.973277,0.985975,0.977426,0.981767,0.974557,0.938462,0.893807,0.973277,0.985975,0.977426,0.981767,0.974557,2.16089,2.10851,2.1239,0.0172877,1.97004,2.01508,2.02436,2.13478,2.22492,2.2366,2.25696,2.16089,2.10851,2.1239,0.0172877,1.97004,2.01508,2.02436,2.13478,2.22492,2.2366,2.25696,2.0101,2.0101,1.98026,0.00981095,1.87544,1.90093,1.91613,2.0101,2.02965,2.04763,2.05025,2.05025,2.0101,1.98026,0.00981095,1.87544,1.90093,1.91613,2.0101,2.02965,2.04763,2.05025,1.81501,1.87236,1.95855,0.0550605,1.64932,1.6901,1.74321,1.84934,2.02218,2.14956,2.63296,1.56275,1.87236,1.95855,0.0550605,1.64932,1.6901,1.74321,1.84934,2.02218,2.14956,2.63296,2.11051,1.94483,1.96406,0.0308674,1.76313,1.80718,1.84962,1.91786,2.00345,2.05724,2.34699,1.88663,1.94483,1.96406,0.0308674,1.76313,1.80718,1.84962,1.91786,2.00345,2.05724,2.34699,2.39244,1.0
200311,8.219,1.0,7.794,1.137,1.0,8.797,1.461,1.0,9.188,8.126,1.606,10.668,2.037,8.219,1.0,7.794,1.137,1.0,8.797,1.461,1.0,160.362,35.572,1.0,61.873,35.572,1.0,-9999,-9999,289.877,289.877,0.0,329.884,1.0,339.919,329.884,1.0,0.662,1.0,1.14,0.662,1.0,101.046,101.128,1.0,4.222,5.52,1.0,1.258,1.322,0.678472,-9999,-9999,1.02795061268,0.998611111111,59.2061432868,1.0,-9999,-9999,-9999,-9999,-9999,-9999,431.081,0.990278,7.656,7.816,9.589,1.0,1.0,1.0,32.773,5.234,1.0,0.940278,-2.48884,1.0,3.4132,0.984722,3.31314,0.132422,-0.480556,0.9875,-0.46647,0.314445,0.98125,1,28.2333,19.7667,28.2333,19.7667,1.0047,1.03254,0.975,0.971528,0.0567989,0.0519882,0.27148,0.270514,1.03336,1.03336,0.971528,0.971528,0.0518769,0.0518769,0.270493,0.270493,0.858731,0.858731,0.949514,0.949514,0.0345642,0.0345642,0.446575,0.490536,0.721206,0.964651,1.0071,1.02148,1.05234,0.446575,0.490536,0.721206,0.964651,1.0071,1.02148,1.05234,0.853472,0.890278,0.935417,0.975,0.976389,0.975,0.975,0.853472,0.890278,0.935417,0.975,0.976389,0.975,0.975,1.42881,1.5058,0.893374,0.747398,0.992813,0.991664,0.0640441,0.0643142,0.276288,0.276351,0.329306,0.282606,1.53496,1.41704,0.949398,0.942381,0.0797634,0.0797583,0.241031,0.241029,1.50712,1.50712,0.746853,0.746853,0.991664,0.991664,0.0642657,0.0642657,0.27634,0.27634,0.282606,0.282606,1.41704,1.41704,0.942381,0.942381,0.0794404,0.0794404,0.240924,0.240924,0.862445,0.9322,1.16329,1.38888,1.44694,1.46973,1.51073,0.862445,0.9322,1.16329,1.38888,1.44694,1.46973,1.51073,0.921754,0.933248,0.953938,0.992813,0.990473,0.992813,0.992854,0.921754,0.933248,0.953938,0.992813,0.990473,0.992813,0.992854,-0.208743,-0.137234,0.0622943,0.271059,0.312512,0.317666,0.342614,-0.208743,-0.137234,0.0622943,0.271059,0.312512,0.317666,0.342614,0.846947,0.86048,0.9099,0.94589,0.949398,0.949398,0.95132,0.846947,0.86048,0.9099,0.94589,0.949398,0.949398,0.95132,1.53575,1.7858,1.56868,0.0359797,1.25449,1.32042,1.40049,1.51279,1.69721,1.89425,1.92965,1.53575,1.7858,1.56868,0.0359797,1.25449,1.32042,1.40049,1.51279,1.69721,1.89425,1.92965,0.664672,0.75244,0.70995,0.0361935,0.431561,0.468318,0.503799,0.600018,0.925365,0.997547,1.04695,0.519031,0.75244,0.70995,0.0361935,0.431561,0.468318,0.503799,0.600018,0.925365,0.997547,1.04695,1.26357,1.22044,1.21476,0.0295689,0.834849,0.926055,1.15665,1.24838,1.33558,1.3613,1.47687,1.46022,1.22044,1.21476,0.0295689,0.834849,0.926055,1.15665,1.24838,1.33558,1.3613,1.47687,0.507785,0.350011,0.481701,0.0199041,0.350011,0.385512,0.401621,0.438174,0.497702,0.605221,0.741573,0.433159,0.350011,0.481701,0.0199041,0.350011,0.385512,0.401621,0.438174,0.497702,0.605221,0.741573,1.59174,1.0
200312,4.439,1.0,3.892,1.578,1.0,5.324,1.737,1.0,5.176,4.151,1.661,6.824,1.885,4.439,1.0,3.892,1.578,1.0,5.324,1.737,1.0,123.922,33.794,1.0,47.148,33.794,1.0,-9999,-9999,252.53,252.53,0.0,293.44,1.0,303.732,293.44,1.0,1.412,1.0,1.219,1.412,1.0,101.106,101.212,0.999328,2.556,3.497,0.999328,1.472,1.769,0.849462,0.268969142299,0.600806451613,-14.6145489093,0.998655913978,52.5445590808,0.999327956989,-9999,-9999,-9999,-9999,-9999,-9999,427.059,0.998656,3.604,4.615,7.417,1.0,1.0,1.0,35.514,11.804,1.0,1.0,-7.03378,1.0,2.93432,0.997984,2.8483,0.137401,-5.21047,0.997984,-5.05773,0.37353,1.0,2,29.5806,18.4194,29.5806,18.4194,1.33526,1.34057,0.993952,0.992608,0.0734557,0.0648995,0.229856,0.21362,1.38182,1.37049,0.992608,0.992608,0.0650903,0.0648156,0.227321,0.213595,1.10134,1.1039,0.984056,0.982762,0.0583346,0.0556058,0.00484014,0.907682,0.980502,1.26027,1.33097,1.34329,1.35854,0.0549366,0.930562,0.979252,1.25416,1.33023,1.33761,1.35355,0.945565,0.972446,0.969758,0.992608,0.993952,0.99328,0.993952,0.939516,0.964382,0.969758,0.993952,0.993952,0.99328,0.99328,1.67725,1.74438,1.45942,1.18942,1.0,1.0,0.0796076,0.0797185,0.246976,0.232465,0.663117,0.564635,1.5601,1.5284,0.984437,0.980947,0.0999972,0.100853,0.206815,0.19908,1.78907,1.77675,1.18505,1.18624,1.0,1.0,0.0798425,0.0795228,0.247052,0.232398,0.596643,0.588061,1.53818,1.53664,0.980947,0.980947,0.101374,0.100911,0.207485,0.199109,0.276538,1.22978,1.30945,1.62954,1.68126,1.69737,1.75174,0.31503,1.25881,1.30512,1.62761,1.68061,1.69555,1.73898,0.967037,0.988172,0.97957,1.0,1.0,1.0,1.0,0.963812,0.977419,0.97957,1.0,1.0,1.0,1.0,-0.433611,0.283792,0.359879,0.570054,0.638961,0.645859,0.657047,-0.369031,0.301611,0.361373,0.562489,0.634737,0.644897,0.656501,0.910583,0.94435,0.977363,0.982645,0.984437,0.984437,0.982645,0.89983,0.94435,0.954726,0.982645,0.984437,0.984437,0.982645,1.81552,2.12634,1.48687,0.0727689,0.603106,0.948649,1.09224,1.76109,1.82672,1.83647,1.85804,1.81552,2.12634,1.48687,0.0727689,0.603106,0.948649,1.09224,1.76109,1.82672,1.83647,1.85804,0.433463,0.755857,0.382972,0.033522,0.0683175,0.0783038,0.112986,0.482077,0.514814,0.559441,0.605611,0.444851,0.744525,0.385537,0.0332903,0.067336,0.0739704,0.115237,0.478661,0.513326,0.578603,0.625264,1.37062,1.09619,1.39928,0.0689323,0.773781,0.949956,1.0055,1.35004,1.74696,1.84789,1.93195,1.6167,1.09619,1.39928,0.0689323,0.773781,0.949956,1.0055,1.35004,1.74696,1.84789,1.93195,0.311853,0.351665,0.537318,0.0320827,0.265455,0.33189,0.353432,0.498852,0.743052,0.794472,0.858877,0.777167,0.351665,0.537318,0.0320827,0.265455,0.33189,0.353432,0.498852,0.743052,0.794472,0.858877,1.14562,1.0
200401,2.673,1.0,2.192,1.361,1.0,3.428,1.732,1.0,3.617,2.332,1.521,5.626,2.061,2.673,1.0,2.192,1.361,1.0,3.428,1.732,1.0,141.058,42.266,1.0,65.338,42.266,1.0,-9999,-9999,240.73,240.73,0.0,284.089,1.0,292.299,284.089,1.0,1.146,1.0,1.129,1.146,1.0,100.342,100.484,1.0,1.136,1.548,1.0,1.401,1.693,0.994624,0.255502415529,0.773521505376,-3.42619703905,1.0,72.7208467742,1.0,-9999,-9999,-9999,-9999,-9999,-9999,417.052,1.0,1.77,2.4,4.634,1.0,1.0,1.0,35.268,12.294,1.0,1.0,-4.41906,1.0,3.03632,1.0,3.21676,0.113677,3.60032,0.998656,3.81429,0.356724,1.0,2,29.2258,18.7742,29.2258,18.7742,0.362212,0.361647,0.995296,0.995296,0.0542031,0.0531412,0.0573272,0.0554677,0.363676,0.361216,0.995296,0.995296,0.0523397,0.0531329,0.0555687,0.0554597,0.382971,0.368878,0.991179,0.995144,0.00735007,0.00306651,0.33279,0.355359,0.359008,0.367604,0.384572,0.392692,0.497939,0.333466,0.351025,0.35655,0.368103,0.381021,0.382816,0.39297,0.992608,0.995296,0.995296,0.995296,0.995296,0.995296,0.989919,0.991263,0.995968,0.995296,0.995296,0.995968,0.995296,0.995296,0.491136,0.490847,1.24951,1.24924,1.0,1.0,0.0639523,0.0656447,0.0869068,0.0763313,0.13177,0.1308,1.42924,1.42894,0.987993,0.987993,0.0799677,0.0818489,0.151549,0.0868335,0.475156,0.490224,1.10739,1.24928,1.0,1.0,0.0645589,0.0656382,0.0873541,0.0763258,0.157685,0.130708,1.3916,1.42895,0.987993,0.987993,0.0808002,0.0818287,0.15199,0.0868144,0.340667,0.403234,0.434445,0.48195,0.510076,0.520927,0.533306,0.393953,0.44559,0.464594,0.490901,0.511575,0.523494,0.533306,0.968894,1.0,1.0,1.0,1.0,1.0,1.0,1.0,1.0,1.0,1.0,1.0,1.0,1.0,0.117148,0.13177,0.133905,0.153813,0.23604,0.389238,0.432497,0.115611,0.128015,0.131826,0.140536,0.151591,0.186009,0.240021,0.987993,0.987993,0.987993,0.987993,0.97375,0.942577,0.97044,0.987993,0.987993,0.987993,0.987993,0.989785,0.989785,0.980919,0.551624,0.538225,0.568729,0.00341037,0.537713,0.540923,0.551036,0.570006,0.588553,0.592609,0.597998,0.564554,0.565795,0.563548,0.00756175,0.389084,0.540931,0.551231,0.572423,0.588553,0.598102,0.607005,0.177255,0.177009,0.19985,0.00305843,0.175648,0.180403,0.183867,0.200103,0.210113,0.21616,0.223298,0.204454,0.202119,0.180578,0.00946936,0.027837,0.110068,0.17669,0.195004,0.206851,0.213414,0.252238,0.510851,0.495137,0.547675,0.00796767,0.483988,0.518753,0.523328,0.535821,0.577845,0.591218,0.624438,0.489294,0.552331,0.614317,0.0289111,0.489294,0.521676,0.525711,0.556629,0.612352,0.650525,1.17206,0.199077,0.187544,0.192025,0.00373918,0.13237,0.177317,0.185641,0.193822,0.204437,0.211729,0.215231,0.194099,0.186977,0.195902,0.00748204,0.105944,0.1689,0.17869,0.191051,0.20541,0.212608,0.304843,1.83143,1.0
200402,4.582,1.0,3.762,1.968,1.0,5.624,2.739,1.0,5.383,3.618,1.981,7.621,2.833,4.582,1.0,3.762,1.968,1.0,5.624,2.739,1.0,205.636,69.495,1.0,98.727,69.495,1.0,-9999,-9999,250.177,250.177,0.0,295.442,1.0,301.452,295.442,1.0,1.58,1.0,1.558,1.58,1.0,100.94,101.049,1.0,1.688,2.207,1.0,1.483,1.96,0.994253,0.281441457915,0.782327586207,10.8424754547,1.0,124.377159483,1.0,-9999,-9999,-9999,-9999,-9999,-9999,410.346,1.0,2.617,3.066,4.871,1.0,1.0,1.0,35.263,11.668,1.0,1.0,-2.23407,1.0,4.65401,0.999282,4.93059,0.156823,7.71818,1.0,8.17686,0.441404,0.999282,1,26.6207,21.3793,26.6207,21.3793,0.549607,0.549607,0.997845,0.997845,0.0602194,0.0602194,0.112235,0.0763977,0.480547,0.549226,0.997126,0.997845,0.055743,0.0602611,0.109898,0.0764307,0.452576,0.502299,0.987608,0.996659,0.0140371,0.0091604,0.291983,0.347785,0.353929,0.486854,0.528037,0.537208,0.557424,0.353698,0.454005,0.489302,0.51048,0.535103,0.548031,0.557888,0.979167,0.989224,0.985632,0.997126,0.998563,0.997845,0.997845,0.989224,0.994971,0.997126,0.998563,0.997845,0.997845,0.997845,0.89385,0.89385,1.51084,1.51084,1.0,1.0,0.0722165,0.0796935,0.14497,0.102648,0.0695571,0.0695571,1.76969,1.76969,0.995066,0.995066,0.077243,0.0844269,0.0992837,0.0891614,0.803884,0.893249,1.29231,1.51089,1.0,1.0,0.0736093,0.079749,0.145669,0.102691,0.0319217,0.0694479,1.70656,1.76961,0.993424,0.995066,0.0783851,0.0844851,0.100175,0.0892166,0.533044,0.631594,0.660171,0.816558,0.874526,0.882999,0.906885,0.646736,0.767528,0.829291,0.855732,0.8812,0.896919,0.909928,0.972587,0.992337,0.99106,1.0,1.0,1.0,1.0,0.99106,0.997446,1.0,1.0,1.0,1.0,1.0,-0.114171,-0.0650452,-0.0395631,0.0309622,0.046647,0.059707,0.0695571,-0.0519257,0.00988515,0.0269321,0.0368917,0.0540853,0.0672214,0.0695571,0.965631,0.936603,0.986849,0.996708,0.996708,0.893337,0.995066,0.981848,0.993424,0.996708,0.996708,0.993424,0.995066,0.995066,0.967952,0.95653,0.901455,0.0135761,0.687619,0.813934,0.848657,0.940577,0.955029,0.959147,0.977008,0.879185,0.842699,0.809117,0.0243188,0.484831,0.624251,0.67356,0.842163,0.944728,0.9564,0.967779,0.407673,0.407304,0.399155,0.00525208,0.326772,0.358134,0.362793,0.412489,0.42578,0.431063,0.433889,0.378362,0.362153,0.356541,0.0119248,0.137914,0.305758,0.321176,0.366858,0.415087,0.416734,0.430816,1.00918,0.941053,1.11031,0.0302835,0.942087,0.986925,0.996822,1.04242,1.14373,1.20955,1.5334,0.939004,1.51573,1.26987,0.0498521,0.942087,0.996822,1.03552,1.1815,1.45276,1.6417,1.82098,0.497959,0.525395,0.583251,0.0124981,0.481631,0.526007,0.548355,0.564561,0.592521,0.613522,0.755022,0.509741,0.750363,0.642993,0.0177969,0.509741,0.547491,0.555126,0.608993,0.713053,0.782097,0.868317,1.93537,1.0
200403,8.472,1.0,7.324,2.063,1.0,9.57,2.913,1.0,8.138,6.114,2.055,10.079,3.166,8.472,1.0,7.324,2.063,1.0,9.57,2.913,1.0,297.513,127.042,1.0,154.588,127.042,1.0,-9999,-9999,271.046,271.046,0.0,314.323,1.0,321.672,314.323,1.0,3.111,1.0,2.198,3.111,1.0,101.121,101.155,1.0,1.501,1.781,0.997984,1.336,1.756,0.854167,0.290935798361,0.694892473118,48.7523646489,0.995295698925,236.243204928,0.997983870968,-9999,-9999,-9999,-9999,-9999,-9999,407.108,0.99664,6.74,6.267,7.105,1.0,1.0,1.0,35.104,11.982,1.0,1.0,2.67479,1.0,15.6235,0.99664,17.548,0.3234,24.9088,0.99664,27.9772,0.467504,0.989919,1,23.4194,24.5806,23.4194,24.5806,0.322822,0.322822,0.985215,0.985215,0.0503606,0.0503606,0.059296,0.0563797,0.346646,0.318898,0.981183,0.985215,0.0457031,0.0503999,0.0553948,0.0564148,0.311294,0.318364,0.971169,0.983014,0.00531275,0.00393426,0.227644,0.282772,0.298,0.309915,0.331472,0.345376,0.354295,0.26964,0.294013,0.300311,0.315188,0.338048,0.344707,0.354595,0.932796,0.946909,0.974462,0.985215,0.985215,0.982527,0.981855,0.985215,0.985215,0.985887,0.985215,0.968414,0.982527,0.984543,1.56893,1.56893,1.0657,1.0657,1.0,1.0,0.0569959,0.0674551,0.0845013,0.0910785,-0.839462,-0.839462,2.10727,2.10727,0.971446,0.971446,0.0659794,0.0696446,0.0713901,0.0726029,1.60256,1.56167,0.839825,1.06082,0.994624,1.0,0.0573466,0.0675332,0.0847382,0.0911363,-0.822371,-0.839668,2.08724,2.10694,0.968699,0.971446,0.0664169,0.0696766,0.0717946,0.0726337,1.45579,1.48637,1.50496,1.5525,1.58994,1.61114,1.62222,1.46844,1.48875,1.50328,1.55358,1.59731,1.61114,1.62222,0.985948,0.983016,1.0,0.994624,0.994731,0.998656,1.0,1.0,1.0,1.0,1.0,1.0,0.998656,1.0,-0.933428,-0.861477,-0.853127,-0.835313,-0.816542,-0.806952,-0.80369,-0.856727,-0.847979,-0.842711,-0.829326,-0.80833,-0.806952,-0.80369,0.890841,0.909164,0.966218,0.971446,0.846261,0.971608,0.971608,0.974354,0.967459,0.971446,0.971608,0.971608,0.971608,0.971608,1.68577,1.71222,1.64246,0.0115599,1.48477,1.59557,1.60729,1.6162,1.71501,1.7239,1.75002,1.71612,1.6662,1.5868,0.0204835,1.27666,1.45494,1.50086,1.61452,1.6668,1.71612,1.7471,1.40108,1.39332,1.32409,0.00932028,1.18677,1.29675,1.30236,1.31389,1.35401,1.39612,1.41774,1.35329,1.31955,1.27551,0.0163478,1.03733,1.17216,1.19743,1.30385,1.32466,1.35801,1.41563,1.72947,1.50369,1.61604,0.0169896,1.43928,1.51049,1.52349,1.61525,1.67002,1.68562,1.78301,1.44757,1.61183,1.6447,0.0277033,1.42643,1.49739,1.51882,1.63521,1.68393,1.77971,1.98682,1.34994,1.34598,1.38919,0.00703371,1.32403,1.34766,1.3539,1.38402,1.40798,1.42209,1.46696,1.32139,1.38305,1.41274,0.0125412,1.32139,1.34766,1.36404,1.39644,1.43049,1.46572,1.58642,2.54705,1.0
200404,13.522,1.0,11.759,2.068,1.0,14.817,3.138,1.0,12.653,10.432,1.979,14.304,2.979,13.522,1.0,11.759,2.068,1.0,14.817,3.138,1.0,389.62,186.483,0.998611,190.613,186.623,0.998611,-9999,-9999,301.503,301.503,0.0,347.002,0.998611,351.184,347.024,0.998611,4.629,1.0,3.32,4.629,1.0,100.423,100.329,1.0,2.378,3.34,1.0,1.257,1.577,0.995833,0.369762709477,0.888888888889,92.1572985089,0.994444444444,334.789574405,0.995833333333,-9999,-9999,-9999,-9999,-9999,-9999,400.263,1.0,12.338,11.549,11.794,1.0,1.0,1.0,35.644,11.852,1.0,1.0,4.17362,1.0,34.3513,1.0,46.7515,0.622152,31.1769,1.0,42.4311,0.632562,0.994444,1,20.3667,27.6333,20.3667,27.6333,-2.82182,-2.82182,0.998611,0.998611,0.0750719,0.0750719,0.0910258,0.0791355,-2.80937,-2.82182,0.997917,0.998611,0.0731869,0.0750719,0.0894775,0.0791355,-2.80072,-2.81373,0.995538,0.997986,0.00758713,0.00535661,-2.89314,-2.84281,-2.83223,-2.81822,-2.75996,-2.73985,-2.73084,-2.84616,-2.84174,-2.83223,-2.82488,-2.81013,-2.79167,-2.73888,0.981944,0.998611,0.997917,0.998611,0.996528,0.993056,0.99375,0.998611,0.998611,0.997917,0.998611,0.998611,0.997917,0.996528,2.87731,2.87731,1.51266,1.51266,1.0,1.0,0.0813911,0.0843462,0.121998,0.0910346,-6.72718,-6.72718,6.32989,6.32989,0.997436,0.997436,0.106985,0.109208,0.111027,0.110982,2.89467,2.87731,1.38488,1.51266,1.0,1.0,0.0809644,0.0843462,0.121714,0.0910346,-6.71779,-6.72718,6.35214,6.32989,0.996154,0.997436,0.10699,0.109208,0.111032,0.110982,2.84517,2.85562,2.86279,2.89226,3.01762,3.03738,3.06164,2.84364,2.85183,2.85509,2.86529,2.87731,2.92033,3.01762,1.0,1.0,1.0,1.0,1.0,1.0,1.0,1.0,1.0,1.0,1.0,1.0,1.0,1.0,-6.93334,-6.75215,-6.73689,-6.71901,-6.70422,-6.69278,-6.68492,-6.75618,-6.73877,-6.72841,-6.72014,-6.707,-6.69924,-6.69236,0.968413,0.997436,0.996154,0.997436,0.997436,0.997436,0.989876,0.997436,0.997436,0.997436,0.997436,0.997436,0.992308,0.989876,3.33573,3.35133,3.37322,0.0197928,3.26888,3.29823,3.30674,3.32798,3.35133,3.46315,3.65377,3.34773,3.3991,3.47206,0.0266232,3.2889,3.30531,3.31753,3.39085,3.63366,3.65935,3.7326,6.17315,6.17315,6.18695,0.0147496,6.10541,6.12864,6.13386,6.15843,6.18095,6.25482,6.404,6.16887,6.20847,6.27277,0.0226989,6.11686,6.13286,6.1473,6.19774,6.4014,6.43948,6.51894,3.25692,3.22604,3.33188,0.0218265,3.2088,3.22818,3.24212,3.2591,3.37772,3.45706,3.61759,3.22359,3.3778,3.44801,0.0326093,3.21743,3.2333,3.24981,3.38467,3.61608,3.63739,3.81995,6.02782,6.01463,6.05844,0.0143161,5.97535,5.99573,6.00309,6.01724,6.07273,6.11184,6.24517,6.02028,6.076,6.1518,0.0254511,5.983,6.00465,6.01463,6.07764,6.26631,6.33019,6.44622,3.54784,1.0
200405,16.82,0.99664,14.518,1.754,1.0,18.148,3.192,0.994797,16.153,13.543,1.973,17.652,2.965,16.82,0.99664,14.518,1.754,1.0,18.149,3.193,0.994797,457.198,235.802,0.968414,237.965,241.43,0.968414,-9999,-9999,316.896,316.896,0.0,367.362,0.965054,366.098,366.835,0.965054,6.485,0.965054,4.735,6.432,0.965054,100.486,100.364,0.901882,3.012,1.884,0.995296,1.262,1.47,0.710349,0.37154266922,0.616935483871,141.001632056,0.993951612903,470.339191942,0.995295698925,-9999,-9999,-9999,-9999,-9999,-9999,394.989,0.939516,15.431,14.215,14.998,1.0,1.0,1.0,34.772,11.03,0.97043,0.97043,2.34386,1.0,72.8948,0.94086,127.187,1.00291,5.99607,0.945565,10.4619,0.678405,0.933468,1,17.6774,30.3226,17.6774,30.3226,-6.36931,-6.36931,0.950269,0.950269,0.0963351,0.0963351,0.113596,0.107154,-6.40421,-6.37451,0.945565,0.950269,0.0913557,0.09581,0.109405,0.106682,-6.37253,-6.38358,0.937315,0.945413,0.0104423,0.00594853,-6.46562,-6.44374,-6.40723,-6.38346,-6.34278,-6.32335,-6.22359,-6.45259,-6.43141,-6.40574,-6.38091,-6.36094,-6.33757,-6.33064,0.934812,0.934812,0.946237,0.950941,0.947581,0.926075,0.890457,0.934812,0.949597,0.93414,0.945565,0.947581,0.947581,0.950941,3.75478,3.75478,1.34398,1.34398,1.0,1.0,0.093101,0.104983,0.237578,0.157883,-11.8539,-11.8539,10.3678,10.3678,0.921759,0.921759,0.127759,0.133601,0.174536,0.175073,3.9002,3.75705,1.17819,1.34557,1.0,1.0,0.0962197,0.105436,0.238817,0.158184,-11.9892,-11.863,10.3946,10.3713,0.914371,0.921759,0.127569,0.132598,0.174396,0.174308,3.63558,3.71302,3.75327,3.86864,4.04967,4.15017,4.22588,3.63558,3.67655,3.7207,3.75478,3.85485,3.9124,4.04967,1.0,1.0,1.0,1.0,0.991228,0.981025,0.989331,1.0,1.0,1.0,1.0,1.0,0.991228,0.991228,-12.1054,-12.0741,-12.0312,-11.9599,-11.853,-11.8362,-11.789,-12.0741,-12.0153,-12.0027,-11.8625,-11.8048,-11.789,-11.7786,0.902679,0.901604,0.890988,0.919606,0.914269,0.914269,0.917495,0.901604,0.920718,0.920718,0.921759,0.917495,0.917495,0.922834,4.43538,4.43601,4.44232,0.0124095,4.3328,4.36644,4.38125,4.43538,4.47052,4.50827,4.61384,4.44895,4.50936,4.51185,0.0197152,4.3328,4.38125,4.42137,4.49937,4.61384,4.66538,4.72321,10.8052,10.8105,10.8259,0.0148395,10.712,10.7267,10.7357,10.8049,10.898,10.9308,11.0021,10.8526,10.9136,10.8844,0.016761,10.7184,10.7357,10.7969,10.8978,10.9875,10.9904,11.0328,4.88063,4.93066,4.88678,0.0102134,4.78289,4.82741,4.84202,4.87477,4.93284,4.95724,4.98643,4.92274,4.9558,4.83975,0.0227137,4.4524,4.73203,4.82496,4.85362,4.91429,4.94998,4.98695,11.9602,11.8401,11.6736,0.0304746,11.4314,11.4579,11.4641,11.6957,11.8316,11.9223,11.9695,11.9676,11.9746,11.626,0.0447561,10.9099,11.4291,11.4572,11.6938,11.7857,11.9461,11.9709,4.26977,1.0
200406,22.479,1.0,19.884,1.87,1.0,23.785,3.376,1.0,22.555,19.632,2.143,24.026,3.419,22.479,1.0,19.884,1.87,1.0,23.785,3.376,1.0,486.128,279.62,1.0,265.489,279.62,1.0,-9999,-9999,353.389,353.389,0.0,413.591,1.0,401.457,413.591,1.0,8.247,1.0,9.48,8.247,1.0,100.735,100.526,1.0,0.813,1.313,1.0,1.267,1.505,0.993056,0.358823604275,0.920833333333,173.947347482,0.995138888889,571.101151537,0.999305555556,248.44459375,1.0,-9999,-9999,-9999,-9999,390.106,0.999306,19.77,17.291,18.439,1.0,1.0,1.0,28.994,8.375,1.0,1.0,4.15228,1.0,92.8209,0.998611,179.73,1.13683,-6.13779,0.997222,-11.8847,0.713026,0.988194,1,16.1,31.9,16.1,31.9,-7.20104,-7.20104,0.995139,0.995139,0.104681,0.104681,0.142453,0.116994,-7.26783,-7.21058,0.989583,0.994444,0.100634,0.104906,0.139507,0.117195,-7.26159,-7.23112,0.980052,0.991007,0.0126283,0.0111175,-7.42165,-7.38609,-7.31493,-7.25086,-7.20104,-7.19285,-7.16235,-7.40055,-7.29389,-7.26036,-7.21035,-7.1937,-7.1894,-7.13639,0.96875,0.975694,0.954861,0.990278,0.995139,0.995139,0.934722,0.972222,0.988889,0.990278,0.994444,0.997222,0.997222,0.995139,4.5052,4.5052,1.95721,1.95721,1.0,1.0,0.11527,0.122355,0.144214,0.133891,-12.7106,-12.7106,10.4899,10.4899,0.992708,0.992708,0.134347,0.138657,0.185574,0.17055,4.50062,4.50765,1.82317,1.95788,0.997917,1.0,0.115096,0.122337,0.144075,0.133875,-12.8059,-12.7256,10.4583,10.4843,0.985316,0.991667,0.133859,0.139019,0.185221,0.170844,4.29567,4.32975,4.38456,4.46022,4.49813,4.50307,4.51322,4.32422,4.39798,4.41783,4.47767,4.50189,4.50672,4.53402,0.995956,0.987623,0.997917,0.997917,0.997917,0.997917,0.997917,1.0,0.997917,1.0,1.0,0.997917,1.0,0.997917,-12.9323,-12.9103,-12.8115,-12.7825,-12.6786,-12.6542,-12.6107,-12.9249,-12.8311,-12.7957,-12.7234,-12.6558,-12.6325,-12.6135,0.943448,0.959207,0.975874,0.986391,0.925739,0.995833,0.995833,0.964415,0.985316,0.975874,0.989583,0.992708,0.992708,0.992708,5.29402,5.31701,5.29006,0.00560001,5.21255,5.24066,5.28258,5.29564,5.30793,5.31686,5.33658,5.30679,5.30737,5.30188,0.00645733,5.2382,5.27285,5.28326,5.29482,5.31217,5.33658,5.35546,12.5037,12.5276,12.5212,0.0127223,12.4151,12.444,12.4539,12.5053,12.5582,12.5826,12.6669,12.5445,12.5752,12.5635,0.0139628,12.4387,12.4511,12.5004,12.5576,12.6254,12.6704,12.7165,5.42409,5.71388,5.44454,0.0311219,5.10367,5.24472,5.32441,5.42409,5.5756,5.688,5.74405,5.71499,5.43827,5.4111,0.0301204,5.08022,5.22449,5.25989,5.38405,5.48474,5.63623,5.75659,12.727,12.6819,12.4542,0.0241518,12.2373,12.2783,12.3554,12.425,12.5421,12.6724,12.7191,12.7215,12.6467,12.4527,0.0243123,12.2247,12.2936,12.3396,12.4087,12.5317,12.6394,12.7226,5.56827,1.0
200407,23.531,1.0,20.784,1.782,1.0,25.011,3.59,1.0,24.226,21.53,2.173,25.681,3.374,23.531,1.0,20.784,1.782,1.0,25.011,3.59,1.0,469.994,267.931,0.971774,271.78,271.197,0.971774,-9999,-9999,361.384,361.384,0.0,428.01,0.971774,409.203,427.204,0.971774,7.385,1.0,10.629,7.385,1.0,100.718,100.515,0.897849,0.611,0.955,0.998656,1.164,1.235,0.948925,0.276988947032,0.816532258065,175.876280692,0.994623655914,510.903598265,0.996639784946,238.29053884,0.998655913978,-9999,-9999,-9999,-9999,391.545,0.989247,21.333,19.278,20.201,1.0,1.0,1.0,21.765,6.993,1.0,1.0,2.29856,1.0,110.13,0.992608,171.367,1.28717,1.03467,0.988575,1.60999,0.770565,0.977823,1,16.8387,31.1613,16.8387,31.1613,-4.86624,-4.86624,0.982527,0.982527,0.105987,0.105987,0.133371,0.114119,-4.77106,-4.86322,0.971102,0.982527,0.0966918,0.106002,0.126111,0.114133,-4.85579,-4.83449,0.961878,0.97752,0.0133145,0.00975805,-5.03564,-4.95757,-4.90169,-4.84164,-4.8016,-4.79565,-4.75584,-5.02676,-4.87935,-4.86322,-4.8242,-4.79748,-4.79473,-4.75657,0.948925,0.943548,0.963038,0.981183,0.983871,0.984543,0.974462,0.947581,0.956317,0.982527,0.983871,0.983871,0.983871,0.984543,5.46838,5.46838,2.18999,2.18999,0.998208,0.998208,0.139923,0.15879,0.185485,0.194372,-10.1888,-10.1888,9.35493,9.35493,0.97386,0.97386,0.120471,0.131865,0.181104,0.157366,5.75137,5.45905,1.78234,2.19193,0.996416,0.998208,0.140956,0.159322,0.186265,0.194806,-10.196,-10.179,9.31416,9.34692,0.957262,0.97386,0.121648,0.131704,0.181889,0.157232,5.43144,5.5197,5.55835,5.62447,5.70052,5.76322,5.79709,5.43336,5.46838,5.49576,5.58394,5.64469,5.69257,5.71473,0.998208,0.998208,0.996416,0.998208,0.998208,0.908918,0.976044,0.998208,0.998208,0.998208,0.996416,1.0,0.998208,0.996416,-10.4825,-10.4326,-10.3745,-10.2135,-10.1712,-10.1621,-10.1089,-10.3958,-10.3023,-10.2215,-10.179,-10.1621,-10.1306,-10.0986,0.925039,0.933138,0.934888,0.971844,0.975876,0.975876,0.976916,0.933138,0.949033,0.953267,0.97386,0.975876,0.975876,0.980981,6.60109,6.48043,6.66569,0.0266063,6.4139,6.47887,6.54971,6.64418,6.75443,6.78205,6.99202,6.78205,6.86611,6.90837,0.0751741,6.4139,6.60109,6.637,6.71235,7.06326,7.2221,7.85173,11.3654,11.3436,11.5002,0.0300203,11.2755,11.3227,11.3734,11.4639,11.5646,11.5892,11.9441,11.5643,11.6372,11.7642,0.0772483,11.2755,11.3982,11.4491,11.5699,11.9618,12.0989,12.844,9.02544,8.55381,8.06201,0.160716,6.42344,6.51376,7.2613,8.52348,8.97552,8.99805,9.08511,8.4779,7.27724,7.54712,0.162659,6.12454,6.47316,6.51376,7.2613,8.54616,8.98624,9.0057,12.2038,12.5577,12.3072,0.0776114,11.4322,11.6943,11.9385,12.524,12.7151,12.7612,12.8804,12.2907,11.9437,12.0455,0.0811697,11.4308,11.5305,11.6055,11.9385,12.5325,12.6947,12.7681,6.12859,1.0
200408,23.621,1.0,20.826,1.724,1.0,25.5,3.628,1.0,23.466,21.295,1.923,24.921,3.028,23.621,1.0,20.826,1.724,1.0,25.5,3.628,1.0,412.534,243.166,1.0,229.075,243.166,1.0,-9999,-9999,360.641,360.641,0.0,428.958,1.0,408.484,428.958,1.0,6.912,1.0,8.261,6.912,1.0,100.578,100.325,1.0,0.927,0.374,1.0,1.165,1.185,0.995968,0.291791531979,0.907258064516,153.272935012,1.0,523.297810484,1.0,229.167257224,1.0,-9999,-9999,-9999,-9999,384.258,1.0,21.754,19.669,20.599,1.0,1.0,1.0,16.258,6.074,1.0,1.0,2.26013,1.0,97.6461,1.0,150.152,1.23237,0.553568,1.0,0.851231,0.957166,0.999328,1,19.1935,28.8065,19.1935,28.8065,-3.1908,-3.1908,0.997984,0.997984,0.0947808,0.0947808,0.130804,0.134778,-3.15135,-3.19477,0.995296,0.997984,0.0847296,0.0949958,0.123714,0.134929,-3.1253,-3.17919,0.985131,0.996169,0.0181749,0.0119805,-3.29161,-3.23722,-3.19799,-3.12773,-3.07352,-3.05693,-2.99757,-3.30536,-3.28623,-3.23384,-3.1908,-3.1095,-3.09458,-3.06826,0.999328,0.998656,0.997984,0.997312,0.975806,0.994624,0.950269,0.999328,0.999328,0.998656,0.997984,0.997984,0.994624,0.987231,5.14238,5.14238,2.63314,2.63314,1.0,1.0,0.126999,0.155204,0.268926,0.331535,-8.52307,-8.52307,7.65134,7.65134,0.996544,0.996544,0.104321,0.111661,0.129776,0.130765,5.38539,5.13172,2.06917,2.62938,1.0,1.0,0.130221,0.15549,0.270462,0.331669,-8.6308,-8.52271,7.64401,7.65019,0.992012,0.996544,0.104795,0.111955,0.130157,0.131016,4.82842,5.02337,5.10553,5.28157,5.47554,5.49747,5.5864,4.8095,4.87091,5.03699,5.16535,5.32356,5.45684,5.52281,1.0,0.993548,1.0,1.0,1.0,1.0,1.0,1.0,1.0,1.0,1.0,1.0,1.0,1.0,-8.66595,-8.62656,-8.5968,-8.53424,-8.49842,-8.47218,-8.14274,-8.66595,-8.62656,-8.59036,-8.52641,-8.50315,-8.49046,-8.48254,0.99424,0.978648,0.989708,0.997696,0.998848,0.995392,0.878327,0.99424,0.978648,0.969543,0.997696,0.998848,0.998848,0.995392,5.85425,5.80742,5.88235,0.0334387,5.53339,5.60757,5.76001,5.84314,5.97557,6.13949,6.25709,5.97858,6.09753,5.98633,0.0345574,5.56757,5.76001,5.83021,5.97858,6.14821,6.17847,6.30489,9.00509,9.00219,9.06154,0.0228585,8.84667,8.88718,8.99619,9.02747,9.17134,9.23639,9.29258,9.06899,9.24887,9.11163,0.0265091,8.83775,8.91325,8.99862,9.06899,9.23391,9.2528,9.38442,6.61518,6.65578,6.59899,0.0409875,6.21948,6.37927,6.4346,6.54665,6.73784,6.7922,7.17543,6.64165,6.96162,6.74605,0.0588769,6.26548,6.42622,6.47311,6.62266,6.90905,7.20796,7.51258,9.19728,9.03133,9.09729,0.0434003,8.68741,8.87982,8.90177,9.03231,9.17658,9.19728,9.57445,9.04002,9.35924,9.25407,0.0606448,8.70178,8.86673,8.93924,9.14027,9.56593,9.65109,9.9214,6.29424,1.0
200409,19.943,1.0,17.753,2.25,1.0,21.833,3.861,1.0,19.418,17.501,1.861,21.076,3.154,19.943,1.0,17.753,2.25,1.0,21.833,3.861,1.0,328.272,180.977,1.0,170.513,180.977,1.0,-9999,-9999,333.287,333.287,0.0,396.336,1.0,381.98,396.336,1.0,6.27,1.0,5.811,6.27,1.0,101.093,100.893,0.977778,2.853,1.833,1.0,1.227,1.408,0.833333,0.284059967474,0.530555555556,93.2359663618,1.0,370.561006944,1.0,-9999,-9999,-9999,-9999,-9999,-9999,405.417,0.9875,18.397,16.836,18.531,0.998611,0.998611,0.998611,17.433,5.789,0.998611,0.997917,0.0565124,0.998611,36.5557,0.988194,46.5374,0.602273,36.3531,0.986806,46.2795,0.712105,0.977778,1,22.2333,25.7667,22.2,25.7,1.06938,1.06938,0.959722,0.959722,0.0735367,0.0735367,0.093073,0.098983,1.00419,1.07468,0.943056,0.959722,0.0742175,0.0736976,0.0936118,0.0991026,1.0202,1.04672,0.940868,0.956198,0.0131089,0.00911176,0.892544,0.961286,0.977075,1.03171,1.05725,1.07539,1.11118,0.953151,0.976193,1.00904,1.04421,1.07133,1.10871,1.16258,0.888194,0.963194,0.928472,0.965278,0.93125,0.959722,0.970139,0.963194,0.950694,0.920139,0.965972,0.934722,0.970833,0.970833,3.61935,3.61935,1.34559,1.34559,1.0,1.0,0.105856,0.103703,0.163623,0.12648,-1.13161,-1.13161,3.27621,3.27621,0.92397,0.92397,0.0982693,0.0970543,0.13994,0.128902,3.70353,3.62705,1.26206,1.34341,0.989303,1.0,0.105406,0.103998,0.163331,0.126722,-1.32801,-1.12868,3.23501,3.27866,0.901651,0.92397,0.0973568,0.097212,0.1393,0.129021,3.30899,3.5146,3.60006,3.67243,3.7364,3.76414,3.79361,3.56099,3.61935,3.62706,3.71335,3.75049,3.76417,3.80409,0.97178,0.977709,0.979158,1.0,0.989303,1.0,0.983506,1.0,1.0,0.979158,1.0,1.0,1.0,1.0,-1.34348,-1.33087,-1.31277,-1.27443,-1.15964,-1.13161,-1.12546,-1.35052,-1.32896,-1.29543,-1.26512,-1.18864,-1.1593,-1.13161,0.770718,0.901651,0.892519,0.930486,0.944505,0.92397,0.945787,0.906636,0.93419,0.930486,0.931721,0.944505,0.944505,0.92397,4.02306,4.04944,4.17727,0.0157983,4.02306,4.04285,4.05091,4.18131,4.23198,4.26281,4.33286,4.14557,4.17846,4.15344,0.0253503,3.91549,4.03541,4.04994,4.18131,4.23704,4.26543,4.37288,2.98056,2.97476,3.13055,0.0139711,2.98056,3.00926,3.07261,3.14052,3.1732,3.18709,3.30566,3.12191,3.17427,3.13324,0.0181963,2.96951,2.98381,3.07261,3.152,3.18777,3.21336,3.33611,2.8468,2.76015,2.91791,0.032991,2.53681,2.58824,2.76015,2.92648,3.08266,3.16479,3.18935,2.76015,3.18823,2.98385,0.0446327,2.54534,2.69146,2.77776,2.98321,3.16479,3.20167,3.29663,2.5174,2.33783,2.49437,0.0200177,2.27674,2.33783,2.37883,2.51385,2.61307,2.62184,2.66003,2.44967,2.62184,2.52917,0.0375547,2.19796,2.23923,2.36925,2.51763,2.65372,2.69639,2.80503,5.16481,1.0
200410,15.675,1.0,14.923,1.363,1.0,16.503,2.112,1.0,14.812,13.772,1.549,15.976,2.218,15.675,1.0,14.923,1.363,1.0,16.503,2.112,1.0,235.042,69.533,1.0,92.626,69.533,1.0,-9999,-9999,326.858,326.858,0.0,387.397,1.0,375.751,387.397,1.0,1.7,1.0,2.186,1.7,1.0,100.705,100.618,1.0,2.758,2.645,1.0,1.048,1.308,0.974462,-9999,-9999,24.63090358,1.0,124.966955645,1.0,-9999,-9999,-9999,-9999,-9999,-9999,-9999,-9999,14.55,13.346,15.352,1.0,1.0,1.0,22.3,5.73,1.0,1.0,-1.02139,1.0,8.3879,0.674059,10.0347,0.208899,11.5058,0.671371,13.7647,0.347579,0.671371,1,25.5161,22.4839,23.7419,20.4516,1.1814,1.1814,0.66129,0.66129,0.0487113,0.0487113,0.12202,0.103369,1.11016,1.18157,0.652554,0.66129,0.0485784,0.0487327,0.121967,0.103379,1.14793,1.20967,0.644523,0.656653,0.0209162,0.0147934,0.822787,1.02567,1.10764,1.15832,1.21108,1.24942,1.33324,1.07892,1.11547,1.12683,1.1927,1.28413,1.29782,1.38376,0.617608,0.625672,0.600134,0.659946,0.632392,0.663306,0.664651,0.651882,0.652554,0.657258,0.661962,0.664651,0.661962,0.666667,2.02115,2.02115,0.596613,0.596613,0.688482,0.688482,0.0588796,0.0601075,0.117971,0.116885,0.13308,0.13308,2.04863,2.04863,0.63104,0.63104,0.0760314,0.0735193,0.2216,0.108771,1.96891,2.02127,0.572651,0.596667,0.687138,0.688482,0.0582462,0.0601389,0.117657,0.116901,0.0462187,0.133292,2.11572,2.04889,0.614375,0.63104,0.0752362,0.0735463,0.221329,0.10879,1.84258,1.93138,1.96891,2.00653,2.09548,2.13583,2.21802,1.96891,1.97693,1.98767,2.07901,2.13877,2.17742,2.24936,0.655794,0.687138,0.687138,0.688482,0.685848,0.672783,0.689826,0.687138,0.687138,0.687138,0.685848,0.689826,0.688482,0.689826,-0.424889,-0.243512,0.0439084,0.0763744,0.154067,0.172785,0.22217,0.0262125,0.047888,0.0608609,0.13308,0.168324,0.208214,0.309849,0.56713,0.580868,0.614375,0.587822,0.632443,0.632443,0.636475,0.613031,0.614375,0.608823,0.63104,0.632443,0.632443,0.640566,2.53877,2.69119,2.7331,0.0234821,2.5383,2.62172,2.65492,2.68961,2.81013,2.87012,3.057,2.6712,2.66228,2.79633,0.0260129,2.53984,2.64241,2.66683,2.71676,2.9518,3.01525,3.057,1.50978,1.50962,1.52343,0.0258161,1.34714,1.3723,1.40184,1.48232,1.55767,1.57064,1.86509,1.57091,1.55213,1.64841,0.0346029,1.34714,1.38758,1.42928,1.55825,1.84256,1.89993,1.98303,1.85853,1.81521,1.95513,0.0277888,1.76306,1.81198,1.8475,1.87002,2.05668,2.15437,2.28404,1.81376,2.11667,2.09195,0.048467,1.77737,1.81198,1.8573,2.02392,2.24697,2.32955,2.53416,0.568855,0.590279,0.698724,0.0227674,0.568855,0.588367,0.604208,0.630737,0.749392,0.795911,0.96151,0.571571,0.749392,0.838738,0.0440886,0.571571,0.604208,0.614737,0.738541,0.981037,1.10003,1.2868,4.05262,1.0
200411,8.924,1.0,8.186,1.681,1.0,9.987,2.185,1.0,8.433,7.123,1.838,10.325,2.37,8.924,1.0,8.186,1.681,1.0,9.987,2.185,1.0,158.402,68.069,1.0,74.308,68.069,1.0,-9999,-9999,265.896,265.896,0.0,321.048,1.0,316.683,321.048,1.0,1.758,1.0,1.745,1.758,1.0,100.946,100.979,0.940278,3.646,4.96,1.0,1.528,1.437,0.936806,-9999,-9999,14.3222850854,0.997222222222,108.800958333,1.0,-9999,-9999,-9999,-9999,-9999,-9999,-9999,-9999,8.247,7.507,10.746,1.0,1.0,1.0,34.794,14.212,0.995139,0.994444,-6.62565,1.0,7.11375,0.0,8.51036,-9999,10.0378,0.0,12.0084,-9999,1.0,2,28.3,19.7,0.0,0.0,1.82263,1.82263,0.0,0.0,-9999,-9999,-9999,-9999,1.60424,1.82263,0.0,0.0,-9999,-9999,-9999,-9999,2.06415,2.43841,0.0,0.0,0.125991,0.136142,1.36345,1.42894,1.59068,1.63352,3.07542,3.35533,3.3881,1.5668,1.60424,1.62617,1.82263,3.35533,3.36863,3.3881,0.0,0.0,0.0,0.0,0.0,0.0,0.0,0.0,0.0,0.0,0.0,0.0,0.0,0.0,2.49354,2.49354,0.497005,0.497005,0.0,0.0,-9999,-9999,-9999,-9999,0.699973,0.699973,1.63869,1.63869,0.0,0.0,-9999,-9999,-9999,-9999,2.28053,2.49354,0.393754,0.497005,0.0,0.0,-9999,-9999,-9999,-9999,0.494325,0.699973,1.56336,1.63869,0.0,0.0,-9999,-9999,-9999,-9999,2.00652,2.08561,2.24353,2.30555,4.08388,4.46874,4.54192,2.24403,2.28053,2.30555,2.49354,4.46874,4.50688,4.54192,0.0,0.0,0.0,0.0,0.0,0.0,0.0,0.0,0.0,0.0,0.0,0.0,0.0,0.0,0.309193,0.329127,0.461606,0.530259,1.34061,1.41173,1.44401,0.40621,0.494325,0.510224,0.699973,1.41173,1.43754,1.44639,0.0,0.0,0.0,0.0,0.0,0.0,0.0,0.0,0.0,0.0,0.0,0.0,0.0,0.0,2.49898,2.49877,2.56616,0.0104468,2.49764,2.49958,2.50904,2.51878,2.63944,2.64493,2.6494,2.64708,2.62972,2.54618,0.0152658,2.32074,2.44783,2.5004,2.51878,2.63944,2.64356,2.64918,0.676136,0.676136,0.127756,0.144772,-0.887855,-0.85401,-0.840589,0.676136,1.0154,1.02237,1.04448,1.01787,1.02548,0.482038,0.129684,-0.877441,-0.829898,-0.796985,0.996351,1.02844,1.04777,1.08915,1.17514,1.1407,1.22276,0.02192,1.0714,1.07397,1.13368,1.1753,1.26054,1.33562,1.53733,1.156,1.07202,1.30395,0.0336157,1.07047,1.08496,1.15491,1.25219,1.46643,1.5366,1.58797,0.0,0.0,0.118356,0.0382695,0.0,0.0,0.0,0.0,0.0,0.530266,0.589422,0.0,0.0,0.299275,0.0636696,0.0,0.0,0.0,0.0,0.540357,0.586545,0.713664,2.80782,1.0
200412,4.512,1.0,3.888,1.524,1.0,5.523,1.942,1.0,5.056,3.81,1.889,7.057,2.202,4.512,1.0,3.888,1.524,1.0,5.523,1.942,1.0,123.599,47.47,1.0,52.739,47.47,1.0,-9999,-9999,248.656,248.656,0.0,289.458,0.986559,299.978,289.53,0.986559,0.745,0.986559,1.304,0.744,0.986559,101.026,101.183,0.853495,1.262,1.606,0.999328,1.378,1.188,0.565188,-9999,-9999,1.31600802748,0.999327956989,75.5845162148,0.999327956989,-9999,-9999,-9999,-9999,-9999,-9999,-9999,-9999,3.258,2.392,5.171,1.0,1.0,1.0,35.472,12.545,1.0,1.0,-5.3937,1.0,4.61867,0.0,-9999,-9999,3.92503,0.0,-9999,-9999,-9999,-9999,29.6129,18.3871,0.0,0.0,2.36371,2.36371,0.0,0.0,-9999,-9999,-9999,-9999,2.19316,2.36371,0.0,0.0,-9999,-9999,-9999,-9999,2.56898,2.93857,0.0,0.0,0.119038,0.125837,1.87814,1.97168,2.11046,2.19328,3.51589,3.79364,3.80506,2.11064,2.17434,2.19679,2.36371,3.7937,3.79885,3.80506,0.0,0.0,0.0,0.0,0.0,0.0,0.0,0.0,0.0,0.0,0.0,0.0,0.0,0.0,2.78845,2.78845,0.348781,0.348781,0.0,0.0,-9999,-9999,-9999,-9999,1.45561,1.45561,1.30899,1.30899,0.0,0.0,-9999,-9999,-9999,-9999,2.63447,2.78845,0.290651,0.348781,0.0,0.0,-9999,-9999,-9999,-9999,1.27578,1.45561,1.27322,1.30899,0.0,0.0,-9999,-9999,-9999,-9999,2.29375,2.42909,2.57961,2.64598,4.09432,4.42721,4.44834,2.57961,2.63447,2.64598,2.78845,4.42728,4.44022,4.44834,0.0,0.0,0.0,0.0,0.0,0.0,0.0,0.0,0.0,0.0,0.0,0.0,0.0,0.0,0.937906,1.03804,1.16336,1.28771,2.25287,2.41227,2.4175,1.15703,1.19517,1.27578,1.45561,2.41227,2.4138,2.41754,0.0,0.0,0.0,0.0,0.0,0.0,0.0,0.0,0.0,0.0,0.0,0.0,0.0,0.0,1.80593,1.80539,1.87266,0.00881095,1.80042,1.8073,1.82097,1.8483,1.92917,1.93807,1.9492,1.94343,1.90011,1.84216,0.0155604,1.62977,1.76131,1.79806,1.84393,1.92718,1.93648,1.94866,-0.558321,-0.558321,-1.06591,0.130258,-1.99584,-1.94731,-1.94181,-0.558321,-0.269643,-0.267437,-0.22611,-0.267208,-0.293042,-0.726818,0.117875,-1.96893,-1.93541,-1.85722,-0.297546,-0.256232,-0.202633,-0.173603,0.928174,0.817021,0.935761,0.0286295,0.727989,0.735179,0.792645,0.925314,0.994479,1.09449,1.36586,0.82798,0.727989,0.987595,0.035817,0.727697,0.735179,0.792645,0.928617,1.16138,1.28391,1.38864,0.0,0.0,0.0827484,0.0267576,0.0,0.0,0.0,0.0,0.0,0.37061,0.412021,0.0,0.0,0.213086,0.0467292,0.0,0.0,0.0,0.0,0.377703,0.410012,0.499191,2.02287,1.0
