TIMESTAMP,TA_F_MDS,TA_F_MDS_QC,TA_F_MDS_NIGHT,TA_F_MDS_NIGHT_SD,TA_F_MDS_NIGHT_QC,TA_F_MDS_DAY,TA_F_MDS_DAY_SD,TA_F_MDS_DAY_QC,TA_ERA,TA_ERA_NIGHT,TA_ERA_NIGHT_SD,TA_ERA_DAY,TA_ERA_DAY_SD,TA_F,TA_F_QC,TA_F_NIGHT,TA_F_NIGHT_SD,TA_F_NIGHT_QC,TA_F_DAY,TA_F_DAY_SD,TA_F_DAY_QC,SW_IN_POT,SW_IN_F_MDS,SW_IN_F_MDS_QC,SW_IN_ERA,SW_IN_F,SW_IN_F_QC,LW_IN_F_MDS,LW_IN_F_MDS_QC,LW_IN_ERA,LW_IN_F,LW_IN_F_QC,LW_IN_JSB,LW_IN_JSB_QC,LW_IN_JSB_ERA,LW_IN_JSB_F,LW_IN_JSB_F_QC,VPD_F_MDS,VPD_F_MDS_QC,VPD_ERA,VPD_F,VPD_F_QC,PA_ERA,PA_F,PA_F_QC,P_ERA,P_F,P_F_QC,WS_ERA,WS_F,WS_F_QC,USTAR,USTAR_QC,NETRAD,NETRAD_QC,PPFD_IN,PPFD_IN_QC,PPFD_OUT,PPFD_OUT_QC,CO2_F_MDS,CO2_F_MDS_QC,TS_F_MDS_1,TS_F_MDS_1_QC,SWC_F_MDS_1,SWC_F_MDS_2,SWC_F_MDS_1_QC,SWC_F_MDS_2_QC,G_F_MDS,G_F_MDS_QC,LE_F_MDS,LE_F_MDS_QC,LE_CORR,LE_RANDUNC,H_F_MDS,H_F_MDS_QC,H_CORR,H_RANDUNC,EBC_CF_N,EBC_CF_METHOD,NIGHT_D,DAY_D,NIGHT_RANDUNC_N,DAY_RANDUNC_N,NEE_CUT_REF,NEE_VUT_REF,NEE_CUT_REF_QC,NEE_VUT_REF_QC,NEE_CUT_REF_RANDUNC,NEE_VUT_REF_RANDUNC,NEE_CUT_REF_JOINTUNC,NEE_VUT_REF_JOINTUNC,NEE_CUT_USTAR50,NEE_VUT_USTAR50,NEE_CUT_USTAR50_QC,NEE_VUT_USTAR50_QC,NEE_CUT_USTAR50_RANDUNC,NEE_VUT_USTAR50_RANDUNC,NEE_CUT_USTAR50_JOINTUNC,NEE_VUT_USTAR50_JOINTUNC,NEE_CUT_MEAN,NEE_VUT_MEAN,NEE_CUT_MEAN_QC,NEE_VUT_MEAN_QC,NEE_CUT_SE,NEE_VUT_SE,NEE_CUT_05,NEE_CUT_16,NEE_CUT_25,NEE_CUT_50,NEE_CUT_75,NEE_CUT_84,NEE_CUT_95,NEE_VUT_05,NEE_VUT_16,NEE_VUT_25,NEE_VUT_50,NEE_VUT_75,NEE_VUT_84,NEE_VUT_95,NEE_CUT_05_QC,NEE_CUT_16_QC,NEE_CUT_25_QC,NEE_CUT_50_QC,NEE_CUT_75_QC,NEE_CUT_84_QC,NEE_CUT_95_QC,NEE_VUT_05_QC,NEE_VUT_16_QC,NEE_VUT_25_QC,NEE_VUT_50_QC,NEE_VUT_75_QC,NEE_VUT_84_QC,NEE_VUT_95_QC,NEE_CUT_REF_NIGHT,NEE_VUT_REF_NIGHT,NEE_CUT_REF_NIGHT_SD,NEE_VUT_REF_NIGHT_SD,NEE_CUT_REF_NIGHT_QC,NEE_VUT_REF_NIGHT_QC,NEE_CUT_REF_NIGHT_RANDUNC,NEE_VUT_REF_NIGHT_RANDUNC,NEE_CUT_REF_NIGHT_JOINTUNC,NEE_VUT_REF_NIGHT_JOINTUNC,NEE_CUT_REF_DAY,NEE_VUT_REF_DAY,NEE_CUT_REF_DAY_SD,NEE_VUT_REF_DAY_SD,NEE_CUT_REF_DAY_QC,NEE_VUT_REF_DAY_QC,NEE_CUT_REF_DAY_RANDUNC,NEE_VUT_REF_DAY_RANDUNC,NEE_CUT_REF_DAY_JOINTUNC,NEE_VUT_REF_DAY_JOINTUNC,NEE_CUT_USTAR50_NIGHT,NEE_VUT_USTAR50_NIGHT,NEE_CUT_USTAR50_NIGHT_SD,NEE_VUT_USTAR50_NIGHT_SD,NEE_CUT_USTAR50_NIGHT_QC,NEE_VUT_USTAR50_NIGHT_QC,NEE_CUT_USTAR50_NIGHT_RANDUNC,NEE_VUT_USTAR50_NIGHT_RANDUNC,NEE_CUT_USTAR50_NIGHT_JOINTUNC,NEE_VUT_USTAR50_NIGHT_JOINTUNC,NEE_CUT_USTAR50_DAY,NEE_VUT_USTAR50_DAY,NEE_CUT_USTAR50_DAY_SD,NEE_VUT_USTAR50_DAY_SD,NEE_CUT_USTAR50_DAY_QC,NEE_VUT_USTAR50_DAY_QC,NEE_CUT_USTAR50_DAY_RANDUNC,NEE_VUT_USTAR50_DAY_RANDUNC,NEE_CUT_USTAR50_DAY_JOINTUNC,NEE_VUT_USTAR50_DAY_JOINTUNC,NEE_CUT_05_NIGHT,NEE_CUT_16_NIGHT,NEE_CUT_25_NIGHT,NEE_CUT_50_NIGHT,NEE_CUT_75_NIGHT,NEE_CUT_84_NIGHT,NEE_CUT_95_NIGHT,NEE_VUT_05_NIGHT,NEE_VUT_16_NIGHT,NEE_VUT_25_NIGHT,NEE_VUT_50_NIGHT,NEE_VUT_75_NIGHT,NEE_VUT_84_NIGHT,NEE_VUT_95_NIGHT,NEE_CUT_05_NIGHT_QC,NEE_CUT_16_NIGHT_QC,NEE_CUT_25_NIGHT_QC,NEE_CUT_50_NIGHT_QC,NEE_CUT_75_NIGHT_QC,NEE_CUT_84_NIGHT_QC,NEE_CUT_95_NIGHT_QC,NEE_VUT_05_NIGHT_QC,NEE_VUT_16_NIGHT_QC,NEE_VUT_25_NIGHT_QC,NEE_VUT_50_NIGHT_QC,NEE_VUT_75_NIGHT_QC,NEE_VUT_84_NIGHT_QC,NEE_VUT_95_NIGHT_QC,NEE_CUT_05_DAY,NEE_CUT_16_DAY,NEE_CUT_25_DAY,NEE_CUT_50_DAY,NEE_CUT_75_DAY,NEE_CUT_84_DAY,NEE_CUT_95_DAY,NEE_VUT_05_DAY,NEE_VUT_16_DAY,NEE_VUT_25_DAY,NEE_VUT_50_DAY,NEE_VUT_75_DAY,NEE_VUT_84_DAY,NEE_VUT_95_DAY,NEE_CUT_05_DAY_QC,NEE_CUT_16_DAY_QC,NEE_CUT_25_DAY_QC,NEE_CUT_50_DAY_QC,NEE_CUT_75_DAY_QC,NEE_CUT_84_DAY_QC,NEE_CUT_95_DAY_QC,NEE_VUT_05_DAY_QC,NEE_VUT_16_DAY_QC,NEE_VUT_25_DAY_QC,NEE_VUT_50_DAY_QC,NEE_VUT_75_DAY_QC,NEE_VUT_84_DAY_QC,NEE_VUT_95_DAY_QC,RECO_NT_VUT_REF,RECO_NT_VUT_USTAR50,RECO_NT_VUT_MEAN,RECO_NT_VUT_SE,RECO_NT_VUT_05,RECO_NT_VUT_16,RECO_NT_VUT_25,RECO_NT_VUT_50,RECO_NT_VUT_75,RECO_NT_VUT_84,RECO_NT_VUT_95,RECO_NT_CUT_REF,RECO_NT_CUT_USTAR50,RECO_NT_CUT_MEAN,RECO_NT_CUT_SE,RECO_NT_CUT_05,RECO_NT_CUT_16,RECO_NT_CUT_25,RECO_NT_CUT_50,RECO_NT_CUT_75,RECO_NT_CUT_84,RECO_NT_CUT_95,GPP_NT_VUT_REF,GPP_NT_VUT_USTAR50,GPP_NT_VUT_MEAN,GPP_NT_VUT_SE,GPP_NT_VUT_05,GPP_NT_VUT_16,GPP_NT_VUT_25,GPP_NT_VUT_50,GPP_NT_VUT_75,GPP_NT_VUT_84,GPP_NT_VUT_95,GPP_NT_CUT_REF,GPP_NT_CUT_USTAR50,GPP_NT_CUT_MEAN,GPP_NT_CUT_SE,GPP_NT_CUT_05,GPP_NT_CUT_16,GPP_NT_CUT_25,GPP_NT_CUT_50,GPP_NT_CUT_75,GPP_NT_CUT_84,GPP_NT_CUT_95,RECO_DT_VUT_REF,RECO_DT_VUT_USTAR50,RECO_DT_VUT_MEAN,RECO_DT_VUT_SE,RECO_DT_VUT_05,RECO_DT_VUT_16,RECO_DT_VUT_25,RECO_DT_VUT_50,RECO_DT_VUT_75,RECO_DT_VUT_84,RECO_DT_VUT_95,RECO_DT_CUT_REF,RECO_DT_CUT_USTAR50,RECO_DT_CUT_MEAN,RECO_DT_CUT_SE,RECO_DT_CUT_05,RECO_DT_CUT_16,RECO_DT_CUT_25,RECO_DT_CUT_50,RECO_DT_CUT_75,RECO_DT_CUT_84,RECO_DT_CUT_95,GPP_DT_VUT_REF,GPP_DT_VUT_USTAR50,GPP_DT_VUT_MEAN,GPP_DT_VUT_SE,GPP_DT_VUT_05,GPP_DT_VUT_16,GPP_DT_VUT_25,GPP_DT_VUT_50,GPP_DT_VUT_75,GPP_DT_VUT_84,GPP_DT_VUT_95,GPP_DT_CUT_REF,GPP_DT_CUT_USTAR50,GPP_DT_CUT_MEAN,GPP_DT_CUT_SE,GPP_DT_CUT_05,GPP_DT_CUT_16,GPP_DT_CUT_25,GPP_DT_CUT_50,GPP_DT_CUT_75,GPP_DT_CUT_84,GPP_DT_CUT_95,RECO_SR,RECO_SR_N
200701,-9999,-9999,-9999,-9999,-9999,-9999,-9999,-9999,26.073,25.083,0.451,27.063,1.141,26.073,0,25.083,0.451,0,27.063,1.141,0,377.343,-9999,-9999,194.288,194.288,0,-9999,-9999,401.472,401.472,0,-9999,-9999,460.775,460.775,0,-9999,-9999,6.57,6.57,0,99.827,99.827,0,1.53,1.53,0,2.407,2.407,0,-9999,-9999,-9999,-9999,-9999,-9999,-9999,-9999,-9999,-9999,-9999,-9999,-9999,-9999,-9999,-9999,0,1,87.6801,0,87.6801,-9999,42.9057,0,42.9057,-9999,-9999,-9999,24,24,0,0,-2.3346,-2.67284,0,0,-9999,-9999,-9999,-9999,-2.49059,-2.67284,0,0,-9999,-9999,-9999,-9999,-2.40643,-2.51576,0,0,0.0361802,0.0225113,-2.7136,-2.67284,-2.52622,-2.47217,-2.33908,-2.19499,-1.84726,-2.7136,-2.67284,-2.67284,-2.51418,-2.44069,-2.36136,-2.3346,0,0,0,0,0,0,0,0,0,0,0,0,0,0,2.68728,2.61753,1.8311,0.971275,0,0,-9999,-9999,-9999,-9999,-7.18674,-7.76887,3.51693,3.37825,0,0,-9999,-9999,-9999,-9999,3.08268,2.61753,1.25984,0.971275,0,0,-9999,-9999,-9999,-9999,-7.88278,-7.76887,3.95945,3.37825,0,0,-9999,-9999,-9999,-9999,2.31878,2.53896,2.61753,2.85784,3.09326,3.32899,3.36906,2.31878,2.51022,2.57666,2.68728,3.04828,3.08268,3.36906,0,0,0,0,0,0,0,0,0,0,0,0,0,0,-7.92008,-7.92008,-7.88278,-7.76887,-7.18674,-7.02698,-6.87185,-7.92008,-7.88278,-7.88278,-7.76887,-7.28058,-7.18674,-7.1635,0,0,0,0,0,0,0,0,0,0,0,0,0,0,1.64713,1.63402,1.50333,0.0229088,1.31085,1.31085,1.39177,1.42882,1.63843,1.64769,1.65162,1.42882,1.3907,1.41889,0.0264203,1.22057,1.22057,1.30381,1.39191,1.63402,1.63875,1.6494,4.1193,4.30686,4.01909,0.0371957,3.64992,3.78889,3.8825,4.01293,4.17742,4.30686,4.34173,4.00015,3.88129,3.82532,0.0567176,3.06041,3.39693,3.64992,3.8825,4.09119,4.17742,4.30686,0.671977,0.677329,0.673911,0.00305411,0.664916,0.671702,0.671715,0.671977,0.682515,0.684719,0.685903,0.677596,0.6859,0.646351,0.0100112,0.508267,0.542284,0.603834,0.671724,0.682515,0.6859,0.70299,3.73673,3.7459,3.7433,0.0023272,3.73673,3.74173,3.74174,3.74188,3.74978,3.75135,3.75232,3.75135,3.75232,3.72168,0.00782093,3.61368,3.64258,3.69006,3.74175,3.74978,3.75232,3.76507,-9999,-9999
200702,-9999,-9999,-9999,-9999,-9999,-9999,-9999,-9999,25.725,24.252,0.894,27.198,1.842,25.684,0.190476,24.052,1.012,0.19494,27.315,1.978,0.186012,405.994,-9999,-9999,220.673,220.673,0,-9999,-9999,396.6,396.6,0,-9999,-9999,455.088,456.577,0.146577,-9999,-9999,7.366,7.854,0.190476,99.941,99.994,0.671131,0.496,0.496,0,1.888,1.719,0.786458,-9999,-9999,-9999,-9999,-9999,-9999,-9999,-9999,379.645,0.807292,-9999,-9999,-9999,-9999,-9999,-9999,0,1,84.7987,0.549851,84.7987,4.79075,46.9841,0.552083,46.9841,4.79508,-9999,-9999,24,24,0.178571,0,-2.25642,-2.29214,0.386905,0.369792,1.08804,1.19189,1.10294,1.19664,-2.14856,-2.27638,0.355655,0.366071,1.19203,1.33257,1.20565,1.33682,-2.13694,-2.22531,0.350298,0.365439,0.0288532,0.020233,-2.3727,-2.32347,-2.27638,-2.15339,-1.99949,-1.96204,-1.72014,-2.43661,-2.3483,-2.30278,-2.25642,-2.15339,-2.13522,-1.96204,0.383185,0.364583,0.366071,0.356399,0.320685,0.34003,0.325149,0.37872,0.387649,0.396577,0.386905,0.356399,0.345238,0.34003,2.42909,2.63642,1.96199,1.14021,0.18006,0.15625,1.14856,1.14856,1.2096,1.18541,-6.77788,-7.05405,4.08606,3.98648,0.59375,0.583333,-9999,-9999,-9999,-9999,3.02023,2.6831,1.35818,1.10003,0.13244,0.150298,1.1487,1.28413,1.20973,1.31719,-7.16114,-7.07034,4.22675,4.00046,0.578869,0.581845,-9999,-9999,-9999,-9999,2.25201,2.42909,2.55076,2.77411,3.01567,3.1879,3.27483,2.25201,2.42909,2.43904,2.67427,2.97239,3.01567,3.27483,0.181548,0.18006,0.142857,0.0744048,0.133929,0.0863095,0.108631,0.181548,0.18006,0.171131,0.141369,0.125,0.133929,0.108631,-7.16587,-7.08759,-7.07034,-7.05047,-6.77788,-6.73784,-6.47576,-7.16587,-7.13592,-7.08759,-7.07034,-6.79496,-6.77788,-6.75246,0.578869,0.565476,0.581845,0.561012,0.59375,0.541667,0.558036,0.578869,0.568452,0.565476,0.581845,0.590774,0.59375,0.595238,1.68277,1.67895,1.55083,0.0215467,1.37067,1.3756,1.44907,1.50307,1.67895,1.6856,1.69238,1.50307,1.44739,1.45919,0.0270922,1.23224,1.24624,1.3279,1.4493,1.66611,1.67895,1.68752,4.00878,3.95533,3.77614,0.0397242,3.33412,3.47146,3.59971,3.76646,3.95533,4.00878,4.11756,3.90328,3.59596,3.59613,0.0523893,2.96648,3.3032,3.33412,3.58918,3.92253,3.95533,4.03661,0.6564,0.661628,0.658289,0.00298331,0.649502,0.656131,0.656143,0.6564,0.666694,0.668846,0.670003,0.661889,0.67,0.631368,0.00977909,0.496485,0.529713,0.589836,0.656153,0.666694,0.67,0.686694,3.57324,3.5819,3.57947,0.00217814,3.57324,3.57796,3.57797,3.57812,3.58555,3.58705,3.58794,3.58705,3.58794,3.55933,0.00729111,3.45861,3.48534,3.52958,3.57798,3.58555,3.58794,3.59996,-9999,-9999
200703,25.804,1,23.591,1.315,1,27.903,2.351,1,26.197,24.865,0.829,27.465,1.805,25.804,1,23.591,1.315,1,27.903,2.351,1,431.747,241.151,0.556452,229.343,229.788,0.556452,-9999,-9999,404.611,404.611,0,447.067,0.556452,464.439,454.532,0.556452,9.736,1,7.4,9.736,1,99.83,99.884,0.924731,1.472,0.412,0.692204,1.928,2.126,0.924731,0.455110532,0.556451613,100.3492357,0.803763441,504.3143583,0.547715054,-9999,-9999,361.274,0.993952,28.056,1,-9999,-9999,-9999,-9999,0,1,73.214,0.924059,73.214,0.988611,58.1901,0.933468,58.1901,0.702232,-9999,-9999,23.4194,24.5806,22.6774,24.3226,-1.0898,-1.194,0.850806,0.840726,0.0622147,0.0613701,0.143431,0.094922,-1.19481,-1.22282,0.802419,0.8125,0.0594806,0.0587408,0.142267,0.0932437,-1.20298,-1.18955,0.817238,0.82542,0.0186723,0.0163164,-1.39823,-1.34827,-1.24579,-1.20665,-1.12069,-1.0898,-1.01513,-1.43107,-1.23751,-1.2147,-1.194,-1.11138,-1.09268,-1.0872,0.799059,0.768817,0.80914,0.804435,0.838038,0.850806,0.822581,0.833333,0.8125,0.807124,0.840726,0.852151,0.846774,0.846102,3.02275,2.7383,1.87412,1.99127,0.781557,0.759642,0.0920165,0.0877241,0.310321,0.154267,-4.96907,-4.8942,3.79031,3.71518,0.919946,0.921129,0.0757965,0.0755162,0.105702,0.0895176,2.79434,2.74417,1.87479,1.8609,0.683146,0.702373,0.0872702,0.0853473,0.308947,0.152928,-4.94931,-4.95121,3.66004,3.6388,0.918548,0.919839,0.0751469,0.0750488,0.105238,0.0891236,2.25322,2.35781,2.5897,2.71488,2.93179,2.95054,3.02973,2.30444,2.69675,2.7049,2.74417,2.93179,2.95054,3.02275,0.688581,0.691269,0.703366,0.702373,0.782901,0.785647,0.72756,0.744215,0.675082,0.692613,0.702373,0.782901,0.785647,0.781557,-5.0123,-4.96907,-4.9508,-4.88932,-4.83312,-4.82172,-4.79384,-5.0147,-4.96907,-4.95121,-4.92396,-4.89226,-4.87293,-4.83131,0.921237,0.919946,0.919839,0.921129,0.918333,0.919731,0.901237,0.921237,0.919946,0.919839,0.921237,0.921129,0.91586,0.91586,2.44137,2.4081,2.37641,0.0168559,2.188,2.31041,2.33853,2.38217,2.44137,2.46821,2.48503,2.42934,2.38649,2.25222,0.0334499,1.86327,1.92679,2.04057,2.33612,2.42934,2.44373,2.47933,3.55274,3.63092,3.56595,0.0189207,3.23216,3.53758,3.55204,3.57277,3.60323,3.63677,3.70625,3.55511,3.5813,3.4552,0.0304044,3.19418,3.21451,3.23056,3.55511,3.58353,3.59961,3.6596,1.17508,1.17228,1.15653,0.00634611,1.10359,1.13037,1.14205,1.16022,1.17906,1.18435,1.18937,1.10821,1.18901,1.1072,0.0128712,0.948326,0.974711,1.05374,1.13037,1.16949,1.17573,1.18428,3.0847,3.09769,3.09911,0.00365254,3.04677,3.07968,3.0847,3.10294,3.11513,3.11771,3.1293,3.06973,3.1131,3.07638,0.00662689,2.99129,3.01265,3.04606,3.08832,3.10343,3.11505,3.11759,-9999,-9999
200704,25.643,1,23.854,1.243,1,27.288,2.294,1,25.988,25.003,0.81,26.894,1.424,25.643,1,23.854,1.243,1,27.288,2.294,1,441.15,179.334,1,193.039,179.334,1,-9999,-9999,412.121,412.121,0,472.036,1,473.205,472.036,1,6.77,1,5.319,6.77,1,99.88,99.881,0.0618056,4.685,6.438,1,1.188,1.233,0.0618056,-9999,-9999,75.33361806,1,381.725125,1,22.486,1,371.32,0.2625,27.399,1,40.728,-9999,0.991667,-9999,0,1,62.8009,0.24375,62.8009,1.12622,47.7777,0.250694,47.7777,0.74391,-9999,-9999,23,25,12.7,13.1333,-0.453986,-0.472687,0.253472,0.263194,0.0734363,0.0722463,0.15201,0.121549,-0.572415,-0.548691,0.261806,0.263194,0.067686,0.0696831,0.149317,0.120043,-0.601531,-0.556522,0.262014,0.25974,0.0202324,0.0182449,-0.866112,-0.720175,-0.705517,-0.594545,-0.527696,-0.453986,-0.397912,-0.866112,-0.645775,-0.594545,-0.563697,-0.46942,-0.450279,-0.397912,0.267361,0.265972,0.268056,0.254167,0.263194,0.253472,0.250694,0.267361,0.263194,0.254167,0.261806,0.263194,0.253472,0.250694,2.84834,2.69861,1.01601,0.783642,0.284058,0.284058,0.100583,0.101056,0.2355,0.240533,-3.46044,-3.35728,4.69373,4.83167,0.225333,0.244,0.0959565,0.0934995,0.22351,0.233071,3.08391,3.03383,1.03666,0.927317,0.27971,0.284058,0.094983,0.0981831,0.233163,0.23934,-3.89628,-3.80631,4.46287,4.60466,0.245333,0.244,0.0895787,0.091825,0.220847,0.232405,2.39003,2.60807,2.62138,2.764,2.9298,3.03395,3.08391,2.39003,2.61112,2.69861,2.89546,3.03395,3.04767,3.08391,0.284058,0.281159,0.281159,0.281159,0.284058,0.284058,0.27971,0.284058,0.284058,0.284058,0.27971,0.284058,0.27971,0.27971,-3.89636,-3.86352,-3.81834,-3.75012,-3.50154,-3.45979,-3.36703,-3.89635,-3.88015,-3.86045,-3.75603,-3.46044,-3.45316,-3.36703,0.245333,0.252,0.244,0.256,0.226667,0.225333,0.22,0.245333,0.245333,0.248,0.248,0.225333,0.225333,0.22,2.49007,2.76813,2.65233,0.0349389,2.30217,2.46025,2.49517,2.5563,2.79736,2.84785,2.855,2.46802,2.85253,2.85663,0.066127,2.30217,2.46802,2.50152,2.76813,3.32645,3.4129,3.51196,2.88798,3.31682,3.20885,0.0394027,2.85851,2.90984,3.00018,3.19959,3.32723,3.40454,3.42086,2.93747,3.42495,3.45816,0.072092,2.90372,2.99494,3.12204,3.31632,4.0399,4.11842,4.14292,3.13365,4.59513,3.62105,0.0940294,2.82048,3.00646,3.03844,3.85053,3.93646,3.98454,4.59513,3.92655,3.87946,3.53041,0.0882155,2.63871,2.92905,3.03844,3.52125,3.92655,3.93747,4.57257,4.60101,4.88644,4.35149,0.0671445,3.82228,3.86238,3.86458,4.5767,4.6133,4.80185,4.88644,4.59422,4.58386,4.42257,0.0629621,3.82229,3.86451,3.86816,4.59347,4.7475,4.79631,4.87564,-9999,-9999
200705,25.284,1,23.8,0.837,1,26.645,2.088,1,25.23,24.305,0.606,26.079,1.103,25.284,1,23.8,0.837,1,26.645,2.088,1,435.565,155.881,1,162.527,155.881,1,-9999,-9999,415.925,415.925,0,477.754,1,477.644,477.754,1,4.101,1,3.012,4.101,1,99.834,99.83,0.430108,8.188,14.045,1,0.854,0.976,0.430108,-9999,-9999,69.86209677,1,332.2015591,1,13.90415131,0.995967742,394.846,0.786962,26.908,1,56.334,-9999,1,-9999,0,1,77.9265,0.781586,77.9265,0.828963,25.1756,0.780242,25.1756,0.492168,-9999,-9999,22.9677,25.0323,22.9032,22.7742,-0.622579,-0.342881,0.764113,0.762769,0.117986,0.119371,0.429968,0.252141,-0.159855,-0.282506,0.747312,0.754032,0.117698,0.123321,0.429889,0.254034,-0.588732,-0.436165,0.697547,0.749126,0.0502701,0.0337794,-1.13766,-1.06779,-0.83879,-0.603321,-0.34241,-0.240869,-0.150469,-0.802078,-0.645303,-0.617783,-0.429342,-0.248986,-0.201116,-0.150469,0.551747,0.564516,0.706989,0.764113,0.762769,0.761425,0.747984,0.566532,0.764113,0.764113,0.750672,0.747984,0.747984,0.747984,5.89121,6.32892,1.21212,0.921972,0.816269,0.816269,0.169468,0.174689,0.82766,0.778935,-6.55379,-6.43677,9.43171,9.5351,0.716129,0.713548,0.154994,0.157302,0.379805,0.406396,7.65769,7.04614,0.885521,0.850288,0.816269,0.816269,0.164529,0.177768,0.826663,0.779631,-7.31738,-6.9834,9.08574,9.24879,0.683871,0.696774,0.15611,0.157988,0.380261,0.406662,5.27556,5.57848,5.86251,5.93336,6.99878,7.19873,7.66015,5.84302,5.89121,5.92677,6.67915,7.2016,7.4094,7.66015,0.446003,0.45021,0.448808,0.816269,0.709677,0.816269,0.816269,0.816269,0.816269,0.816269,0.816269,0.816269,0.816269,0.816269,-7.30715,-7.24446,-7.13821,-6.96702,-6.55833,-6.55098,-6.5466,-7.31569,-7.2995,-7.24292,-6.9834,-6.55098,-6.55006,-6.48172,0.691663,0.682581,0.664715,0.671117,0.716129,0.716129,0.716129,0.683871,0.690372,0.685161,0.696774,0.716129,0.716129,0.710968,6.69607,7.80409,7.37014,0.0939248,6.6762,6.69607,6.75511,7.43013,7.93031,7.99761,8.15615,6.84423,8.36224,7.14858,0.0962726,6.21591,6.67787,6.72166,6.9239,7.80409,7.93031,8.15615,7.28291,8.0866,7.80631,0.0663334,7.25436,7.29371,7.38301,7.77682,8.19512,8.27049,8.35552,7.363,8.52209,7.73731,0.0670953,7.22092,7.29872,7.38301,7.67479,8.0866,8.21368,8.30679,6.819,8.98348,7.47837,0.147714,6.30448,6.39615,6.47351,7.59642,8.13866,8.3792,8.98348,8.3792,7.66908,7.59123,0.1406,6.30448,6.47351,6.59958,7.7111,8.13188,8.3792,8.98796,8.00433,8.24317,7.6242,0.0741051,7.04642,7.09542,7.11586,7.69608,7.93432,8.21239,8.24318,7.93432,7.77237,7.77625,0.072602,7.0464,7.11273,7.12541,7.87843,8.21165,8.21752,8.27443,-9999,-9999
200706,25.184,1,23.686,0.882,1,26.451,2.209,1,25.66,24.748,0.938,26.431,1.201,25.184,1,23.686,0.882,1,26.451,2.209,1,428.393,145.051,1,156.148,145.051,1,-9999,-9999,415.559,415.559,0,475.993,1,477.217,475.993,1,3.768,1,3.82,3.768,1,99.818,99.835,0.782639,9.299,9.289,1,0.818,0.903,0.782639,-9999,-9999,79.85000174,0.678472222,309.3443194,1,11.0192386,0.783333333,394.72,1,26.231,1,67.081,-9999,1,-9999,0,1,77.1886,0.999306,77.1886,1.01137,15.3344,0.999306,15.3344,0.432038,-9999,-9999,22,26,21.9667,26,-1.30481,-1.29428,0.990278,0.985417,0.129005,0.129109,0.412132,0.289939,-1.78916,-1.16573,0.9625,0.982639,0.0986111,0.122283,0.403652,0.286965,-1.06407,-1.33888,0.914601,0.968993,0.104652,0.0550395,-1.70657,-1.52995,-1.44686,-1.30481,-1.14491,-0.747111,0.536098,-1.79069,-1.70657,-1.53079,-1.32633,-1.23479,-1.18736,-1.14564,0.967361,0.953472,0.661806,0.990278,0.981944,0.736806,0.71875,0.96875,0.967361,0.925,0.992361,0.969444,0.984028,0.981944,6.01952,6.03726,1.89918,1.54302,1,1,0.217592,0.200316,0.726336,0.40257,-7.41475,-7.41103,9.95634,9.98179,0.982051,0.973077,0.152109,0.146468,0.452171,0.367094,5.61915,6.59853,1.14359,1.45466,1,1,0.136952,0.195118,0.706381,0.400009,-7.93766,-7.65726,9.57047,9.78517,0.930769,0.967949,0.131704,0.141662,0.445721,0.365204,5.61262,5.90445,5.94774,6.323,6.6267,7.2904,8.86668,5.61262,5.90015,5.91362,6.06668,6.46034,6.59853,6.62912,1,1,1,0.984848,1,0.55303,0.519697,1,1,1,1,0.984848,1,1,-8.08464,-7.97295,-7.82765,-7.49794,-7.37118,-7.12131,-6.5489,-8.13512,-8.07591,-7.92563,-7.62044,-7.41103,-7.40269,-7.35628,0.930769,0.935897,0.94359,0.892308,0.971795,0.884615,0.887179,0.930769,0.912821,0.942308,0.966667,0.973077,0.987179,0.970513,6.39306,6.94295,6.51844,0.0473518,6.11509,6.20251,6.36026,6.41985,6.57417,6.94295,7.08303,6.40449,6.13283,6.48307,0.0509936,5.92743,6.20251,6.2954,6.4098,6.57417,6.90841,7.08303,7.72781,8.10868,7.85732,0.0630795,7.59769,7.7137,7.72633,7.8262,8.03526,8.10897,8.37077,7.84166,7.92199,7.54714,0.12587,5.75234,6.05982,7.64788,7.76497,8.01772,8.06835,8.28458,7.04028,6.13781,6.40527,0.0754317,5.38896,5.93442,6.13136,6.30599,6.82862,6.8748,7.04028,6.48941,5.62669,6.46692,0.0985594,5.40692,5.85478,6.12527,6.50779,6.8505,6.96212,7.55477,7.83732,7.8059,7.9796,0.0399863,7.47213,7.80256,7.82232,7.9589,8.16207,8.25715,8.32517,7.45667,7.67255,8.01735,0.0471554,7.45667,7.75344,7.83026,7.99493,8.22049,8.26367,8.48696,-9999,-9999
200707,24.911,1,23.473,0.778,1,26.128,2.141,1,25.206,24.476,0.769,25.824,1.027,24.911,1,23.473,0.778,1,26.128,2.141,1,429.478,142.685,1,154.034,142.685,1,-9999,-9999,414.911,414.911,0,476.917,1,476.461,476.917,1,3.316,1,3.561,3.316,1,99.874,99.891,0.797715,8.12,6.335,1,0.736,0.88,0.797715,-9999,-9999,102.6715879,0.992607527,304.3427755,1,11.23578763,0.997983871,389.09,0.999328,25.563,1,72.294,-9999,1,-9999,0,1,82.8034,0.998656,82.8034,0.926721,15.4738,0.999328,15.4738,0.356961,-9999,-9999,22,26,21.9355,25.9677,-1.54204,-1.67852,0.993952,0.994624,0.127572,0.119336,0.337209,0.24566,-1.76862,-1.78711,0.989247,0.993952,0.0959601,0.114042,0.326563,0.243132,-1.69549,-1.6954,0.870531,0.979385,0.067006,0.0415475,-2.54218,-2.03164,-1.9002,-1.6988,-1.48994,-1.40735,-1.27881,-2.07539,-1.9194,-1.83215,-1.67852,-1.51683,-1.48994,-1.40735,0.927419,0.972446,0.540323,0.991263,0.993952,0.993952,0.572581,0.974462,0.985887,0.982527,0.994624,0.994624,0.993952,0.993952,5.05984,4.74455,1.65101,1.35743,1,1,0.183813,0.182867,0.634759,0.417737,-7.02476,-7.00077,9.47215,9.48253,0.988834,0.990074,0.149121,0.149404,0.356723,0.179534,4.58535,4.75998,0.735472,0.997696,1,1,0.127444,0.170574,0.620785,0.412504,-7.02636,-7.20701,9.36104,9.27839,0.980149,0.988834,0.132323,0.142586,0.350034,0.173902,2.97572,3.94891,4.09417,4.7471,5.04322,5.16403,5.29009,4.01148,4.39463,4.53363,4.87628,5.07879,5.1458,5.28588,0.935484,0.247801,0.72434,1,1,1,1,1,1,1,0.313783,1,1,1,-7.21544,-7.15174,-7.13274,-7.02183,-6.95045,-6.50362,-6.38045,-7.21253,-7.19642,-7.14562,-7.02582,-7.00726,-6.99731,-6.97848,0.988834,0.980149,0.921836,0.988834,0.875931,0.796526,0.75062,0.988834,0.983871,0.980149,0.967742,0.990074,0.990074,0.988834,5.24537,4.69434,4.85101,0.0514654,4.3259,4.58196,4.69434,4.90326,5.03464,5.05808,5.24537,4.58196,4.89887,4.94502,0.0856133,3.58324,4.33487,4.71073,4.97641,5.16236,5.512,5.7481,6.64894,6.48145,6.54641,0.026231,6.14452,6.37614,6.46803,6.56872,6.64894,6.66907,6.7908,6.7246,6.66749,6.64051,0.0522325,6.08101,6.38393,6.46135,6.58506,6.7908,6.95572,7.13198,7.10088,7.53769,7.4522,0.103116,6.10166,7.2068,7.28035,7.52333,7.84501,7.88001,7.96912,7.17516,8.00857,6.85152,0.199324,4.15244,4.73673,5.84088,7.38255,7.7294,7.85304,7.90944,8.3178,8.44506,8.23794,0.0498912,8.00432,8.04305,8.11056,8.29701,8.40217,8.45085,8.53083,8.01755,8.41038,7.94812,0.0990738,6.56621,6.86418,7.70794,8.19142,8.32535,8.44289,8.47279,-9999,-9999
200708,24.561,1,23.095,0.724,1,25.841,2.059,1,24.71,23.926,0.833,25.393,1.148,24.561,1,23.095,0.724,1,25.841,2.059,1,434.973,142.397,1,155.695,142.397,1,-9999,-9999,410.258,410.258,0,474.154,1,471.03,474.154,1,3.16,1,3.879,3.16,1,99.865,99.875,0.799731,7.448,7.197,1,0.793,0.799,0.799731,-9999,-9999,103.9004965,0.987231183,303.7361492,1,11.17739247,1,388.811,1,25.064,1,75.919,-9999,1,-9999,0,1,77.7904,1,77.7904,1.0566,20.4409,0.999328,20.4409,0.432763,-9999,-9999,22.3548,25.6452,22.3548,25.6452,-1.13794,-1.00794,0.99328,0.99328,0.130534,0.126717,0.939007,0.199775,-0.82662,-1.18158,0.981183,0.992608,0.102857,0.108875,0.935561,0.188961,-1.525,-1.15762,0.831401,0.968212,0.120566,0.053871,-3.07347,-2.88182,-1.46749,-1.17391,-1.05449,-1.02204,-0.840082,-1.31993,-1.29466,-1.22324,-1.14445,-1.02204,-0.985774,-0.854481,0.418683,0.405242,0.789651,0.99328,0.993952,0.99328,0.984543,0.991263,0.964382,0.989247,0.993952,0.99328,0.99328,0.981183,5.13657,5.41993,1.82799,1.55121,0.995792,0.995792,0.203719,0.211106,1.29875,0.349291,-6.54106,-6.55095,8.27774,8.24428,0.991166,0.991166,0.139087,0.140331,0.603272,0.168031,5.70301,5.12442,0.967772,1.29338,0.991585,0.995792,0.156973,0.173112,1.29224,0.327729,-6.47426,-6.60824,8.25761,8.16574,0.972308,0.989926,0.125276,0.125664,0.600238,0.155991,2.51736,2.90416,4.74839,5.13657,5.34182,5.4695,5.72659,4.7908,4.93994,5.09794,5.20799,5.41896,5.49649,5.72659,0.0154915,0.0154915,0.709614,0.995792,0.995792,0.910238,0.99439,0.991585,0.987377,0.995792,0.998597,0.99439,0.995792,0.99439,-7.78099,-7.71246,-6.8642,-6.62905,-6.57528,-6.53842,-6.49188,-6.76704,-6.71304,-6.63712,-6.59609,-6.5406,-6.5282,-6.47112,0.746055,0.747295,0.835682,0.992407,0.991166,0.968536,0.991166,0.988635,0.978561,0.992407,0.991166,0.968536,0.992407,0.972308,6.04804,5.83763,6.14103,0.0580293,5.38007,5.81429,5.91063,6.0977,6.37236,6.42548,6.85267,6.11883,6.49884,5.92933,0.082822,5.00838,5.17029,5.568,6.00459,6.26093,6.42865,6.85267,7.20185,7.01921,7.29866,0.0533919,6.77758,7.02828,7.13422,7.24319,7.34239,7.44643,8.17239,7.33828,7.32546,7.45433,0.0912699,6.46287,6.9664,7.10264,7.29915,8.05211,8.17239,8.47966,5.52395,6.02413,5.13312,0.085529,4.05798,4.62058,4.88255,5.20923,5.41094,5.70051,5.89893,4.0458,4.84,5.13152,0.175198,3.44352,4.0671,4.1769,5.21992,5.70051,5.83348,6.99344,6.92807,7.12971,6.84049,0.0321897,6.48987,6.59506,6.72303,6.87815,6.93514,7.01236,7.11393,6.50569,6.58266,6.81082,0.0677435,6.11074,6.42742,6.53906,6.86948,6.96923,7.11031,7.48696,-9999,-9999
200709,24.707,1,23.048,0.929,1,26.232,2.293,1,25.25,24.52,0.741,25.921,1.197,24.707,1,23.048,0.929,1,26.232,2.293,1,432.108,163.169,1,160.684,163.169,1,-9999,-9999,410.219,410.219,0,472.163,1,470.985,472.163,1,3.7,1,4.344,3.7,1,99.855,99.864,0.824306,7.503,6.854,1,0.75,0.885,0.824306,-9999,-9999,122.3241389,1,347.5967014,1,12.65693056,1,386.313,1,25.43,1,79.679,-9999,1,-9999,0,1,86.627,1,86.627,1.13371,24.8611,1,24.8611,0.532348,-9999,-9999,23,25,23,25,-1.2656,-1.32747,0.995833,0.993056,0.109344,0.0976996,0.504459,0.17434,-1.53689,-1.25406,0.979167,0.990972,0.0716166,0.0908783,0.497646,0.17061,-1.59268,-1.35619,0.916615,0.979375,0.069125,0.0354135,-2.33796,-2.25053,-2.10238,-1.39076,-1.28738,-1.2656,-1.14426,-1.79792,-1.53191,-1.39076,-1.32449,-1.265,-1.24313,-1.09849,0.804167,0.709028,0.593056,0.995833,0.991667,0.995833,0.988889,0.978472,0.96875,0.995833,0.973611,0.986806,0.995833,0.988889,5.62314,5.6065,1.5571,1.39479,1,1,0.14909,0.133134,1.04173,0.21253,-7.5149,-7.61408,8.72733,8.58705,0.992,0.986667,0.12299,0.118949,0.21512,0.220374,5.42389,5.73591,1.03948,1.18482,1,1,0.0790694,0.129856,1.03403,0.210492,-7.83353,-7.59729,8.45784,8.61169,0.96,0.982667,0.110752,0.11832,0.208365,0.220035,3.60375,3.67389,3.75273,5.52915,5.64153,5.73591,5.95151,5.05351,5.43402,5.44486,5.6178,5.69317,5.76535,6.03927,0.524638,0.65942,0.333333,1,1,1,1,1,1,1,1,1,1,1,-7.93947,-7.84423,-7.75178,-7.60045,-7.51727,-7.49124,-7.4686,-7.97574,-7.88794,-7.8426,-7.59729,-7.56864,-7.51691,-7.50033,0.958667,0.932,0.934667,0.982667,0.992,0.992,0.884,0.958667,0.946667,0.973333,0.982667,0.992,0.88,0.992,6.03619,6.06027,6.12772,0.0730151,4.98508,5.98784,6.03619,6.16171,6.36425,6.47815,6.61634,6.04542,6.07473,5.70195,0.12892,4.0181,4.69052,4.79529,6.04295,6.25252,6.39014,6.61634,7.42521,7.31433,7.48391,0.0563279,6.5002,7.31544,7.3786,7.52069,7.63269,7.67388,7.95463,7.51013,7.61161,7.29463,0.0808299,6.23251,6.69483,6.86302,7.40393,7.57227,7.66917,8.09281,6.01668,6.03394,5.78664,0.0976756,4.48424,4.79442,5.44782,6.00585,6.19996,6.23697,6.44353,4.23514,5.72718,5.55428,0.121977,4.11928,4.56265,4.72155,5.82819,6.18078,6.23697,6.44334,7.36658,7.58248,7.54965,0.0365694,7.09631,7.27571,7.36658,7.58233,7.68971,7.75006,7.91298,7.27571,7.49598,7.42477,0.0631695,6.68855,6.95593,7.05458,7.51943,7.74049,7.78757,7.94909,-9999,-9999
200710,24.746,1,23.376,0.644,1,26.069,1.916,1,24.118,23.4,0.711,24.811,1.067,24.746,1,23.376,0.644,1,26.069,1.916,1,413.041,151.771,1,131.009,151.771,1,-9999,-9999,410.621,410.621,0,471.912,1,471.453,471.912,1,3.907,1,2.526,3.907,1,99.815,99.809,0.741935,10.081,12.251,1,1.293,1.07,0.739919,-9999,-9999,112.9809265,0.995967742,323.5296573,1,11.64932796,1,383.041,1,25.254,1,78.137,-9999,1,-9999,0,1,83.3662,0.999328,83.3662,0.989557,20.3196,0.999328,20.3196,0.520635,-9999,-9999,23.6129,24.3871,22.1613,24.0968,-0.724796,-0.789617,0.99664,0.994624,0.111815,0.101118,1.38004,0.307206,-0.460188,-0.747241,0.987231,0.994624,0.089518,0.089699,1.37841,0.303639,-1.16266,-0.60482,0.90504,0.984123,0.172872,0.0787957,-3.26203,-3.16685,-1.84798,-0.734101,-0.544799,-0.415851,-0.0455088,-0.789617,-0.750137,-0.74517,-0.642123,-0.483228,-0.169963,-0.0455088,0.663306,0.760081,0.797043,0.99664,0.99328,0.964382,0.985215,0.994624,0.99664,0.99664,0.988575,0.987231,0.986559,0.985215,6.31953,6.285,1.70408,1.29776,1,1,0.198316,0.137022,2.45141,0.542695,-7.4904,-7.58215,8.94739,8.86256,0.993387,0.989355,0.132178,0.118566,0.170067,0.136402,6.74845,6.33097,0.888351,1.07374,1,1,0.131634,0.128059,2.44692,0.540502,-7.41209,-7.54882,8.85749,8.86122,0.974624,0.989355,0.112992,0.116506,0.155625,0.134615,1.30982,1.8387,4.24103,6.33552,6.61943,6.72545,7.54885,6.18418,6.26675,6.32104,6.47851,6.72208,7.31697,7.54885,0.474112,0.558497,0.687763,1,1,0.987377,1,1,1,1,1,1,1,1,-7.75582,-7.61752,-7.56779,-7.4904,-7.4297,-7.4035,-7.33419,-7.58215,-7.55213,-7.51766,-7.48996,-7.42977,-7.41726,-7.38728,0.865161,0.905376,0.989355,0.993387,0.974624,0.970699,0.941505,0.989355,0.989355,0.990699,0.993387,0.989355,0.970699,0.986667,6.55553,6.4684,6.74739,0.138664,4.9482,6.50257,6.52395,6.75068,6.89348,7.60194,7.86395,6.63519,7.11811,5.82448,0.272224,2.62208,2.8301,4.67659,6.52858,6.82573,7.03098,7.86395,7.31081,7.21565,7.35221,0.0826078,5.91755,7.25237,7.27481,7.38917,7.49864,7.83329,7.93547,7.44788,7.5783,6.98714,0.120931,5.75151,5.91755,6.02198,7.30327,7.47915,7.53537,7.95649,5.67662,6.25051,5.27343,0.120152,3.83168,4.13023,4.87022,5.45348,5.70843,5.89316,6.2606,5.6721,6.00864,5.36242,0.161613,3.83168,4.09631,4.81323,5.45414,5.81515,6.2055,6.35619,7.39457,7.19295,6.90559,0.058595,6.25266,6.33672,6.74821,6.87726,7.20338,7.27726,7.39408,6.74821,7.25855,6.90073,0.0647057,5.96679,6.47311,6.62761,6.91536,7.19558,7.26306,7.38704,-9999,-9999
200711,24.565,1,23.297,0.717,1,25.833,1.864,1,24.468,23.86,0.667,25.077,1.006,24.565,1,23.297,0.717,1,25.833,1.864,1,384.502,135.788,1,133,135.788,1,-9999,-9999,411.327,411.327,0,473.039,1,472.277,473.039,1,3.39,1,2.606,3.39,1,99.735,99.742,0.683333,8.428,11.701,1,1.198,1.111,0.683333,-9999,-9999,100.5327917,1,289.7774028,1,10.13809028,1,381.363,0.997917,24.914,1,85.362,-9999,1,-9999,0,1,84.4878,0.997917,84.4878,1.13463,16.1014,0.997917,16.1014,0.479059,-9999,-9999,24,24,18.4,23.3667,-1.16011,-0.894245,0.994444,0.994444,0.112392,0.1136,0.360327,0.270957,-0.954662,-0.82783,0.977778,0.994444,0.0885333,0.105547,0.353613,0.26768,-1.11117,-0.910455,0.931267,0.974375,0.0697054,0.0387,-2.23024,-1.36062,-1.26902,-1.11649,-0.882858,-0.675917,-0.650105,-1.26902,-1.14535,-1.13756,-0.967296,-0.713381,-0.65336,-0.47797,0.877083,0.977778,0.882639,0.994444,0.920139,0.91875,0.917361,0.882639,0.994444,0.994444,0.972917,0.994444,0.985417,0.990278,5.46222,5.9334,1.46564,1.46573,1,1,0.18171,0.168019,0.693317,0.58836,-7.69809,-7.65687,8.13021,8.14635,0.988889,0.988889,0.132274,0.12776,0.274422,0.213272,6.13413,6.10152,1.28235,1.43548,1,1,0.123204,0.159761,0.68033,0.586055,-7.97405,-7.697,8.1028,8.14899,0.955556,0.988889,0.117655,0.12592,0.267682,0.212175,4.01837,4.9573,5.41815,5.59443,6.1917,6.29546,6.65375,5.46216,5.49724,5.49836,5.9334,6.27889,6.62496,6.71663,0.85,0.680556,1,1,0.938889,1,1,1,1,1,1,1,0.906944,1,-8.2972,-8.04046,-7.97199,-7.71729,-7.66204,-7.55958,-7.52177,-8.04068,-7.95704,-7.88799,-7.69168,-7.66062,-7.6155,-7.55584,0.905556,0.955556,0.948611,0.988889,0.988889,0.980556,0.977778,0.955556,0.931944,0.936111,0.988889,0.988889,0.980556,0.970833,5.67071,6.49296,6.18828,0.0802907,5.66062,5.66718,5.72072,6.18574,6.60024,6.68107,6.98668,6.00771,6.25361,5.85952,0.11254,4.53312,4.92374,5.26454,5.80937,6.52047,6.63784,6.77747,6.8071,7.32079,7.09873,0.052431,6.79817,6.81168,6.87594,7.13473,7.33188,7.3676,7.46988,6.82436,7.20827,6.97068,0.0873555,5.70561,6.21543,6.80326,7.17658,7.34288,7.42758,7.54186,5.24846,5.97977,5.62491,0.165929,4.98065,5.06603,5.12243,5.23126,5.77465,6.00438,7.81091,6.31608,5.80647,5.95677,0.246063,4.49499,5.06603,5.13464,5.48017,6.00442,6.31608,10.1893,6.68159,6.70747,6.71039,0.0227397,6.53823,6.57964,6.58746,6.66702,6.75949,6.82561,6.94566,6.94566,6.87987,6.74271,0.0324366,6.32403,6.57964,6.64184,6.71281,6.93041,6.96389,7.01184,-9999,-9999
200712,24.479,1,23.013,0.951,1,25.979,1.899,1,24.262,23.579,0.628,24.96,1.063,24.479,1,23.013,0.951,1,25.979,1.899,1,367.118,165.149,1,141.255,165.149,1,-9999,-9999,402.167,402.167,0,455.97,1,461.586,455.97,1,4.914,1,3.737,4.914,1,99.894,99.9,0.676075,6.539,9.285,0.999328,1.47,1.584,0.676075,-9999,-9999,116.7584075,0.999327957,352.1014121,0.999327957,12.35176333,0.999327957,373.876,0.999328,24.824,1,82.378,-9999,1,-9999,0,1,91.2238,0.997984,91.2238,1.05631,18.448,0.998656,18.448,0.530181,-9999,-9999,24.2581,23.7419,24.2581,23.7419,-0.134768,0.00113827,0.981855,0.974462,0.068086,0.0671945,0.222333,0.154543,0.0181221,-0.0175691,0.973118,0.97379,0.0634178,0.0667382,0.220948,0.154345,-0.154626,-0.0678593,0.945279,0.959644,0.0319023,0.0277832,-0.436807,-0.398947,-0.362938,-0.132361,-0.0469988,0.0243548,0.211524,-0.455666,-0.221361,-0.160425,-0.0371706,-0.00463926,0.0569806,0.270792,0.902554,0.90121,0.90457,0.957661,0.97379,0.97379,0.973118,0.918011,0.915323,0.928091,0.959677,0.97379,0.97379,0.973118,4.90186,5.15442,1.07897,1.09565,1,1,0.0888274,0.088173,0.310104,0.234384,-5.26531,-5.25626,6.20591,6.16379,0.963417,0.948165,0.0941681,0.0932114,0.146935,0.114372,5.22932,5.1311,0.964699,1.12142,0.998656,1,0.0804592,0.0883542,0.307812,0.234452,-5.30413,-5.26622,6.06077,6.13541,0.947055,0.946821,0.0922345,0.0935858,0.145703,0.114677,4.54784,4.61491,4.64196,4.97852,5.08078,5.20913,5.51055,4.51073,4.8315,4.90186,5.11893,5.15442,5.26584,5.61433,0.853495,0.959946,0.853495,0.852151,1,1,1,0.897849,0.891129,1,1,1,1,1,-5.52551,-5.48009,-5.44978,-5.29642,-5.26434,-5.2545,-5.20881,-5.49072,-5.37552,-5.33085,-5.26531,-5.25626,-5.24297,-5.19837,0.94425,0.94834,0.955411,0.936244,0.948165,0.963417,0.945477,0.937588,0.937588,0.936244,0.963417,0.948165,0.964762,0.945477,4.79148,4.68889,4.66893,0.0135387,4.48755,4.5791,4.60841,4.67762,4.72001,4.76144,4.79822,4.71769,4.6523,4.62983,0.0149799,4.48755,4.53421,4.54093,4.62637,4.68758,4.72001,4.79822,4.76209,4.70645,4.73679,0.0179123,4.42928,4.68838,4.69329,4.72933,4.78257,4.78993,4.91688,4.7604,4.63418,4.78446,0.0210342,4.47014,4.66691,4.72704,4.76322,4.89556,4.93988,4.97102,3.87655,3.79975,3.9038,0.0139969,3.72784,3.81047,3.85383,3.90331,3.97915,4.00696,4.02565,3.77825,3.99286,3.89614,0.0216137,3.70917,3.77825,3.8122,3.88428,4.00218,4.01732,4.10337,5.18015,5.05319,5.08343,0.00807025,4.974,5.02947,5.064,5.088,5.10668,5.13057,5.18015,5.10093,5.08427,5.07022,0.0140844,4.95053,4.99196,5.01287,5.07441,5.10093,5.11999,5.19086,-9999,-9999
200801,24.791,1,22.805,1.346,1,26.777,2.085,1,25.387,24.306,0.548,26.467,1.32,24.791,1,22.805,1.346,1,26.777,2.085,1,377.343,226.665,1,194.144,226.665,1,-9999,-9999,392.755,392.755,0,438.254,1,450.6,438.254,1,8.517,1,7.233,8.517,1,99.882,99.907,0.847446,1.222,0.343,1,2.274,2.342,0.846774,0.514568559,0.588037634,150.5145833,1,481.6567272,1,16.59678091,1,367.187,0.997312,24.828,1,46.858,-9999,1,-9999,0,1,116.059,0.997984,116.059,1.1589,30.9893,0.995296,30.9893,0.58944,-9999,-9999,24,24,24,24,-0.73685,-0.76902,0.991263,0.974462,0.0582455,0.0575262,0.148523,0.145309,-0.657723,-0.705147,0.912634,0.901882,0.0566517,0.0570453,0.147905,0.145119,-0.82628,-0.828128,0.954402,0.952067,0.0189345,0.0188135,-1.06688,-0.983918,-0.922816,-0.808499,-0.740454,-0.710667,-0.699571,-1.06805,-0.988334,-0.915876,-0.813201,-0.74619,-0.721461,-0.694304,0.992608,0.991935,0.929435,0.929435,0.960349,0.913978,0.909946,0.992608,0.991935,0.928091,0.928763,0.990591,0.912634,0.909274,4.85122,4.79915,1.67739,1.29306,1,0.967742,0.0761614,0.0758172,0.261203,0.256184,-6.27135,-6.28128,5.5097,5.458,0.982527,0.981183,0.0804514,0.0803451,0.0830275,0.0828105,5.01524,4.92522,1.63159,1.48166,0.846774,0.825269,0.0745525,0.0751858,0.260738,0.255997,-6.28287,-6.28424,5.45826,5.45394,0.978495,0.978495,0.0797695,0.0802159,0.082367,0.0826851,4.27176,4.41535,4.52667,4.71688,4.85122,4.91506,4.94005,4.2695,4.40693,4.54344,4.71292,4.84226,4.89634,4.94772,1,0.998656,0.883065,0.883065,1,1,0.841398,1,0.998656,0.880376,0.883065,0.819892,0.919355,0.841398,-6.32795,-6.31269,-6.3052,-6.28418,-6.27605,-6.27165,-6.26244,-6.32795,-6.31282,-6.30861,-6.28594,-6.28047,-6.2727,-6.26244,0.985215,0.983871,0.975806,0.974462,0.975806,0.977151,0.981183,0.985215,0.983871,0.975806,0.977151,0.975806,0.977151,0.981183,4.46898,4.45041,4.42564,0.00808358,4.32185,4.34847,4.39865,4.44162,4.46407,4.46904,4.47724,4.32343,4.45041,4.42564,0.00808358,4.32185,4.34847,4.39865,4.44162,4.46407,4.46904,4.47724,5.24438,5.15556,5.25377,0.0125603,5.09915,5.18167,5.18832,5.24498,5.32573,5.33896,5.37158,5.24438,5.10813,5.25192,0.0130364,5.10747,5.14238,5.19199,5.24564,5.32263,5.33646,5.36714,3.71575,3.66826,3.54292,0.0192749,3.33961,3.40141,3.45359,3.53489,3.63745,3.6966,3.71912,3.58353,3.66826,3.54292,0.0192749,3.33961,3.40141,3.45359,3.53489,3.63745,3.6966,3.71912,5.40483,5.25387,5.33181,0.00781187,5.25548,5.28001,5.28338,5.33505,5.35875,5.38859,5.41784,5.2571,5.25387,5.33181,0.00781187,5.25548,5.28001,5.28338,5.33505,5.35875,5.38859,5.41784,-9999,-9999
200802,24.6,1,22.566,1.336,1,26.634,2.325,1,24.807,23.778,0.697,25.836,1.422,24.6,1,22.566,1.336,1,26.634,2.325,1,406.505,216.253,1,197.949,216.253,1,-9999,-9999,397.609,397.609,0,447.226,1,456.266,447.226,1,7.926,1,6.276,7.926,1,99.974,99.983,0.679598,2.689,0.387,1,1.852,1.902,0.679598,-9999,-9999,154.2386983,0.976293103,459.6720833,1,13.70832707,0.999281609,372.514,0.998563,25.445,1,39.587,-9999,1,-9999,0,1,116.937,0.99569,116.937,1.42884,34.0094,0.994253,34.0094,0.564816,-9999,-9999,24,24,23.9655,23.9655,-2.15696,-2.15354,0.974138,0.964799,0.0568872,0.0569377,0.16719,0.167207,-1.92259,-1.92259,0.96408,0.96408,0.0528534,0.0528534,0.165861,0.165861,-2.06971,-2.06971,0.952478,0.952478,0.0259041,0.0259041,-2.36071,-2.20154,-2.18098,-2.12906,-1.94083,-1.88712,-1.83359,-2.36071,-2.20154,-2.18098,-2.12906,-1.94083,-1.88712,-1.83359,0.877155,0.960489,0.974138,0.974138,0.910201,0.964799,0.958333,0.877155,0.960489,0.974138,0.974138,0.910201,0.964799,0.958333,2.49666,2.5714,1.19179,1.34928,1,0.982759,0.0729964,0.0675678,0.353125,0.352043,-6.65375,-6.7219,5.79229,5.773,0.948276,0.946839,0.0811518,0.0864697,0.121366,0.124984,3.01261,3.01261,1.27111,1.27111,0.982759,0.982759,0.0618806,0.0618806,0.350996,0.350996,-6.71801,-6.71801,5.74128,5.74128,0.945402,0.945402,0.0809141,0.0809141,0.121207,0.121207,2.25379,2.38751,2.41864,2.56939,3.03482,3.0785,3.15081,2.25379,2.38751,2.41864,2.56939,3.03482,3.0785,3.15081,0.804598,1,0.979885,0.982759,0.954023,0.866379,0.962644,0.804598,1,0.979885,0.982759,0.954023,0.866379,0.962644,-6.91784,-6.81906,-6.74109,-6.71758,-6.65697,-6.63857,-6.52637,-6.91784,-6.81906,-6.74109,-6.71758,-6.65697,-6.63857,-6.52637,0.961207,0.954023,0.945402,0.969828,0.941092,0.948276,0.939655,0.961207,0.954023,0.945402,0.969828,0.941092,0.948276,0.939655,2.35683,2.70952,2.58379,0.0278751,2.34325,2.4242,2.43931,2.47071,2.75858,2.81602,2.85151,2.4136,2.70952,2.58379,0.0278751,2.34325,2.4242,2.43931,2.47071,2.75858,2.81602,2.85151,4.48098,4.63211,4.65351,0.0176702,4.49057,4.55709,4.59977,4.62425,4.68406,4.70879,4.94149,4.48098,4.63211,4.65351,0.0176702,4.49057,4.55709,4.59977,4.62425,4.68406,4.70879,4.94149,4.08946,3.70834,3.68406,0.0567691,2.97763,3.20524,3.49769,3.69022,3.96385,4.0694,4.07873,3.65886,3.70834,3.68406,0.0567691,2.97763,3.20524,3.49769,3.69022,3.96385,4.0694,4.07873,5.34856,5.57122,5.56183,0.020536,5.34147,5.35622,5.47713,5.58807,5.63653,5.68864,5.7612,5.61581,5.57122,5.56183,0.020536,5.34147,5.35622,5.47713,5.58807,5.63653,5.68864,5.7612,-9999,-9999
200803,25.082,1,22.823,1.516,1,27.232,2.696,1,25.678,24.382,0.804,26.908,1.697,25.082,1,22.823,1.516,1,27.232,2.696,1,432.363,237.222,1,225.481,237.222,1,-9999,-9999,395.946,395.946,0,442.929,1,454.325,442.929,1,9.281,1,8.093,9.281,1,99.929,99.919,0.918011,1.368,0.139,1,1.997,2.037,0.918011,0.475923693,0.579973118,167.1671702,0.934811828,503.9329839,1,13.31312715,0.977822581,372.215,1,26.632,1,37.016,-9999,0.999328,-9999,0,1,93.9692,0.997984,93.9692,1.1394,52.206,0.997984,52.206,0.649955,-9999,-9999,23.3871,24.6129,23.3871,24.6129,-0.969029,-0.829496,0.986559,0.986559,0.05215,0.0498913,0.14986,0.149089,-0.938164,-0.938164,0.942876,0.942876,0.0489958,0.0489958,0.148792,0.148792,-0.967277,-0.967277,0.974294,0.974294,0.0194879,0.0194879,-1.20342,-1.11048,-1.07352,-0.983256,-0.851921,-0.829496,-0.793021,-1.20342,-1.11048,-1.07352,-0.983256,-0.851921,-0.829496,-0.793021,0.973118,0.984543,0.978495,0.944892,0.988575,0.986559,0.987231,0.973118,0.984543,0.978495,0.944892,0.988575,0.986559,0.987231,2.99491,3.29429,1.02337,1.11291,1,0.998656,0.0740238,0.0687978,0.231199,0.22958,-4.67761,-4.69932,4.3604,4.34899,0.973817,0.974892,0.0666747,0.0654426,0.137368,0.136774,3.13014,3.13014,1.1825,1.1825,0.92105,0.92105,0.068091,0.068091,0.229369,0.229369,-4.75352,-4.75352,4.27245,4.27245,0.96328,0.96328,0.0655153,0.0655153,0.136809,0.136809,2.7632,2.88086,2.94002,3.05105,3.26093,3.31891,3.35521,2.7632,2.88086,2.94002,3.05105,3.26093,3.31891,3.35521,0.962132,1,0.974755,0.923855,0.941094,0.998597,1,0.962132,1,0.974755,0.923855,0.941094,0.998597,1,-4.91299,-4.90228,-4.88177,-4.74288,-4.67698,-4.66208,-4.62886,-4.91299,-4.90228,-4.88177,-4.74288,-4.67698,-4.66208,-4.62886,0.992097,0.993387,0.993387,0.96328,0.972527,0.978925,0.977742,0.992097,0.993387,0.993387,0.96328,0.972527,0.978925,0.977742,2.83182,2.72574,2.80676,0.0125805,2.69679,2.72797,2.73687,2.79716,2.86116,2.88033,2.93105,2.88033,2.72574,2.80676,0.0125805,2.69679,2.72797,2.73687,2.79716,2.86116,2.88033,2.93105,3.84521,3.6639,3.77404,0.0195716,3.57726,3.605,3.67048,3.79819,3.87035,3.8875,3.94029,3.84521,3.6639,3.77404,0.0195716,3.57726,3.605,3.67048,3.79819,3.87035,3.8875,3.94029,2.64766,2.5993,2.45495,0.0268685,2.09777,2.21288,2.34227,2.505,2.58771,2.6253,2.63438,2.57265,2.5993,2.45495,0.0268685,2.09777,2.21288,2.34227,2.505,2.58771,2.6253,2.63438,3.93597,4.14592,4.04759,0.0122255,3.89752,3.94258,3.99831,4.04148,4.09766,4.11543,4.1738,4.17775,4.14592,4.04759,0.0122255,3.89752,3.94258,3.99831,4.04148,4.09766,4.11543,4.1738,-9999,-9999
200804,25.732,1,23.565,1.381,1,27.726,2.598,1,26.41,25.137,0.905,27.582,1.788,25.732,1,23.565,1.381,1,27.726,2.598,1,441.146,226.831,1,220.389,226.831,1,-9999,-9999,406.287,406.287,0,462.885,0.9625,466.395,463.502,0.9625,7.801,0.9625,8.076,7.653,0.9625,99.815,99.787,0.821528,2.11,2.414,1,1.628,1.803,0.821528,-9999,-9999,168.9029609,0.886111111,481.9830069,1,10.53057723,0.930555556,379.182,1,27.175,1,36.452,-9999,1,-9999,0,1,82.4797,0.997222,82.4797,1.08001,53.011,0.998611,53.011,0.624507,-9999,-9999,23,25,22.9667,24.5333,-0.17841,-0.515814,0.993056,0.982639,0.0662801,0.0645384,0.267271,0.266845,-0.583905,-0.583905,0.986111,0.986111,0.0604937,0.0604937,0.265896,0.265896,-0.245788,-0.245788,0.987517,0.987517,0.0355246,0.0355246,-0.645377,-0.583758,-0.507511,-0.164304,-0.102883,-0.0659122,0.00467741,-0.645377,-0.583758,-0.507511,-0.164304,-0.102883,-0.0659122,0.00467741,0.990278,0.982639,0.981944,0.995139,0.990972,0.990972,0.989583,0.990278,0.982639,0.981944,0.995139,0.990972,0.990972,0.989583,3.49823,2.86788,1.22813,1.07062,1,0.973913,0.0997897,0.0986395,0.439485,0.439226,-3.54847,-3.59281,3.61396,3.53065,0.986667,0.990667,0.0760643,0.0760758,0.124115,0.124122,2.71223,2.71223,1.32757,1.32757,0.97971,0.97971,0.0903653,0.0903653,0.437442,0.437442,-3.57559,-3.57559,3.49985,3.49985,0.992,0.992,0.0747166,0.0747166,0.123293,0.123293,2.59936,2.73705,2.89787,3.5175,3.56797,3.59306,3.7061,2.59936,2.73705,2.89787,3.5175,3.56797,3.59306,3.7061,0.988406,0.973913,0.972464,1,0.978261,0.978261,0.982609,0.988406,0.973913,0.972464,1,0.978261,0.978261,0.982609,-3.60532,-3.59816,-3.58799,-3.54847,-3.4607,-3.40201,-3.39061,-3.60532,-3.59816,-3.58799,-3.54847,-3.4607,-3.40201,-3.39061,0.988,0.990667,0.992,0.986667,0.996,0.996,0.996,0.988,0.990667,0.992,0.986667,0.996,0.996,0.996,3.22137,3.1663,3.44472,0.040592,3.01029,3.12389,3.21648,3.4818,3.68344,3.70323,3.712,3.21426,3.1663,3.44472,0.040592,3.01029,3.12389,3.21648,3.4818,3.68344,3.70323,3.712,3.43873,3.75021,3.69051,0.016366,3.48513,3.60897,3.64221,3.70732,3.76293,3.79865,3.82925,3.43873,3.75021,3.69051,0.016366,3.48513,3.60897,3.64221,3.70732,3.76293,3.79865,3.82925,4.19668,4.27236,3.9931,0.0439935,3.54463,3.60388,3.68323,4.04404,4.19742,4.22439,4.30712,4.43202,4.27236,3.9931,0.0439935,3.54463,3.60388,3.68323,4.04404,4.19742,4.22439,4.30712,3.83353,4.36015,4.17259,0.0340152,3.77287,3.8896,4.06076,4.19091,4.32453,4.36654,4.50536,4.23093,4.36015,4.17259,0.0340152,3.77287,3.8896,4.06076,4.19091,4.32453,4.36654,4.50536,-9999,-9999
200805,25.836,1,24.266,1.135,1,27.271,2.026,1,25.134,24.2,0.712,25.984,1.203,25.836,1,24.266,1.135,1,27.271,2.026,1,435.277,172.655,1,173.64,172.655,1,-9999,-9999,412.161,412.161,0,474.84,0.375,473.251,475.016,0.375,6.769,0.375,3.809,4.586,0.375,99.863,99.828,0.791667,7.258,9.323,1,1.098,1.323,0.791667,-9999,-9999,129.6197177,1,367.6214987,1,12.61915323,1,390.379,1,26.707,1,50.765,63.947,1,1,0,1,84.4157,1,84.4157,1.77119,27.5883,1,27.5883,0.562839,-9999,-9999,22.9355,25.0645,13.0323,8.54839,-0.0144746,0.0233647,1,1,0.0948564,0.096095,0.280344,0.280765,-0.380151,-0.380151,1,1,0.0919688,0.0919688,0.27938,0.27938,-0.182807,-0.182807,0.994489,0.994489,0.0381196,0.0381196,-0.577848,-0.504252,-0.323574,-0.121453,-0.00422319,0.0233647,0.10476,-0.577848,-0.504252,-0.323574,-0.121453,-0.00422319,0.0233647,0.10476,0.96371,0.96371,1,1,1,1,1,0.96371,0.96371,1,1,1,1,1,5.90098,5.98391,1.04155,0.835068,1,1,0.0891805,0.08919,0.696994,0.696996,-5.42295,-5.42834,6.26999,6.23948,1,1,0.1862,0.188871,0.232673,0.234816,5.29144,5.29144,0.594003,0.594003,1,1,0.0818865,0.0818865,0.696099,0.696099,-5.53815,-5.53815,6.08876,6.08876,1,1,0.185671,0.185671,0.23225,0.23225,4.59292,4.59292,5.39408,5.6505,5.9182,5.97545,6.12637,4.59292,4.59292,5.39408,5.6505,5.9182,5.97545,6.12637,0.929874,0.929874,1,1,0.998597,1,1,0.929874,0.929874,1,1,0.998597,1,1,-5.54924,-5.547,-5.49063,-5.42329,-5.37834,-5.26796,-5.16974,-5.54924,-5.547,-5.49063,-5.42329,-5.37834,-5.26796,-5.16974,1,1,1,1,1,1,0.994839,1,1,1,1,1,1,0.994839,6.23126,5.46892,5.6974,0.113159,4.3749,4.3749,5.42578,5.94282,6.23111,6.27071,6.44731,6.18838,5.46892,5.6974,0.113159,4.3749,4.3749,5.42578,5.94282,6.23111,6.27071,6.44731,6.23549,5.84907,5.88021,0.0833167,4.87915,4.95274,5.78389,5.97983,6.26522,6.3055,6.34255,6.23549,5.84907,5.88021,0.0833167,4.87915,4.95274,5.78389,5.97983,6.26522,6.3055,6.34255,6.81627,7.12297,6.75916,0.0539642,6.06134,6.39237,6.58077,6.78556,6.93927,7.03525,7.11356,7.11356,7.12297,6.75916,0.0539642,6.06134,6.39237,6.58077,6.78556,6.93927,7.03525,7.11356,6.62635,7.05294,6.76331,0.0337109,6.42424,6.53213,6.60662,6.75291,6.92196,6.9799,7.02773,6.90899,7.05294,6.76331,0.0337109,6.42424,6.53213,6.60662,6.75291,6.92196,6.9799,7.02773,-9999,-9999
200806,25.476,1,23.961,0.979,1,26.758,2.144,1,25.268,24.573,0.829,25.856,1.103,25.476,1,23.961,0.979,1,26.758,2.144,1,428.277,141.236,1,159.41,141.236,1,-9999,-9999,412.922,412.922,0,480.459,0.356944,474.139,476.254,0.356944,2.434,0.356944,3.728,3.331,0.356944,99.849,99.837,0.755556,8.404,7.705,1,0.804,0.864,0.755556,-9999,-9999,104.6498383,0.982638889,301.2694375,1,10.78957592,0.986111111,394.252,1,26.252,1,70.899,71.582,1,1,0,1,69.7621,1,69.7621,0.888808,17.3508,1,17.3508,0.461145,-9999,-9999,22,26,2.23333,10.8333,-1.60704,-1.70793,0.997222,0.988889,0.130725,0.190121,0.346786,0.373252,-1.91741,-1.91741,0.986806,0.986806,0.173038,0.173038,0.364847,0.364847,-1.48154,-1.48154,0.926111,0.926111,0.0540089,0.0540089,-1.84566,-1.7543,-1.70879,-1.58881,-1.47007,-1.11189,-0.643495,-1.84566,-1.7543,-1.70879,-1.58881,-1.47007,-1.11189,-0.643495,0.995833,0.992361,0.997222,0.966667,0.997222,0.828472,0.702083,0.995833,0.992361,0.997222,0.966667,0.997222,0.828472,0.702083,4.62214,4.33279,1.06048,0.735332,1,1,0.166082,1.00295,0.481261,1.09997,-6.77004,-6.70468,8.13108,7.9702,0.994872,0.979487,0.173439,0.190879,0.315326,0.325245,3.86996,3.86996,0.462112,0.462112,1,1,0.380563,0.380563,0.590641,0.590641,-6.68574,-6.68574,7.87498,7.87498,0.975641,0.975641,0.185191,0.185191,0.321939,0.321939,3.87113,4.17627,4.25243,4.52243,4.80472,5.07966,5.73355,3.87113,4.17627,4.25243,4.52243,4.80472,5.07966,5.73355,0.960606,1,1,1,1,0.618182,0.484848,0.960606,1,1,1,1,0.618182,0.484848,-6.86668,-6.77791,-6.71355,-6.65786,-6.39489,-6.25122,-5.99627,-6.86668,-6.77791,-6.71355,-6.65786,-6.39489,-6.25122,-5.99627,0.994872,0.992308,0.985897,0.994872,0.974359,0.916667,0.885897,0.994872,0.992308,0.985897,0.994872,0.974359,0.916667,0.885897,4.82365,4.35889,4.67621,0.0408096,4.20496,4.33482,4.52183,4.70914,4.81179,4.84627,4.93915,4.78591,4.35889,4.67621,0.0408096,4.20496,4.33482,4.52183,4.70914,4.81179,4.84627,4.93915,6.38324,6.27631,6.15776,0.0576155,5.42237,5.57901,5.93918,6.2569,6.41793,6.43459,6.57282,6.38324,6.27631,6.15776,0.0576155,5.42237,5.57901,5.93918,6.2569,6.41793,6.43459,6.57282,7.21648,7.35024,7.3164,0.0990871,5.49591,6.9533,7.09714,7.42221,7.57591,7.7066,8.10861,6.9533,7.35024,7.3164,0.0990871,5.49591,6.9533,7.09714,7.42221,7.57591,7.7066,8.10861,7.80458,7.94338,7.77052,0.0503074,7.07236,7.39267,7.61129,7.79193,7.94472,7.98317,8.29447,7.39267,7.94338,7.77052,0.0503074,7.07236,7.39267,7.61129,7.79193,7.94472,7.98317,8.29447,-9999,-9999
200807,24.77,1,23.357,0.726,1,25.966,2.149,1,24.596,23.766,0.772,25.299,1.199,24.77,1,23.357,0.726,1,25.966,2.149,1,429.646,144.389,1,154.841,144.389,1,-9999,-9999,412.021,412.021,0,481.076,1,473.088,481.076,1,0.681,1,3.505,0.681,1,99.915,99.907,0.748656,8.227,11.511,1,0.754,0.826,0.748656,-9999,-9999,108.2377352,1,307.9441868,1,10.06535618,1,383.202,0.999328,25.37,1,82.482,77.431,1,1,0,1,71.9851,0.999328,71.9851,0.818624,16.7266,0.999328,16.7266,0.383037,-9999,-9999,22,26,21.871,25.6452,-2.3929,-2.34354,0.988575,0.97043,0.0966437,0.0989406,0.684154,0.684482,-2.35236,-2.35236,0.96707,0.96707,0.0897263,0.0897263,0.683211,0.683211,-1.94044,-1.94044,0.80961,0.80961,0.0900471,0.0900471,-2.4467,-2.42889,-2.41398,-2.29057,-1.76047,-1.0743,-0.872799,-2.4467,-2.42889,-2.41398,-2.29057,-1.76047,-1.0743,-0.872799,0.987231,0.988575,0.97043,0.977823,0.424059,0.59543,0.678091,0.987231,0.988575,0.97043,0.977823,0.424059,0.59543,0.678091,4.20222,4.36215,0.565197,0.567009,1,1,0.127218,0.125699,0.926046,0.925838,-7.81279,-7.8603,9.02438,8.9426,0.978908,0.945409,0.124423,0.122835,0.40262,0.402132,4.13629,4.13629,0.522703,0.522703,0.979472,0.979472,0.122996,0.122996,0.925475,0.925475,-7.68489,-7.68489,8.98856,8.98856,0.956576,0.956576,0.121088,0.121088,0.401601,0.401601,4.02247,4.10027,4.18027,4.36215,5.0906,5.9348,6.4536,4.02247,4.10027,4.18027,4.36215,5.0906,5.9348,6.4536,1,1,1,1,0.0601173,0.322581,0.478006,1,1,1,1,0.0601173,0.322581,0.478006,-7.87424,-7.8233,-7.81279,-7.65118,-7.08489,-7.05748,-6.95013,-7.87424,-7.8233,-7.81279,-7.65118,-7.08489,-7.05748,-6.95013,0.968983,0.973945,0.978908,0.954094,0.869727,0.853598,0.830025,0.968983,0.973945,0.978908,0.954094,0.869727,0.853598,0.830025,4.63572,4.81559,4.48889,0.0707524,3.82303,3.97234,4.2545,4.44485,4.68873,5.05183,5.23965,4.54855,4.81559,4.48889,0.0707524,3.82303,3.97234,4.2545,4.44485,4.68873,5.05183,5.23965,6.99997,7.16795,6.42933,0.14333,4.81652,5.03341,5.83588,6.84154,7.03536,7.10223,7.49722,6.99997,7.16795,6.42933,0.14333,4.81652,5.03341,5.83588,6.84154,7.03536,7.10223,7.49722,7.76436,7.74465,7.44828,0.172415,6.19284,6.39661,6.60054,7.24703,7.75026,8.92339,9.65736,6.56773,7.74466,7.44826,0.172418,6.19284,6.39661,6.60019,7.24703,7.75027,8.92339,9.65736,7.42423,8.35319,8.12958,0.0782165,7.23933,7.62104,7.73125,8.13823,8.38167,8.75656,8.90822,7.93464,8.35319,8.12957,0.0782183,7.23933,7.62104,7.73125,8.13823,8.38167,8.75656,8.90822,-9999,-9999
200808,24.945,1,23.486,0.771,1,26.222,2.063,1,24.471,23.562,0.815,25.265,1.281,24.945,1,23.486,0.771,1,26.222,2.063,1,435.079,153.084,1,166.05,153.084,1,-9999,-9999,410.24,410.24,0,477.038,1,471.009,477.038,1,0.726,1,3.398,0.726,1,99.853,99.835,0.801075,9.619,8.471,1,0.846,0.843,0.801075,-9999,-9999,112.9795497,1,326.297332,1,11.10055108,1,376.589,1,25.192,1,83.224,80.028,1,1,0,1,73.5022,1,73.5022,0.929939,18.2747,1,18.2747,0.401038,-9999,-9999,22.3871,25.6129,18.871,24.9677,-2.13426,-2.48189,0.991263,0.988575,0.0895298,0.066789,0.496799,0.493208,-3.26257,-3.26257,0.979167,0.979167,0.0747268,0.0747268,0.494346,0.494346,-2.28412,-2.28412,0.834913,0.834913,0.0784467,0.0784467,-3.42614,-2.87667,-2.48189,-2.16768,-2.11162,-1.89934,-1.67984,-3.42614,-2.87667,-2.48189,-2.16768,-2.11162,-1.89934,-1.67984,0.978495,0.696909,0.988575,0.991935,0.992608,0.65793,0.65793,0.978495,0.696909,0.988575,0.991935,0.992608,0.65793,0.65793,4.14628,3.61271,0.726794,0.498167,1,1,0.111644,0.111905,0.692983,0.693025,-7.48789,-7.65316,8.03692,7.78335,0.983672,0.978759,0.113771,0.110116,0.476971,0.476112,2.22633,2.22633,0.429063,0.429063,0.994135,0.994135,0.0874394,0.0874394,0.689497,0.689497,-7.83435,-7.83435,7.5441,7.5441,0.966352,0.966352,0.10779,0.10779,0.475579,0.475579,1.92328,2.76895,3.42533,3.95831,4.11394,4.13681,4.63946,1.92328,2.76895,3.42533,3.95831,4.11394,4.13681,4.63946,0.994135,0.488015,0.997067,1,1,0.403035,0.249012,0.994135,0.488015,0.997067,1,1,0.403035,0.249012,-7.8612,-7.73797,-7.65316,-7.48943,-7.14532,-6.81157,-6.66385,-7.8612,-7.73797,-7.65316,-7.48943,-7.14532,-6.81157,-6.66385,0.965112,0.967593,0.978759,0.983672,0.883375,0.889529,0.89335,0.965112,0.967593,0.978759,0.983672,0.883375,0.889529,0.89335,4.33444,2.67952,3.89791,0.108771,2.61737,2.72968,3.65503,3.91793,4.46685,4.52918,4.67771,4.31566,2.67952,3.89791,0.108771,2.61737,2.72968,3.65503,3.91793,4.46685,4.52918,4.67771,6.53955,5.94208,6.18203,0.0857976,5.29752,5.59777,5.77455,6.12875,6.58287,6.6799,7.05855,6.53955,5.94208,6.18203,0.0857976,5.29752,5.59777,5.77455,6.12875,6.58287,6.6799,7.05855,6.40503,6.04111,6.44873,0.0991847,5.44974,5.77277,5.85672,6.40503,6.9809,7.13916,7.40313,5.44972,6.04111,6.44872,0.0991872,5.44972,5.77254,5.85672,6.40503,6.9809,7.13916,7.40313,6.88392,7.23564,7.51385,0.0689762,6.74026,6.89161,7.15242,7.6217,7.80953,7.91312,8.11012,7.58854,7.23564,7.51385,0.0689771,6.74026,6.89161,7.15242,7.6217,7.80953,7.91312,8.11012,-9999,-9999
200809,25.555,1,23.979,0.766,1,27.005,2.128,1,25.302,24.448,0.733,26.088,1.264,25.555,1,23.979,0.766,1,27.005,2.128,1,431.75,169.111,1,166.323,169.111,1,-9999,-9999,412.681,412.681,0,486.395,1,473.858,486.395,1,1.467,1,3.731,1.467,1,99.832,99.814,0.806944,7.441,6.783,1,0.95,0.934,0.806944,-9999,-9999,127.7665417,1,360.1401389,1,12.97429167,1,373.759,1,25.857,1,81.887,75.159,1,1,0,1,82.6497,1,82.6497,1.02427,21.8518,1,21.8518,0.439201,-9999,-9999,23,25,15.7333,23.7333,-1.64984,-1.71215,0.999306,0.995139,0.0908603,0.0845457,0.523416,0.522357,-1.56713,-1.56713,0.991667,0.991667,0.090607,0.090607,0.523372,0.523372,-1.91969,-1.91969,0.850642,0.850642,0.0716171,0.0716171,-2.88808,-2.71316,-2.0606,-1.77086,-1.74078,-1.68222,-1.58243,-2.88808,-2.71316,-2.0606,-1.77086,-1.74078,-1.68222,-1.58243,0.695833,0.790972,0.436111,0.996528,0.998611,0.986806,0.454861,0.695833,0.790972,0.436111,0.996528,0.998611,0.986806,0.454861,5.07468,4.95649,0.658172,0.652342,1,1,0.122866,0.142635,0.975455,0.978142,-7.72125,-7.7278,8.48326,8.23378,0.998667,0.990667,0.12034,0.120083,0.143969,0.143754,5.23228,5.23228,0.707269,0.707269,0.998551,0.998551,0.126517,0.126517,0.975922,0.975922,-7.7132,-7.7132,8.21222,8.21222,0.985333,0.985333,0.118521,0.118521,0.142452,0.142452,2.61597,2.99659,4.03101,4.82379,4.91057,4.93197,5.0513,2.61597,2.99659,4.03101,4.82379,4.91057,4.93197,5.0513,0.465217,0.63913,0,1,1,0,0.992754,0.465217,0.63913,0,1,1,0,0.992754,-7.78665,-7.77675,-7.75021,-7.72844,-7.6724,-7.6187,-7.46523,-7.78665,-7.77675,-7.75021,-7.72844,-7.6724,-7.6187,-7.46523,0.989333,0.930667,0.908,0.997333,0.932,0.898667,0.873333,0.989333,0.930667,0.908,0.997333,0.932,0.898667,0.873333,4.58423,5.83273,4.51089,0.117539,3.14311,3.59863,3.89441,4.88024,5.03739,5.14242,5.34782,4.84402,5.83273,4.51089,0.117539,3.14311,3.59863,3.89441,4.88024,5.03739,5.14242,5.34782,6.3714,7.39986,6.43058,0.0956044,5.48366,5.84405,5.92148,6.63645,6.82102,6.9083,7.08711,6.3714,7.39986,6.43058,0.0956044,5.48366,5.84405,5.92148,6.63645,6.82102,6.9083,7.08711,6.13915,6.14517,6.02885,0.123598,4.85781,5.01134,5.337,5.99899,6.77814,6.95558,7.07653,5.71445,6.14517,6.02885,0.123598,4.85779,5.01134,5.337,5.99899,6.77814,6.95558,7.07653,6.80502,7.22298,7.28618,0.0759847,6.66002,6.74932,6.80502,7.22977,7.69596,7.73161,8.10644,6.84534,7.22298,7.28618,0.0759848,6.66002,6.74931,6.80502,7.22977,7.69596,7.73161,8.10644,-9999,-9999
200810,25.321,1,23.859,0.797,1,26.743,2.079,1,24.89,24.07,0.815,25.685,1.197,25.321,1,23.859,0.797,1,26.743,2.079,1,412.172,165.577,1,152.138,165.577,1,-9999,-9999,410.325,410.325,0,479.511,1,471.109,479.511,1,1.719,1,3.748,1.719,1,99.874,99.859,0.795027,8.539,7.778,1,1.185,1.002,0.795027,-9999,-9999,123.8346371,1,352.6745161,1,13.04784946,1,371.691,1,25.578,1,81.159,75.5,1,1,0,1,82.7311,0.999328,82.7311,0.938288,19.4416,0.997984,19.4416,0.473678,-9999,-9999,23.6452,24.3548,22.5484,24.2903,-2.03348,-1.96859,0.97043,0.97043,0.0917968,0.0890461,0.263302,0.262356,-1.99164,-1.99164,0.972446,0.972446,0.0808189,0.0808189,0.259679,0.259679,-1.82903,-1.82899,0.801949,0.801949,0.0706712,0.0706666,-2.23832,-2.06514,-2.05996,-1.99513,-1.87947,-1.57158,-0.842715,-2.23832,-2.06514,-2.05996,-1.99513,-1.87947,-1.57158,-0.842715,0.416667,0.97043,0.97043,0.938172,0.971102,0.422715,0.522849,0.416667,0.97043,0.97043,0.938172,0.971102,0.422715,0.522849,4.53985,4.52875,0.667378,0.509418,1,1,0.139149,0.130536,0.449703,0.447114,-8.27711,-8.1334,7.92674,7.78979,0.941989,0.942043,0.112371,0.110997,0.150586,0.149564,4.50551,4.50551,0.511352,0.511352,1,1,0.111628,0.111628,0.441963,0.441963,-8.15409,-8.15409,7.75412,7.75412,0.946022,0.946022,0.108699,0.108699,0.147867,0.147867,4.02077,4.38824,4.43462,4.5061,4.68957,5.24351,6.62045,4.02077,4.38824,4.43462,4.5061,4.68957,5.24351,6.62045,0.00537634,0.959385,1,1,1,0.00537634,0.19086,0.00537634,0.959385,1,1,1,0.00537634,0.19086,-8.28092,-8.27711,-8.21662,-8.1347,-8.08907,-8.07662,-8.0601,-8.28092,-8.27711,-8.21662,-8.1347,-8.08907,-8.07662,-8.0601,0.941989,0.941989,0.943333,0.943333,0.85414,0.818656,0.875323,0.941989,0.941989,0.943333,0.943333,0.85414,0.818656,0.875323,4.70112,4.74941,4.32991,0.0991457,3.21231,3.40235,3.74975,4.6588,4.73205,4.7933,4.98925,4.69731,4.74941,4.32991,0.0991457,3.21231,3.40235,3.74975,4.6588,4.73205,4.7933,4.98925,6.76108,6.74105,6.1589,0.149328,4.11539,4.83821,5.33691,6.68302,6.74411,6.78206,6.87173,6.76108,6.74105,6.15894,0.149325,4.11539,4.83821,5.33691,6.68302,6.74411,6.78206,6.87173,5.34968,5.22154,5.00572,0.0560182,4.21111,4.7082,4.7646,5.00835,5.30506,5.34885,5.46848,4.91038,5.22154,5.00572,0.0560184,4.21111,4.7082,4.7646,5.00835,5.30506,5.34885,5.46848,6.56123,6.76828,6.8011,0.0394603,6.25861,6.53492,6.6381,6.88296,6.97475,6.99906,7.13794,6.62857,6.76828,6.8011,0.0394604,6.25861,6.53492,6.63808,6.88296,6.97475,6.99906,7.13794,-9999,-9999
200811,24.427,1,23.304,0.737,1,25.55,1.711,1,23.948,23.222,0.682,24.673,1.123,24.427,1,23.304,0.737,1,25.55,1.711,1,383.623,122.855,1,118.417,122.855,1,-9999,-9999,411.591,411.591,0,478.569,1,472.586,478.569,1,0.6,1,2.17,0.6,1,99.833,99.829,0.4625,13.48,11.251,1,1.085,1.024,0.4625,-9999,-9999,91.97966484,0.993055556,262.4817569,1,7.708269737,0.993055556,368.27,0.978472,25.098,1,85.936,81.769,1,1,0,1,71.9544,0.964583,71.9544,0.90691,12.7361,0.96875,12.7361,0.441655,-9999,-9999,24,24,16.2,23.4333,-1.38613,-1.07804,0.866667,0.836806,0.0777909,0.0837133,0.707287,0.707963,-0.949939,-0.949939,0.810417,0.810417,0.0863114,0.0863114,0.708275,0.708275,-0.819478,-0.818954,0.756597,0.756597,0.0950884,0.0950758,-2.04334,-1.38613,-1.34781,-1.03024,-0.256604,0.019862,0.0881403,-2.04334,-1.38613,-1.34781,-1.03024,-0.255446,0.019862,0.0880553,0.909722,0.866667,0.591667,0.798611,0.629167,0.751389,0.627778,0.909722,0.866667,0.591667,0.798611,0.579861,0.751389,0.627778,4.22542,4.6949,0.987305,0.928696,0.870833,0.823611,0.139652,0.140274,1.2106,1.21067,-6.8969,-6.7726,6.46034,6.51046,0.8625,0.85,0.0961464,0.0966435,0.153911,0.154222,4.92725,4.92725,0.835719,0.835719,0.783333,0.783333,0.145047,0.145047,1.21123,1.21123,-6.75806,-6.75806,6.33779,6.33779,0.8375,0.8375,0.0986619,0.0986619,0.155495,0.155495,3.0348,4.22542,4.22542,4.75955,6.13218,6.63046,6.79881,3.0348,4.22542,4.22542,4.75955,6.13218,6.63046,6.79881,0.944444,0.870833,0.870833,0.768056,0.436111,0.686111,0.458333,0.944444,0.870833,0.870833,0.768056,0.436111,0.686111,0.458333,-6.97292,-6.8969,-6.80494,-6.76455,-6.67732,-6.65653,-6.59218,-6.97292,-6.8969,-6.80494,-6.7589,-6.67613,-6.65653,-6.59218,0.875,0.8625,0.838889,0.663889,0.8,0.822222,0.816667,0.875,0.8625,0.838889,0.8375,0.8,0.822222,0.816667,3.84911,5.76312,4.70139,0.166015,3.23403,3.49115,3.53284,5.57097,5.6216,5.63915,5.6475,5.58064,5.76312,4.70139,0.166015,3.23403,3.49115,3.53284,5.57097,5.6216,5.63915,5.6475,5.89245,6.71306,5.52034,0.235367,3.19979,3.42461,3.78829,6.59636,6.71731,6.9571,7.00673,5.89245,6.71306,5.52087,0.235288,3.20133,3.42428,3.78829,6.59636,6.71731,6.9571,7.00673,3.5335,3.80266,4.03364,0.0892448,2.8371,3.5335,3.58118,4.17584,4.41407,4.43314,4.72263,4.17983,3.80266,4.03364,0.0892448,2.8371,3.5335,3.58118,4.17584,4.41407,4.43314,4.72263,5.47424,5.37943,5.48932,0.0449643,4.95417,5.26139,5.2983,5.53909,5.68097,5.73373,5.883,5.79677,5.37943,5.48932,0.0449643,4.95417,5.26139,5.2983,5.53909,5.68097,5.73373,5.883,-9999,-9999
200812,25.372,1,23.718,1.044,1,27.069,1.941,1,25.542,24.721,0.673,26.381,1.25,25.372,1,23.718,1.044,1,27.069,1.941,1,366.977,201.675,1,163.313,201.675,1,-9999,-9999,401.331,401.331,0,453.261,1,460.61,453.261,1,3.994,1,6.02,3.994,1,99.919,99.918,0.741263,3.53,1.719,0.999328,1.913,1.953,0.741263,-9999,-9999,140.8795733,0.997983871,429.2427743,0.999327957,18.16109772,0.998655914,378.233,0.997984,25.066,1,75.949,78.45,1,1,0,1,129.437,0.995968,129.437,1.1442,17.5107,0.995296,17.5107,0.50983,-9999,-9999,24.2581,23.7419,24.2581,23.7419,-0.729982,-0.696694,0.938172,0.94086,0.0495214,0.0495708,0.128676,0.129004,-0.696381,-0.696521,0.94086,0.94086,0.0494511,0.0494989,0.128649,0.128976,-0.635886,-0.634944,0.943901,0.943968,0.0196039,0.019735,-0.88407,-0.729982,-0.729982,-0.696381,-0.519657,-0.492452,-0.484639,-0.884038,-0.730222,-0.730222,-0.695916,-0.52247,-0.492023,-0.481208,0.936156,0.938172,0.938172,0.94086,0.950269,0.949597,0.954301,0.936156,0.938172,0.938172,0.94086,0.949597,0.949597,0.954301,4.16793,4.19096,0.988352,0.987267,0.914892,0.920108,0.0651054,0.0649532,0.163569,0.165823,-5.68719,-5.64641,5.14288,5.13001,0.962132,0.96219,0.0698806,0.0700499,0.10031,0.100639,4.19201,4.19175,0.995892,0.995687,0.920108,0.920108,0.0647994,0.0649354,0.163448,0.165816,-5.64686,-5.64687,5.12659,5.12657,0.96219,0.96219,0.0699887,0.0699853,0.100385,0.100594,3.88469,4.16793,4.16793,4.19201,4.46007,4.46804,4.53097,3.88474,4.16751,4.16751,4.19284,4.46023,4.47265,4.53163,0.910591,0.914892,0.914892,0.920108,0.929624,0.95086,0.94543,0.910591,0.914892,0.914892,0.920108,0.929624,0.95086,0.94543,-5.69837,-5.68719,-5.68719,-5.64644,-5.58196,-5.54327,-5.52593,-5.69836,-5.68723,-5.68723,-5.64641,-5.58192,-5.54271,-5.52545,0.962132,0.962132,0.962132,0.96219,0.954009,0.960788,0.9581,0.962132,0.962132,0.962132,0.96219,0.954009,0.960788,0.9581,4.39752,4.45428,4.44382,0.00866017,4.35406,4.39752,4.42035,4.42871,4.4663,4.4938,4.50443,4.42224,4.45428,4.44382,0.00866017,4.35406,4.39752,4.42035,4.42871,4.4663,4.4938,4.50443,5.28155,5.1508,5.07876,0.0185529,4.91065,4.92236,4.95092,5.14338,5.15305,5.15866,5.28155,5.28159,5.15066,5.0797,0.0183671,4.9177,4.92714,4.95116,5.14357,5.15281,5.1587,5.28159,3.45895,3.41168,3.66337,0.0462345,3.41292,3.44682,3.46528,3.59252,3.70037,3.86926,3.97087,3.84421,3.41168,3.66337,0.0462345,3.41292,3.44682,3.46528,3.59252,3.70037,3.86926,3.97087,4.7175,4.65629,4.81145,0.0229792,4.65733,4.66533,4.69407,4.82429,4.83474,4.91175,5.0016,4.91175,4.65629,4.81145,0.0229792,4.65733,4.66533,4.69407,4.82429,4.83474,4.91175,5.0016,-9999,-9999
200901,25.214,1,23.533,0.996,1,26.895,1.735,1,24.841,24.03,0.637,25.651,1.123,25.214,1,23.533,0.996,1,26.895,1.735,1,377.343,197.526,1,165.487,197.526,1,-9999,-9999,400.272,400.272,0,459.221,1,459.373,459.221,1,5.511,1,4.933,5.511,1,99.946,99.951,0.795699,3.546,0.403,1,2.037,2.001,0.795699,-9999,-9999,140.3674225,0.890456989,420.1160148,1,20.84363059,0.915994624,374.744,0.997984,24.708,1,49.961,62.75,1,1,0,1,115.573,0.997312,115.573,1.10452,25.2017,0.997312,25.2017,0.563987,-9999,-9999,24,24,24,24,-1.4752,-1.48796,0.979167,0.978495,0.0470908,0.0471233,0.0966438,0.109861,-1.51733,-1.42747,0.977823,0.979167,0.0471363,0.0462503,0.096666,0.10949,-1.44146,-1.4184,0.981216,0.981099,0.0124441,0.0145099,-1.52442,-1.52156,-1.49594,-1.4752,-1.36885,-1.35277,-1.31678,-1.52677,-1.52156,-1.49871,-1.45095,-1.35085,-1.32308,-1.30381,0.979839,0.979167,0.980511,0.979167,0.980511,0.987231,0.985215,0.979167,0.979167,0.980511,0.978495,0.987231,0.985215,0.985215,3.08913,3.08046,0.687765,0.715986,0.967742,0.97043,0.0604736,0.0607477,0.145095,0.167273,-5.93228,-5.9482,4.91165,4.92994,0.990591,0.986559,0.067682,0.0675136,0.0789204,0.0793725,3.01688,3.10785,0.716848,0.692285,0.969086,0.97043,0.0607343,0.0595139,0.145204,0.166829,-5.94123,-5.85901,4.90745,4.84061,0.986559,0.987903,0.0675592,0.0663601,0.0788152,0.0783937,2.99577,2.99904,3.0606,3.08913,3.22702,3.26282,3.32223,2.99018,2.99904,3.0604,3.1079,3.26631,3.31074,3.34493,0.969086,0.969086,0.974462,0.967742,0.989247,0.989247,0.983871,0.969086,0.969086,0.974462,0.97043,0.989247,0.983871,0.983871,-5.94792,-5.94123,-5.93378,-5.93228,-5.86315,-5.86005,-5.85423,-5.94886,-5.94123,-5.93747,-5.91878,-5.8602,-5.85775,-5.85385,0.986559,0.986559,0.990591,0.990591,0.985215,0.986559,0.987903,0.986559,0.986559,0.987903,0.986559,0.986559,0.986559,0.987903,3.12926,3.20772,3.26974,0.0212097,3.09475,3.12926,3.1595,3.20861,3.38186,3.44761,3.48126,3.1188,3.15837,3.22448,0.0192538,3.09478,3.1188,3.14123,3.1595,3.33001,3.38186,3.45301,4.65368,4.63519,4.68813,0.00921285,4.61918,4.63343,4.64958,4.66701,4.72499,4.76263,4.81483,4.61271,4.6757,4.66594,0.00841884,4.61271,4.61693,4.62076,4.65631,4.67683,4.70972,4.76945,3.20546,3.1788,3.16171,0.0263177,2.75747,2.96017,3.15053,3.2153,3.25133,3.26494,3.31799,3.20546,3.2465,3.17453,0.0201231,2.77656,3.15053,3.15053,3.20337,3.24653,3.25133,3.30153,4.80171,4.84273,4.82859,0.0162265,4.5784,4.77161,4.79682,4.86331,4.8995,4.90128,4.92027,4.85605,4.9013,4.83279,0.0134395,4.59314,4.78989,4.80241,4.85605,4.88359,4.90128,4.92027,-9999,-9999
200902,25.575,1,24.173,0.896,1,26.977,1.54,1,24.839,23.862,0.594,25.816,1.195,25.575,1,24.173,0.896,1,26.977,1.54,1,405.994,218.034,1,197.533,218.034,1,-9999,-9999,399.601,399.601,0,462.003,1,458.591,462.003,1,6.972,1,5.769,6.972,1,99.886,99.895,0.869792,2.514,0.71,1,2.539,2.443,0.869792,0.545893668,0.568452381,153.2898214,1,463.4243155,1,18.39217262,1,370.595,1,25.279,1,48.087,57.886,1,1,0,1,115.927,0.995536,115.927,1.26721,38.2136,0.99628,38.2136,0.635991,-9999,-9999,24,24,24,23.9643,-1.62308,-1.5817,0.991815,0.985863,0.0490339,0.0476733,0.074827,0.069029,-1.48384,-1.573,0.986607,0.985119,0.0484172,0.0473816,0.0744244,0.0688279,-1.5745,-1.55971,0.988002,0.986477,0.00753482,0.00702393,-1.62308,-1.62308,-1.62308,-1.57829,-1.53822,-1.51004,-1.49335,-1.63103,-1.59963,-1.58927,-1.5693,-1.53639,-1.49978,-1.49239,0.991815,0.991815,0.991815,0.985119,0.986607,0.986607,0.986607,0.986607,0.985863,0.988095,0.985119,0.988839,0.986607,0.986607,2.81571,2.84688,0.901397,0.737008,0.99256,0.985119,0.0572545,0.0550532,0.118759,0.121364,-5.94387,-5.89529,4.48647,4.40703,0.991071,0.986607,0.0752066,0.0735606,0.0823875,0.0771408,3.05467,2.86198,1.00349,0.674512,0.982143,0.983631,0.0568364,0.0542846,0.118558,0.121018,-5.91447,-5.89362,4.49334,4.41058,0.991071,0.986607,0.0740305,0.0734318,0.0813153,0.077018,2.79119,2.81571,2.81571,2.84865,2.89092,3.0238,3.03692,2.79078,2.80748,2.84688,2.86307,2.91037,3.0238,3.03866,0.986607,0.99256,0.99256,0.985119,0.986607,0.982143,0.982143,0.986607,0.989583,0.985119,0.989583,0.986607,0.982143,0.982143,-5.94688,-5.94387,-5.94387,-5.91495,-5.89361,-5.87658,-5.86697,-5.95056,-5.91525,-5.91495,-5.89525,-5.87892,-5.86879,-5.85567,0.991071,0.991071,0.991071,0.991071,0.986607,0.985119,0.986607,0.989583,0.991071,0.991071,0.986607,0.985119,0.986607,0.986607,2.81317,2.869,2.85238,0.0105157,2.76187,2.79403,2.7955,2.83225,2.88248,2.94933,2.96442,2.76007,2.79942,2.82237,0.0104307,2.74991,2.76007,2.76316,2.7955,2.85715,2.89765,2.95632,4.34957,4.442,4.41209,0.0122858,4.26165,4.28737,4.38625,4.41686,4.47147,4.49612,4.50413,4.36838,4.28326,4.39687,0.0109449,4.28313,4.28789,4.36838,4.39391,4.45043,4.46757,4.50014,3.24564,3.30146,3.31201,0.0114383,3.23999,3.24564,3.24669,3.30395,3.34572,3.39671,3.40121,3.24564,3.3914,3.35183,0.0108524,3.23032,3.24669,3.30175,3.34572,3.40947,3.40947,3.42891,4.83247,4.81606,4.83936,0.0063465,4.77866,4.80208,4.81282,4.84013,4.86306,4.88606,4.89208,4.8416,4.88149,4.8693,0.0073788,4.79034,4.81513,4.82081,4.86779,4.91926,4.91926,4.91926,-9999,-9999
200903,25.544,1,23.81,1.115,1,27.177,2.003,1,25.023,23.909,0.686,26.079,1.52,25.544,1,23.81,1.115,1,27.177,2.003,1,431.747,241.263,1,225.384,241.263,1,-9999,-9999,400.298,400.298,0,449.141,1,459.405,449.141,1,8.217,1,6.521,8.217,1,99.911,99.913,0.894489,2.178,0.385,1,2.265,2.399,0.894489,0.529406196,0.657930108,169.2493078,1,512.4734879,1,15.76208333,1,375.311,1,26.603,1,42.609,55.084,1,1,0,1,93.2592,0.998656,93.2592,1.14501,60.7032,1,60.7032,0.684912,-9999,-9999,23.4194,24.5806,23.4194,24.5806,-0.72724,-0.524758,0.990591,0.985215,0.0494751,0.0447105,0.110041,0.067951,-0.421253,-0.584156,0.985215,0.977823,0.0459438,0.0441865,0.108499,0.0676074,-0.592247,-0.53862,0.985988,0.982712,0.0149635,0.0100874,-0.730632,-0.719283,-0.699027,-0.584156,-0.537729,-0.5227,-0.427505,-0.622376,-0.597188,-0.584111,-0.541167,-0.522178,-0.494849,-0.412069,0.990591,0.990591,0.995296,0.977823,0.952957,0.982527,0.985215,0.995296,0.995296,0.982527,0.981183,0.981855,0.989919,0.987903,2.51441,3.0432,1.07583,0.930231,1,0.98317,0.0631011,0.0538121,0.263012,0.118299,-3.78546,-3.90053,3.55239,3.42279,0.981935,0.987097,0.067208,0.0666922,0.0791436,0.0789516,3.18283,2.93088,1.05646,0.702732,0.984572,0.97756,0.0576016,0.0521207,0.261747,0.117539,-3.83667,-3.90764,3.53939,3.40264,0.985806,0.978011,0.0668035,0.0666916,0.0788004,0.0789511,2.50685,2.52628,2.61478,2.85571,2.96037,3.03694,3.17071,2.75362,2.83375,2.90641,2.95131,2.99992,3.04445,3.20213,1,1,1,0.990182,0.980365,0.992987,0.984572,1,0.990182,0.932737,0.978962,0.980365,0.97756,0.984572,-3.90764,-3.86869,-3.85659,-3.82617,-3.8113,-3.7851,-3.78401,-3.90769,-3.89787,-3.86868,-3.84316,-3.82026,-3.81336,-3.8113,0.978011,0.983172,0.983172,0.990968,0.990968,0.981935,0.981935,0.978011,0.987097,0.984516,0.977849,0.978011,0.971398,0.990968,2.95819,3.13707,3.04549,0.0168954,2.86146,2.95819,2.97792,3.0517,3.09679,3.12761,3.14855,2.80021,3.09593,2.95963,0.0238512,2.7208,2.76376,2.80021,2.98166,3.08134,3.11204,3.12975,3.56606,3.72123,3.58411,0.0148378,3.47651,3.48719,3.51224,3.55756,3.63587,3.68042,3.71775,3.44186,3.51718,3.55187,0.0140531,3.44186,3.47651,3.491,3.52621,3.58345,3.63599,3.68778,2.50629,2.81345,2.84241,0.0178539,2.50629,2.77847,2.78544,2.8338,2.92726,2.93154,2.98,2.50629,2.92685,2.79947,0.0178276,2.50629,2.71246,2.71621,2.80303,2.8445,2.92195,2.98,3.55415,3.54244,3.59771,0.00987236,3.41438,3.55415,3.56659,3.59025,3.63231,3.64745,3.66505,3.41438,3.59722,3.58104,0.0106859,3.41438,3.52634,3.5289,3.58424,3.63137,3.64817,3.67547,-9999,-9999
200904,26.034,1,24.029,1.356,1,27.878,2.404,1,26.195,25.022,0.802,27.274,1.562,26.034,1,24.029,1.356,1,27.878,2.404,1,441.15,224.153,1,225.987,224.153,1,-9999,-9999,406.888,406.888,0,465.961,1,467.097,465.961,1,8.047,1,6.889,8.047,1,99.901,99.895,0.948611,2.324,3.115,1,1.928,1.85,0.948611,0.450637344,0.674305556,159.3007708,0.997916667,476.3530972,1,14.23973472,0.9875,369.604,1,27.656,1,39.571,56.148,1,1,0,1,66.353,1,66.353,0.999345,66.7166,1,66.7166,0.748714,-9999,-9999,23,25,23,25,0.531129,0.733683,0.986806,0.95,0.0595451,0.0515621,0.141453,0.150871,0.675642,0.540022,0.959722,0.983333,0.0540023,0.0501839,0.139211,0.150406,0.64412,0.694613,0.971667,0.963906,0.0194858,0.0186671,0.484767,0.50622,0.531129,0.618346,0.729867,0.76284,0.870137,0.484767,0.528117,0.619162,0.713362,0.768593,0.811691,0.875039,0.984722,0.990278,0.986806,0.988889,0.955556,0.958333,0.947222,0.984722,0.983333,0.986111,0.954861,0.958333,0.954167,0.954861,3.14355,3.65231,1.34621,1.35861,1,0.921739,0.0847334,0.0708859,0.24669,0.281124,-1.90937,-2.00267,3.08045,2.86018,0.974667,0.976,0.0734261,0.0707154,0.0878709,0.0896789,3.45395,3.23613,1.27569,0.860532,0.947826,0.992754,0.0759117,0.0657999,0.243801,0.279884,-1.92756,-1.97809,2.93095,2.81744,0.970667,0.974667,0.0714535,0.0704119,0.0862294,0.0894397,3.06523,3.14355,3.17395,3.34005,3.56336,3.60691,3.72786,3.10242,3.16551,3.34005,3.51541,3.60691,3.70959,3.74314,1,1,1,0.997101,0.93913,0.972464,0.917391,0.991304,0.991304,0.997101,0.93913,0.972464,0.921739,0.936232,-1.98787,-1.97692,-1.95664,-1.92299,-1.90738,-1.88038,-1.82008,-1.98472,-1.96456,-1.94549,-1.92453,-1.89121,-1.85425,-1.81652,0.981333,0.970667,0.978667,0.974667,0.974667,0.978667,0.974667,0.973333,0.974667,0.976,0.976,0.973333,0.976,0.974667,3.12425,3.05616,3.01384,0.0105834,2.93457,2.96258,2.96608,2.99148,3.0361,3.11224,3.13212,3.17011,3.04675,3.06059,0.0136348,2.94347,2.96383,2.97156,3.04499,3.1434,3.14671,3.17013,2.62005,2.51613,2.31923,0.0250134,2.06271,2.12381,2.23711,2.26298,2.48672,2.49858,2.51789,2.64645,2.37111,2.41647,0.0298701,2.07986,2.23614,2.26085,2.39593,2.6068,2.62519,2.64645,3.11621,2.98132,3.09893,0.0195707,2.87759,2.94274,3.03457,3.10882,3.15408,3.23232,3.28568,3.11621,3.15238,3.1073,0.0206445,2.88503,2.94548,2.98746,3.10882,3.17944,3.27254,3.30601,2.90887,2.96686,2.96377,0.008297,2.8874,2.91078,2.91798,2.95294,2.98559,3.00154,3.07917,2.93892,2.88632,2.95656,0.0103308,2.82907,2.89932,2.90335,2.94541,2.99402,3.01927,3.07917,-9999,-9999
200905,25.712,1,24.174,0.955,1,27.121,2.086,1,25.582,24.739,0.716,26.354,1.14,25.712,1,24.174,0.955,1,27.121,2.086,1,435.565,168.009,1,190.478,168.009,1,-9999,-9999,412.744,412.744,0,484.328,1,473.932,484.328,1,3.174,1,3.683,3.174,1,99.83,99.811,0.827285,6.042,6.105,0.999328,0.876,1.078,0.827285,-9999,-9999,127.0701142,1,357.8130847,1,11.3828293,1,390.384,1,26.722,1,52.886,76.329,1,1,0,1,81.9252,1,81.9252,1.08836,30.7677,1,30.7677,0.534903,-9999,-9999,22.9355,25.0645,22.9355,25.0645,0.197338,0.391812,0.997312,0.97043,0.0890083,0.0761952,0.272522,0.368318,0.587005,0.771355,0.992608,0.957661,0.0786861,0.0687825,0.269328,0.366856,0.306888,0.390881,0.948185,0.923488,0.0401004,0.0459404,-0.184269,0.0672145,0.12197,0.23449,0.49987,0.582369,0.769017,-0.187254,0.0259311,0.152181,0.386468,0.582489,0.746632,0.775076,0.813172,0.831317,0.997312,0.801747,0.987903,0.950941,0.959677,0.813844,0.834005,0.997312,0.97043,0.830645,0.960349,0.959677,5.40216,5.86401,1.35888,0.841946,1,0.980365,0.128834,0.105761,0.562868,0.734459,-4.58277,-4.64441,6.05033,6.17191,0.994888,0.961439,0.108235,0.102194,0.113668,0.121922,6.13182,6.51479,0.794028,0.849883,1,0.969081,0.111029,0.0871182,0.559061,0.732007,-4.52946,-4.53763,6.2506,6.13355,0.985906,0.947444,0.103749,0.0987787,0.109405,0.119074,4.53288,5.10227,5.21166,5.48105,5.97636,6.19812,6.51048,4.53288,5.05687,5.2922,5.85208,6.19545,6.51048,6.5563,0.674933,1,1,1,1,0.712164,0.969081,0.674933,1,1,0.980365,0.712164,0.969081,0.888882,-4.64332,-4.60649,-4.58823,-4.56824,-4.54498,-4.53705,-4.49002,-4.66031,-4.62839,-4.59568,-4.57721,-4.53063,-4.4954,-4.45423,0.961439,0.928586,0.988486,0.994888,0.985906,0.994888,0.939752,0.93603,0.934739,0.939752,0.988486,0.951315,0.940993,0.938412,5.64014,5.99557,6.12823,0.0645239,5.57812,5.7441,5.83467,6.00577,6.2932,6.58665,6.66347,5.66743,6.21881,6.01848,0.051041,5.55367,5.66743,5.79832,5.95043,6.17675,6.38954,6.61691,5.52489,5.22422,5.73735,0.0812571,5.21527,5.32004,5.38063,5.54561,6.00416,6.37443,6.8325,5.78349,5.63181,5.7116,0.0630352,5.22656,5.38063,5.43693,5.58581,5.77044,6.01015,6.49618,7.13468,7.82778,6.98573,0.0980581,5.38652,6.53867,6.73536,7.06229,7.44287,7.68643,7.70607,7.13819,6.7387,7.15649,0.0908887,5.88751,6.45308,6.75484,7.32571,7.51441,7.70539,7.77258,6.4147,6.97004,6.39258,0.0497514,5.73491,6.05013,6.13507,6.4147,6.62629,6.73328,6.90159,6.72896,6.10828,6.47003,0.0465034,5.94246,6.09271,6.28262,6.49695,6.67877,6.7191,6.81181,-9999,-9999
200906,25.569,1,23.883,0.955,1,26.995,2.255,1,25.636,24.807,0.811,26.338,1.143,25.569,1,23.883,0.955,1,26.995,2.255,1,428.393,172.595,1,166.197,172.595,1,-9999,-9999,414.89,414.89,0,479.618,1,476.437,479.618,1,2.548,1,3.649,2.548,1,99.83,99.797,0.813194,7.946,7.944,0.999306,0.802,0.862,0.813194,-9999,-9999,129.1879938,0.999305556,367.8705922,0.999305556,14.60636274,0.999305556,390.34,1,26.006,1,64.761,80.048,1,1,0,1,92.0214,0.999306,92.0214,1.07908,23.9557,0.999306,23.9557,0.472297,-9999,-9999,22,26,22,26,-1.63922,-1.10465,0.995139,0.977778,0.103916,0.0968406,0.230195,0.235591,-1.48794,-1.3002,0.983333,0.960417,0.105281,0.0955049,0.230814,0.235045,-1.42134,-1.32292,0.947413,0.923889,0.0320073,0.0422303,-1.65579,-1.62672,-1.57386,-1.52231,-1.30029,-1.21591,-1.0758,-1.61198,-1.55135,-1.50304,-1.3429,-1.21591,-1.12181,-1.05372,0.995139,0.995139,0.990972,0.995139,0.961111,0.976389,0.849306,0.994444,0.98125,0.985417,0.983333,0.976389,0.851389,0.836806,5.50129,6.18429,1.47025,0.816865,1,1,0.154208,0.140762,0.2526,0.261317,-7.57118,-7.19809,8.44119,8.46764,0.991026,0.958974,0.129861,0.124382,0.286751,0.255338,5.68006,5.88322,1.02438,0.860426,1,0.971212,0.160228,0.137361,0.25632,0.259501,-7.4533,-7.29121,8.39764,8.33356,0.969231,0.951282,0.129226,0.123937,0.286464,0.255121,5.45882,5.51598,5.547,5.67432,5.85484,5.91612,6.07275,5.47798,5.54563,5.58437,5.68685,5.88322,5.98596,6.18429,1,1,1,1,1,1,0.762121,1,1,0.993939,1,0.971212,1,1,-7.59424,-7.57843,-7.55027,-7.42857,-7.23487,-7.06711,-7.0212,-7.56112,-7.48409,-7.42697,-7.31261,-7.07909,-7.0381,-7.00833,0.991026,0.991026,0.989744,0.965385,0.928205,0.885897,0.871795,0.989744,0.973077,0.94359,0.933333,0.894872,0.871795,0.921795,6.25827,7.02047,6.6327,0.0751926,5.96435,6.13216,6.25827,6.5354,7.02047,7.06947,7.12978,6.26077,6.3113,6.50222,0.0636465,5.96682,6.12923,6.19081,6.41252,6.63818,7.02047,7.12978,7.87025,8.32067,7.95562,0.0438556,7.55114,7.63963,7.73249,7.88208,8.2093,8.32076,8.40694,7.7757,7.79924,7.92356,0.0386131,7.58474,7.64351,7.7757,7.86459,8.00445,8.26759,8.40288,6.85618,6.68634,6.5597,0.06467,5.85322,6.07337,6.21889,6.6439,6.87677,6.97307,7.15346,6.85862,6.60978,6.60179,0.0544619,5.98082,6.15895,6.34219,6.67617,6.80147,6.89026,6.9939,7.71339,7.75534,7.80514,0.0340524,7.28206,7.56967,7.67767,7.83648,7.95805,8.00514,8.05552,7.92818,7.86797,7.86963,0.0280319,7.41103,7.71221,7.75895,7.9114,7.98608,8.01802,8.06821,-9999,-9999
200907,-9999,-9999,-9999,-9999,-9999,-9999,-9999,-9999,25.966,25.26,0.812,26.564,1.114,25.945,0.00806452,25.213,0.811,0.0175953,26.564,1.114,0,429.478,-9999,-9999,159.604,159.601,0.00873656,-9999,-9999,419.431,419.431,0,-9999,-9999,481.737,481.297,0.00806452,-9999,-9999,3.511,3.456,0.00806452,99.789,99.789,0,9.535,9.535,0,1.039,1.039,0,-9999,-9999,-9999,-9999,-9999,-9999,-9999,-9999,-9999,-9999,-9999,-9999,-9999,-9999,-9999,-9999,0,1,134.522,0.008065,134.522,1.7786,41.8395,0.008065,41.8395,0.865454,-9999,-9999,22,26,7.35484,11.2581,-4.45991,-4.25143,0.00806452,0.00806452,0.140613,0.179985,0.322039,0.346719,-4.70368,-3.9266,0.00806452,0.00806452,0.170888,0.177007,0.336362,0.345182,-4.40026,-4.3293,0.00806452,0.00806452,0.0380448,0.0410423,-4.70368,-4.62521,-4.6205,-4.45991,-4.24326,-4.04578,-3.96241,-4.70368,-4.63134,-4.61183,-4.33814,-4.07416,-4.03865,-3.95286,0.00806452,0.00806452,0.00806452,0.00806452,0.00806452,0.00806452,0.00806452,0.00806452,0.00806452,0.00806452,0.00806452,0.00806452,0.00806452,0.00806452,4.14663,4.96133,1.45197,1.50512,0.0175953,0.0175953,0.208592,0.387291,0.550572,0.672717,-11.443,-11.7615,6.34077,6.15178,0,0,0.183342,0.186309,0.284612,0.298837,4.1381,5.10147,1.63589,1.79312,0.0175953,0.0175953,0.29578,0.381076,0.589156,0.669158,-11.8695,-11.3022,6.09292,5.8401,0,0,0.191796,0.188396,0.290131,0.300143,4.0803,4.08241,4.13041,4.17795,4.83245,5.10147,5.24143,4.08107,4.1381,4.1381,4.62694,5.10147,5.2382,5.43166,0.0175953,0.0175953,0.0175953,0.0175953,0.0175953,0.0175953,0.0175953,0.0175953,0.0175953,0.0175953,0.0175953,0.0175953,0.0175953,0.0175953,-11.8991,-11.8695,-11.7615,-11.681,-11.443,-11.4341,-11.3489,-12.0829,-11.8695,-11.8305,-11.681,-11.4341,-11.4022,-11.3287,0,0,0,0,0,0,0,0,0,0,0,0,0,0,5.90761,6.36336,6.00513,0.108941,5.13992,5.13992,5.34244,6.36336,6.38177,6.39002,6.39133,5.80097,6.39133,5.95688,0.0869785,5.13992,5.34244,5.67118,5.82174,6.38177,6.38966,6.39133,10.5325,10.29,10.3344,0.119112,9.34843,9.5021,9.54881,10.3162,10.9803,11.0937,11.095,10.0988,11.095,10.3571,0.0967538,9.34843,9.53272,9.86752,10.3756,10.6435,11.0201,11.095,4.19338,3.89373,5.04157,0.362177,2.37346,2.99735,3.11702,4.14835,7.38567,7.79157,8.46956,4.19213,3.11489,4.61275,0.347084,2.35233,3.06355,3.11702,3.28608,7.34259,7.79157,8.54234,6.41808,5.52526,6.86618,0.257759,4.97266,5.42023,5.45954,5.77199,8.7232,9.00259,9.05347,5.78873,5.45636,6.51036,0.24864,4.96772,5.46038,5.47625,5.53562,8.60035,9.00259,9.11961,-9999,-9999
200908,-9999,-9999,-9999,-9999,-9999,-9999,-9999,-9999,25.665,24.867,0.725,26.365,1.23,25.665,0,24.867,0.725,0,26.365,1.23,0,434.973,-9999,-9999,164.918,164.918,0,-9999,-9999,418.881,418.881,0,-9999,-9999,481.095,481.095,0,-9999,-9999,3.113,3.113,0,99.784,99.784,0,9.282,9.282,0,0.899,0.899,0,-9999,-9999,-9999,-9999,-9999,-9999,-9999,-9999,-9999,-9999,-9999,-9999,-9999,-9999,-9999,-9999,0,1,133.987,0,133.987,-9999,41.5299,0,41.5299,-9999,-9999,-9999,22.3871,25.6129,0,0,-4.43068,-4.21668,0,0,-9999,-9999,-9999,-9999,-4.67429,-3.90281,0,0,-9999,-9999,-9999,-9999,-4.37482,-4.30564,0,0,0.0374013,0.0403396,-4.67429,-4.59468,-4.58712,-4.43068,-4.20777,-4.02748,-3.93861,-4.67429,-4.60133,-4.58111,-4.31722,-4.0626,-4.01719,-3.93383,0,0,0,0,0,0,0,0,0,0,0,0,0,0,4.1044,4.91335,1.46739,1.5348,0,0,-9999,-9999,-9999,-9999,-11.594,-11.9144,6.06579,5.85973,0,0,-9999,-9999,-9999,-9999,4.09476,5.05434,1.65232,1.83877,0,0,-9999,-9999,-9999,-9999,-12.0259,-11.4706,5.78396,5.56951,0,0,-9999,-9999,-9999,-9999,4.04317,4.04317,4.08817,4.13404,4.79057,5.07244,5.19304,4.04317,4.09476,4.09476,4.57944,5.07244,5.18975,5.38606,0,0,0,0,0,0,0,0,0,0,0,0,0,0,-12.0863,-12.0259,-11.9144,-11.837,-11.594,-11.594,-11.5433,-12.2718,-12.0259,-12.0203,-11.8563,-11.6146,-11.5822,-11.4978,0,0,0,0,0,0,0,0,0,0,0,0,0,0,5.81609,6.25818,5.93981,0.107565,5.08436,5.08436,5.28469,6.25818,6.31279,6.33602,6.33966,5.74805,6.33966,5.89536,0.0856793,5.08436,5.28469,5.62581,5.75881,6.31279,6.33501,6.33966,10.4108,10.161,10.2454,0.117814,9.27865,9.42096,9.46726,10.257,10.8566,11.0103,11.014,10.0325,11.014,10.2702,0.0956917,9.27865,9.46574,9.78629,10.3086,10.5551,10.9363,11.014,4.13726,3.83969,4.95286,0.360026,2.29657,2.90909,3.03256,4.09187,7.23186,7.64135,8.4228,4.13601,3.03256,4.52457,0.34512,2.27537,2.9764,3.03256,3.20354,7.23182,7.64135,8.48578,6.51744,5.63258,6.96464,0.254995,5.07936,5.53532,5.5727,5.88801,8.79661,9.0743,9.13301,5.90319,5.5727,6.61505,0.245753,5.07444,5.57627,5.59407,5.65547,8.67636,9.0743,9.19731,-9999,-9999
200909,-9999,-9999,-9999,-9999,-9999,-9999,-9999,-9999,26.038,25.125,0.921,26.879,1.344,26.038,0,25.125,0.921,0,26.879,1.344,0,432.108,-9999,-9999,166.925,166.925,0,-9999,-9999,419.072,419.072,0,-9999,-9999,481.317,481.317,0,-9999,-9999,3.586,3.586,0,99.775,99.775,0,8.837,8.837,0,0.872,0.872,0,-9999,-9999,-9999,-9999,-9999,-9999,-9999,-9999,-9999,-9999,-9999,-9999,-9999,-9999,-9999,-9999,0,1,134.199,0,134.199,-9999,41.5745,0,41.5745,-9999,-9999,-9999,23,25,0,0,-4.43557,-4.22494,0,0,-9999,-9999,-9999,-9999,-4.68037,-3.90979,0,0,-9999,-9999,-9999,-9999,-4.38298,-4.31425,0,0,0.0373121,0.0402462,-4.68037,-4.60413,-4.5967,-4.43557,-4.21572,-4.03966,-3.95021,-4.68037,-4.61052,-4.59056,-4.32391,-4.07111,-4.02937,-3.941,0,0,0,0,0,0,0,0,0,0,0,0,0,0,4.07582,4.86064,1.45737,1.54553,0,0,-9999,-9999,-9999,-9999,-11.9564,-12.2888,5.69283,5.4511,0,0,-9999,-9999,-9999,-9999,4.0728,4.99862,1.63897,1.84386,0,0,-9999,-9999,-9999,-9999,-12.4066,-11.8326,5.34226,5.16101,0,0,-9999,-9999,-9999,-9999,4.01814,4.01814,4.05866,4.10251,4.74046,5.04538,5.12822,4.01814,4.0728,4.0728,4.53733,5.04538,5.12503,5.31925,0,0,0,0,0,0,0,0,0,0,0,0,0,0,-12.4671,-12.4066,-12.2888,-12.2153,-11.9564,-11.9564,-11.9334,-12.6583,-12.4066,-12.3958,-12.2382,-11.9824,-11.9481,-11.8611,0,0,0,0,0,0,0,0,0,0,0,0,0,0,5.94008,6.40096,6.02763,0.10944,5.15893,5.15893,5.3622,6.40096,6.40537,6.40815,6.40863,5.81884,6.40863,5.97796,0.0874563,5.15893,5.3622,5.68635,5.84327,6.40537,6.40802,6.40863,10.5442,10.3108,10.3419,0.118821,9.3605,9.50941,9.55636,10.342,10.9917,11.0885,11.089,10.0867,11.089,10.3609,0.0965475,9.3605,9.54741,9.88293,10.3669,10.6461,11.0185,11.089,4.18236,3.87375,5.05534,0.365292,2.35649,2.99477,3.11162,4.13887,7.44244,7.84639,8.48489,4.18109,3.11162,4.62259,0.350046,2.33551,3.05849,3.11162,3.28444,7.38177,7.84639,8.56105,6.50155,5.65524,6.94859,0.247404,5.11113,5.56455,5.60144,5.91091,8.72142,8.99314,9.05794,5.92577,5.60144,6.61133,0.238321,5.10634,5.60485,5.62254,5.6828,8.60544,8.99314,9.11955,-9999,-9999
200910,-9999,-9999,-9999,-9999,-9999,-9999,-9999,-9999,25.134,24.411,0.764,25.837,1.122,25.134,0,24.411,0.764,0,25.837,1.122,0,413.041,-9999,-9999,155.334,155.334,0,-9999,-9999,413.702,413.702,0,-9999,-9999,475.049,475.049,0,-9999,-9999,3.539,3.539,0,99.751,99.751,0,7.157,7.157,0,0.829,0.829,0,-9999,-9999,-9999,-9999,-9999,-9999,-9999,-9999,-9999,-9999,-9999,-9999,-9999,-9999,-9999,-9999,0,1,134.294,0,134.294,-9999,41.6946,0,41.6946,-9999,-9999,-9999,23.6129,24.3871,0,0,-4.44461,-4.23821,0,0,-9999,-9999,-9999,-9999,-4.69222,-3.9203,0,0,-9999,-9999,-9999,-9999,-4.39519,-4.32678,0,0,0.0373681,0.0402953,-4.69222,-4.61811,-4.61069,-4.44461,-4.22811,-4.05381,-3.96355,-4.69222,-4.62438,-4.60454,-4.33428,-4.0859,-4.04352,-3.95191,0,0,0,0,0,0,0,0,0,0,0,0,0,0,3.96374,4.72833,1.60556,1.7366,0,0,-9999,-9999,-9999,-9999,-12.2712,-12.62,5.43597,5.14485,0,0,-9999,-9999,-9999,-9999,3.96193,4.86437,1.76956,2.01186,0,0,-9999,-9999,-9999,-9999,-12.7394,-12.1485,5.01733,4.85568,0,0,-9999,-9999,-9999,-9999,3.9057,3.9057,3.94714,3.98705,4.64091,4.97125,5.01596,3.9057,3.96193,3.96193,4.44726,4.97125,5.01284,5.2029,0,0,0,0,0,0,0,0,0,0,0,0,0,0,-12.8342,-12.7394,-12.62,-12.5443,-12.3139,-12.2712,-12.2712,-13.03,-12.7556,-12.7394,-12.5676,-12.3329,-12.3139,-12.1775,0,0,0,0,0,0,0,0,0,0,0,0,0,0,5.6446,6.0614,5.81663,0.105167,4.97948,4.97948,5.17568,6.0614,6.18257,6.2337,6.24167,5.64788,6.24167,5.77927,0.0834552,4.97948,5.17568,5.53978,5.64617,6.18257,6.23147,6.24167,10.2627,9.9817,10.1434,0.116548,9.18953,9.33816,9.38318,10.1527,10.7046,10.9259,10.9339,9.97613,10.9339,10.1745,0.0947141,9.18953,9.37886,9.69382,10.2088,10.4669,10.8558,10.9339,4.0732,3.79104,4.81183,0.352845,2.21465,2.79286,2.92445,4.02522,7.02411,7.3615,8.33374,4.07197,2.92445,4.38972,0.338313,2.19321,2.86456,2.92445,3.09271,6.94598,7.3615,8.37827,6.21304,5.34575,6.63155,0.246387,4.81139,5.24783,5.28382,5.58879,8.40257,8.66827,8.72348,5.60349,5.28382,6.29223,0.237482,4.8066,5.28731,5.3044,5.36381,8.28725,8.66827,8.78521,-9999,-9999
200911,-9999,-9999,-9999,-9999,-9999,-9999,-9999,-9999,24.876,24.237,0.727,25.515,1.025,24.876,0,24.237,0.727,0,25.515,1.025,0,384.502,-9999,-9999,135.372,135.372,0,-9999,-9999,412.274,412.274,0,-9999,-9999,473.384,473.384,0,-9999,-9999,3.041,3.041,0,99.7,99.7,0,8.807,8.807,0,1.066,1.066,0,-9999,-9999,-9999,-9999,-9999,-9999,-9999,-9999,-9999,-9999,-9999,-9999,-9999,-9999,-9999,-9999,0,1,134.199,0,134.199,-9999,41.5745,0,41.5745,-9999,-9999,-9999,24,24,0,0,-4.43557,-4.22494,0,0,-9999,-9999,-9999,-9999,-4.68037,-3.90979,0,0,-9999,-9999,-9999,-9999,-4.38298,-4.31425,0,0,0.0373121,0.0402462,-4.68037,-4.60413,-4.5967,-4.43557,-4.21572,-4.03966,-3.95021,-4.68037,-4.61052,-4.59056,-4.32391,-4.07111,-4.02937,-3.941,0,0,0,0,0,0,0,0,0,0,0,0,0,0,3.89713,4.64925,1.6882,1.84635,0,0,-9999,-9999,-9999,-9999,-12.4458,-12.7919,5.23464,4.93277,0,0,-9999,-9999,-9999,-9999,3.89424,4.78149,1.84126,2.10552,0,0,-9999,-9999,-9999,-9999,-12.9147,-12.3168,4.79257,4.64938,0,0,-9999,-9999,-9999,-9999,3.84186,3.84186,3.88069,3.92271,4.57818,4.92145,4.94979,3.84186,3.89424,3.89424,4.38352,4.92145,4.94673,5.13286,0,0,0,0,0,0,0,0,0,0,0,0,0,0,-13.0218,-12.9147,-12.7919,-12.7154,-12.5169,-12.4458,-12.4458,-13.2209,-12.9475,-12.9147,-12.7399,-12.5169,-12.5169,-12.3464,0,0,0,0,0,0,0,0,0,0,0,0,0,0,5.56442,5.96989,5.75785,0.104114,4.92923,4.92923,5.12345,5.96989,6.12017,6.18406,6.19405,5.59946,6.19405,5.7237,0.0825018,4.92923,5.12345,5.49795,5.59946,6.12017,6.18127,6.19405,10.1685,9.87968,10.0721,0.115896,9.1308,9.27174,9.31771,10.0508,10.6091,10.8644,10.8744,9.93263,10.8744,10.1067,0.0942083,9.1308,9.31771,9.62276,10.1357,10.3965,10.7918,10.8744,4.04207,3.76721,4.74636,0.349497,2.17699,2.74004,2.87475,3.9929,6.92679,7.23318,8.28986,4.04085,2.87475,4.32715,0.335096,2.15549,2.81341,2.87475,3.04161,6.81593,7.23318,8.29701,5.69116,4.78869,6.07151,0.246297,4.27707,4.68065,4.71864,5.00872,7.85498,8.11366,8.14641,5.02299,4.71474,5.72672,0.237717,4.27237,4.7182,4.73419,4.79147,7.73788,8.11366,8.21024,-9999,-9999
200912,-9999,-9999,-9999,-9999,-9999,-9999,-9999,-9999,26.337,25.49,0.776,27.207,1.26,26.337,0,25.49,0.776,0,27.207,1.26,0,367.118,-9999,-9999,163.396,163.396,0,-9999,-9999,406.829,406.829,0,-9999,-9999,467.027,467.027,0,-9999,-9999,5.409,5.409,0,99.774,99.774,0,3.852,3.852,0,1.511,1.511,0,-9999,-9999,-9999,-9999,-9999,-9999,-9999,-9999,-9999,-9999,-9999,-9999,-9999,-9999,-9999,-9999,0,1,134.316,0,134.316,-9999,41.4989,0,41.4989,-9999,-9999,-9999,24.2581,23.7419,0,0,-4.43141,-4.21991,0,0,-9999,-9999,-9999,-9999,-4.67459,-3.90626,0,0,-9999,-9999,-9999,-9999,-4.37892,-4.31034,0,0,0.03717,0.040106,-4.67459,-4.59959,-4.59231,-4.43141,-4.21127,-4.0377,-3.94846,-4.67459,-4.60586,-4.58602,-4.32021,-4.0661,-4.0274,-3.93728,0,0,0,0,0,0,0,0,0,0,0,0,0,0,3.76603,4.44399,1.99106,2.42591,0,0,-9999,-9999,-9999,-9999,-12.4837,-12.7629,5.26952,5.07711,0,0,-9999,-9999,-9999,-9999,3.71212,4.60176,2.30965,2.53815,0,0,-9999,-9999,-9999,-9999,-12.9016,-12.3132,4.91549,4.76141,0,0,-9999,-9999,-9999,-9999,3.66482,3.66482,3.70039,3.76603,4.39586,4.70958,4.80599,3.66482,3.71212,3.71212,4.18997,4.70958,4.77394,4.97812,0,0,0,0,0,0,0,0,0,0,0,0,0,0,-13.1726,-12.9016,-12.767,-12.7071,-12.4846,-12.4837,-12.4662,-13.2567,-12.9467,-12.9016,-12.7629,-12.5013,-12.4846,-12.3439,0,0,0,0,0,0,0,0,0,0,0,0,0,0,6.0392,6.5151,6.09788,0.111031,5.21859,5.21859,5.42421,6.46385,6.47944,6.50273,6.5151,5.87549,6.46385,6.04405,0.0889793,5.21859,5.42421,5.73482,5.91084,6.46646,6.47944,6.5151,10.6388,10.4214,10.4082,0.119616,9.41897,9.56709,9.61662,10.4524,11.0665,11.1384,11.1405,10.1219,11.1384,10.423,0.0972393,9.41897,9.60326,9.94854,10.4524,10.7054,11.0836,11.1405,4.21846,3.90103,5.13727,0.369585,2.40437,3.06325,3.17481,4.17649,7.61074,8.01026,8.55737,4.21719,3.17481,4.70095,0.354035,2.38357,3.12446,3.17481,3.3491,7.50165,8.01026,8.62135,6.42965,5.57928,6.85902,0.245159,5.03409,5.48493,5.5218,5.83202,8.61399,8.88053,8.94777,5.84693,5.5218,6.52366,0.236117,5.02924,5.52531,5.54288,5.60335,8.50095,8.88053,9.00762,-9999,-9999
