TIMESTAMP,TA_F_MDS,TA_F_MDS_QC,TA_F_MDS_NIGHT,TA_F_MDS_NIGHT_SD,TA_F_MDS_NIGHT_QC,TA_F_MDS_DAY,TA_F_MDS_DAY_SD,TA_F_MDS_DAY_QC,TA_ERA,TA_ERA_NIGHT,TA_ERA_NIGHT_SD,TA_ERA_DAY,TA_ERA_DAY_SD,TA_F,TA_F_QC,TA_F_NIGHT,TA_F_NIGHT_SD,TA_F_NIGHT_QC,TA_F_DAY,TA_F_DAY_SD,TA_F_DAY_QC,SW_IN_POT,SW_IN_F_MDS,SW_IN_F_MDS_QC,SW_IN_ERA,SW_IN_F,SW_IN_F_QC,LW_IN_F_MDS,LW_IN_F_MDS_QC,LW_IN_ERA,LW_IN_F,LW_IN_F_QC,LW_IN_JSB,LW_IN_JSB_QC,LW_IN_JSB_ERA,LW_IN_JSB_F,LW_IN_JSB_F_QC,VPD_F_MDS,VPD_F_MDS_QC,VPD_ERA,VPD_F,VPD_F_QC,PA_ERA,PA_F,PA_F_QC,P_ERA,P_F,P_F_QC,WS_ERA,WS_F,WS_F_QC,USTAR,USTAR_QC,NETRAD,NETRAD_QC,PPFD_IN,PPFD_IN_QC,SW_OUT,SW_OUT_QC,CO2_F_MDS,CO2_F_MDS_QC,TS_F_MDS_1,TS_F_MDS_1_QC,SWC_F_MDS_1,SWC_F_MDS_1_QC,G_F_MDS,G_F_MDS_QC,LE_F_MDS,LE_F_MDS_QC,LE_CORR,LE_RANDUNC,H_F_MDS,H_F_MDS_QC,H_CORR,H_RANDUNC,EBC_CF_N,EBC_CF_METHOD,NIGHT_D,DAY_D,NIGHT_RANDUNC_N,DAY_RANDUNC_N,NEE_CUT_REF,NEE_VUT_REF,NEE_CUT_REF_QC,NEE_VUT_REF_QC,NEE_CUT_REF_RANDUNC,NEE_VUT_REF_RANDUNC,NEE_CUT_REF_JOINTUNC,NEE_VUT_REF_JOINTUNC,NEE_CUT_USTAR50,NEE_VUT_USTAR50,NEE_CUT_USTAR50_QC,NEE_VUT_USTAR50_QC,NEE_CUT_USTAR50_RANDUNC,NEE_VUT_USTAR50_RANDUNC,NEE_CUT_USTAR50_JOINTUNC,NEE_VUT_USTAR50_JOINTUNC,NEE_CUT_MEAN,NEE_VUT_MEAN,NEE_CUT_MEAN_QC,NEE_VUT_MEAN_QC,NEE_CUT_SE,NEE_VUT_SE,NEE_CUT_05,NEE_CUT_16,NEE_CUT_25,NEE_CUT_50,NEE_CUT_75,NEE_CUT_84,NEE_CUT_95,NEE_VUT_05,NEE_VUT_16,NEE_VUT_25,NEE_VUT_50,NEE_VUT_75,NEE_VUT_84,NEE_VUT_95,NEE_CUT_05_QC,NEE_CUT_16_QC,NEE_CUT_25_QC,NEE_CUT_50_QC,NEE_CUT_75_QC,NEE_CUT_84_QC,NEE_CUT_95_QC,NEE_VUT_05_QC,NEE_VUT_16_QC,NEE_VUT_25_QC,NEE_VUT_50_QC,NEE_VUT_75_QC,NEE_VUT_84_QC,NEE_VUT_95_QC,NEE_CUT_REF_NIGHT,NEE_VUT_REF_NIGHT,NEE_CUT_REF_NIGHT_SD,NEE_VUT_REF_NIGHT_SD,NEE_CUT_REF_NIGHT_QC,NEE_VUT_REF_NIGHT_QC,NEE_CUT_REF_NIGHT_RANDUNC,NEE_VUT_REF_NIGHT_RANDUNC,NEE_CUT_REF_NIGHT_JOINTUNC,NEE_VUT_REF_NIGHT_JOINTUNC,NEE_CUT_REF_DAY,NEE_VUT_REF_DAY,NEE_CUT_REF_DAY_SD,NEE_VUT_REF_DAY_SD,NEE_CUT_REF_DAY_QC,NEE_VUT_REF_DAY_QC,NEE_CUT_REF_DAY_RANDUNC,NEE_VUT_REF_DAY_RANDUNC,NEE_CUT_REF_DAY_JOINTUNC,NEE_VUT_REF_DAY_JOINTUNC,NEE_CUT_USTAR50_NIGHT,NEE_VUT_USTAR50_NIGHT,NEE_CUT_USTAR50_NIGHT_SD,NEE_VUT_USTAR50_NIGHT_SD,NEE_CUT_USTAR50_NIGHT_QC,NEE_VUT_USTAR50_NIGHT_QC,NEE_CUT_USTAR50_NIGHT_RANDUNC,NEE_VUT_USTAR50_NIGHT_RANDUNC,NEE_CUT_USTAR50_NIGHT_JOINTUNC,NEE_VUT_USTAR50_NIGHT_JOINTUNC,NEE_CUT_USTAR50_DAY,NEE_VUT_USTAR50_DAY,NEE_CUT_USTAR50_DAY_SD,NEE_VUT_USTAR50_DAY_SD,NEE_CUT_USTAR50_DAY_QC,NEE_VUT_USTAR50_DAY_QC,NEE_CUT_USTAR50_DAY_RANDUNC,NEE_VUT_USTAR50_DAY_RANDUNC,NEE_CUT_USTAR50_DAY_JOINTUNC,NEE_VUT_USTAR50_DAY_JOINTUNC,NEE_CUT_05_NIGHT,NEE_CUT_16_NIGHT,NEE_CUT_25_NIGHT,NEE_CUT_50_NIGHT,NEE_CUT_75_NIGHT,NEE_CUT_84_NIGHT,NEE_CUT_95_NIGHT,NEE_VUT_05_NIGHT,NEE_VUT_16_NIGHT,NEE_VUT_25_NIGHT,NEE_VUT_50_NIGHT,NEE_VUT_75_NIGHT,NEE_VUT_84_NIGHT,NEE_VUT_95_NIGHT,NEE_CUT_05_NIGHT_QC,NEE_CUT_16_NIGHT_QC,NEE_CUT_25_NIGHT_QC,NEE_CUT_50_NIGHT_QC,NEE_CUT_75_NIGHT_QC,NEE_CUT_84_NIGHT_QC,NEE_CUT_95_NIGHT_QC,NEE_VUT_05_NIGHT_QC,NEE_VUT_16_NIGHT_QC,NEE_VUT_25_NIGHT_QC,NEE_VUT_50_NIGHT_QC,NEE_VUT_75_NIGHT_QC,NEE_VUT_84_NIGHT_QC,NEE_VUT_95_NIGHT_QC,NEE_CUT_05_DAY,NEE_CUT_16_DAY,NEE_CUT_25_DAY,NEE_CUT_50_DAY,NEE_CUT_75_DAY,NEE_CUT_84_DAY,NEE_CUT_95_DAY,NEE_VUT_05_DAY,NEE_VUT_16_DAY,NEE_VUT_25_DAY,NEE_VUT_50_DAY,NEE_VUT_75_DAY,NEE_VUT_84_DAY,NEE_VUT_95_DAY,NEE_CUT_05_DAY_QC,NEE_CUT_16_DAY_QC,NEE_CUT_25_DAY_QC,NEE_CUT_50_DAY_QC,NEE_CUT_75_DAY_QC,NEE_CUT_84_DAY_QC,NEE_CUT_95_DAY_QC,NEE_VUT_05_DAY_QC,NEE_VUT_16_DAY_QC,NEE_VUT_25_DAY_QC,NEE_VUT_50_DAY_QC,NEE_VUT_75_DAY_QC,NEE_VUT_84_DAY_QC,NEE_VUT_95_DAY_QC,RECO_NT_VUT_REF,RECO_NT_VUT_USTAR50,RECO_NT_VUT_MEAN,RECO_NT_VUT_SE,RECO_NT_VUT_05,RECO_NT_VUT_16,RECO_NT_VUT_25,RECO_NT_VUT_50,RECO_NT_VUT_75,RECO_NT_VUT_84,RECO_NT_VUT_95,RECO_NT_CUT_REF,RECO_NT_CUT_USTAR50,RECO_NT_CUT_MEAN,RECO_NT_CUT_SE,RECO_NT_CUT_05,RECO_NT_CUT_16,RECO_NT_CUT_25,RECO_NT_CUT_50,RECO_NT_CUT_75,RECO_NT_CUT_84,RECO_NT_CUT_95,GPP_NT_VUT_REF,GPP_NT_VUT_USTAR50,GPP_NT_VUT_MEAN,GPP_NT_VUT_SE,GPP_NT_VUT_05,GPP_NT_VUT_16,GPP_NT_VUT_25,GPP_NT_VUT_50,GPP_NT_VUT_75,GPP_NT_VUT_84,GPP_NT_VUT_95,GPP_NT_CUT_REF,GPP_NT_CUT_USTAR50,GPP_NT_CUT_MEAN,GPP_NT_CUT_SE,GPP_NT_CUT_05,GPP_NT_CUT_16,GPP_NT_CUT_25,GPP_NT_CUT_50,GPP_NT_CUT_75,GPP_NT_CUT_84,GPP_NT_CUT_95,RECO_DT_VUT_REF,RECO_DT_VUT_USTAR50,RECO_DT_VUT_MEAN,RECO_DT_VUT_SE,RECO_DT_VUT_05,RECO_DT_VUT_16,RECO_DT_VUT_25,RECO_DT_VUT_50,RECO_DT_VUT_75,RECO_DT_VUT_84,RECO_DT_VUT_95,RECO_DT_CUT_REF,RECO_DT_CUT_USTAR50,RECO_DT_CUT_MEAN,RECO_DT_CUT_SE,RECO_DT_CUT_05,RECO_DT_CUT_16,RECO_DT_CUT_25,RECO_DT_CUT_50,RECO_DT_CUT_75,RECO_DT_CUT_84,RECO_DT_CUT_95,GPP_DT_VUT_REF,GPP_DT_VUT_USTAR50,GPP_DT_VUT_MEAN,GPP_DT_VUT_SE,GPP_DT_VUT_05,GPP_DT_VUT_16,GPP_DT_VUT_25,GPP_DT_VUT_50,GPP_DT_VUT_75,GPP_DT_VUT_84,GPP_DT_VUT_95,GPP_DT_CUT_REF,GPP_DT_CUT_USTAR50,GPP_DT_CUT_MEAN,GPP_DT_CUT_SE,GPP_DT_CUT_05,GPP_DT_CUT_16,GPP_DT_CUT_25,GPP_DT_CUT_50,GPP_DT_CUT_75,GPP_DT_CUT_84,GPP_DT_CUT_95,RECO_SR,RECO_SR_N
200201,-15.078,0.691532,-18.233,2.346,0.786866,-10.8,4.308,0.558065,-14.216,-16.849,3.771,-10.601,4.386,-15.114,0.691532,-18.621,3.126,0.786866,-10.343,5.034,0.558065,197.189,119.685,0.834005,125.688,136.745,0.834005,-9999,-9999,161.436,161.436,0.0,167.953,0.691532,166.303,157.419,0.691532,0.725,0.691532,1.284,1.045,0.691532,69.024,69.024,0.0,0.222,0.051,0.55914,1.635,1.737,0.55914,0.14743627451,0.548387096774,24.0095512098,0.547715053763,271.888449338,0.547715053763,66.5000085784,0.548387096774,384.288,0.669355,-4.575,0.691532,15.0,0.691532,-13.6546,0.691532,3.74578,0.691532,5.86749,0.054502,11.4248,0.691532,17.8962,0.366468,1.0,2,27.7097,20.2903,27.6129,20.2903,0.308637,0.345581,0.68078,0.681452,0.0207534,0.0199501,0.0328325,0.0356412,0.274533,0.309069,0.683468,0.68078,0.0211882,0.021039,0.033109,0.0362619,0.301179,0.30888,0.681334,0.678209,0.00380575,0.00389747,0.272517,0.277627,0.280473,0.297369,0.309069,0.32851,0.348268,0.274533,0.280473,0.282261,0.307684,0.32851,0.339542,0.347991,0.686156,0.686156,0.685484,0.688172,0.68078,0.678091,0.657258,0.683468,0.685484,0.686828,0.667339,0.678091,0.65793,0.660618,0.234905,0.226489,0.484772,0.448384,0.784562,0.784562,0.0287616,0.0279051,0.0368631,0.0359351,0.382524,0.47822,0.654325,0.68467,0.536022,0.537634,0.0273298,0.027232,0.0571788,0.057741,0.1924,0.234905,0.488692,0.484772,0.784562,0.784562,0.029162,0.028765,0.0371763,0.0366069,0.363633,0.383493,0.658839,0.655423,0.54232,0.536022,0.027362,0.0275436,0.0571942,0.0578886,0.184858,0.191835,0.193114,0.218122,0.234312,0.23795,0.244644,0.184858,0.192594,0.195014,0.220268,0.234312,0.237877,0.246476,0.784562,0.784562,0.784562,0.784562,0.784562,0.784562,0.784562,0.784562,0.784562,0.784562,0.784562,0.784562,0.784562,0.784562,0.353855,0.365356,0.36829,0.377625,0.386031,0.465804,0.484547,0.364852,0.368808,0.371649,0.382524,0.463551,0.47064,0.489402,0.553372,0.556452,0.55,0.536022,0.503994,0.49255,0.536098,0.54232,0.540783,0.536022,0.536022,0.487711,0.536098,0.528034,0.164708,0.182466,0.150911,0.00709905,0.0377833,0.116579,0.122357,0.160477,0.183554,0.19362,0.207407,0.178342,0.117555,0.13644,0.00695145,0.070164,0.0774875,0.116579,0.130471,0.164708,0.178342,0.207407,-0.147504,-0.126603,-0.157323,0.00606352,-0.257159,-0.188622,-0.16812,-0.155589,-0.137302,-0.126276,-0.115647,-0.159387,-0.156978,-0.164739,0.00577995,-0.257763,-0.20014,-0.188622,-0.159198,-0.147504,-0.134201,-0.121513,0.436195,0.456777,0.585867,0.0597031,0.408617,0.424902,0.429291,0.454392,0.505952,0.598776,1.2571,0.426484,0.424903,0.508226,0.0461145,0.273423,0.379236,0.415846,0.424903,0.477141,0.625661,0.680106,0.168678,0.153961,0.209132,0.0225398,0.143266,0.152496,0.15511,0.16351,0.174068,0.214904,0.421671,0.148974,0.154091,0.178123,0.0172398,0.0799607,0.145438,0.148974,0.157296,0.167993,0.195253,0.245264,-9999,-9999
200202,-9.417,0.997024,-13.69,3.988,1.0,-4.456,5.663,0.993506,-9.342,-12.419,3.417,-5.76,4.887,-9.424,0.997024,-13.69,3.988,1.0,-4.471,5.66,0.993506,256.759,171.981,0.997768,173.743,171.975,0.997768,-9999,-9999,175.283,175.283,0.0,175.684,0.997024,181.058,175.679,0.997024,1.953,0.997024,2.076,1.95,0.997024,69.014,69.014,0.0,0.173,0.014,0.995536,1.975,2.076,0.995536,0.184695259354,0.995535714286,46.8308533864,0.994047619048,311.699107315,0.994791666667,42.4627566964,0.995535714286,369.198,0.997024,-3.339,0.997024,15.8,0.997024,-4.4513,0.997024,4.01049,0.997024,6.28214,0.0836523,29.7601,0.997024,46.6171,0.485701,0.994048,1,25.7143,22.2857,25.7143,22.2857,0.122751,0.138875,0.980655,0.97619,0.0177471,0.0168693,0.0316811,0.036632,0.119184,0.122755,0.983631,0.980655,0.017626,0.0177454,0.0316134,0.0370436,0.130425,0.142039,0.986365,0.982664,0.00528966,0.00573526,0.10221,0.107089,0.108847,0.115557,0.130343,0.159577,0.196185,0.109851,0.114251,0.115557,0.122751,0.155412,0.179284,0.218821,0.995536,0.994792,0.994792,0.988839,0.979167,0.978423,0.982143,0.993304,0.991071,0.988839,0.980655,0.978423,0.979167,0.976935,-0.0153148,-0.0144023,0.48851,0.441343,1.0,1.0,0.0230234,0.0219655,0.0234481,0.023918,0.274609,0.307155,0.598294,0.586852,0.957927,0.948458,0.0252437,0.0244499,0.057085,0.0727594,-0.0119719,-0.0153148,0.495358,0.48851,1.0,1.0,0.023001,0.0231775,0.0234262,0.0250357,0.263159,0.274618,0.602772,0.598304,0.964421,0.957927,0.0251795,0.0253249,0.0570566,0.0730581,-0.0210108,-0.0196353,-0.0182418,-0.0154337,-0.014306,-0.0107499,-0.000783169,-0.0214396,-0.019623,-0.0159916,-0.0144993,-0.0080353,-0.000692845,0.00509105,1.0,1.0,1.0,1.0,1.0,1.0,1.0,1.0,1.0,1.0,1.0,1.0,1.0,1.0,0.236781,0.244035,0.249836,0.25834,0.290279,0.346435,0.412269,0.252038,0.256239,0.25834,0.274618,0.334641,0.393296,0.451114,0.99026,0.988636,0.988636,0.975785,0.954951,0.953057,0.961174,0.98539,0.980519,0.975785,0.957927,0.953057,0.954545,0.949811,0.0571234,0.0591191,0.0593021,0.000770829,0.0514021,0.0539323,0.0553265,0.0587761,0.0631638,0.0650022,0.0663096,0.0532566,0.0663096,0.0613271,0.000812081,0.0532566,0.0552586,0.0565435,0.0609679,0.0660155,0.067094,0.0685865,-0.0732192,-0.0636361,-0.0825961,0.00594595,-0.17148,-0.132838,-0.105279,-0.0668057,-0.0528746,-0.0494697,-0.0458305,-0.0498724,-0.0528746,-0.069098,0.00578302,-0.160837,-0.115114,-0.0866276,-0.0528746,-0.0458305,-0.0400834,-0.036869,0.213216,0.220843,0.220573,0.00256326,0.203657,0.211867,0.212967,0.214478,0.222597,0.225703,0.247958,0.132064,0.13045,0.14307,0.00399843,0.11977,0.121598,0.129819,0.131055,0.154044,0.175278,0.19572,0.0333311,0.0512537,0.0401872,0.00366283,0.0,0.00289069,0.0168093,0.0498853,0.0504687,0.0505995,0.0512543,0.0206706,0.022114,0.0185102,0.000995765,0.00586753,0.00902708,0.0127749,0.0206706,0.0224145,0.0225951,0.0235807,-9999,-9999
200203,-4.753,0.994624,-8.871,3.463,1.0,-0.827,5.022,0.989677,-4.652,-7.67,2.013,-1.784,3.834,-4.747,0.994624,-8.871,3.463,1.0,-0.817,5.027,0.989677,336.378,217.842,0.993952,222.301,218.895,0.993952,-9999,-9999,201.835,201.835,0.0,198.793,0.993952,209.352,198.501,0.993952,2.629,0.994624,2.734,2.636,0.994624,68.995,68.995,0.0,0.652,0.516,0.99328,2.42,2.471,0.991263,0.194821615678,0.989247311828,76.6908370812,0.991935483871,394.387045304,0.992607526882,56.3865687252,0.993279569892,371.967,0.993952,0.386,0.994624,22.4,0.994624,4.73728,0.994624,6.89529,0.99328,11.096,0.140877,38.4683,0.993952,61.9037,0.56587,0.991263,1,23.4516,24.5484,23.4516,24.5484,0.546528,0.564974,0.985215,0.981855,0.0269873,0.0268993,0.053798,0.0551589,0.532437,0.550555,0.986559,0.983199,0.0265162,0.0269964,0.0535632,0.0552063,0.560513,0.576957,0.985954,0.98335,0.0074415,0.00762741,0.514029,0.517968,0.532437,0.5448,0.567264,0.611046,0.657488,0.535116,0.54021,0.542225,0.550555,0.591315,0.636521,0.680997,0.993952,0.992608,0.986559,0.985215,0.981855,0.983199,0.979839,0.986559,0.986559,0.985887,0.983199,0.983199,0.979167,0.975134,0.493764,0.501304,0.758216,0.730121,1.0,1.0,0.0378377,0.0377918,0.0607006,0.0600873,0.559475,0.586348,0.862445,0.831958,0.971443,0.964673,0.0354033,0.0350025,0.0534964,0.0622122,0.46268,0.494094,0.76781,0.758068,1.0,1.0,0.0372679,0.0380874,0.060347,0.0602736,0.562296,0.566697,0.869784,0.855285,0.974028,0.967465,0.0350531,0.0355473,0.0532653,0.0625203,0.450404,0.457868,0.465307,0.479723,0.507372,0.552797,0.572438,0.463975,0.471274,0.479085,0.494394,0.531088,0.564703,0.570054,1.0,1.0,1.0,1.0,1.0,1.0,1.0,1.0,1.0,1.0,1.0,1.0,1.0,1.0,0.539596,0.543758,0.555532,0.569134,0.586348,0.62397,0.69199,0.555532,0.562296,0.564734,0.573416,0.607462,0.665158,0.737819,0.988387,0.988387,0.971394,0.97914,0.964673,0.967308,0.96086,0.971394,0.974028,0.974028,0.975318,0.967308,0.960806,0.95311,0.488276,0.492953,0.483294,0.00295694,0.413856,0.476601,0.479175,0.485489,0.493204,0.497794,0.499788,0.483259,0.481866,0.487127,0.00203819,0.451129,0.477831,0.483259,0.489538,0.49445,0.497794,0.499788,-0.0805269,-0.0576025,-0.0934707,0.00951283,-0.269655,-0.164711,-0.12288,-0.059311,-0.0506212,-0.0491706,-0.0466682,-0.0450009,-0.0505711,-0.0733869,0.00886851,-0.236107,-0.13146,-0.0936813,-0.0533299,-0.0461309,-0.0275448,-0.0246857,0.315315,0.229753,0.268719,0.00680717,0.222996,0.227406,0.229095,0.243153,0.316591,0.318606,0.322113,0.353099,0.321263,0.345767,0.00512625,0.321085,0.326788,0.328777,0.334697,0.359829,0.371926,0.389039,0.0704425,0.0765596,0.0622565,0.00304733,0.00552556,0.0549237,0.0551899,0.069195,0.0764564,0.0765596,0.0784408,0.0224134,0.0117325,0.0140556,0.00367765,0.0,0.0,0.00154116,0.0114879,0.014245,0.016373,0.0224134,-9999,-9999
200204,2.098,0.884028,-2.581,2.24,1.0,5.77,4.952,0.793827,0.275,-3.419,2.133,3.163,4.13,1.644,0.884028,-2.581,2.24,1.0,4.964,4.615,0.793827,412.175,242.074,0.893056,246.629,242.145,0.893056,-9999,-9999,231.067,231.067,0.0,241.85,0.883333,240.501,240.596,0.883333,4.034,0.884028,3.062,3.709,0.884028,68.989,68.989,0.0,1.95,0.851,0.78125,2.19,2.501,0.78125,0.208115751066,0.740277777778,105.358489402,0.764583333333,468.876153553,0.765277777778,56.4750593699,0.765972222222,368.012,0.885417,5.135,0.884028,38.9,0.884028,12.6731,0.884028,12.4912,0.883333,21.0414,0.152757,42.7376,0.884028,71.9911,0.484803,0.778472,1,21.0667,26.9333,21.0667,26.9333,0.998875,1.03689,0.876389,0.874306,0.0309918,0.0309562,0.0655609,0.0800678,0.990371,1.00123,0.878472,0.876389,0.0307425,0.0309748,0.0654434,0.0800751,1.02023,1.0421,0.874913,0.872396,0.010578,0.0115287,0.96712,0.972946,0.981906,0.990371,1.02244,1.08849,1.17368,0.982124,0.985979,0.989075,1.00123,1.07268,1.13366,1.18452,0.88125,0.879861,0.878472,0.878472,0.873611,0.864583,0.859722,0.878472,0.878472,0.878472,0.876389,0.86875,0.863194,0.852778,0.665757,0.721558,0.816533,0.782156,0.998413,0.998413,0.0457903,0.0460236,0.084596,0.105876,1.19187,1.21372,1.24891,1.25019,0.781522,0.777818,0.0389542,0.0390441,0.060553,0.0663646,0.665415,0.670512,0.821287,0.814831,0.998413,0.998413,0.0457816,0.0459933,0.0845913,0.105863,1.17741,1.19221,1.24634,1.24899,0.785226,0.781522,0.0387969,0.0391868,0.060452,0.0664486,0.615062,0.622482,0.642822,0.658846,0.699098,0.764746,0.865006,0.647016,0.654083,0.658846,0.670512,0.759499,0.844781,0.877641,1.0,1.0,1.0,0.998413,0.998413,1.0,1.0,1.0,0.998413,0.998413,0.998413,1.0,1.0,0.996825,1.17045,1.1749,1.17705,1.18443,1.20633,1.26762,1.33511,1.17045,1.17474,1.17569,1.19187,1.24617,1.28207,1.35117,0.785226,0.785226,0.788933,0.786508,0.776584,0.759205,0.750611,0.785226,0.785226,0.785226,0.781522,0.76666,0.756783,0.740727,0.741933,0.703721,0.758342,0.0101201,0.695699,0.701937,0.706406,0.736382,0.79651,0.820924,0.867247,0.746018,0.723674,0.749218,0.00864541,0.698114,0.703368,0.709256,0.735704,0.760829,0.801098,0.83773,-0.26482,-0.297508,-0.283896,0.00402631,-0.338336,-0.3064,-0.297508,-0.282072,-0.271585,-0.26482,-0.249844,-0.269445,-0.266697,-0.271015,0.0046045,-0.33595,-0.297508,-0.285506,-0.276723,-0.239992,-0.235504,-0.22726,1.04286,1.22662,0.906181,0.0210823,0.770914,0.791286,0.797636,0.834832,1.04286,1.04928,1.15619,1.20383,1.25975,1.27299,0.0411022,0.905305,0.989221,1.04457,1.25975,1.51116,1.53196,1.62058,0.0606285,0.23744,0.0823359,0.0108929,0.00385707,0.0245518,0.0306767,0.0553069,0.158131,0.160721,0.205231,0.245607,0.247226,0.24015,0.0232736,0.0284391,0.0430594,0.0816866,0.247226,0.289698,0.400154,0.44999,-9999,-9999
200205,3.322,0.834005,-0.037,1.43,1.0,5.528,3.601,0.72525,2.968,0.07,2.191,4.875,3.365,3.196,0.834005,-0.037,1.43,1.0,5.32,3.536,0.72525,463.935,268.644,0.84543,229.346,243.628,0.84543,-9999,-9999,265.726,265.726,0.0,265.731,0.834005,277.433,270.301,0.834005,2.546,0.834005,2.229,2.396,0.834005,69.298,69.298,0.0,3.892,3.245,0.72043,1.904,2.192,0.72043,0.180973037249,0.680107526882,119.195237143,0.716397849462,503.464336887,0.719758064516,71.8243639519,0.720430107527,362.259,0.831989,8.272,0.834005,51.4,0.834005,8.2864,0.834005,27.0694,0.829301,50.2207,0.271214,29.596,0.833333,54.9082,0.430265,0.71371,1,19.0645,28.9355,19.0645,28.9355,0.744919,0.877088,0.824597,0.821237,0.0402488,0.0393789,0.1474,0.138648,0.708655,0.737207,0.825269,0.824597,0.0399096,0.0401924,0.147308,0.138882,0.782516,0.834143,0.822765,0.820346,0.0220131,0.022609,0.647352,0.669375,0.694667,0.72356,0.818762,0.952972,1.04189,0.705104,0.713999,0.718869,0.744919,0.946254,0.979876,1.10191,0.830645,0.828629,0.824597,0.824597,0.821909,0.816532,0.8125,0.824597,0.825269,0.824597,0.824597,0.81586,0.814516,0.807796,1.37186,1.51943,0.770306,0.647045,1.0,1.0,0.061959,0.0613316,0.192617,0.163116,0.29046,0.404559,1.36803,1.37326,0.709638,0.703997,0.0490045,0.0483208,0.11331,0.130995,1.32684,1.35319,0.801848,0.767569,1.0,1.0,0.0620306,0.0624596,0.192641,0.163544,0.262089,0.29039,1.37482,1.36739,0.71075,0.709638,0.0489881,0.0493409,0.113302,0.131375,1.18743,1.25702,1.3199,1.34373,1.49257,1.62178,1.70253,1.32092,1.33321,1.33919,1.37036,1.62178,1.63551,1.76845,1.0,1.0,1.0,1.0,1.0,1.0,1.0,1.0,1.0,1.0,1.0,1.0,1.0,1.0,0.238416,0.24707,0.255718,0.274289,0.329166,0.451399,0.547502,0.26026,0.266572,0.269013,0.29046,0.444844,0.510086,0.600081,0.71075,0.717424,0.719689,0.709638,0.705109,0.69629,0.689576,0.709638,0.71075,0.709638,0.709638,0.695177,0.690728,0.681789,1.62547,1.54363,1.61966,0.017983,1.49,1.50795,1.52344,1.58118,1.72806,1.76892,1.79184,1.65503,1.52037,1.5713,0.0180684,1.39854,1.47806,1.49371,1.52939,1.64175,1.72806,1.785,0.823218,0.806428,0.785787,0.00901678,0.651888,0.725685,0.779707,0.80457,0.817241,0.823218,0.837504,0.780791,0.811714,0.788785,0.00865315,0.652408,0.748792,0.779707,0.803537,0.818938,0.831222,0.850018,1.71633,1.6954,1.74518,0.0168631,1.61929,1.64601,1.67218,1.72558,1.75498,1.78561,1.98489,1.8255,1.57327,1.76436,0.06579,1.10074,1.41101,1.4354,1.58921,2.04009,2.28982,2.49862,1.11101,1.07131,1.08826,0.0093669,1.02707,1.03387,1.03779,1.07121,1.12811,1.1445,1.17626,1.20644,1.08645,1.15262,0.028217,0.832441,0.991002,1.01845,1.105,1.27732,1.31207,1.46349,-9999,-9999
200206,8.777,0.988194,4.923,2.344,1.0,11.085,3.874,0.98172,9.411,6.306,2.433,11.261,3.259,8.778,0.988194,4.923,2.344,1.0,11.087,3.883,0.98172,485.147,252.681,0.990278,244.106,252.089,0.990278,-9999,-9999,286.915,286.915,0.0,298.033,0.988194,300.013,298.362,0.988194,3.748,0.988194,3.909,3.719,0.988194,69.334,69.334,0.0,5.047,4.128,0.974306,1.843,2.183,0.971528,0.175766655216,0.938888888889,140.069641509,0.972222222222,493.022966592,0.975,48.709001745,0.974305555556,382.026,0.986111,14.451,0.988194,44.2,0.988194,10.9301,0.988194,51.6408,0.986806,87.0707,0.555791,25.9063,0.988889,43.6802,0.324092,0.970139,1,17.8667,30.1333,17.8667,30.1333,-0.301555,-0.217588,0.972917,0.972222,0.0609139,0.059746,0.160315,0.162587,-0.423738,-0.292673,0.977083,0.972917,0.0617961,0.0606499,0.160652,0.162921,-0.335315,-0.265712,0.975503,0.97125,0.0271268,0.0251661,-0.533328,-0.497697,-0.446073,-0.414811,-0.227544,-0.201114,-0.0902883,-0.4356,-0.423738,-0.414811,-0.296415,-0.18676,-0.121316,-0.00928625,0.986806,0.986806,0.983333,0.977083,0.972222,0.972222,0.964583,0.983333,0.977083,0.977083,0.974306,0.972222,0.965278,0.95,2.68536,2.72256,1.53286,1.42296,1.0,1.0,0.0998026,0.0980214,0.154969,0.154168,-2.04111,-1.93374,3.97386,3.97008,0.957599,0.956483,0.0729427,0.0706414,0.186888,0.17553,2.52632,2.6826,1.70824,1.53271,1.0,1.0,0.101534,0.0989926,0.15609,0.154787,-2.13542,-2.02581,3.93239,3.94911,0.964229,0.957599,0.0733061,0.0722651,0.18703,0.17619,2.47938,2.49675,2.50884,2.5451,2.71062,2.73385,2.82193,2.51459,2.53222,2.5451,2.6826,2.72435,2.7702,2.99289,1.0,1.0,1.0,1.0,1.0,1.0,1.0,1.0,1.0,1.0,1.0,1.0,1.0,1.0,-2.27327,-2.22946,-2.15839,-2.1316,-1.95942,-1.88533,-1.79676,-2.15105,-2.13584,-2.1316,-2.02726,-1.88628,-1.81447,-1.77616,0.979534,0.979534,0.97394,0.964229,0.956483,0.95426,0.944184,0.973976,0.964229,0.964229,0.959857,0.956483,0.945331,0.921355,3.19908,3.10973,3.17991,0.0193139,3.06403,3.08745,3.09149,3.13756,3.21173,3.23536,3.41866,3.18627,3.08745,3.15383,0.0175795,3.05184,3.06682,3.08688,3.11412,3.19908,3.21159,3.27063,3.4354,3.4024,3.4463,0.0115164,3.35805,3.36092,3.38411,3.42798,3.49472,3.50794,3.57542,3.50169,3.51119,3.48914,0.0147328,3.35895,3.3654,3.41061,3.49396,3.59399,3.60015,3.63414,3.02341,3.11858,2.95586,0.0251415,2.65819,2.80523,2.86132,2.96336,3.03159,3.11858,3.20523,2.91375,2.5352,2.72046,0.0525171,2.13486,2.35346,2.50666,2.65006,3.05867,3.14832,3.22551,3.63655,3.74002,3.65487,0.0117595,3.49208,3.6025,3.63141,3.65001,3.70424,3.72934,3.77759,3.70358,3.56796,3.59535,0.0173947,3.35274,3.45393,3.54062,3.60125,3.65412,3.69729,3.77742,-9999,-9999
200207,11.36,1.0,7.445,2.261,1.0,13.839,3.729,1.0,11.69,8.949,2.197,13.407,3.143,11.36,1.0,7.445,2.261,1.0,13.839,3.729,1.0,474.288,262.274,0.993952,243.873,262.351,0.993952,-9999,-9999,295.043,295.043,0.0,321.509,0.993952,308.674,321.299,0.993952,4.354,1.0,4.019,4.354,1.0,69.393,69.393,0.0,1.832,2.303,0.998656,1.723,2.043,0.997984,0.180570919563,0.97311827957,148.20048255,0.997311827957,496.415763199,0.997311827957,52.1970070126,0.998655913978,371.307,0.999328,17.327,1.0,33.2,1.0,6.92815,1.0,71.5685,0.998656,104.897,0.630989,25.6101,1.0,37.5364,0.37117,0.995968,1,18.4516,29.5484,18.4516,29.5484,-2.02112,-1.90728,0.989247,0.987231,0.0682774,0.0671822,0.150283,0.136359,-2.07295,-2.02061,0.989919,0.989247,0.0706112,0.0681045,0.151357,0.136816,-2.00872,-1.9582,0.990323,0.987853,0.0211972,0.0205933,-2.16685,-2.13191,-2.09184,-2.06149,-1.96444,-1.86416,-1.80309,-2.08743,-2.06853,-2.06494,-2.02106,-1.87874,-1.83121,-1.70208,0.997312,0.997312,0.99664,0.989919,0.989247,0.985215,0.981183,0.992608,0.989919,0.990591,0.988575,0.987231,0.983199,0.980511,3.2519,3.3709,1.65629,1.43311,1.0,1.0,0.10098,0.0992217,0.184169,0.165271,-5.20455,-5.10231,5.79183,5.73717,0.982425,0.979125,0.0874764,0.086274,0.133937,0.13135,3.19863,3.25474,1.80369,1.65707,1.0,1.0,0.104097,0.0992311,0.185897,0.165276,-5.25221,-5.20555,5.80118,5.79512,0.9835,0.982425,0.0894007,0.0867535,0.135202,0.131665,3.0571,3.10805,3.15782,3.22488,3.28075,3.41609,3.61188,3.17816,3.19863,3.2193,3.26372,3.41845,3.46297,3.77695,1.0,1.0,1.0,1.0,1.0,1.0,1.0,1.0,1.0,1.0,1.0,1.0,1.0,0.996604,-5.31101,-5.28905,-5.26216,-5.25209,-5.13311,-5.0862,-5.02646,-5.26227,-5.25668,-5.25209,-5.20455,-5.08648,-5.05859,-5.01431,0.995625,0.995625,0.994549,0.984613,0.982425,0.969299,0.972599,0.98465,0.98465,0.984613,0.982425,0.979162,0.975825,0.971487,3.82332,3.76472,3.90069,0.0238435,3.74142,3.76507,3.77968,3.83687,3.96996,4.00689,4.24213,3.82653,3.80385,3.89909,0.0201132,3.74142,3.76698,3.82279,3.8754,3.9543,3.96961,4.13427,5.82439,5.78533,5.85923,0.0113988,5.7659,5.78268,5.79041,5.84612,5.90379,5.91485,5.99198,5.89971,5.8768,5.90782,0.0163773,5.75331,5.79041,5.82439,5.8977,6.02677,6.04508,6.06122,3.62492,3.66972,3.63479,0.0206296,3.44641,3.49154,3.54727,3.61867,3.66987,3.75752,3.8173,3.66239,3.56672,3.61391,0.017605,3.3678,3.52798,3.56672,3.59947,3.66005,3.67495,3.79983,5.94899,6.05449,6.00743,0.00978866,5.89171,5.93376,5.94899,6.01118,6.03366,6.05449,6.09974,6.06403,6.06484,5.99208,0.0113443,5.8557,5.90917,5.94806,6.00419,6.01711,6.06601,6.09393,-9999,-9999
200208,9.568,1.0,5.569,2.318,1.0,12.514,4.222,1.0,10.793,8.11,2.342,12.769,3.605,9.568,1.0,5.569,2.318,1.0,12.514,4.222,1.0,432.469,245.981,1.0,239.716,245.981,1.0,-9999,-9999,275.986,275.986,0.0,306.01,1.0,288.367,306.01,1.0,3.841,1.0,4.451,3.841,1.0,69.567,69.567,0.0,2.938,2.981,1.0,1.637,1.766,1.0,0.181921687406,0.995295698925,137.159370448,0.996639784946,464.37666722,0.994623655914,47.2406908602,1.0,387.068,0.999328,15.799,1.0,37.1,1.0,1.46725,1.0,61.5043,0.997312,95.9721,0.596318,26.6695,1.0,41.6154,0.364161,0.993952,1,20.1935,27.8065,20.1935,27.8065,-0.772613,-0.728968,0.983871,0.981183,0.070526,0.0670623,0.143672,0.16708,-0.756948,-0.784,0.984543,0.985215,0.071169,0.0702059,0.143989,0.168366,-0.752004,-0.692144,0.985921,0.981569,0.0233766,0.0233154,-0.922336,-0.885086,-0.843803,-0.77501,-0.744863,-0.634744,-0.424195,-0.843264,-0.823083,-0.776762,-0.759578,-0.635593,-0.517023,-0.369183,0.998656,0.99664,0.990591,0.985215,0.982527,0.979839,0.973118,0.991263,0.988575,0.984543,0.984543,0.980511,0.974462,0.969758,3.61773,3.68884,1.7472,1.52459,1.0,1.0,0.102294,0.10103,0.154983,0.160865,-3.90026,-3.88355,5.55753,5.49692,0.971369,0.96659,0.0910706,0.087711,0.147788,0.185219,3.64563,3.59747,1.86227,1.6719,1.0,1.0,0.103675,0.101082,0.155897,0.160898,-3.89543,-3.904,5.55775,5.56109,0.972564,0.973758,0.0913612,0.0908299,0.147968,0.186716,3.45141,3.52297,3.57923,3.60778,3.68884,3.75582,3.9673,3.58432,3.59747,3.60503,3.64572,3.74404,3.84783,4.02004,1.0,1.0,1.0,1.0,1.0,1.0,0.996928,1.0,1.0,1.0,1.0,1.0,1.0,1.0,-4.03151,-4.01024,-3.99736,-3.90399,-3.87975,-3.77746,-3.58149,-3.99884,-3.9679,-3.90599,-3.8958,-3.77337,-3.64164,-3.53519,0.995349,0.994154,0.992917,0.972564,0.969022,0.964325,0.955438,0.984511,0.979732,0.965438,0.972564,0.962021,0.950409,0.954244,4.01292,3.9636,4.081,0.0237664,3.94474,3.9685,3.99338,4.02501,4.12352,4.1574,4.30936,4.05254,4.07107,4.08936,0.020272,3.95705,3.9685,3.99402,4.05254,4.14897,4.15923,4.23021,4.75778,4.7476,4.77292,0.0147462,4.64055,4.68565,4.70194,4.75607,4.8123,4.83335,4.98048,4.79849,4.82802,4.84137,0.0215585,4.63686,4.69227,4.72966,4.81173,4.98048,5.03101,5.05384,3.91659,3.63561,4.06682,0.0373101,3.63561,3.8985,3.91659,4.02467,4.11433,4.27905,4.39955,4.02467,3.8933,4.0128,0.0361781,3.74284,3.80851,3.84874,3.98636,4.0483,4.222,4.42867,5.19227,4.94743,5.10056,0.0165901,4.94549,5.0136,5.04956,5.07663,5.13857,5.16812,5.25802,5.09192,5.04846,5.08096,0.015038,4.94743,4.98812,5.01648,5.06897,5.10478,5.16165,5.22242,-9999,-9999
200209,6.088,1.0,3.005,2.079,1.0,8.856,3.577,1.0,5.219,3.198,1.843,7.009,2.901,6.088,1.0,3.005,2.079,1.0,8.856,3.577,1.0,366.101,196.77,0.9875,164.891,192.487,0.9875,-9999,-9999,279.484,279.484,0.0,286.292,0.9875,292.095,286.832,0.9875,2.888,1.0,1.983,2.888,1.0,69.717,69.721,0.0680556,3.479,2.1,1.0,1.814,2.181,1.0,0.228496222138,0.984027777778,101.281193056,1.0,361.751468621,0.975694444444,33.8909215278,1.0,373.223,1.0,11.338,1.0,40.1,1.0,-1.08442,1.0,33.7129,1.0,53.489,0.3538,30.8058,1.0,48.8766,0.382171,1.0,1,22.3667,25.6333,22.3667,25.6333,0.014613,0.0264402,0.977083,0.977778,0.0450294,0.0437221,0.0593652,0.0790927,0.0122012,0.0095239,0.979861,0.977083,0.0455668,0.0445405,0.0597739,0.079548,0.0393266,0.0589582,0.978611,0.976667,0.011359,0.0129221,-0.0190457,-0.00381739,0.00453597,0.013052,0.0264402,0.0735541,0.233689,-0.00381739,0.0074884,0.00919564,0.0158062,0.0657744,0.139307,0.248993,0.985417,0.976389,0.977083,0.978472,0.977778,0.977778,0.975694,0.976389,0.977083,0.979167,0.977778,0.977083,0.967361,0.977083,2.14204,2.17934,1.24852,1.13686,0.979578,0.989723,0.0641904,0.0611387,0.117315,0.132278,-1.79426,-1.80505,2.85304,2.83312,0.97578,0.96772,0.0589067,0.0581256,0.0682744,0.0687316,2.1183,2.13975,1.29271,1.23619,0.982477,0.979578,0.0653462,0.062721,0.117951,0.133017,-1.7761,-1.80052,2.8709,2.84453,0.97815,0.97578,0.0592434,0.0588611,0.0685652,0.0693547,2.00377,2.06145,2.08726,2.11153,2.14204,2.25784,2.48163,2.09119,2.10282,2.1092,2.13822,2.25784,2.33743,2.49309,1.0,1.0,0.989789,0.982477,0.979578,0.989723,0.99552,0.979578,0.989789,0.989789,0.97668,0.989723,0.985375,0.989844,-1.80487,-1.80064,-1.78202,-1.76771,-1.74139,-1.73161,-1.70885,-1.80511,-1.80282,-1.79983,-1.77908,-1.74755,-1.72946,-1.67215,0.966485,0.97578,0.974446,0.975483,0.971385,0.971385,0.963716,0.96772,0.97578,0.970387,0.967672,0.966339,0.971385,0.961203,2.68489,2.70912,2.70925,0.00835892,2.63437,2.65557,2.6773,2.69275,2.74082,2.7676,2.79517,2.65115,2.70711,2.69699,0.00819569,2.62233,2.64335,2.66983,2.68489,2.70795,2.7676,2.79565,2.68036,2.69959,2.65056,0.00837828,2.54531,2.60619,2.61617,2.65357,2.68821,2.69183,2.70313,2.6791,2.69491,2.65767,0.00731935,2.54607,2.61264,2.64156,2.65486,2.68526,2.69173,2.7032,2.06412,2.20626,2.16966,0.0257702,1.94576,2.00984,2.06259,2.10215,2.30836,2.32767,2.47661,2.10434,2.10215,2.08426,0.0296903,1.83526,1.8786,1.90681,2.06412,2.20626,2.31979,2.37101,2.65544,2.57185,2.56074,0.0141525,2.42578,2.47398,2.49492,2.51916,2.62996,2.66358,2.69514,2.53204,2.51908,2.50556,0.0176469,2.3366,2.37648,2.38702,2.49492,2.58247,2.63656,2.68336,-9999,-9999
200210,-1.719,0.465054,-5.991,1.217,0.676282,2.842,4.97,0.236315,-1.032,-3.685,2.491,1.797,4.005,-1.537,0.465054,-4.887,1.886,0.676282,2.048,4.282,0.236315,286.3,178.162,0.662634,179.822,180.912,0.662634,-9999,-9999,208.565,208.565,0.0,230.904,0.465054,216.523,220.514,0.465054,2.893,0.465054,2.729,2.53,0.465054,69.527,69.527,0.0,0.958,0.843,0.229167,1.97,1.962,0.229167,-9999,-9999,-9999,-9999,-9999,-9999,-9999,-9999,358.196,0.465054,3.931,0.465054,28.6,0.465054,-2.8296,0.465054,14.5406,0.464382,20.9985,0.162566,42.1807,0.464382,60.9142,0.374737,2.0,2,24.8065,23.1935,24.8065,23.1935,0.448546,0.51869,0.452957,0.450269,0.0178667,0.0170317,0.0610351,0.070227,0.428004,0.449362,0.452957,0.452957,0.0183059,0.0179432,0.0611651,0.0704536,0.47128,0.495277,0.448589,0.446573,0.010717,0.0115212,0.404509,0.424736,0.428004,0.442813,0.477493,0.541459,0.628359,0.428004,0.439639,0.442624,0.448546,0.55418,0.5759,0.638316,0.452957,0.449597,0.452957,0.452285,0.450269,0.43414,0.438172,0.452957,0.452957,0.451613,0.452957,0.446237,0.435484,0.438172,0.595192,0.675742,0.136205,0.141106,0.656121,0.653536,0.0240855,0.0225574,0.094451,0.102894,0.277372,0.332995,0.541098,0.606237,0.23216,0.229472,0.0256897,0.0246158,0.047986,0.051383,0.554352,0.601111,0.148473,0.135332,0.657465,0.656121,0.0241951,0.0235746,0.094479,0.103122,0.279011,0.272685,0.543356,0.528172,0.230694,0.23216,0.0257516,0.0253921,0.0480192,0.0517594,0.489743,0.522526,0.532399,0.554352,0.620527,0.705183,0.819843,0.543278,0.550237,0.554352,0.601955,0.717082,0.751019,0.821103,0.662841,0.657465,0.676282,0.657465,0.654777,0.616832,0.634719,0.657465,0.657465,0.657465,0.656121,0.645471,0.629032,0.634719,0.261165,0.27764,0.298234,0.308226,0.322437,0.358701,0.397863,0.261165,0.277372,0.279,0.308835,0.351271,0.367578,0.398644,0.23216,0.23216,0.226662,0.226662,0.234848,0.229472,0.223851,0.23216,0.23216,0.230694,0.228128,0.229472,0.225196,0.223974,0.686489,0.68361,0.689939,0.00847197,0.644407,0.651703,0.659189,0.666727,0.689123,0.710965,0.822383,0.663009,0.656104,0.673765,0.00702167,0.613308,0.644407,0.652099,0.663331,0.68361,0.686489,0.770997,0.241263,0.234248,0.194861,0.00949018,0.0136982,0.131749,0.1654,0.219859,0.230256,0.237086,0.256985,0.220886,0.228101,0.202485,0.00810895,0.0381993,0.156381,0.197646,0.220517,0.229538,0.235152,0.241263,0.693958,0.725447,0.679051,0.00820828,0.604952,0.613818,0.647154,0.681115,0.700258,0.726703,0.773969,0.784024,0.669812,0.640251,0.0123714,0.533009,0.55178,0.556594,0.630989,0.703526,0.732327,0.765995,0.274144,0.270856,0.277446,0.00207203,0.256837,0.263441,0.269224,0.274144,0.282108,0.294284,0.300486,0.442145,0.435437,0.407454,0.00413594,0.374662,0.387253,0.389394,0.39733,0.418738,0.429006,0.442145,-9999,-9999
200211,-9.371,0.939583,-13.403,3.353,1.0,-4.228,5.466,0.868182,-6.913,-9.242,2.688,-3.93,3.955,-9.384,0.939583,-13.403,3.353,1.0,-4.257,5.357,0.868182,215.248,152.758,0.945139,136.891,151.346,0.945139,-9999,-9999,182.612,182.612,0.0,176.075,0.939583,188.868,175.061,0.939583,1.807,0.939583,2.344,1.795,0.939583,69.374,69.375,0.00555556,0.244,0.167,0.865972,1.854,1.807,0.865278,0.148117295365,0.851388888889,27.6049921105,0.851388888889,273.806653476,0.851388888889,47.627822177,0.851388888889,360.517,0.938889,-1.249,0.939583,17.8,0.939583,-11.0208,0.939583,5.17378,0.938889,6.73443,0.0767027,26.3959,0.938889,34.3581,0.363719,0.865972,1,26.9667,21.0333,26.9667,21.0333,0.325571,0.360473,0.927083,0.921528,0.0135539,0.0134314,0.0546726,0.0936586,0.323849,0.328213,0.927083,0.927083,0.0139128,0.0136289,0.0547627,0.0936871,0.36372,0.39043,0.916059,0.908403,0.0152847,0.0172366,0.299226,0.305544,0.316277,0.323027,0.360473,0.411476,0.562188,0.318987,0.321802,0.322941,0.328213,0.408974,0.507183,0.660717,0.9375,0.933333,0.93125,0.928472,0.921528,0.907639,0.835417,0.927778,0.927083,0.929861,0.927083,0.907639,0.860417,0.840278,0.150734,0.185779,0.308743,0.311117,1.0,0.99359,0.0174211,0.017543,0.0563661,0.120707,0.515383,0.544635,0.536967,0.529037,0.840455,0.835909,0.019945,0.0201362,0.0517275,0.0567133,0.155565,0.154638,0.336413,0.308833,1.0,1.0,0.0179558,0.0174452,0.0565336,0.120693,0.50569,0.516211,0.540112,0.536247,0.840303,0.840455,0.0201532,0.0199511,0.0518081,0.0566478,0.13925,0.145977,0.150734,0.157491,0.185779,0.253189,0.450679,0.147745,0.151839,0.154795,0.169603,0.252955,0.39069,0.604393,1.0,1.0,1.0,1.0,0.99359,0.965476,0.852656,1.0,1.0,1.0,1.0,0.965476,0.891117,0.869414,0.471534,0.472785,0.479744,0.505711,0.53461,0.56824,0.647075,0.484065,0.498499,0.505711,0.516005,0.564451,0.604536,0.662984,0.865,0.856818,0.848939,0.840303,0.837424,0.838867,0.814019,0.846212,0.843182,0.840303,0.840455,0.840382,0.822807,0.804322,0.174709,0.168957,0.183432,0.00176808,0.165365,0.168831,0.174709,0.184803,0.189712,0.191593,0.200739,0.194311,0.184761,0.185843,0.00161681,0.166464,0.169385,0.180272,0.188728,0.191593,0.193268,0.198799,-0.167471,-0.159256,-0.20704,0.0167379,-0.502004,-0.316273,-0.23421,-0.160206,-0.14111,-0.138875,-0.13323,-0.138875,-0.139088,-0.177878,0.0152143,-0.490381,-0.251331,-0.173179,-0.142756,-0.131971,-0.115178,-0.109187,0.536071,0.562649,0.5659,0.0114721,0.496419,0.515697,0.525772,0.536071,0.564754,0.642971,0.765505,0.484416,0.393009,0.416263,0.0116384,0.316562,0.357312,0.361967,0.393014,0.455858,0.491189,0.581525,0.0658854,0.0906247,0.0810627,0.00180753,0.0589606,0.0668218,0.068435,0.0879597,0.0906247,0.0907125,0.0921484,0.159647,0.137394,0.149539,0.00416121,0.13266,0.133212,0.133408,0.13701,0.156533,0.163371,0.220661,-9999,-9999
200212,-12.306,0.974462,-15.995,3.16,1.0,-7.003,5.479,0.935484,-12.891,-15.354,3.384,-9.35,4.267,-12.421,0.974462,-15.995,3.16,1.0,-7.292,5.315,0.935484,180.237,124.864,0.977151,114.28,123.721,0.977151,-9999,-9999,166.662,166.662,0.0,163.896,0.974462,171.871,163.802,0.974462,1.404,0.974462,1.415,1.38,0.974462,68.988,68.988,0.0,0.098,0.015,0.93414,1.71,1.745,0.933468,0.143605603448,0.927419354839,18.8211239068,0.926075268817,222.076276341,0.927419354839,29.7548134579,0.927419354839,358.794,0.974462,-4.629,0.974462,15.0,0.974462,-13.7638,0.974462,3.08173,0.97379,4.13432,0.0523089,20.9687,0.974462,28.1307,0.312003,0.932124,1,28.3226,19.6774,28.3226,19.6774,0.107094,0.113812,0.961694,0.961022,0.011052,0.0115358,0.0122292,0.0133379,0.106284,0.108399,0.954973,0.962366,0.0111051,0.0110724,0.0122772,0.0129392,0.113413,0.110997,0.962298,0.95961,0.00135735,0.00138658,0.105313,0.106601,0.107455,0.112108,0.113958,0.117072,0.122767,0.101633,0.102984,0.104118,0.108989,0.113812,0.116374,0.12449,0.954973,0.956317,0.961022,0.961694,0.964382,0.965726,0.961694,0.959677,0.963038,0.954973,0.960349,0.961022,0.954301,0.949597,-0.0627764,-0.0745294,0.194189,0.161534,0.996663,0.996663,0.0120732,0.0126482,0.0139456,0.0134496,0.342998,0.375516,0.449178,0.434209,0.909338,0.90747,0.0196787,0.0198075,0.0247932,0.0270292,-0.0596278,-0.0624742,0.19762,0.19249,1.0,0.996663,0.0118955,0.0119532,0.013792,0.0127981,0.336659,0.345518,0.454727,0.449611,0.888031,0.910781,0.0197049,0.0195302,0.024814,0.0268267,-0.0748512,-0.0646856,-0.0619107,-0.0596278,-0.0519412,-0.0507261,-0.0494419,-0.0745294,-0.0688023,-0.0657443,-0.0627206,-0.0612691,-0.0596559,-0.0572492,0.995471,0.995471,1.0,1.0,1.0,1.0,1.0,0.996663,0.995471,1.0,0.996663,1.0,1.0,0.996663,0.33636,0.337146,0.338147,0.346503,0.354198,0.367309,0.379103,0.331126,0.33495,0.336509,0.345518,0.360624,0.371732,0.387811,0.888031,0.894482,0.891256,0.912733,0.910781,0.910866,0.910781,0.90747,0.888031,0.888031,0.910781,0.900934,0.910866,0.887776,0.0220167,0.0202956,0.0316803,0.00330184,0.0189922,0.0202956,0.0210451,0.0239518,0.0299776,0.0406374,0.0709196,0.0194506,0.0259299,0.0293665,0.00295509,0.0194506,0.0202956,0.0216404,0.0230346,0.0276107,0.0368671,0.0445099,-0.092736,-0.0881032,-0.0794589,0.0025455,-0.10279,-0.0893755,-0.0881032,-0.081314,-0.0773328,-0.0730066,-0.0691886,-0.0835598,-0.0803541,-0.084046,0.0020303,-0.0927437,-0.0917286,-0.0909056,-0.0873135,-0.0803541,-0.0782574,-0.0723731,0.302718,0.292197,0.274803,0.007353,0.179998,0.214697,0.242348,0.291142,0.300739,0.307861,0.342346,0.292193,0.308826,0.286278,0.00493508,0.226571,0.241736,0.265475,0.289886,0.301429,0.320891,0.337948,0.019619,0.0385905,0.0335778,0.00159756,0.0136758,0.0208625,0.0227457,0.0385905,0.041304,0.0431667,0.0446066,0.0383914,0.0445465,0.0357707,0.000948943,0.0253502,0.0278909,0.0316174,0.0358202,0.0399385,0.0417764,0.0445465,-9999,-9999
200301,-13.985,0.998656,-18.349,4.152,1.0,-8.008,6.532,0.996774,-13.986,-16.827,4.286,-10.097,4.845,-13.982,0.998656,-18.349,4.152,1.0,-8.0,6.519,0.996774,197.189,142.614,0.998656,131.711,142.629,0.998656,-9999,-9999,146.93,146.93,0.0,147.878,0.997984,150.845,147.89,0.997984,1.682,0.998656,1.571,1.683,0.998656,69.055,69.055,0.0,0.121,0.0,0.991263,1.992,2.081,0.991263,0.156634803922,0.990591397849,21.6323628231,0.989919354839,252.051982082,0.989247311828,35.0129234063,0.99126344086,349.276,0.997984,-7.006,0.998656,14.4,0.998656,-12.7881,0.998656,1.62881,0.997984,1.92845,0.0247537,27.2091,0.997984,32.2146,0.32499,0.989919,1,27.7097,20.2903,27.7097,20.2903,-0.0434803,-0.045178,0.981855,0.985887,0.0114425,0.0115263,0.0150436,0.0152097,-0.0438319,-0.045181,0.982527,0.983199,0.0114165,0.011387,0.0150238,0.0151044,-0.0421648,-0.0431453,0.979049,0.980242,0.00255139,0.00249987,-0.0596857,-0.0544949,-0.0503786,-0.0463862,-0.0403691,-0.0349624,-0.00484466,-0.0599862,-0.0549079,-0.0509426,-0.0475472,-0.0404485,-0.0350607,-0.00598441,0.997312,0.990591,0.989247,0.983199,0.983199,0.981183,0.951613,0.997312,0.990591,0.989247,0.983871,0.983199,0.983199,0.951613,-0.183078,-0.184888,0.181485,0.18174,0.996544,0.996544,0.0104365,0.0105226,0.0242472,0.0246181,0.152336,0.150944,0.491286,0.492413,0.96166,0.971338,0.0219999,0.0219123,0.0524494,0.0526657,-0.171737,-0.172753,0.198306,0.198602,0.997696,0.997696,0.0101852,0.0101806,0.0241401,0.0244738,0.135589,0.133892,0.501306,0.502635,0.961367,0.96298,0.0219969,0.0219214,0.0524482,0.0526695,-0.235699,-0.218764,-0.189812,-0.179127,-0.175933,-0.174991,-0.171737,-0.238218,-0.219999,-0.191246,-0.180066,-0.176263,-0.175488,-0.172808,0.922811,0.923697,0.995392,1.0,1.0,1.0,0.997696,0.929724,0.923697,0.928266,1.0,1.0,1.0,0.997696,0.103973,0.116412,0.125867,0.136484,0.168896,0.211637,0.283361,0.103973,0.116176,0.12572,0.136116,0.168115,0.211957,0.284084,0.993548,0.977419,0.974194,0.96467,0.966499,0.958365,0.982412,0.993548,0.977419,0.975806,0.96298,0.966499,0.958365,0.984025,3.41724e-08,3.76594e-08,4.28201e-08,3.90613e-09,1.46453e-08,2.6501e-08,3.20802e-08,3.6962e-08,4.32385e-08,5.71864e-08,1.00425e-07,4.88177e-08,3.76594e-08,4.28201e-08,3.90613e-09,1.46453e-08,2.6501e-08,3.20802e-08,3.6962e-08,4.32385e-08,5.71864e-08,1.00425e-07,0.0502975,0.0451811,0.0431504,0.00249997,0.000545984,0.0329356,0.0401262,0.0475448,0.0502975,0.0540149,0.0598662,0.0473497,0.0438319,0.0421649,0.00255139,-0.002558,0.0327711,0.0392183,0.0458745,0.0489624,0.0535329,0.0595742,0.0686406,0.0678664,0.120204,0.0209997,0.0560191,0.0590035,0.0662641,0.0683695,0.0994366,0.153983,0.385419,0.0704729,0.0678664,0.120204,0.0209997,0.0560191,0.0590035,0.0662641,0.0683695,0.0994366,0.153983,0.385419,0.00789181,0.0104762,0.030853,0.0106448,0.00791312,0.010283,0.0104762,0.0107383,0.0135199,0.014571,0.167356,0.0105392,0.0104762,0.030853,0.0106448,0.00791312,0.010283,0.0104762,0.0107383,0.0135199,0.014571,0.167356,-9999,-9999
200302,-9.449,1.0,-13.427,4.136,1.0,-4.839,6.141,1.0,-9.561,-12.453,3.119,-6.214,4.784,-9.449,1.0,-13.427,4.136,1.0,-4.839,6.141,1.0,256.759,162.177,1.0,167.149,162.177,1.0,-9999,-9999,175.065,175.065,0.0,178.342,1.0,180.826,178.342,1.0,2.004,1.0,2.074,2.004,1.0,68.781,68.781,0.0,0.211,0.043,1.0,1.85,2.096,1.0,0.181244047619,1.0,44.3871779891,0.998511904762,292.199416117,0.998511904762,38.6476912202,1.0,343.478,0.997768,-3.57,1.0,15.2,1.0,-1.01094,1.0,2.4923,0.997768,3.41974,0.0752673,30.9193,1.0,42.425,0.408975,0.99628,1,25.7143,22.2857,25.7143,22.2857,0.0467451,0.0467451,0.975446,0.975446,0.0114365,0.0114365,0.0301917,0.0301917,0.0308207,0.0308207,0.980655,0.980655,0.011422,0.011422,0.0301862,0.0301862,0.0466032,0.0466032,0.981231,0.981231,0.00424679,0.00424679,0.0236798,0.0253205,0.02623,0.0310044,0.0572141,0.0812041,0.101493,0.0236798,0.0253205,0.02623,0.0310044,0.0572141,0.0812041,0.101493,0.995536,0.99628,0.990327,0.989583,0.97247,0.969494,0.964286,0.995536,0.99628,0.990327,0.989583,0.97247,0.969494,0.964286,-0.0743514,-0.0743514,0.23257,0.23257,0.997253,0.997253,0.0125188,0.0126144,0.0154412,0.0155188,0.180726,0.180726,0.542249,0.542249,0.949675,0.949675,0.0187613,0.0187591,0.0492899,0.049289,-0.0833866,-0.0833866,0.241416,0.241416,0.995879,0.995879,0.0125726,0.0125726,0.0154848,0.0154848,0.158328,0.158328,0.559151,0.559151,0.962662,0.962662,0.0187502,0.0187502,0.0492857,0.0492857,-0.0841242,-0.0832781,-0.0825759,-0.0778331,-0.067764,-0.0651994,-0.0418388,-0.0841242,-0.0832781,-0.0825759,-0.0778331,-0.067764,-0.0651994,-0.0418388,0.995879,0.994505,0.995879,0.995879,0.997253,0.997253,0.990385,0.995879,0.994505,0.995879,0.995879,0.997253,0.997253,0.990385,0.140216,0.144607,0.147354,0.152759,0.194013,0.235766,0.259778,0.140216,0.144607,0.147354,0.152759,0.194013,0.235766,0.259778,0.99513,0.993506,0.983766,0.970779,0.943658,0.947387,0.933059,0.99513,0.993506,0.983766,0.970779,0.943658,0.947387,0.933059,0.00677766,0.00640653,0.00998656,0.000983311,0.00602921,0.00616402,0.00626143,0.00668447,0.0105786,0.0157712,0.0250888,0.0105786,0.00640653,0.00998656,0.000983311,0.00602921,0.00616402,0.00626143,0.00668447,0.0105786,0.0157712,0.0250888,-0.0288135,-0.0244141,-0.0366166,0.00334042,-0.0806183,-0.0654329,-0.0571208,-0.0257712,-0.0209044,-0.0191494,-0.0182142,-0.0249075,-0.0244141,-0.0366166,0.00334042,-0.0806183,-0.0654329,-0.0571208,-0.0257712,-0.0209044,-0.0191494,-0.0182142,0.202015,0.20623,0.198895,0.00212697,0.174417,0.182619,0.188291,0.202113,0.20623,0.208932,0.215188,0.210522,0.20623,0.198895,0.00212697,0.174417,0.182619,0.188291,0.202113,0.20623,0.208932,0.215188,0.0498264,0.0635106,0.0569654,0.00209996,0.0232177,0.0458089,0.0498264,0.0603141,0.0635106,0.0658434,0.0717162,0.0603002,0.0635106,0.0569654,0.00209996,0.0232177,0.0458089,0.0498264,0.0603141,0.0635106,0.0658434,0.0717162,-9999,-9999
200303,-4.682,1.0,-8.176,3.111,1.0,-1.363,5.17,1.0,-5.512,-8.34,2.041,-2.819,3.834,-4.682,1.0,-8.176,3.111,1.0,-1.363,5.17,1.0,336.378,201.391,0.995968,210.787,201.5,0.995968,-9999,-9999,207.279,207.279,0.0,207.3,0.995968,215.153,207.28,0.995968,2.641,1.0,2.526,2.641,1.0,68.88,68.88,0.0,0.661,0.413,1.0,2.082,2.318,1.0,0.21329905914,1.0,72.1654443665,0.998655913978,370.747167768,0.999327956989,54.5721491935,1.0,352.958,0.992608,1.064,1.0,22.2,1.0,6.0093,1.0,6.78706,0.995968,10.8276,0.139485,34.8961,1.0,55.6709,0.439843,0.994624,1,23.4516,24.5484,23.4516,24.5484,0.334377,0.334377,0.980511,0.980511,0.0134357,0.0134357,0.0318096,0.0318096,0.325008,0.325008,0.984543,0.984543,0.013474,0.013474,0.0318258,0.0318258,0.340732,0.340732,0.975235,0.975235,0.00527785,0.00527785,0.312416,0.314464,0.315,0.324353,0.360235,0.37213,0.409079,0.312416,0.314464,0.315,0.324353,0.360235,0.37213,0.409079,0.994624,0.991263,0.995296,0.985215,0.963038,0.971102,0.920699,0.994624,0.991263,0.995296,0.985215,0.963038,0.971102,0.920699,0.155592,0.155592,0.332819,0.332819,1.0,1.0,0.0184186,0.0184734,0.0465785,0.0466002,0.475383,0.475383,0.599953,0.599953,0.961923,0.961923,0.018209,0.0182641,0.0230713,0.0231148,0.141633,0.141633,0.342635,0.342635,1.0,1.0,0.0185233,0.0185233,0.04662,0.04662,0.470922,0.470922,0.600176,0.600176,0.96988,0.96988,0.018205,0.018205,0.0230682,0.0230682,0.12016,0.122999,0.124143,0.141633,0.186458,0.208563,0.244057,0.12016,0.122999,0.124143,0.141633,0.186458,0.208563,0.244057,1.0,1.0,1.0,1.0,0.990591,0.998656,0.929348,1.0,1.0,1.0,1.0,0.990591,0.998656,0.929348,0.467531,0.468039,0.468586,0.47091,0.492467,0.496374,0.530212,0.467531,0.468039,0.468586,0.47091,0.492467,0.496374,0.530212,0.977684,0.991989,0.989355,0.984243,0.956811,0.945091,0.896919,0.977684,0.991989,0.989355,0.984243,0.956811,0.945091,0.896919,0.164434,0.15315,0.161618,0.00277691,0.140204,0.142998,0.148456,0.153464,0.171617,0.17996,0.194581,0.1733,0.15315,0.161618,0.00277691,0.140204,0.142998,0.148456,0.153464,0.171617,0.17996,0.194581,-0.166841,-0.171858,-0.179114,0.00279428,-0.238286,-0.197739,-0.190494,-0.171444,-0.169319,-0.168,-0.166235,-0.169928,-0.171858,-0.179114,0.00279428,-0.238286,-0.197739,-0.190494,-0.171444,-0.169319,-0.168,-0.166235,0.381535,0.382654,0.364012,0.00880232,0.24512,0.277489,0.350903,0.381535,0.389966,0.41554,0.440124,0.379431,0.382654,0.364012,0.00880232,0.24512,0.277489,0.350903,0.381535,0.389966,0.41554,0.440124,0.0847024,0.0590646,0.0738812,0.00464579,0.0391774,0.0579218,0.0602741,0.0646601,0.075444,0.0847024,0.150353,0.064238,0.0590646,0.0738812,0.00464579,0.0391774,0.0579218,0.0602741,0.0646601,0.075444,0.0847024,0.150353,-9999,-9999
200304,1.507,0.959722,-2.359,2.875,1.0,4.548,5.191,0.926876,-0.758,-3.922,2.651,1.72,4.114,1.376,0.959722,-2.359,2.875,1.0,4.307,5.097,0.926876,412.175,242.779,0.960417,245.534,244.574,0.960417,-9999,-9999,226.758,226.758,0.0,246.184,0.958333,235.909,245.103,0.958333,3.714,0.959722,2.686,3.653,0.959722,69.099,69.102,0.04375,2.671,1.325,0.936111,2.274,2.606,0.934722,0.239938830067,0.8875,98.4862452719,0.896527777778,461.563312078,0.893055555556,71.4392893519,0.9,363.604,0.939583,5.021,0.959722,41.7,0.959722,7.85523,0.903472,16.8401,0.947917,30.2289,0.273449,33.565,0.958333,60.2509,0.457334,0.679861,1,21.1,26.9,21.1,26.4667,0.851246,0.851246,0.936111,0.936111,0.0175433,0.0175433,0.0471573,0.0471573,0.826797,0.826797,0.935417,0.935417,0.0177811,0.0177811,0.0472463,0.0472463,0.850094,0.850094,0.93526,0.93526,0.00718207,0.00718207,0.796233,0.80945,0.820838,0.825731,0.874456,0.896995,0.935517,0.796233,0.80945,0.820838,0.825731,0.874456,0.896995,0.935517,0.94375,0.94375,0.942361,0.942361,0.931944,0.927778,0.920139,0.94375,0.94375,0.942361,0.942361,0.931944,0.927778,0.920139,0.335318,0.335318,0.379351,0.379351,0.992352,0.992352,0.0256039,0.0257402,0.0332021,0.0333073,1.19263,1.19263,0.966359,0.966359,0.890592,0.890592,0.0224158,0.0224784,0.0714778,0.0714975,0.307698,0.307698,0.390249,0.390249,0.992352,0.992352,0.0259192,0.0259192,0.0334459,0.0334459,1.17223,1.17223,0.974802,0.974802,0.889265,0.889265,0.022833,0.022833,0.0716097,0.0716097,0.298971,0.307997,0.308338,0.318361,0.341649,0.350273,0.369608,0.298971,0.307997,0.308338,0.318361,0.341649,0.350273,0.369608,0.993939,0.992352,0.992352,0.993939,0.992352,0.992352,0.992352,0.993939,0.992352,0.992352,0.993939,0.992352,0.992352,0.992352,1.12611,1.13392,1.15561,1.16891,1.22583,1.26966,1.31089,1.12611,1.13392,1.15561,1.16891,1.22583,1.26966,1.31089,0.903083,0.903083,0.900614,0.89572,0.883045,0.873389,0.862132,0.903083,0.903083,0.900614,0.89572,0.883045,0.873389,0.862132,0.409076,0.398162,0.39973,0.00148622,0.374511,0.389818,0.39666,0.400442,0.405969,0.40808,0.409076,0.399563,0.398162,0.39973,0.00148622,0.374511,0.389818,0.39666,0.400442,0.405969,0.40808,0.409076,-0.428274,-0.428635,-0.450364,0.00780841,-0.546742,-0.526393,-0.494999,-0.42674,-0.421588,-0.406986,-0.402529,-0.423699,-0.428635,-0.450364,0.00780841,-0.546742,-0.526393,-0.494999,-0.42674,-0.421588,-0.406986,-0.402529,0.830784,0.840084,0.873621,0.00792098,0.81493,0.818043,0.826929,0.851494,0.912928,0.933291,0.957675,0.875964,0.840084,0.873621,0.00792098,0.81493,0.818043,0.826929,0.851494,0.912928,0.933291,0.957675,0.0104668,0.00727449,0.0081461,0.000664478,0.00146719,0.00604942,0.00648516,0.00727449,0.0102081,0.011608,0.0120188,0.0101546,0.00727449,0.0081461,0.000664478,0.00146719,0.00604942,0.00648516,0.00727449,0.0102081,0.011608,0.0120188,-9999,-9999
200305,4.323,1.0,0.783,2.377,1.0,6.663,4.177,1.0,4.116,0.985,2.427,6.183,3.786,4.323,1.0,0.783,2.377,1.0,6.663,4.177,1.0,463.935,247.233,1.0,256.407,247.233,1.0,-9999,-9999,249.708,249.708,0.0,270.761,1.0,260.366,270.761,1.0,3.447,1.0,3.288,3.447,1.0,69.227,69.227,0.0,3.478,1.948,1.0,1.994,2.301,0.997984,0.233493959985,0.940860215054,119.373122455,0.999327956989,471.064799343,0.993951612903,59.806702957,1.0,359.739,0.995968,8.156,1.0,46.1,1.0,11.6299,0.0,40.9696,0.99664,73.5426,0.423973,31.2991,0.999328,56.1835,0.404531,1.0,2,19.0645,28.9355,19.0645,28.9355,0.371079,0.371079,0.985215,0.985215,0.0235119,0.0235119,0.0474883,0.0474883,0.37252,0.37252,0.985215,0.985215,0.024138,0.024138,0.0478014,0.0478014,0.37928,0.37928,0.981216,0.981216,0.00489437,0.00489437,0.327516,0.341936,0.352824,0.374437,0.390425,0.424455,0.430393,0.327516,0.341936,0.352824,0.374437,0.390425,0.424455,0.430393,0.99328,0.991263,0.987231,0.940188,0.981183,0.97043,0.972446,0.99328,0.991263,0.987231,0.940188,0.981183,0.97043,0.972446,0.73052,0.73052,0.547718,0.547718,1.0,1.0,0.0370677,0.0366132,0.0694301,0.0691885,0.115628,0.115628,0.954333,0.954333,0.975489,0.975489,0.0291071,0.0290722,0.0417597,0.0417354,0.745436,0.745436,0.586972,0.586972,1.0,1.0,0.0378421,0.0378421,0.0698466,0.0698466,0.108178,0.108178,0.955339,0.955339,0.975489,0.975489,0.0294488,0.0294488,0.0419985,0.0419985,0.657821,0.684224,0.715577,0.74746,0.78341,0.801638,0.818175,0.657821,0.684224,0.715577,0.74746,0.78341,0.801638,0.818175,0.928693,1.0,1.0,1.0,1.0,0.998302,0.998302,0.928693,1.0,1.0,1.0,1.0,0.998302,0.998302,0.0801077,0.0898245,0.0962683,0.108178,0.124185,0.149713,0.156239,0.0801077,0.0898245,0.0962683,0.108178,0.124185,0.149713,0.156239,0.986652,0.982163,0.978826,0.975489,0.974376,0.963253,0.941959,0.986652,0.982163,0.978826,0.975489,0.974376,0.963253,0.941959,0.903185,0.909595,0.917464,0.00443305,0.879073,0.88095,0.894071,0.909595,0.946035,0.952887,0.957139,0.895195,0.909595,0.917464,0.00443305,0.879073,0.88095,0.894071,0.909595,0.946035,0.952887,0.957139,0.527556,0.537075,0.538184,0.00335601,0.506746,0.511173,0.521998,0.537075,0.552846,0.565084,0.568799,0.568799,0.537075,0.538184,0.00335601,0.506746,0.511173,0.521998,0.537075,0.552846,0.565084,0.568799,0.924938,1.03425,1.11522,0.0345274,0.916558,0.926773,0.945443,1.03277,1.22149,1.38188,1.56125,1.02309,1.03425,1.11522,0.0345274,0.916558,0.926773,0.945443,1.03277,1.22149,1.38188,1.56125,0.869296,0.847628,0.917993,0.0242375,0.782982,0.79636,0.823449,0.854573,0.995689,1.04219,1.25159,0.832456,0.847628,0.917993,0.0242375,0.782982,0.79636,0.823449,0.854573,0.995689,1.04219,1.25159,-9999,-9999
200306,7.66,1.0,3.582,2.703,1.0,10.079,4.358,1.0,8.547,5.578,2.476,10.318,3.655,7.66,1.0,3.582,2.703,1.0,10.079,4.358,1.0,485.147,273.836,1.0,271.918,273.836,1.0,-9999,-9999,254.688,254.688,0.0,286.974,1.0,265.671,286.974,1.0,4.145,1.0,4.788,4.145,1.0,69.334,69.334,0.0,2.681,3.447,1.0,1.759,2.285,0.999306,0.199043216374,0.9875,146.789345682,0.998611111111,524.45577497,0.997222222222,52.31118125,1.0,366.802,1.0,13.272,1.0,39.2,1.0,10.8834,0.0,58.699,1.0,86.4587,0.401308,30.4969,1.0,44.9194,0.294288,1.0,2,17.8667,30.1333,17.8667,30.1333,-1.28124,-1.28124,0.973611,0.973611,0.0397908,0.0397908,0.044444,0.044444,-1.30449,-1.30449,0.984028,0.984028,0.0408244,0.0408244,0.0453718,0.0453718,-1.29267,-1.29267,0.979983,0.979983,0.00610954,0.00610954,-1.34173,-1.31811,-1.31536,-1.30082,-1.28182,-1.27852,-1.25218,-1.34173,-1.31811,-1.31536,-1.30082,-1.28182,-1.27852,-1.25218,0.997222,0.9875,0.986806,0.9875,0.973611,0.983333,0.96875,0.997222,0.9875,0.986806,0.9875,0.973611,0.983333,0.96875,1.6929,1.6929,0.968652,0.968652,1.0,1.0,0.0645394,0.0635969,0.0768149,0.0760248,-2.96143,-2.96143,3.26211,3.26211,0.95794,0.95794,0.0491509,0.0487962,0.0525827,0.0522513,1.67974,1.67974,1.01697,1.01697,1.0,1.0,0.0649958,0.0649958,0.0771987,0.0771987,-2.98793,-2.98793,3.26401,3.26401,0.97454,0.97454,0.0494156,0.0494156,0.0528303,0.0528303,1.58822,1.64251,1.65302,1.68838,1.71188,1.72582,1.75007,1.58822,1.64251,1.65302,1.68838,1.71188,1.72582,1.75007,0.984858,0.984858,1.0,0.998039,1.0,1.0,0.994336,0.984858,0.984858,1.0,0.998039,1.0,1.0,0.994336,-3.01812,-2.99454,-2.99251,-2.98809,-2.96143,-2.95717,-2.92738,-3.01812,-2.99454,-2.99251,-2.98809,-2.96143,-2.95717,-2.92738,0.995663,0.979025,0.99233,0.97454,0.95794,0.955605,0.9589,0.995663,0.979025,0.99233,0.97454,0.95794,0.955605,0.9589,2.32276,2.25808,2.30071,0.00883188,2.22311,2.24392,2.25487,2.29456,2.32301,2.35151,2.38503,2.29456,2.25808,2.30071,0.00883188,2.22311,2.24392,2.25487,2.29456,2.32301,2.35151,2.38503,3.61396,3.56257,3.59338,0.00617746,3.54316,3.54678,3.56027,3.59032,3.60867,3.61964,3.6645,3.60867,3.56257,3.59338,0.00617746,3.54316,3.54678,3.56027,3.59032,3.60867,3.61964,3.6645,2.85058,2.80022,2.83243,0.028414,2.57453,2.60255,2.73564,2.82732,2.9008,2.9867,3.17363,2.7809,2.80022,2.83243,0.028414,2.57453,2.60255,2.73564,2.82732,2.9008,2.9867,3.17363,4.02952,4.00046,4.02771,0.0142124,3.9189,3.95921,3.97594,4.00958,4.02952,4.09105,4.24643,3.97594,4.00046,4.02771,0.0142124,3.9189,3.95921,3.97594,4.00958,4.02952,4.09105,4.24643,-9999,-9999
200307,9.21,1.0,5.8,2.158,1.0,11.333,3.626,1.0,10.816,8.061,2.44,12.533,3.26,9.21,1.0,5.8,2.158,1.0,11.333,3.626,1.0,474.288,222.298,1.0,236.552,222.298,1.0,-9999,-9999,279.458,279.458,0.0,314.173,1.0,292.067,314.173,1.0,3.14,1.0,3.998,3.14,1.0,69.338,69.338,0.0,5.265,3.948,1.0,1.579,1.747,0.999328,0.165844819159,0.987231182796,128.818799731,1.0,431.222633508,0.999327956989,43.0097997312,1.0,382.281,0.997984,15.279,1.0,42.1,1.0,5.8515,0.795699,62.4654,0.997984,92.0063,0.421424,20.4747,1.0,30.1575,0.220922,0.629704,1,18.4516,29.5484,18.4516,29.5484,-1.85271,-1.85271,0.990591,0.990591,0.0512275,0.0512275,0.112442,0.112442,-1.88367,-1.88367,0.990591,0.990591,0.0533329,0.0533329,0.113416,0.113416,-1.84373,-1.84373,0.98041,0.98041,0.0172905,0.0172905,-1.94964,-1.93144,-1.92076,-1.88342,-1.815,-1.73125,-1.67355,-1.94964,-1.93144,-1.92076,-1.88342,-1.815,-1.73125,-1.67355,0.99664,0.991263,0.991263,0.992608,0.954973,0.961022,0.94422,0.99664,0.991263,0.991263,0.992608,0.954973,0.961022,0.94422,3.01316,3.01316,1.07578,1.07578,0.996416,0.996416,0.0883155,0.0855448,0.118927,0.116884,-4.78556,-4.78556,5.22695,5.22695,0.987097,0.987097,0.062487,0.0613936,0.134505,0.134,2.97528,2.97528,1.11965,1.11965,1.0,1.0,0.0891859,0.0891859,0.119575,0.119575,-4.80993,-4.80993,5.26436,5.26436,0.984909,0.984909,0.0621971,0.0621971,0.13437,0.13437,2.8652,2.92915,2.93848,2.98231,3.02984,3.08844,3.16398,2.8652,2.92915,2.93848,2.98231,3.02984,3.08844,3.16398,0.930296,0.932088,1.0,1.0,0.996416,0.94086,0.936427,0.930296,0.932088,1.0,1.0,0.996416,0.94086,0.936427,-4.87613,-4.8698,-4.85388,-4.81155,-4.69871,-4.63158,-4.59758,-4.87613,-4.8698,-4.85388,-4.81155,-4.69871,-4.63158,-4.59758,0.988172,0.987097,0.986022,0.984909,0.977345,0.969707,0.948869,0.988172,0.987097,0.986022,0.984909,0.977345,0.969707,0.948869,3.68805,3.69536,3.81263,0.024086,3.65223,3.69536,3.71741,3.73636,3.88098,3.96578,4.05089,3.79407,3.69536,3.81263,0.024086,3.65223,3.69536,3.71741,3.73636,3.88098,3.96578,4.05089,5.58267,5.57903,5.65636,0.0100766,5.55597,5.58857,5.61223,5.63626,5.68949,5.72445,5.78129,5.63237,5.57903,5.65636,0.0100766,5.55597,5.58857,5.61223,5.63626,5.68949,5.72445,5.78129,5.04751,5.26725,4.99151,0.0426843,4.4672,4.68152,4.79668,5.02265,5.13953,5.27932,5.3399,4.89678,5.26725,4.99151,0.0426843,4.4672,4.68152,4.79668,5.02265,5.13953,5.27932,5.3399,6.62523,6.68408,6.51769,0.024809,6.19739,6.33971,6.40238,6.53263,6.62523,6.68408,6.70972,6.44959,6.68408,6.51769,0.024809,6.19739,6.33971,6.40238,6.53263,6.62523,6.68408,6.70972,-9999,-9999
200308,9.968,1.0,7.023,1.975,1.0,12.101,3.539,1.0,10.592,8.209,2.081,12.319,3.105,9.968,1.0,7.023,1.975,1.0,12.101,3.539,1.0,432.469,216.969,1.0,207.276,216.969,1.0,-9999,-9999,297.873,297.873,0.0,323.065,1.0,311.689,323.065,1.0,3.004,1.0,3.499,3.004,1.0,69.482,69.482,0.0,2.857,5.6,1.0,1.586,1.825,1.0,0.217397696725,0.983870967742,127.404981941,0.999327956989,420.333086622,0.999327956989,42.6436075269,1.0,385.873,0.993952,15.724,1.0,46.7,1.0,3.16524,1.0,61.5691,0.99328,89.5212,0.429191,23.906,0.999328,34.7592,0.276114,0.992608,1,20.1935,27.8065,20.1935,27.8065,-1.84926,-1.84926,0.983199,0.983199,0.054671,0.054671,0.143219,0.143219,-1.84964,-1.84964,0.985215,0.985215,0.054526,0.054526,0.143163,0.143163,-1.80337,-1.80337,0.982476,0.982476,0.0214512,0.0214512,-1.92195,-1.91332,-1.90351,-1.8615,-1.7736,-1.64858,-1.52276,-1.92195,-1.91332,-1.90351,-1.8615,-1.7736,-1.64858,-1.52276,0.986559,0.991263,0.986559,0.989247,0.981183,0.973118,0.965054,0.986559,0.991263,0.986559,0.989247,0.981183,0.973118,0.965054,3.77364,3.77364,1.24558,1.24558,0.989975,0.989975,0.0874922,0.0877975,0.174368,0.174521,-5.8098,-5.8098,6.23475,6.23475,0.977718,0.977718,0.0651039,0.065128,0.124116,0.124129,3.78486,3.78486,1.31669,1.31669,0.991511,0.991511,0.0871358,0.0871358,0.174189,0.174189,-5.81649,-5.81649,6.22453,6.22453,0.98015,0.98015,0.0649813,0.0649813,0.124052,0.124052,3.67291,3.70139,3.70489,3.77989,3.81745,4.00304,4.17633,3.67291,3.70139,3.70489,3.77989,3.81745,4.00304,4.17633,0.991511,0.991511,0.993209,0.991511,0.989975,0.991511,0.980613,0.991511,0.991511,0.993209,0.991511,0.989975,0.991511,0.980613,-5.86365,-5.85384,-5.85159,-5.82111,-5.71205,-5.6425,-5.5215,-5.86365,-5.85384,-5.85159,-5.82111,-5.71205,-5.6425,-5.5215,0.989623,0.983691,0.987233,0.98015,0.974216,0.959386,0.952462,0.989623,0.983691,0.987233,0.98015,0.974216,0.959386,0.952462,4.60566,4.64185,4.67572,0.0233799,4.49329,4.54973,4.56958,4.62402,4.72703,4.81429,4.9971,4.67814,4.64185,4.67572,0.0233799,4.49329,4.54973,4.56958,4.62402,4.72703,4.81429,4.9971,6.47818,6.49148,6.47909,0.00664321,6.38622,6.45174,6.46278,6.47689,6.49132,6.49974,6.53868,6.4712,6.49148,6.47909,0.00664321,6.38622,6.45174,6.46278,6.47689,6.49132,6.49974,6.53868,5.18185,5.01043,5.14176,0.0227255,4.93309,4.99423,5.02119,5.13077,5.23604,5.30176,5.33222,5.06564,5.01043,5.14176,0.0227255,4.93309,4.99423,5.02119,5.13077,5.23604,5.30176,5.33222,6.90949,6.91698,6.94649,0.0189931,6.77474,6.79988,6.86127,6.9208,7.02552,7.07722,7.1291,6.91918,6.91698,6.94649,0.0189931,6.77474,6.79988,6.86127,6.9208,7.02552,7.07722,7.1291,-9999,-9999
200309,5.94,1.0,2.273,2.469,1.0,9.096,4.459,1.0,6.165,3.616,2.373,8.352,3.74,5.94,1.0,2.273,2.469,1.0,9.096,4.459,1.0,366.101,206.935,1.0,194.346,206.935,1.0,-9999,-9999,268.66,268.66,0.0,283.072,1.0,280.561,283.072,1.0,2.993,1.0,2.968,2.993,1.0,69.589,69.589,0.000694444,2.41,3.34,1.0,1.705,1.782,0.999306,0.203276268523,0.983333333333,112.521398173,0.997916666667,390.552127824,0.997916666667,38.7064479167,1.0,379.281,0.999306,11.621,1.0,46.5,1.0,-1.1793,1.0,49.4265,0.999306,74.2403,0.342671,27.0967,1.0,40.7002,0.298963,0.997222,1,22.3333,25.6667,22.3333,25.6667,-1.12721,-1.12721,0.985417,0.985417,0.045319,0.045319,0.109371,0.109371,-1.11181,-1.11181,0.9875,0.9875,0.0446003,0.0446003,0.109075,0.109075,-1.09253,-1.09253,0.984149,0.984149,0.0218464,0.0218464,-1.22479,-1.20695,-1.16061,-1.1312,-1.08567,-1.00787,-0.793984,-1.22479,-1.20695,-1.16061,-1.1312,-1.08567,-1.00787,-0.793984,0.992361,0.99375,0.990278,0.982639,0.981944,0.981944,0.952778,0.992361,0.99375,0.990278,0.982639,0.981944,0.981944,0.952778,2.3499,2.3499,0.995279,0.995279,0.992208,0.992208,0.0672292,0.0676621,0.190806,0.190959,-4.02562,-4.02562,4.28913,4.28913,0.979267,0.979267,0.055962,0.056068,0.0688376,0.0689238,2.32919,2.32919,1.09399,1.09399,0.993795,0.993795,0.0664764,0.0664764,0.190542,0.190542,-3.97978,-3.97978,4.31922,4.31922,0.981934,0.981934,0.0558077,0.0558077,0.0687122,0.0687122,2.10116,2.13244,2.23824,2.32141,2.40391,2.48958,2.80835,2.10116,2.13244,2.23824,2.32141,2.40391,2.48958,2.80835,1.0,1.0,1.0,0.993795,0.993723,0.990548,0.940072,1.0,1.0,1.0,0.993795,0.993723,0.990548,0.940072,-4.03974,-4.01289,-4.00775,-3.99259,-3.97978,-3.93272,-3.82492,-4.03974,-4.01289,-4.00775,-3.99259,-3.97978,-3.93272,-3.82492,0.975362,0.981835,0.981886,0.9806,0.981934,0.974226,0.962672,0.975362,0.981835,0.981886,0.9806,0.981934,0.974226,0.962672,2.78849,2.76247,2.8175,0.0219189,2.68935,2.71442,2.74068,2.77028,2.82154,2.8819,3.13571,2.82154,2.76247,2.8175,0.0219189,2.68935,2.71442,2.74068,2.77028,2.82154,2.8819,3.13571,3.90607,3.87428,3.91003,0.00423782,3.87428,3.88622,3.8949,3.90721,3.91757,3.9297,3.96499,3.91937,3.87428,3.91003,0.00423782,3.87428,3.88622,3.8949,3.90721,3.91757,3.9297,3.96499,2.75281,2.75039,2.69506,0.0222801,2.40333,2.53147,2.58394,2.72879,2.78108,2.84112,2.86896,2.77176,2.75039,2.69506,0.0222801,2.40333,2.53147,2.58394,2.72879,2.78108,2.84112,2.86896,4.04726,4.10609,4.06468,0.0128365,3.92489,3.95258,3.99691,4.07904,4.12567,4.14091,4.18066,4.13492,4.10609,4.06468,0.0128365,3.92489,3.95258,3.99691,4.07904,4.12567,4.14091,4.18066,-9999,-9999
200310,0.695,0.991263,-2.773,2.575,1.0,4.504,4.825,0.982527,-0.96,-3.367,2.336,1.652,3.615,0.677,0.991263,-2.773,2.575,1.0,4.466,4.821,0.982527,286.3,172.179,0.991935,156.722,172.438,0.991935,-9999,-9999,234.875,234.875,0.0,242.159,0.991263,244.56,241.875,0.991263,2.728,0.991263,2.033,2.716,0.991263,69.622,69.624,0.0423387,1.115,0.6,0.974462,1.683,1.896,0.973118,0.196623741861,0.939516129032,73.2667919793,0.960349462366,317.748895299,0.959005376344,32.2512170687,0.961021505376,373.934,0.991263,5.67,0.991263,43.6,0.991263,-4.24841,0.991263,22.2161,0.991263,31.147,0.245153,32.6615,0.991263,45.7916,0.300122,0.97379,1,24.8065,23.1935,24.8065,23.1935,0.320602,0.320602,0.969086,0.969086,0.0228794,0.0228794,0.0324549,0.0324549,0.317643,0.317643,0.971102,0.971102,0.023968,0.023968,0.0332313,0.0332313,0.333593,0.333593,0.963945,0.963945,0.00466706,0.00466706,0.306385,0.31094,0.315711,0.321259,0.336548,0.356977,0.399531,0.306385,0.31094,0.315711,0.321259,0.336548,0.356977,0.399531,0.972446,0.971774,0.979839,0.972446,0.951613,0.944892,0.945565,0.972446,0.971774,0.979839,0.972446,0.951613,0.944892,0.945565,1.21981,1.21981,0.578614,0.578614,0.998656,0.998656,0.0316561,0.0316262,0.0531249,0.0531071,-0.611584,-0.611584,1.39132,1.39132,0.93695,0.93695,0.0325456,0.0325381,0.0340309,0.0340237,1.22083,1.22083,0.642469,0.642469,0.998656,0.998656,0.0326087,0.0326087,0.0536979,0.0536979,-0.617036,-0.617036,1.39225,1.39225,0.941349,0.941349,0.032687,0.032687,0.0341662,0.0341662,1.18174,1.19418,1.20301,1.22072,1.2496,1.27951,1.35518,1.18174,1.19418,1.20301,1.22072,1.2496,1.27951,1.35518,1.0,0.998656,0.998656,0.998656,0.972395,0.971154,0.962469,1.0,0.998656,0.998656,0.998656,0.972395,0.971154,0.962469,-0.617923,-0.614408,-0.612686,-0.61033,-0.603123,-0.59452,-0.587734,-0.617923,-0.614408,-0.612686,-0.61033,-0.603123,-0.59452,-0.587734,0.941349,0.93695,0.928397,0.926931,0.925587,0.923387,0.965665,0.941349,0.93695,0.928397,0.926931,0.925587,0.923387,0.965665,1.49814,1.48028,1.47284,0.00320216,1.426,1.44673,1.45868,1.4783,1.48258,1.48683,1.4995,1.4902,1.48028,1.47284,0.00320216,1.426,1.44673,1.45868,1.4783,1.48258,1.48683,1.4995,1.17262,1.16263,1.13925,0.00728581,1.00456,1.08248,1.13598,1.15704,1.16417,1.16745,1.17588,1.16985,1.16263,1.13925,0.00728581,1.00456,1.08248,1.13598,1.15704,1.16417,1.16745,1.17588,1.16756,1.13476,1.10256,0.0150396,0.978829,1.0049,1.02065,1.09516,1.15762,1.18493,1.20567,1.19969,1.13476,1.10256,0.0150396,0.978829,1.0049,1.02065,1.09516,1.15762,1.18493,1.20567,0.993469,1.02699,1.00283,0.00766768,0.92135,0.937189,0.97704,1.00165,1.03525,1.04847,1.06609,1.04847,1.02699,1.00283,0.00766768,0.92135,0.937189,0.97704,1.00165,1.03525,1.04847,1.06609,-9999,-9999
200311,-6.533,0.984722,-9.847,3.224,1.0,-2.282,5.009,0.966667,-7.543,-9.926,2.73,-4.476,3.703,-6.649,0.984722,-9.847,3.224,1.0,-2.536,4.903,0.966667,215.248,147.748,0.984722,133.945,144.89,0.984722,-9999,-9999,192.873,192.873,0.0,195.839,0.983333,199.802,196.375,0.983333,1.833,0.984722,1.861,1.781,0.984722,69.209,69.209,0.00208333,0.173,0.257,0.973611,1.767,1.77,0.971528,0.161614224138,0.966666666667,36.4247001227,0.963888888889,261.305058312,0.965277777778,36.2150237069,0.966666666667,372.077,0.984722,-0.204,0.984722,27.7,0.984722,-11.3204,0.984722,8.28254,0.984722,12.4676,0.16229,24.2201,0.984722,36.4582,0.362906,0.970833,1,26.9667,21.0333,26.9667,21.0333,0.174764,0.174764,0.974306,0.974306,0.0127267,0.0127267,0.0291786,0.0291786,0.173935,0.173935,0.974306,0.974306,0.0127894,0.0127894,0.029206,0.029206,0.17697,0.17697,0.97349,0.97349,0.00367781,0.00367781,0.151463,0.153615,0.158019,0.170499,0.183371,0.206129,0.225133,0.151463,0.153615,0.158019,0.170499,0.183371,0.206129,0.225133,0.983333,0.984028,0.980556,0.975,0.967361,0.925694,0.964583,0.983333,0.984028,0.980556,0.975,0.967361,0.925694,0.964583,0.226368,0.226368,0.307648,0.307648,1.0,1.0,0.0165177,0.0165202,0.0238418,0.0238435,0.093424,0.093424,0.473225,0.473225,0.942424,0.942424,0.0183912,0.0183429,0.037399,0.0373753,0.23152,0.23152,0.328694,0.328694,1.0,1.0,0.0165951,0.0165951,0.0238955,0.0238955,0.085564,0.085564,0.480869,0.480869,0.942576,0.942576,0.0183946,0.0183946,0.0374007,0.0374007,0.196949,0.199583,0.202352,0.222314,0.230083,0.233969,0.248508,0.196949,0.199583,0.202352,0.222314,0.230083,0.233969,0.248508,1.0,1.0,1.0,1.0,0.948352,1.0,0.99881,1.0,1.0,1.0,1.0,0.948352,1.0,0.99881,0.0780248,0.0791699,0.0832763,0.0859989,0.120807,0.144299,0.19009,0.0780248,0.0791699,0.0832763,0.0859989,0.120807,0.144299,0.19009,0.963485,0.963636,0.957121,0.942576,0.926515,0.924848,0.937424,0.963485,0.963636,0.957121,0.942576,0.926515,0.924848,0.937424,0.275359,0.278394,0.282327,0.00258531,0.259988,0.26861,0.274293,0.278394,0.285006,0.295472,0.315356,0.269958,0.278394,0.282327,0.00258531,0.259988,0.26861,0.274293,0.278394,0.285006,0.295472,0.315356,0.0989503,0.104459,0.105356,0.0033983,0.0625882,0.0796814,0.0861906,0.105657,0.122666,0.12771,0.133387,0.117535,0.104459,0.105356,0.0033983,0.0625882,0.0796814,0.0861906,0.105657,0.122666,0.12771,0.133387,0.390595,0.407437,0.415991,0.00904344,0.321811,0.379217,0.391678,0.400955,0.416458,0.461735,0.566595,0.321811,0.407437,0.415991,0.00904344,0.321811,0.379217,0.391678,0.400955,0.416458,0.461735,0.566595,0.197233,0.216231,0.208765,0.0029595,0.174961,0.192335,0.203048,0.210978,0.214549,0.218428,0.239109,0.174961,0.216231,0.208765,0.0029595,0.174961,0.192335,0.203048,0.210978,0.214549,0.218428,0.239109,-9999,-9999
200312,-12.754,1.0,-16.319,3.208,1.0,-7.623,5.704,1.0,-13.673,-16.034,3.524,-10.277,4.165,-12.754,1.0,-16.319,3.208,1.0,-7.623,5.704,1.0,180.237,130.723,0.991263,116.477,130.782,0.991263,-9999,-9999,162.14,162.14,0.0,161.594,0.991263,167.053,161.548,0.991263,1.314,1.0,1.411,1.314,1.0,69.187,69.187,0.0,0.049,0.006,0.999328,1.636,1.626,0.997984,0.138357626973,0.999327956989,20.9201231287,0.987903225806,227.1586408,0.997983870968,31.0297386182,0.999327956989,373.542,1.0,-4.591,1.0,15.6,1.0,-15.0047,1.0,4.47473,1.0,6.11403,0.0907971,23.6096,1.0,32.2589,0.308194,0.987903,1,28.3226,19.6774,28.3226,19.6774,-0.0691823,-0.0687899,0.978495,0.978495,0.0115115,0.011473,0.0311338,0.0299279,-0.0611863,-0.0611768,0.983871,0.983871,0.0117276,0.0117073,0.0312143,0.0300185,-0.0563536,-0.0581053,0.97705,0.976848,0.0040569,0.00355829,-0.0865683,-0.0828856,-0.074678,-0.0671826,-0.0377629,-0.0250307,-0.0134475,-0.0865683,-0.0829716,-0.0743175,-0.0668553,-0.037585,-0.0276888,-0.0191473,0.99664,0.99664,0.995968,0.989247,0.979167,0.964382,0.946237,0.99664,0.99664,0.99664,0.977823,0.979167,0.96371,0.962366,0.053049,0.0532387,0.240079,0.239929,0.997696,0.997696,0.013469,0.0133857,0.019067,0.0195326,-0.241153,-0.240555,0.489413,0.491119,0.951358,0.951273,0.0192154,0.0191354,0.0558976,0.0550441,0.0683218,0.0683192,0.260837,0.26082,1.0,1.0,0.0136637,0.0136288,0.019205,0.0196999,-0.244022,-0.24399,0.499553,0.499346,0.961121,0.961121,0.0193182,0.0193014,0.0559331,0.0551021,0.0414261,0.0475606,0.0505495,0.0594959,0.0708805,0.0745521,0.0829387,0.0326266,0.0446226,0.0480552,0.0577851,0.0670173,0.0730721,0.079151,1.0,1.0,0.932465,1.0,0.988598,1.0,0.980613,1.0,1.0,1.0,1.0,1.0,0.988598,0.982838,-0.265744,-0.263436,-0.251329,-0.243057,-0.202055,-0.158454,-0.131311,-0.265744,-0.263423,-0.251349,-0.242817,-0.203254,-0.160201,-0.135744,0.991766,0.993463,0.988625,0.964346,0.94966,0.938031,0.920458,0.991766,0.993463,0.988625,0.964346,0.949576,0.932937,0.912054,0.0594774,0.062972,0.0560766,0.00139225,0.0367146,0.0439784,0.0529245,0.0594368,0.0621697,0.0623968,0.0643938,0.0407288,0.062972,0.0560766,0.00139225,0.0367146,0.0439784,0.0529245,0.0594368,0.0621697,0.0623968,0.0643938,0.12319,0.124149,0.114163,0.00458548,0.0580672,0.0738438,0.0824951,0.124226,0.131557,0.14037,0.145546,0.124159,0.124158,0.11243,0.00502377,0.0528341,0.067291,0.0761045,0.124332,0.132068,0.140284,0.14561,0.122287,0.127347,0.124283,0.00407369,0.100665,0.104749,0.10835,0.115148,0.126921,0.136653,0.194975,0.116552,0.127347,0.124283,0.00407369,0.100665,0.104749,0.10835,0.115148,0.126921,0.136653,0.194975,0.171184,0.203283,0.186248,0.00266684,0.15783,0.168531,0.17346,0.186257,0.19354,0.198151,0.21917,0.185834,0.203283,0.186248,0.00266684,0.15783,0.168531,0.17346,0.186257,0.19354,0.198151,0.21917,-9999,-9999
200401,-15.205,1.0,-18.791,3.994,1.0,-10.291,5.937,1.0,-15.595,-18.279,3.622,-11.918,4.279,-15.205,1.0,-18.791,3.994,1.0,-10.291,5.937,1.0,197.189,146.692,0.993952,130.297,146.555,0.993952,-9999,-9999,159.058,159.058,0.0,151.828,0.993952,163.769,151.898,0.993952,1.036,1.0,1.191,1.036,1.0,68.793,68.793,0.0,0.094,0.161,1.0,1.699,1.731,0.998656,0.138208333333,1.0,31.4201424731,0.998655913978,257.209713417,0.998655913978,40.7945759409,1.0,375.27,1.0,-6.019,1.0,15.1,1.0,-16.1334,1.0,5.52073,1.0,9.64081,0.0884794,21.9696,1.0,38.3654,0.369821,0.998656,1,27.7097,20.2903,27.7097,20.2903,-0.156489,-0.145871,0.981855,0.991263,0.0124121,0.0122372,0.0151367,0.0148328,-0.14836,-0.142009,0.989919,0.992608,0.0123208,0.0124983,0.0150618,0.015049,-0.145702,-0.146437,0.977251,0.990155,0.00257997,0.00106891,-0.165311,-0.15774,-0.156489,-0.144733,-0.141634,-0.140413,-0.125924,-0.159493,-0.157831,-0.14988,-0.14366,-0.141613,-0.141066,-0.139644,0.928763,0.986559,0.981855,0.993952,0.991935,0.99664,0.917339,0.981855,0.984543,0.987903,0.99664,0.991935,0.991935,0.991935,-0.0843261,-0.0623257,0.320916,0.326807,1.0,1.0,0.0156572,0.0153204,0.0345412,0.0223564,-0.242816,-0.248292,0.474428,0.489324,0.956759,0.979109,0.0183912,0.0184381,0.0376856,0.0203641,-0.0672026,-0.0567631,0.325893,0.340927,1.0,1.0,0.0155324,0.0155003,0.0344848,0.0224801,-0.24743,-0.247244,0.484047,0.504608,0.975883,0.982335,0.0184103,0.0190709,0.0376949,0.0209388,-0.148124,-0.113973,-0.0969605,-0.0672026,-0.0547964,-0.0523954,-0.0506152,-0.0947597,-0.0837956,-0.07112,-0.0567631,-0.0527282,-0.0512321,-0.0480432,0.917947,0.963091,0.957288,1.0,1.0,1.0,1.0,0.983871,1.0,1.0,1.0,1.0,1.0,1.0,-0.259031,-0.258378,-0.251466,-0.247743,-0.224682,-0.192592,-0.122877,-0.259774,-0.258348,-0.257104,-0.248292,-0.245495,-0.241059,-0.237887,0.991935,0.991935,0.968049,0.980722,0.94262,0.947305,0.952521,0.990323,0.991935,0.991935,0.979109,0.971275,0.980722,0.96321,0.00934838,0.00920528,0.00860969,0.000231634,0.00599051,0.00673676,0.00815151,0.00854433,0.00934838,0.0100585,0.0104469,0.00640143,0.00842711,0.00844559,0.000401979,0.00431699,0.00601595,0.00655755,0.00837498,0.00934838,0.0101328,0.0110586,0.148992,0.151214,0.155116,0.00103248,0.148949,0.149167,0.150354,0.151809,0.157636,0.16467,0.167216,0.150541,0.156787,0.154148,0.0022912,0.108621,0.148796,0.150541,0.153761,0.161217,0.166038,0.172133,0.156576,0.160978,0.159984,0.00226433,0.134008,0.145625,0.154528,0.159544,0.162604,0.181041,0.183872,0.13586,0.159434,0.150299,0.00336132,0.105764,0.127003,0.13586,0.156567,0.160978,0.162604,0.184684,0.183446,0.182071,0.186954,0.00211267,0.16184,0.178245,0.182071,0.185295,0.190076,0.207881,0.209131,0.169513,0.183446,0.177197,0.00299695,0.149467,0.152266,0.156883,0.182071,0.186031,0.190076,0.2092,-9999,-9999
200402,-12.962,0.929598,-17.047,3.422,1.0,-8.258,5.753,0.846395,-12.436,-15.447,3.523,-8.977,4.828,-12.865,0.929598,-17.047,3.422,1.0,-8.045,5.894,0.846395,258.077,168.283,0.931034,177.934,173.739,0.931034,-9999,-9999,165.987,165.987,0.0,165.905,0.924569,171.152,165.109,0.924569,1.441,0.929598,1.732,1.522,0.929598,68.917,68.918,0.00574713,0.306,0.234,0.836925,2.203,1.969,0.836925,0.155901041667,0.82183908046,52.174715625,0.819683908046,306.929052257,0.82183908046,42.4327133681,0.82183908046,370.164,0.929598,-5.114,0.929598,15.3,0.929598,-9.05532,0.929598,6.36013,0.929598,10.22,0.101547,31.6215,0.929598,50.8123,0.399093,0.83477,1,25.6552,22.3448,25.6552,22.3448,-0.136848,-0.126199,0.918103,0.923132,0.0112411,0.0113014,0.0149278,0.0118656,-0.123022,-0.125857,0.91954,0.921695,0.011474,0.0113758,0.015104,0.0119365,-0.120922,-0.126584,0.914835,0.921965,0.00196972,0.000988441,-0.134188,-0.131573,-0.129631,-0.125111,-0.115519,-0.111928,-0.0975122,-0.136848,-0.131164,-0.130495,-0.126828,-0.124176,-0.123933,-0.122362,0.926724,0.924569,0.923132,0.923132,0.89727,0.915948,0.908764,0.918103,0.926724,0.924569,0.920977,0.922414,0.922414,0.920259,-0.039437,-0.0177885,0.218095,0.230798,0.998621,0.998621,0.0142666,0.0138389,0.0235873,0.0149572,-0.239465,-0.242534,0.569668,0.587639,0.823344,0.833924,0.0173969,0.0171747,0.0401597,0.020431,-0.0165457,-0.0130262,0.230963,0.234972,0.998621,0.998621,0.0141207,0.0139036,0.0234994,0.0150171,-0.237372,-0.247518,0.594317,0.588138,0.826348,0.830789,0.017358,0.0173119,0.0401428,0.0205465,-0.07339,-0.0465165,-0.0364641,-0.0165457,-0.0104956,-0.00894923,-0.0049599,-0.039437,-0.0210475,-0.0174529,-0.0136415,-0.0101536,-0.009698,-0.0049599,0.969072,0.977082,0.998621,0.998621,1.0,1.0,1.0,0.998621,0.998621,0.998621,1.0,1.0,1.0,1.0,-0.262668,-0.259392,-0.250374,-0.239559,-0.205551,-0.187,-0.142427,-0.262609,-0.259503,-0.258339,-0.24696,-0.239559,-0.237372,-0.234094,0.832357,0.835491,0.833924,0.829352,0.8029,0.802905,0.799771,0.832357,0.837059,0.835491,0.830789,0.829352,0.826348,0.827916,0.0672466,0.0587247,0.0584699,0.000804737,0.0504649,0.0526014,0.0556685,0.0586772,0.0598468,0.0621698,0.0672466,0.0606807,0.0593484,0.0602282,0.000939821,0.0494694,0.0526639,0.0575151,0.0591934,0.0631187,0.0672466,0.0706791,0.194389,0.184582,0.185061,0.00114727,0.165525,0.181683,0.182638,0.184582,0.188272,0.190998,0.195937,0.189483,0.182371,0.18115,0.00187783,0.153417,0.169507,0.174494,0.183159,0.188081,0.191576,0.195937,0.120494,0.127359,0.125235,0.0022338,0.107293,0.115975,0.120819,0.124382,0.126451,0.127359,0.138949,0.120819,0.123201,0.128743,0.00270296,0.107293,0.115085,0.120819,0.125382,0.127431,0.138949,0.165617,0.188403,0.194808,0.19019,0.00139869,0.174727,0.183393,0.18531,0.189845,0.192551,0.19324,0.209315,0.186534,0.188403,0.185221,0.00227743,0.155541,0.174727,0.176955,0.186554,0.192063,0.192727,0.208837,-9999,-9999
200403,-9999,-9999,-9999,-9999,-9999,-9999,-9999,-9999,-5.198,-8.26,2.148,-2.27,3.839,-6.738,0.440188,-10.608,2.329,0.469086,-3.003,4.51,0.41129,339.092,198.289,0.950269,217.691,197.863,0.950269,-9999,-9999,205.528,205.528,0.0,-9999,-9999,213.287,203.895,0.435484,-9999,-9999,2.487,2.187,0.440188,69.037,69.042,0.016129,1.081,0.559,0.90121,2.492,2.542,0.899194,0.208506747121,0.95564516129,79.0692514818,0.858198924731,365.733491061,0.856182795699,46.853247959,0.859543010753,359.496,0.949597,-0.14,0.950941,29.5,0.950941,4.9861,0.950941,14.1129,0.949597,22.8933,0.316628,30.2381,0.983871,49.0509,0.556632,0.898522,1,23.4194,24.5806,16.5484,16.7419,0.334478,0.320529,0.943548,0.94422,0.0105119,0.010456,0.0243986,0.0161904,0.327532,0.312987,0.944892,0.94422,0.010582,0.0112269,0.0244289,0.0166986,0.326343,0.315362,0.944052,0.944825,0.00327195,0.00201721,0.291704,0.305304,0.312987,0.323553,0.340323,0.34934,0.361177,0.291704,0.302288,0.308557,0.31314,0.323961,0.327011,0.335478,0.948925,0.946237,0.94422,0.94422,0.942204,0.942204,0.942876,0.948925,0.946237,0.944892,0.94422,0.94422,0.94422,0.943548,0.289454,0.287017,0.352699,0.384604,1.0,1.0,0.0147206,0.0145276,0.0222101,0.0217823,0.351707,0.327364,0.639718,0.662853,0.889785,0.891129,0.0142009,0.013972,0.0342421,0.0159704,0.29369,0.28019,0.375142,0.411259,1.0,1.0,0.0147048,0.0155897,0.0221996,0.0225045,0.33451,0.319682,0.660569,0.666381,0.892473,0.891129,0.014138,0.015013,0.0342161,0.0168886,0.250048,0.259895,0.27222,0.281367,0.289568,0.293157,0.296045,0.250048,0.257675,0.26877,0.279652,0.287207,0.290135,0.294311,1.0,1.0,1.0,1.0,1.0,1.0,1.0,1.0,1.0,1.0,1.0,1.0,1.0,1.0,0.307612,0.319682,0.320995,0.331052,0.362729,0.382,0.414134,0.307612,0.31816,0.319682,0.323828,0.332961,0.333631,0.351707,0.900538,0.891129,0.895161,0.891129,0.888441,0.887151,0.887258,0.900538,0.895161,0.891129,0.891129,0.891129,0.891129,0.889785,0.138678,0.191448,0.163153,0.00468749,0.117898,0.122398,0.138678,0.165787,0.191448,0.201275,0.203208,0.149321,0.119832,0.153411,0.00544708,0.117022,0.122398,0.130905,0.150518,0.172078,0.191448,0.202914,-0.175862,-0.121539,-0.152201,0.00612042,-0.2077,-0.202741,-0.186199,-0.147894,-0.121098,-0.108011,-0.10239,-0.185827,-0.2077,-0.172932,0.0076958,-0.223301,-0.215935,-0.21044,-0.18396,-0.124245,-0.117085,-0.107302,0.578399,0.669233,0.629674,0.00797343,0.565702,0.577718,0.579315,0.629008,0.669233,0.681174,0.692737,0.651093,0.633213,0.643097,0.00872001,0.565702,0.57928,0.590378,0.631344,0.681174,0.686858,0.717351,0.212239,0.257781,0.224011,0.00513425,0.194522,0.196113,0.201291,0.208018,0.255799,0.257781,0.265651,0.246652,0.212239,0.228339,0.00512543,0.194177,0.196213,0.20182,0.211256,0.255799,0.25927,0.269231,-9999,-9999
200404,-9999,-9999,-9999,-9999,-9999,-9999,-9999,-9999,0.624,-3.161,2.921,3.579,4.517,0.624,0.0,-3.161,2.921,0.0,3.579,4.517,0.0,414.314,279.825,0.995833,266.454,278.917,0.995833,-9999,-9999,211.554,211.554,0.0,-9999,-9999,219.708,219.708,0.0,-9999,-9999,4.135,4.135,0.0,69.284,69.284,0.0,0.885,0.853,0.996528,2.18,2.55,0.995139,0.188254596082,0.896527777778,111.345175727,0.996527777778,518.617809422,0.988194444444,80.2403748547,0.996527777778,326.339,0.997917,5.167,1.0,50.1,1.0,10.2718,1.0,29.2985,0.997917,39.6502,-9999,44.9059,1.0,60.772,-9999,0.994444,1,21.0333,26.9667,0.0,0.0,0.654504,0.623765,0.995833,0.995833,-9999,-9999,-9999,-9999,0.623969,0.610327,0.995833,0.995833,-9999,-9999,-9999,-9999,0.633867,0.608327,0.994965,0.995747,0.00749035,0.00498786,0.555486,0.582516,0.598588,0.624866,0.667637,0.693846,0.708348,0.555486,0.568774,0.583226,0.610327,0.626348,0.634446,0.654504,0.995833,0.995833,0.995833,0.995833,0.993056,0.993056,0.993056,0.995833,0.995833,0.995833,0.995833,0.995833,0.995833,0.995833,0.708512,0.651063,0.347811,0.449221,1.0,1.0,-9999,-9999,-9999,-9999,0.573384,0.565423,1.03574,1.04577,0.992593,0.992593,-9999,-9999,-9999,-9999,0.649715,0.63134,0.435703,0.479301,1.0,1.0,-9999,-9999,-9999,-9999,0.566453,0.558018,1.04437,1.04667,0.992593,0.992593,-9999,-9999,-9999,-9999,0.590661,0.625433,0.628759,0.654623,0.729789,0.755911,0.764277,0.590661,0.603994,0.62638,0.634234,0.655702,0.671373,0.708512,1.0,1.0,1.0,1.0,1.0,1.0,1.0,1.0,1.0,1.0,1.0,1.0,1.0,1.0,0.496346,0.514976,0.542242,0.565414,0.57924,0.607899,0.623596,0.496346,0.508571,0.515398,0.558018,0.566058,0.567044,0.573384,0.992593,0.992593,0.992593,0.987654,0.987654,0.987654,0.987654,0.992593,0.992593,0.992593,0.992593,0.992593,0.992593,0.992593,0.32324,0.385949,0.337513,0.0118189,0.223389,0.239056,0.265227,0.327037,0.385949,0.435969,0.448471,0.314318,0.227602,0.323881,0.0133476,0.221616,0.239056,0.265227,0.32324,0.385949,0.431891,0.447908,-0.291706,-0.224377,-0.270994,0.0151558,-0.402959,-0.393068,-0.369219,-0.291706,-0.208896,-0.155384,-0.127715,-0.349106,-0.396367,-0.309987,0.0178873,-0.462688,-0.413866,-0.395581,-0.322917,-0.217726,-0.208238,-0.140284,1.29821,1.3067,1.16265,0.0278794,0.833304,0.970707,1.02248,1.1157,1.29821,1.3067,1.36932,1.11018,1.22856,1.19031,0.0350525,0.833304,0.935498,0.991544,1.2046,1.3067,1.45282,1.56565,0.707218,0.743431,0.646918,0.0162409,0.482296,0.509892,0.542928,0.652911,0.729629,0.743431,0.748118,0.667453,0.707218,0.655742,0.0173897,0.482805,0.508541,0.524869,0.667453,0.743352,0.749505,0.826024,-9999,-9999
200405,-9999,-9999,-9999,-9999,-9999,-9999,-9999,-9999,2.801,-0.508,2.904,4.974,3.947,2.801,0.0,-0.508,2.904,0.0,4.974,3.947,0.0,465.131,253.197,1.0,266.202,253.197,1.0,-9999,-9999,231.311,231.311,0.0,-9999,-9999,240.761,240.761,0.0,-9999,-9999,3.694,3.694,0.0,69.34,69.341,0.0047043,2.062,2.2,1.0,2.113,2.633,0.997312,0.217078968356,0.951612903226,117.408288206,0.997983870968,474.165677154,0.989919354839,60.7930551075,1.0,363.117,0.998656,8.159,1.0,52.6,1.0,7.61777,1.0,48.3947,0.998656,65.2241,-9999,33.5253,1.0,45.1838,-9999,0.99664,1,19.0323,28.9677,0.0,0.0,0.00716411,-0.0341049,0.998656,0.998656,-9999,-9999,-9999,-9999,-0.0298155,-0.0205942,0.998656,0.998656,-9999,-9999,-9999,-9999,0.00220176,-0.0263298,0.998656,0.998656,0.00791714,0.0034783,-0.0599328,-0.0432722,-0.0298155,-0.0185021,0.0229944,0.0639822,0.105052,-0.0609768,-0.0551426,-0.0421761,-0.0278183,-0.018323,-0.0125898,0.00770175,0.998656,0.998656,0.998656,0.998656,0.998656,0.998656,0.998656,0.998656,0.998656,0.998656,0.998656,0.998656,0.998656,0.998656,0.934783,0.886643,0.618672,0.734141,1.0,1.0,-9999,-9999,-9999,-9999,-0.601904,-0.636008,1.46957,1.46836,0.997775,0.997775,-9999,-9999,-9999,-9999,0.882345,0.923043,0.695737,0.777504,1.0,1.0,-9999,-9999,-9999,-9999,-0.626331,-0.638328,1.47173,1.46963,0.997775,0.997775,-9999,-9999,-9999,-9999,0.850757,0.872439,0.882581,0.923043,0.980032,1.03511,1.08882,0.84988,0.855116,0.872439,0.90032,0.923043,0.930499,0.934783,1.0,1.0,1.0,1.0,1.0,1.0,1.0,1.0,1.0,1.0,1.0,1.0,1.0,1.0,-0.655563,-0.641598,-0.638328,-0.626331,-0.597937,-0.577206,-0.558686,-0.655563,-0.647861,-0.641598,-0.630597,-0.624682,-0.619788,-0.602053,0.997775,0.997775,0.997775,0.997775,0.997775,0.997775,0.997775,0.997775,0.997775,0.997775,0.997775,0.997775,0.997775,0.997775,0.392392,0.455381,0.400427,0.0146945,0.260322,0.280461,0.309489,0.392392,0.455381,0.521766,0.53853,0.374324,0.265364,0.385745,0.0165289,0.258165,0.277063,0.313777,0.387091,0.455381,0.518337,0.538717,0.42021,0.475975,0.426716,0.0159866,0.289732,0.298973,0.327812,0.42021,0.480051,0.550662,0.580158,0.355199,0.29518,0.383543,0.0204021,0.221115,0.262705,0.298973,0.361957,0.475975,0.530838,0.572547,1.2849,1.3089,1.27369,0.00816223,1.20029,1.21607,1.22606,1.26051,1.3089,1.32185,1.33677,1.24088,1.22531,1.28646,0.0103814,1.1707,1.21607,1.23683,1.29224,1.31614,1.3374,1.40655,1.27251,1.28855,1.29122,0.00485613,1.25557,1.25888,1.27226,1.28788,1.29595,1.31859,1.35497,1.31859,1.27251,1.29717,0.0074367,1.18399,1.2584,1.27226,1.2935,1.31859,1.3465,1.3859,-9999,-9999
200406,-9999,-9999,-9999,-9999,-9999,-9999,-9999,-9999,8.4,5.108,2.645,10.34,3.899,8.4,0.0,5.108,2.645,0.0,10.34,3.899,0.0,485.297,265.818,1.0,278.75,265.818,1.0,-9999,-9999,251.019,251.019,0.0,-9999,-9999,261.762,261.762,0.0,-9999,-9999,5.081,5.081,0.0,69.356,69.356,0.0,2.021,2.18,1.0,2.036,2.457,0.996528,0.199086594203,0.996527777778,140.991963135,0.999305555556,513.436611268,0.972916666667,51.4651472222,1.0,368.42,0.999306,12.515,1.0,37.9,1.0,8.16135,1.0,68.9087,0.999306,92.389,-9999,30.4749,1.0,40.8591,-9999,0.998611,1,17.8,30.2,0.0,0.0,-1.6926,-1.72285,0.999306,0.999306,-9999,-9999,-9999,-9999,-1.70825,-1.72603,0.999306,0.999306,-9999,-9999,-9999,-9999,-1.70712,-1.728,0.999306,0.999306,0.00739239,0.00534455,-1.79803,-1.75747,-1.72603,-1.70825,-1.69016,-1.66163,-1.61929,-1.79803,-1.77389,-1.74675,-1.71924,-1.70221,-1.69637,-1.69016,0.999306,0.999306,0.999306,0.999306,0.999306,0.999306,0.999306,0.999306,0.999306,0.999306,0.999306,0.999306,0.999306,0.999306,2.03789,1.99395,1.22099,1.32919,1.0,1.0,-9999,-9999,-9999,-9999,-3.78143,-3.80148,3.81699,3.83295,0.998889,0.998889,-9999,-9999,-9999,-9999,2.01761,1.97653,1.3165,1.35068,1.0,1.0,-9999,-9999,-9999,-9999,-3.79283,-3.79654,3.82717,3.8322,0.998889,0.998889,-9999,-9999,-9999,-9999,1.88744,1.94598,1.98716,2.00231,2.04301,2.06178,2.08634,1.9242,1.94598,1.97653,2.00231,2.02697,2.04455,2.05654,1.0,1.0,1.0,1.0,1.0,1.0,1.0,1.0,1.0,1.0,1.0,1.0,1.0,1.0,-3.87481,-3.84828,-3.80905,-3.79523,-3.78329,-3.75105,-3.6674,-3.87481,-3.85155,-3.84196,-3.80148,-3.79283,-3.7877,-3.78526,0.998889,0.998889,0.998889,0.998889,0.998889,0.998889,0.998889,0.998889,0.998889,0.998889,0.998889,0.998889,0.998889,0.998889,0.634713,0.672811,0.603774,0.0254793,0.371366,0.407664,0.443131,0.607596,0.672811,0.805019,0.844694,0.568592,0.37908,0.589271,0.0286791,0.367934,0.38826,0.443131,0.568592,0.672811,0.817584,0.859913,2.35115,2.39885,2.33181,0.0280588,2.09061,2.11551,2.13329,2.35115,2.40293,2.54952,2.61298,2.22764,2.08733,2.2964,0.0310865,2.08021,2.09933,2.13051,2.28297,2.39885,2.54706,2.60218,3.20892,3.33256,3.32224,0.0261321,3.0616,3.09001,3.18018,3.37079,3.44108,3.45854,3.49142,3.45854,3.43159,3.44016,0.0383916,3.05723,3.15612,3.20892,3.43159,3.55509,3.71716,3.86681,4.75955,4.69095,4.70277,0.0147209,4.57089,4.59378,4.63007,4.70233,4.76616,4.77418,4.79112,4.77616,4.75955,4.78268,0.0243045,4.57089,4.61925,4.63987,4.75955,4.90153,4.99861,5.03402,-9999,-9999
200407,-9999,-9999,-9999,-9999,-9999,-9999,-9999,-9999,11.574,8.648,2.51,13.408,3.615,11.574,0.0,8.648,2.51,0.0,13.408,3.615,0.0,473.407,260.684,1.0,267.392,260.684,1.0,-9999,-9999,265.115,265.115,0.0,-9999,-9999,276.783,276.783,0.0,-9999,-9999,5.946,5.946,0.0,69.368,69.368,0.0,2.146,4.148,1.0,1.753,2.074,0.999328,0.196421902397,0.969086021505,146.111286505,0.999327956989,534.511319871,0.928091397849,48.7495833333,1.0,348.06,1.0,15.661,1.0,35.0,1.0,5.33536,1.0,78.3847,1.0,106.756,-9999,25.1741,1.0,34.2859,-9999,0.999328,1,18.4839,29.5161,0.0,0.0,-2.99943,-3.01388,1.0,1.0,-9999,-9999,-9999,-9999,-2.995,-3.0413,1.0,1.0,-9999,-9999,-9999,-9999,-2.99641,-3.02831,1.0,1.0,0.00919611,0.0044822,-3.06245,-3.05609,-3.04377,-3.00096,-2.9655,-2.93408,-2.89274,-3.06693,-3.05919,-3.05288,-3.0413,-3.00096,-2.9974,-2.98937,1.0,1.0,1.0,1.0,1.0,1.0,1.0,1.0,1.0,1.0,1.0,1.0,1.0,1.0,3.16586,3.11433,2.37499,2.46281,1.0,1.0,-9999,-9999,-9999,-9999,-6.69291,-6.6824,6.18703,6.18096,1.0,1.0,-9999,-9999,-9999,-9999,3.12076,3.03057,2.45447,2.51662,1.0,1.0,-9999,-9999,-9999,-9999,-6.65756,-6.6736,6.18753,6.18089,1.0,1.0,-9999,-9999,-9999,-9999,2.99017,3.00753,3.03131,3.12076,3.23917,3.27473,3.30874,2.98061,2.99692,3.01574,3.0503,3.12189,3.12845,3.19281,1.0,1.0,1.0,1.0,1.0,1.0,1.0,1.0,1.0,1.0,1.0,1.0,1.0,1.0,-6.69693,-6.69473,-6.68829,-6.67826,-6.66696,-6.65756,-6.57818,-6.69587,-6.69441,-6.68481,-6.67826,-6.67256,-6.66574,-6.66296,1.0,1.0,1.0,1.0,1.0,1.0,1.0,1.0,1.0,1.0,1.0,1.0,1.0,1.0,0.804701,0.814778,0.739469,0.0334296,0.441892,0.48423,0.528255,0.746122,0.814778,1.00225,1.07979,0.698245,0.451381,0.726693,0.0377776,0.437596,0.460211,0.528255,0.698245,0.818043,1.02172,1.07979,3.84723,3.85608,3.76798,0.0358589,3.43929,3.47893,3.53339,3.78537,3.85608,4.05564,4.09236,3.65293,3.44638,3.72311,0.0413166,3.40309,3.45761,3.51859,3.70252,3.85608,4.03983,4.1179,4.85876,4.97806,4.98752,0.0196451,4.7087,4.83571,4.88662,5.0118,5.09398,5.09774,5.10746,5.08703,5.05788,5.09067,0.0446325,4.7087,4.86646,4.97806,5.04795,5.10344,5.14486,5.92874,7.53647,7.49657,7.4975,0.0114991,7.36596,7.39344,7.43038,7.50892,7.55639,7.57731,7.58504,7.55639,7.53647,7.55419,0.0229687,7.36596,7.42892,7.46499,7.53644,7.57731,7.58562,7.91871,-9999,-9999
200408,-9999,-9999,-9999,-9999,-9999,-9999,-9999,-9999,10.826,8.137,1.869,12.782,3.366,10.826,0.0,8.137,1.869,0.0,12.782,3.366,0.0,430.648,208.056,1.0,220.773,208.056,1.0,-9999,-9999,286.394,286.394,0.0,-9999,-9999,299.458,299.458,0.0,-9999,-9999,4.105,4.105,0.0,69.424,69.424,0.0,3.267,4.168,1.0,1.739,1.817,0.998656,0.186328743423,0.989919354839,122.658273522,1.0,437.289392947,0.92002688172,38.0143521505,1.0,353.28,1.0,15.416,1.0,45.6,1.0,2.15953,1.0,62.0088,0.999328,87.1483,-9999,23.7413,1.0,33.3665,-9999,0.999328,1,20.2581,27.7419,0.0,0.0,-1.85888,-1.84983,1.0,1.0,-9999,-9999,-9999,-9999,-1.84294,-1.86185,1.0,1.0,-9999,-9999,-9999,-9999,-1.84332,-1.87411,0.999832,0.999983,0.00934842,0.00538386,-1.93541,-1.91611,-1.8732,-1.8513,-1.81817,-1.77929,-1.7443,-1.93933,-1.91679,-1.90966,-1.86185,-1.8513,-1.84721,-1.8288,1.0,1.0,1.0,1.0,1.0,0.999328,0.999328,1.0,1.0,1.0,1.0,1.0,1.0,1.0,3.54641,3.59107,1.69225,1.79277,1.0,1.0,-9999,-9999,-9999,-9999,-5.68909,-5.70697,5.91613,5.91429,1.0,1.0,-9999,-9999,-9999,-9999,3.58841,3.56773,1.78318,1.83813,1.0,1.0,-9999,-9999,-9999,-9999,-5.69372,-5.70997,5.9106,5.90959,1.0,1.0,-9999,-9999,-9999,-9999,3.47788,3.5149,3.5377,3.56851,3.58888,3.6151,3.67365,3.47314,3.51339,3.52234,3.5661,3.57296,3.57962,3.58841,1.0,1.0,1.0,1.0,1.0,1.0,1.0,1.0,1.0,1.0,1.0,1.0,1.0,1.0,-5.7655,-5.76039,-5.72486,-5.70055,-5.63875,-5.6042,-5.58096,-5.77077,-5.762,-5.75167,-5.70974,-5.69613,-5.6919,-5.68465,1.0,1.0,1.0,1.0,1.0,0.998848,0.998848,1.0,1.0,1.0,1.0,1.0,1.0,1.0,0.760455,0.778865,0.704835,0.0313255,0.424273,0.469034,0.506961,0.71346,0.778865,0.951386,1.02384,0.665138,0.43331,0.691458,0.0353593,0.4202,0.441552,0.506961,0.665138,0.778865,0.969026,1.02384,2.62255,2.64071,2.57867,0.0343817,2.27557,2.30857,2.35259,2.62255,2.64552,2.86578,2.89619,2.45097,2.27625,2.53478,0.0397357,2.22153,2.28877,2.32575,2.51641,2.64071,2.84689,2.9347,4.8838,4.72286,4.94159,0.0265692,4.6699,4.7296,4.79368,4.93405,5.12242,5.13294,5.13577,5.05926,5.12242,4.90929,0.0267918,4.63508,4.72286,4.77027,4.8838,5.06799,5.12873,5.13577,6.58918,6.45625,6.52265,0.0108249,6.43235,6.44356,6.45625,6.49324,6.5932,6.59597,6.61099,6.598,6.58918,6.51869,0.0114117,6.39141,6.44356,6.46369,6.50175,6.59258,6.59597,6.61099,-9999,-9999
200409,-9999,-9999,-9999,-9999,-9999,-9999,-9999,-9999,5.033,2.529,2.261,7.255,3.522,5.033,0.0,2.529,2.261,0.0,7.255,3.522,0.0,363.606,178.208,1.0,185.125,178.208,1.0,-9999,-9999,256.225,256.225,0.0,-9999,-9999,267.31,267.31,0.0,-9999,-9999,2.866,2.866,0.0,69.638,69.639,0.00486111,2.113,4.603,0.997917,1.72,1.808,0.996528,0.195822601959,0.760416666667,96.6527281521,0.996527777778,364.822806705,0.926388888889,33.3016236111,0.997916666667,372.638,0.997222,10.345,1.0,50.2,1.0,-1.46377,1.0,40.8973,0.997222,60.8668,-9999,25.5226,1.0,37.9849,-9999,0.995139,1,22.4333,25.5667,0.0,0.0,-0.628008,-0.740706,0.995833,0.996528,-9999,-9999,-9999,-9999,-0.690542,-0.749779,0.995833,0.996528,-9999,-9999,-9999,-9999,-0.674404,-0.727229,0.996215,0.996528,0.0157292,0.0101866,-0.787484,-0.775016,-0.767703,-0.730239,-0.612868,-0.532991,-0.519658,-0.787484,-0.776283,-0.771974,-0.749779,-0.690542,-0.648172,-0.616357,0.997222,0.997222,0.997222,0.996528,0.995833,0.995139,0.995139,0.997222,0.997222,0.997222,0.996528,0.995833,0.995833,0.995833,2.36085,2.18422,1.34811,1.50572,1.0,1.0,-9999,-9999,-9999,-9999,-3.16628,-3.21423,3.7396,3.7568,0.992256,0.99359,-9999,-9999,-9999,-9999,2.28665,2.16223,1.41086,1.56762,1.0,1.0,-9999,-9999,-9999,-9999,-3.21388,-3.21132,3.76234,3.76363,0.992256,0.99359,-9999,-9999,-9999,-9999,2.06769,2.11223,2.13266,2.19901,2.36715,2.48451,2.51501,2.06769,2.09904,2.11981,2.16223,2.28626,2.30531,2.36085,1.0,1.0,1.0,1.0,1.0,1.0,1.0,1.0,1.0,1.0,1.0,1.0,1.0,1.0,-3.22387,-3.21998,-3.21423,-3.19598,-3.14938,-3.09409,-3.08288,-3.22561,-3.22024,-3.21604,-3.21063,-3.18986,-3.15322,-3.14439,0.99359,0.992256,0.99359,0.994872,0.992256,0.992256,0.992256,0.99359,0.99359,0.99359,0.99359,0.992256,0.992256,0.992256,0.466017,0.52805,0.466584,0.0178112,0.29876,0.32368,0.355582,0.466017,0.52805,0.612256,0.633706,0.437431,0.304674,0.450972,0.0199888,0.296198,0.316233,0.357158,0.446388,0.52805,0.608012,0.645686,1.2101,1.27783,1.1938,0.0240119,0.995216,1.00455,1.05508,1.2101,1.27783,1.38727,1.40611,1.11554,0.995216,1.12538,0.0292191,0.819567,0.96022,0.998982,1.11554,1.26124,1.27783,1.40378,3.30908,2.46468,3.0914,0.0599603,2.26706,2.46468,3.02989,3.22948,3.35777,3.39619,3.41454,3.09425,3.32619,3.22677,0.0652869,2.39557,2.88083,3.03659,3.30487,3.40229,3.50154,3.82008,3.74533,3.4279,3.62817,0.024008,3.29942,3.4279,3.54406,3.6469,3.75997,3.76653,3.78602,3.63933,3.74533,3.70905,0.0301286,3.38041,3.54278,3.61084,3.73422,3.77638,3.83363,4.03567,-9999,-9999
200410,-9999,-9999,-9999,-9999,-9999,-9999,-9999,-9999,-1.13,-3.482,2.327,1.402,3.611,-1.13,0.0,-3.482,2.327,0.0,1.402,3.611,0.0,283.684,174.494,1.0,166.611,174.494,1.0,-9999,-9999,222.307,222.307,0.0,-9999,-9999,231.166,231.166,0.0,-9999,-9999,2.204,2.204,0.0,69.649,69.654,0.0591398,0.952,0.974,1.0,1.619,1.868,1.0,0.18809508916,0.932123655914,70.1799274765,0.999327956989,343.42505682,0.934811827957,35.733500672,1.0,351.051,1.0,4.752,1.0,44.8,1.0,-3.53949,1.0,16.9323,1.0,25.5184,-9999,32.1754,1.0,48.4912,-9999,0.999328,1,24.871,23.129,0.0,0.0,0.501724,0.480647,1.0,1.0,-9999,-9999,-9999,-9999,0.481379,0.480848,1.0,1.0,-9999,-9999,-9999,-9999,0.474609,0.47804,0.99995,1.0,0.00214895,0.0014845,0.443117,0.462814,0.465794,0.477945,0.481379,0.486345,0.495034,0.463689,0.467896,0.470652,0.477945,0.481379,0.486345,0.493177,1.0,1.0,1.0,1.0,1.0,1.0,1.0,1.0,1.0,1.0,1.0,1.0,1.0,1.0,0.987132,0.946238,1.21554,1.31351,1.0,1.0,-9999,-9999,-9999,-9999,-0.0282354,-0.0263164,0.924312,0.946292,1.0,1.0,-9999,-9999,-9999,-9999,0.954917,0.949365,1.29842,1.33064,1.0,1.0,-9999,-9999,-9999,-9999,-0.0342441,-0.0290616,0.925956,0.951544,1.0,1.0,-9999,-9999,-9999,-9999,0.883851,0.916716,0.925423,0.941094,0.949591,0.956313,0.977911,0.92256,0.928272,0.932916,0.941969,0.954208,0.956313,0.970025,1.0,1.0,1.0,1.0,1.0,1.0,1.0,1.0,1.0,1.0,1.0,1.0,1.0,1.0,-0.0383076,-0.0344418,-0.0335397,-0.0314681,-0.0275158,-0.0258278,-0.0242661,-0.0369228,-0.0341516,-0.0335253,-0.0314681,-0.0282354,-0.0263164,-0.0242661,0.997312,1.0,1.0,1.0,1.0,1.0,1.0,1.0,1.0,1.0,1.0,1.0,1.0,1.0,0.241076,0.313,0.269107,0.00844767,0.186391,0.196507,0.220664,0.263221,0.313,0.340014,0.346681,0.248856,0.189703,0.255314,0.00960681,0.185051,0.196507,0.217969,0.248856,0.294237,0.313,0.346653,-0.236868,-0.167848,-0.209011,0.00929886,-0.299954,-0.281705,-0.261962,-0.216673,-0.167848,-0.132587,-0.125808,-0.261962,-0.291677,-0.219295,0.00978789,-0.299954,-0.28414,-0.261962,-0.232098,-0.181115,-0.140601,-0.126929,0.782676,0.913096,0.867265,0.0276301,0.518344,0.678106,0.782676,0.864351,0.938204,1.01121,1.07959,0.982012,1.06296,0.923501,0.0364755,0.498979,0.678106,0.802497,0.913096,1.07959,1.18283,1.29879,0.570148,0.518421,0.511136,0.0104833,0.403776,0.436974,0.48016,0.499106,0.525292,0.556792,0.606398,0.540228,0.570148,0.550828,0.0156356,0.404804,0.446271,0.48037,0.518445,0.605029,0.671273,0.753144,-9999,-9999
200411,-9999,-9999,-9999,-9999,-9999,-9999,-9999,-9999,-7.884,-10.258,2.941,-4.802,3.917,-7.884,0.0,-10.258,2.941,0.0,-4.802,3.917,0.0,213.393,158.212,1.0,137.486,158.212,1.0,-9999,-9999,184.743,184.743,0.0,-9999,-9999,191.139,191.139,0.0,-9999,-9999,2.22,2.22,0.0,69.403,69.411,0.0201389,0.201,0.107,1.0,1.783,1.722,0.99375,0.167066732804,0.99375,36.0792452315,0.996527777778,294.256408181,0.934722222222,35.1974347222,1.0,335.661,1.0,-0.927,1.0,23.8,1.0,-11.4739,1.0,7.25449,1.0,9.62621,-9999,29.2088,1.0,38.7581,-9999,0.996528,1,27.0333,20.9667,0.0,0.0,-0.0229642,-0.0194347,1.0,1.0,-9999,-9999,-9999,-9999,-0.0208302,-0.0163598,1.0,1.0,-9999,-9999,-9999,-9999,-0.0202374,-0.020933,1.0,1.0,0.00124447,0.00101926,-0.0360475,-0.0308272,-0.0229642,-0.0199348,-0.0163598,-0.0122924,-0.00926796,-0.0360475,-0.0291043,-0.0229642,-0.0194347,-0.0169551,-0.0155989,-0.0123088,1.0,1.0,1.0,1.0,1.0,1.0,1.0,1.0,1.0,1.0,1.0,1.0,1.0,1.0,0.0976695,0.108175,0.730971,0.760345,1.0,1.0,-9999,-9999,-9999,-9999,-0.165561,-0.171055,0.567408,0.573263,1.0,1.0,-9999,-9999,-9999,-9999,0.102744,0.110318,0.758162,0.78419,1.0,1.0,-9999,-9999,-9999,-9999,-0.167233,-0.167274,0.569262,0.577092,1.0,1.0,-9999,-9999,-9999,-9999,0.066823,0.0843326,0.0911767,0.101023,0.108175,0.110318,0.113994,0.0805719,0.0870442,0.0976225,0.105718,0.108664,0.110318,0.115142,1.0,1.0,1.0,1.0,1.0,1.0,1.0,1.0,1.0,1.0,1.0,1.0,1.0,1.0,-0.172373,-0.169388,-0.167274,-0.165968,-0.160598,-0.157856,-0.123906,-0.172373,-0.169448,-0.169149,-0.166728,-0.165871,-0.164786,-0.161579,1.0,1.0,1.0,1.0,1.0,1.0,1.0,1.0,1.0,1.0,1.0,1.0,1.0,1.0,0.106291,0.159243,0.133955,0.00373397,0.100298,0.102613,0.106291,0.144684,0.159243,0.160051,0.161744,0.121159,0.101854,0.124842,0.00438386,0.099731,0.101988,0.10454,0.120721,0.14777,0.159243,0.161546,0.125005,0.175603,0.15491,0.00383977,0.119532,0.123314,0.125005,0.165848,0.176776,0.178684,0.181216,0.124771,0.122684,0.14508,0.00465688,0.119532,0.122684,0.125418,0.138932,0.174565,0.176875,0.179382,0.289384,0.318155,0.302993,0.00430662,0.25972,0.271758,0.275275,0.308793,0.32354,0.323613,0.342114,0.342114,0.334313,0.308175,0.00582204,0.249674,0.271758,0.28284,0.320188,0.32698,0.334313,0.355506,0.192431,0.16792,0.169207,0.00238544,0.149987,0.154478,0.157327,0.16792,0.173935,0.188691,0.192431,0.196414,0.192431,0.172598,0.00273264,0.14725,0.154478,0.159604,0.169155,0.186722,0.18974,0.204213,-9999,-9999
200412,-9999,-9999,-9999,-9999,-9999,-9999,-9999,-9999,-12.361,-14.759,3.511,-8.924,4.213,-12.361,0.0,-14.759,3.511,0.0,-8.924,4.213,0.0,179.927,124.35,1.0,113.329,124.35,1.0,-9999,-9999,170.509,170.509,0.0,-9999,-9999,175.97,175.97,0.0,-9999,-9999,1.462,1.462,0.0,69.068,69.076,0.0228495,0.169,0.032,1.0,1.812,1.691,0.99664,0.16080068784,0.971102150538,22.9536899765,0.995295698925,222.474466391,0.957661290323,30.2137365591,1.0,333.63,1.0,-3.811,1.0,15.9,1.0,-11.636,1.0,4.06094,1.0,6.18274,-9999,19.4717,1.0,29.6456,-9999,0.995296,1,28.3226,19.6774,0.0,0.0,-0.0382256,-0.0428881,1.0,1.0,-9999,-9999,-9999,-9999,-0.0445127,-0.0461457,1.0,1.0,-9999,-9999,-9999,-9999,-0.0462553,-0.0459858,1.0,1.0,0.00089326,0.000624808,-0.0530385,-0.0516508,-0.0503736,-0.0451785,-0.0428881,-0.0424633,-0.0391162,-0.05232,-0.0518699,-0.0505262,-0.0451785,-0.0429867,-0.0427412,-0.0410868,1.0,1.0,1.0,1.0,1.0,1.0,1.0,1.0,1.0,1.0,1.0,1.0,1.0,1.0,0.00414366,0.00141692,0.510278,0.522611,1.0,1.0,-9999,-9999,-9999,-9999,-0.0945598,-0.101756,0.433005,0.44089,1.0,1.0,-9999,-9999,-9999,-9999,-0.00164415,-0.00165836,0.519164,0.525824,1.0,1.0,-9999,-9999,-9999,-9999,-0.101161,-0.104986,0.44098,0.445095,1.0,1.0,-9999,-9999,-9999,-9999,-0.030215,-0.0124836,-0.0089597,-0.00156548,0.000632102,0.000837317,0.0021182,-0.00441958,-0.00265941,-0.00165836,-0.000959754,0.000632102,0.000724486,0.000837317,1.0,1.0,1.0,1.0,1.0,1.0,1.0,1.0,1.0,1.0,1.0,1.0,1.0,1.0,-0.118447,-0.116214,-0.104986,-0.101119,-0.0937762,-0.0878006,-0.0838322,-0.120118,-0.117908,-0.115511,-0.103689,-0.100858,-0.100441,-0.0945598,1.0,1.0,1.0,1.0,1.0,1.0,1.0,1.0,1.0,1.0,1.0,1.0,1.0,1.0,0.0533774,0.089834,0.0746183,0.0021838,0.0533774,0.0591372,0.0598021,0.079259,0.0853867,0.0862966,0.0959729,0.065935,0.0600604,0.0686237,0.00256865,0.050386,0.0564009,0.058991,0.0649071,0.0833899,0.0855339,0.089834,0.0961187,0.13598,0.120615,0.00261884,0.0961187,0.102055,0.103473,0.129785,0.135265,0.13598,0.14111,0.0988642,0.104573,0.114879,0.00263667,0.0961187,0.0984091,0.101564,0.108546,0.134588,0.135323,0.13598,0.0330834,0.0190817,0.0333351,0.00156133,0.0190817,0.0223911,0.0292485,0.0321104,0.033555,0.0394848,0.0531005,0.0531005,0.0323688,0.038592,0.00207198,0.0190817,0.0291033,0.0309685,0.0330834,0.0472459,0.0525187,0.0616165,0.0430404,0.0350428,0.0430057,0.0011198,0.0327788,0.0350428,0.0369312,0.043205,0.0452819,0.0485384,0.0559618,0.0559618,0.0430404,0.0450613,0.0015395,0.0327788,0.0350428,0.0369339,0.0440895,0.0482054,0.0559618,0.0613925,-9999,-9999
