TIMESTAMP,TA_F_MDS,TA_F_MDS_QC,TA_F_MDS_NIGHT,TA_F_MDS_NIGHT_SD,TA_F_MDS_NIGHT_QC,TA_F_MDS_DAY,TA_F_MDS_DAY_SD,TA_F_MDS_DAY_QC,TA_ERA,TA_ERA_NIGHT,TA_ERA_NIGHT_SD,TA_ERA_DAY,TA_ERA_DAY_SD,TA_F,TA_F_QC,TA_F_NIGHT,TA_F_NIGHT_SD,TA_F_NIGHT_QC,TA_F_DAY,TA_F_DAY_SD,TA_F_DAY_QC,SW_IN_POT,SW_IN_F_MDS,SW_IN_F_MDS_QC,SW_IN_ERA,SW_IN_F,SW_IN_F_QC,LW_IN_F_MDS,LW_IN_F_MDS_QC,LW_IN_ERA,LW_IN_F,LW_IN_F_QC,LW_IN_JSB,LW_IN_JSB_QC,LW_IN_JSB_ERA,LW_IN_JSB_F,LW_IN_JSB_F_QC,VPD_F_MDS,VPD_F_MDS_QC,VPD_ERA,VPD_F,VPD_F_QC,PA_ERA,PA_F,PA_F_QC,P_ERA,P_F,P_F_QC,WS_ERA,WS_F,WS_F_QC,USTAR,USTAR_QC,NETRAD,NETRAD_QC,PPFD_IN,PPFD_IN_QC,LW_OUT,LW_OUT_QC,CO2_F_MDS,CO2_F_MDS_QC,TS_F_MDS_1,TS_F_MDS_1_QC,SWC_F_MDS_1,SWC_F_MDS_1_QC,G_F_MDS,G_F_MDS_QC,LE_F_MDS,LE_F_MDS_QC,LE_CORR,LE_RANDUNC,H_F_MDS,H_F_MDS_QC,H_CORR,H_RANDUNC,EBC_CF_N,EBC_CF_METHOD,NIGHT_D,DAY_D,NIGHT_RANDUNC_N,DAY_RANDUNC_N,NEE_CUT_REF,NEE_VUT_REF,NEE_CUT_REF_QC,NEE_VUT_REF_QC,NEE_CUT_REF_RANDUNC,NEE_VUT_REF_RANDUNC,NEE_CUT_REF_JOINTUNC,NEE_VUT_REF_JOINTUNC,NEE_CUT_USTAR50,NEE_VUT_USTAR50,NEE_CUT_USTAR50_QC,NEE_VUT_USTAR50_QC,NEE_CUT_USTAR50_RANDUNC,NEE_VUT_USTAR50_RANDUNC,NEE_CUT_USTAR50_JOINTUNC,NEE_VUT_USTAR50_JOINTUNC,NEE_CUT_MEAN,NEE_VUT_MEAN,NEE_CUT_MEAN_QC,NEE_VUT_MEAN_QC,NEE_CUT_SE,NEE_VUT_SE,NEE_CUT_05,NEE_CUT_16,NEE_CUT_25,NEE_CUT_50,NEE_CUT_75,NEE_CUT_84,NEE_CUT_95,NEE_VUT_05,NEE_VUT_16,NEE_VUT_25,NEE_VUT_50,NEE_VUT_75,NEE_VUT_84,NEE_VUT_95,NEE_CUT_05_QC,NEE_CUT_16_QC,NEE_CUT_25_QC,NEE_CUT_50_QC,NEE_CUT_75_QC,NEE_CUT_84_QC,NEE_CUT_95_QC,NEE_VUT_05_QC,NEE_VUT_16_QC,NEE_VUT_25_QC,NEE_VUT_50_QC,NEE_VUT_75_QC,NEE_VUT_84_QC,NEE_VUT_95_QC,NEE_CUT_REF_NIGHT,NEE_VUT_REF_NIGHT,NEE_CUT_REF_NIGHT_SD,NEE_VUT_REF_NIGHT_SD,NEE_CUT_REF_NIGHT_QC,NEE_VUT_REF_NIGHT_QC,NEE_CUT_REF_NIGHT_RANDUNC,NEE_VUT_REF_NIGHT_RANDUNC,NEE_CUT_REF_NIGHT_JOINTUNC,NEE_VUT_REF_NIGHT_JOINTUNC,NEE_CUT_REF_DAY,NEE_VUT_REF_DAY,NEE_CUT_REF_DAY_SD,NEE_VUT_REF_DAY_SD,NEE_CUT_REF_DAY_QC,NEE_VUT_REF_DAY_QC,NEE_CUT_REF_DAY_RANDUNC,NEE_VUT_REF_DAY_RANDUNC,NEE_CUT_REF_DAY_JOINTUNC,NEE_VUT_REF_DAY_JOINTUNC,NEE_CUT_USTAR50_NIGHT,NEE_VUT_USTAR50_NIGHT,NEE_CUT_USTAR50_NIGHT_SD,NEE_VUT_USTAR50_NIGHT_SD,NEE_CUT_USTAR50_NIGHT_QC,NEE_VUT_USTAR50_NIGHT_QC,NEE_CUT_USTAR50_NIGHT_RANDUNC,NEE_VUT_USTAR50_NIGHT_RANDUNC,NEE_CUT_USTAR50_NIGHT_JOINTUNC,NEE_VUT_USTAR50_NIGHT_JOINTUNC,NEE_CUT_USTAR50_DAY,NEE_VUT_USTAR50_DAY,NEE_CUT_USTAR50_DAY_SD,NEE_VUT_USTAR50_DAY_SD,NEE_CUT_USTAR50_DAY_QC,NEE_VUT_USTAR50_DAY_QC,NEE_CUT_USTAR50_DAY_RANDUNC,NEE_VUT_USTAR50_DAY_RANDUNC,NEE_CUT_USTAR50_DAY_JOINTUNC,NEE_VUT_USTAR50_DAY_JOINTUNC,NEE_CUT_05_NIGHT,NEE_CUT_16_NIGHT,NEE_CUT_25_NIGHT,NEE_CUT_50_NIGHT,NEE_CUT_75_NIGHT,NEE_CUT_84_NIGHT,NEE_CUT_95_NIGHT,NEE_VUT_05_NIGHT,NEE_VUT_16_NIGHT,NEE_VUT_25_NIGHT,NEE_VUT_50_NIGHT,NEE_VUT_75_NIGHT,NEE_VUT_84_NIGHT,NEE_VUT_95_NIGHT,NEE_CUT_05_NIGHT_QC,NEE_CUT_16_NIGHT_QC,NEE_CUT_25_NIGHT_QC,NEE_CUT_50_NIGHT_QC,NEE_CUT_75_NIGHT_QC,NEE_CUT_84_NIGHT_QC,NEE_CUT_95_NIGHT_QC,NEE_VUT_05_NIGHT_QC,NEE_VUT_16_NIGHT_QC,NEE_VUT_25_NIGHT_QC,NEE_VUT_50_NIGHT_QC,NEE_VUT_75_NIGHT_QC,NEE_VUT_84_NIGHT_QC,NEE_VUT_95_NIGHT_QC,NEE_CUT_05_DAY,NEE_CUT_16_DAY,NEE_CUT_25_DAY,NEE_CUT_50_DAY,NEE_CUT_75_DAY,NEE_CUT_84_DAY,NEE_CUT_95_DAY,NEE_VUT_05_DAY,NEE_VUT_16_DAY,NEE_VUT_25_DAY,NEE_VUT_50_DAY,NEE_VUT_75_DAY,NEE_VUT_84_DAY,NEE_VUT_95_DAY,NEE_CUT_05_DAY_QC,NEE_CUT_16_DAY_QC,NEE_CUT_25_DAY_QC,NEE_CUT_50_DAY_QC,NEE_CUT_75_DAY_QC,NEE_CUT_84_DAY_QC,NEE_CUT_95_DAY_QC,NEE_VUT_05_DAY_QC,NEE_VUT_16_DAY_QC,NEE_VUT_25_DAY_QC,NEE_VUT_50_DAY_QC,NEE_VUT_75_DAY_QC,NEE_VUT_84_DAY_QC,NEE_VUT_95_DAY_QC,RECO_NT_VUT_REF,RECO_NT_VUT_USTAR50,RECO_NT_VUT_MEAN,RECO_NT_VUT_SE,RECO_NT_VUT_05,RECO_NT_VUT_16,RECO_NT_VUT_25,RECO_NT_VUT_50,RECO_NT_VUT_75,RECO_NT_VUT_84,RECO_NT_VUT_95,RECO_NT_CUT_REF,RECO_NT_CUT_USTAR50,RECO_NT_CUT_MEAN,RECO_NT_CUT_SE,RECO_NT_CUT_05,RECO_NT_CUT_16,RECO_NT_CUT_25,RECO_NT_CUT_50,RECO_NT_CUT_75,RECO_NT_CUT_84,RECO_NT_CUT_95,GPP_NT_VUT_REF,GPP_NT_VUT_USTAR50,GPP_NT_VUT_MEAN,GPP_NT_VUT_SE,GPP_NT_VUT_05,GPP_NT_VUT_16,GPP_NT_VUT_25,GPP_NT_VUT_50,GPP_NT_VUT_75,GPP_NT_VUT_84,GPP_NT_VUT_95,GPP_NT_CUT_REF,GPP_NT_CUT_USTAR50,GPP_NT_CUT_MEAN,GPP_NT_CUT_SE,GPP_NT_CUT_05,GPP_NT_CUT_16,GPP_NT_CUT_25,GPP_NT_CUT_50,GPP_NT_CUT_75,GPP_NT_CUT_84,GPP_NT_CUT_95,RECO_DT_VUT_REF,RECO_DT_VUT_USTAR50,RECO_DT_VUT_MEAN,RECO_DT_VUT_SE,RECO_DT_VUT_05,RECO_DT_VUT_16,RECO_DT_VUT_25,RECO_DT_VUT_50,RECO_DT_VUT_75,RECO_DT_VUT_84,RECO_DT_VUT_95,RECO_DT_CUT_REF,RECO_DT_CUT_USTAR50,RECO_DT_CUT_MEAN,RECO_DT_CUT_SE,RECO_DT_CUT_05,RECO_DT_CUT_16,RECO_DT_CUT_25,RECO_DT_CUT_50,RECO_DT_CUT_75,RECO_DT_CUT_84,RECO_DT_CUT_95,GPP_DT_VUT_REF,GPP_DT_VUT_USTAR50,GPP_DT_VUT_MEAN,GPP_DT_VUT_SE,GPP_DT_VUT_05,GPP_DT_VUT_16,GPP_DT_VUT_25,GPP_DT_VUT_50,GPP_DT_VUT_75,GPP_DT_VUT_84,GPP_DT_VUT_95,GPP_DT_CUT_REF,GPP_DT_CUT_USTAR50,GPP_DT_CUT_MEAN,GPP_DT_CUT_SE,GPP_DT_CUT_05,GPP_DT_CUT_16,GPP_DT_CUT_25,GPP_DT_CUT_50,GPP_DT_CUT_75,GPP_DT_CUT_84,GPP_DT_CUT_95,RECO_SR,RECO_SR_N
201001,-9999,-9999,-9999,-9999,-9999,-9999,-9999,-9999,-18.365,-19.588,3.096,-16.579,2.572,-18.365,0.0,-19.588,3.096,0.0,-16.579,2.572,0.0,165.531,82.902,0.633737,99.418,99.009,0.633737,-9999,-9999,162.195,162.195,0.0,-9999,-9999,161.972,161.972,0.0,-9999,-9999,0.782,0.782,0.0,85.792,85.792,0.0,0.234,0.234,0.0,4.132,4.132,0.0,-9999,-9999,-9999,-9999,-9999,-9999,-9999,-9999,-9999,-9999,-9999,-9999,-9999,-9999,-9999,1.0,5.22909,0.0,-9999,-9999,-4.3099,0.0,-9999,-9999,-9999,-9999,28.4194,19.5806,0.0,0.0,-0.756035,-0.756035,0.0,0.0,-9999,-9999,-9999,-9999,-0.756035,-0.756035,0.0,0.0,-9999,-9999,-9999,-9999,-0.756693,-0.756693,0.0,0.0,0.00232071,0.00232071,-0.773241,-0.772328,-0.762064,-0.756035,-0.751917,-0.750503,-0.748792,-0.773241,-0.772328,-0.762064,-0.756035,-0.751917,-0.750503,-0.748792,0.0,0.0,0.0,0.0,0.0,0.0,0.0,0.0,0.0,0.0,0.0,0.0,0.0,0.0,-1.51828,-1.51828,0.286536,0.286536,0.0,0.0,-9999,-9999,-9999,-9999,0.420183,0.420183,1.31354,1.31354,0.0,0.0,-9999,-9999,-9999,-9999,-1.51828,-1.51828,0.286536,0.286536,0.0,0.0,-9999,-9999,-9999,-9999,0.420183,0.420183,1.31354,1.31354,0.0,0.0,-9999,-9999,-9999,-9999,-1.5504,-1.54482,-1.52772,-1.51828,-1.51235,-1.51003,-1.5092,-1.5504,-1.54482,-1.52772,-1.51828,-1.51235,-1.51003,-1.5092,0.0,0.0,0.0,0.0,0.0,0.0,0.0,0.0,0.0,0.0,0.0,0.0,0.0,0.0,0.419699,0.419699,0.419699,0.420183,0.421232,0.424066,0.431486,0.419699,0.419699,0.419699,0.420183,0.421232,0.424066,0.431486,0.0,0.0,0.0,0.0,0.0,0.0,0.0,0.0,0.0,0.0,0.0,0.0,0.0,0.0,0.0,0.0,0.0,0.0,0.0,0.0,0.0,0.0,0.0,0.0,0.0,0.0,0.0,0.0,0.0,0.0,0.0,0.0,0.0,0.0,0.0,0.0,0.773242,0.756035,0.756693,0.00232071,0.748793,0.750176,0.750657,0.756035,0.761642,0.768007,0.773242,0.773242,0.756035,0.756693,0.00232071,0.748793,0.750176,0.750657,0.756035,0.761642,0.768007,0.773242,0.386408,0.386408,0.386408,3.89187e-08,0.386408,0.386408,0.386408,0.386408,0.386408,0.386408,0.386408,0.386408,0.386408,0.386408,3.89187e-08,0.386408,0.386408,0.386408,0.386408,0.386408,0.386408,0.386408,0.0,0.0,0.0,0.0,0.0,0.0,0.0,0.0,0.0,0.0,0.0,0.0,0.0,0.0,0.0,0.0,0.0,0.0,0.0,0.0,0.0,0.0,-9999,-9999
201002,-9999,-9999,-9999,-9999,-9999,-9999,-9999,-9999,-13.565,-15.595,2.564,-11.14,3.418,-13.565,0.0,-15.595,2.564,0.0,-11.14,3.418,0.0,227.471,82.907,0.587798,137.496,137.363,0.587798,-9999,-9999,170.914,170.914,0.0,-9999,-9999,172.81,172.81,0.0,-9999,-9999,1.497,1.497,0.0,85.516,85.516,0.0,0.092,0.092,0.0,3.791,3.791,0.0,-9999,-9999,-9999,-9999,-9999,-9999,-9999,-9999,-9999,-9999,-9999,-9999,-9999,-9999,-9999,1.0,5.22352,0.0,-9999,-9999,-3.95783,0.0,-9999,-9999,-9999,-9999,26.2143,21.7857,0.0,0.0,-0.761002,-0.761002,0.0,0.0,-9999,-9999,-9999,-9999,-0.761002,-0.761002,0.0,0.0,-9999,-9999,-9999,-9999,-0.762272,-0.762272,0.0,0.0,0.00238465,0.00238465,-0.778535,-0.777524,-0.769242,-0.761002,-0.75598,-0.755035,-0.75314,-0.778535,-0.777524,-0.769242,-0.761002,-0.75598,-0.755035,-0.75314,0.0,0.0,0.0,0.0,0.0,0.0,0.0,0.0,0.0,0.0,0.0,0.0,0.0,0.0,-1.53517,-1.53517,0.289923,0.289923,0.0,0.0,-9999,-9999,-9999,-9999,0.233872,0.233872,1.34093,1.34093,0.0,0.0,-9999,-9999,-9999,-9999,-1.53517,-1.53517,0.289923,0.289923,0.0,0.0,-9999,-9999,-9999,-9999,0.233872,0.233872,1.34093,1.34093,0.0,0.0,-9999,-9999,-9999,-9999,-1.57096,-1.56436,-1.54888,-1.53517,-1.52924,-1.52673,-1.52608,-1.57096,-1.56436,-1.54888,-1.53517,-1.52924,-1.52673,-1.52608,0.0,0.0,0.0,0.0,0.0,0.0,0.0,0.0,0.0,0.0,0.0,0.0,0.0,0.0,0.23282,0.23282,0.23282,0.233872,0.236358,0.237743,0.239613,0.23282,0.23282,0.23282,0.233872,0.236358,0.237743,0.239613,0.0,0.0,0.0,0.0,0.0,0.0,0.0,0.0,0.0,0.0,0.0,0.0,0.0,0.0,1.38981e-08,1.38981e-08,1.38981e-08,1.05964e-24,1.38981e-08,1.38981e-08,1.38981e-08,1.38981e-08,1.38981e-08,1.38981e-08,1.38981e-08,1.38981e-08,1.38981e-08,1.38981e-08,1.05964e-24,1.38981e-08,1.38981e-08,1.38981e-08,1.38981e-08,1.38981e-08,1.38981e-08,1.38981e-08,0.778535,0.761002,0.762273,0.00238465,0.753141,0.754672,0.755204,0.761002,0.769242,0.775032,0.778535,0.778535,0.761002,0.762273,0.00238465,0.753141,0.754672,0.755204,0.761002,0.769242,0.775032,0.778535,0.497588,0.497589,0.497588,4.89073e-08,0.497588,0.497588,0.497588,0.497589,0.497589,0.497589,0.497589,0.497588,0.497589,0.497588,4.89073e-08,0.497588,0.497588,0.497588,0.497589,0.497589,0.497589,0.497589,0.0,0.0,0.0,0.0,0.0,0.0,0.0,0.0,0.0,0.0,0.0,0.0,0.0,0.0,0.0,0.0,0.0,0.0,0.0,0.0,0.0,0.0,-9999,-9999
201003,-9999,-9999,-9999,-9999,-9999,-9999,-9999,-9999,-6.386,-8.428,2.875,-4.435,3.111,-6.386,0.0,-8.428,2.875,0.0,-4.435,3.111,0.0,313.351,83.136,0.532258,191.116,190.848,0.532258,-9999,-9999,190.099,190.099,0.0,-9999,-9999,196.658,196.658,0.0,-9999,-9999,2.996,2.996,0.0,85.495,85.495,0.0,0.371,0.371,0.0,4.774,4.774,0.0,-9999,-9999,-9999,-9999,-9999,-9999,-9999,-9999,-9999,-9999,-9999,-9999,-9999,-9999,-9999,1.0,5.27389,0.0,-9999,-9999,-4.38979,0.0,-9999,-9999,-9999,-9999,23.5484,24.4516,0.0,0.0,-0.766593,-0.766593,0.0,0.0,-9999,-9999,-9999,-9999,-0.766593,-0.766593,0.0,0.0,-9999,-9999,-9999,-9999,-0.767389,-0.767389,0.0,0.0,0.00243045,0.00243045,-0.785134,-0.78422,-0.773451,-0.766593,-0.761815,-0.76075,-0.759039,-0.785134,-0.78422,-0.773451,-0.766593,-0.761815,-0.76075,-0.759039,0.0,0.0,0.0,0.0,0.0,0.0,0.0,0.0,0.0,0.0,0.0,0.0,0.0,0.0,-1.56972,-1.56972,0.296209,0.296209,0.0,0.0,-9999,-9999,-9999,-9999,0.063664,0.063664,1.38014,1.38014,0.0,0.0,-9999,-9999,-9999,-9999,-1.56972,-1.56972,0.296209,0.296209,0.0,0.0,-9999,-9999,-9999,-9999,0.063664,0.063664,1.38014,1.38014,0.0,0.0,-9999,-9999,-9999,-9999,-1.60398,-1.60374,-1.57964,-1.56972,-1.56241,-1.56177,-1.56137,-1.60398,-1.60374,-1.57964,-1.56972,-1.56241,-1.56177,-1.56137,0.0,0.0,0.0,0.0,0.0,0.0,0.0,0.0,0.0,0.0,0.0,0.0,0.0,0.0,0.060383,0.060383,0.060383,0.063664,0.0676306,0.0676306,0.0702573,0.060383,0.060383,0.060383,0.063664,0.0676306,0.0676306,0.0702573,0.0,0.0,0.0,0.0,0.0,0.0,0.0,0.0,0.0,0.0,0.0,0.0,0.0,0.0,8.50822e-08,8.50822e-08,8.50822e-08,4.23856e-24,8.50822e-08,8.50822e-08,8.50822e-08,8.50822e-08,8.50822e-08,8.50822e-08,8.50822e-08,8.50822e-08,8.50822e-08,8.50822e-08,4.23856e-24,8.50822e-08,8.50822e-08,8.50822e-08,8.50822e-08,8.50822e-08,8.50822e-08,8.50822e-08,0.785134,0.766594,0.76739,0.00243045,0.759039,0.760423,0.760903,0.766594,0.772517,0.778113,0.785134,0.785134,0.766594,0.76739,0.00243045,0.759039,0.760423,0.760903,0.766594,0.772517,0.778113,0.785134,0.660911,0.660912,0.660912,6.71928e-08,0.660911,0.660911,0.660911,0.660912,0.660912,0.660912,0.660912,0.660911,0.660912,0.660912,6.71928e-08,0.660911,0.660911,0.660911,0.660912,0.660912,0.660912,0.660912,0.0,0.0,0.0,0.0,0.0,0.0,0.0,0.0,0.0,0.0,0.0,0.0,0.0,0.0,0.0,0.0,0.0,0.0,0.0,0.0,0.0,0.0,-9999,-9999
201004,-9999,-9999,-9999,-9999,-9999,-9999,-9999,-9999,-0.031,-2.816,2.745,2.101,3.618,-0.031,0.0,-2.816,2.745,0.0,2.101,3.618,0.0,398.744,82.984,0.473611,221.018,220.788,0.473611,-9999,-9999,212.776,212.776,0.0,-9999,-9999,224.847,224.847,0.0,-9999,-9999,5.017,5.017,0.0,85.435,85.435,0.0,0.785,0.785,0.0,4.458,4.458,0.0,-9999,-9999,-9999,-9999,-9999,-9999,-9999,-9999,-9999,-9999,-9999,-9999,-9999,-9999,-9999,1.0,5.24279,0.0,-9999,-9999,-4.22789,0.0,-9999,-9999,-9999,-9999,20.7333,27.2667,0.0,0.0,-0.761217,-0.761217,0.0,0.0,-9999,-9999,-9999,-9999,-0.761217,-0.761217,0.0,0.0,-9999,-9999,-9999,-9999,-0.762113,-0.762113,0.0,0.0,0.00237657,0.00237657,-0.778985,-0.778041,-0.767846,-0.761217,-0.756591,-0.755443,-0.753674,-0.778985,-0.778041,-0.767846,-0.761217,-0.756591,-0.755443,-0.753674,0.0,0.0,0.0,0.0,0.0,0.0,0.0,0.0,0.0,0.0,0.0,0.0,0.0,0.0,-1.57489,-1.57489,0.299732,0.299732,0.0,0.0,-9999,-9999,-9999,-9999,-0.0933151,-0.0933151,1.38198,1.38198,0.0,0.0,-9999,-9999,-9999,-9999,-1.57489,-1.57489,0.299732,0.299732,0.0,0.0,-9999,-9999,-9999,-9999,-0.0933151,-0.0933151,1.38198,1.38198,0.0,0.0,-9999,-9999,-9999,-9999,-1.60549,-1.60549,-1.58085,-1.57489,-1.57072,-1.56996,-1.56716,-1.60549,-1.60549,-1.58085,-1.57489,-1.57072,-1.56996,-1.56716,0.0,0.0,0.0,0.0,0.0,0.0,0.0,0.0,0.0,0.0,0.0,0.0,0.0,0.0,-0.100225,-0.100004,-0.100004,-0.0933151,-0.0866699,-0.0866699,-0.0842369,-0.100225,-0.100004,-0.100004,-0.0933151,-0.0866699,-0.0866699,-0.0842369,0.0,0.0,0.0,0.0,0.0,0.0,0.0,0.0,0.0,0.0,0.0,0.0,0.0,0.0,2.56549e-07,2.56549e-07,2.56549e-07,1.69542e-23,2.56549e-07,2.56549e-07,2.56549e-07,2.56549e-07,2.56549e-07,2.56549e-07,2.56549e-07,2.56549e-07,2.56549e-07,2.56549e-07,1.69542e-23,2.56549e-07,2.56549e-07,2.56549e-07,2.56549e-07,2.56549e-07,2.56549e-07,2.56549e-07,0.778985,0.761218,0.762113,0.00237657,0.753675,0.755104,0.755601,0.761218,0.767753,0.773673,0.778985,0.778985,0.761218,0.762113,0.00237657,0.753675,0.755104,0.755601,0.761218,0.767753,0.773673,0.778985,0.791582,0.791583,0.791582,7.9436e-08,0.791582,0.791582,0.791582,0.791583,0.791583,0.791583,0.791583,0.791582,0.791583,0.791582,7.9436e-08,0.791582,0.791582,0.791582,0.791583,0.791583,0.791583,0.791583,0.0,0.0,0.0,0.0,0.0,0.0,0.0,0.0,0.0,0.0,0.0,0.0,0.0,0.0,0.0,0.0,0.0,0.0,0.0,0.0,0.0,0.0,-9999,-9999
201005,-9999,-9999,-9999,-9999,-9999,-9999,-9999,-9999,11.356,7.827,2.747,13.547,4.23,11.356,0.0,7.827,2.747,0.0,13.547,4.23,0.0,459.98,82.902,0.424059,234.493,234.28,0.424059,-9999,-9999,267.933,267.933,0.0,-9999,-9999,293.411,293.411,0.0,-9999,-9999,9.507,9.507,0.0,85.188,85.188,0.0,0.97,0.97,0.0,4.484,4.484,0.0,-9999,-9999,-9999,-9999,-9999,-9999,-9999,-9999,-9999,-9999,-9999,-9999,-9999,-9999,-9999,1.0,5.22909,0.0,-9999,-9999,-4.3099,0.0,-9999,-9999,-9999,-9999,18.3548,29.6452,0.0,0.0,-0.756035,-0.756035,0.0,0.0,-9999,-9999,-9999,-9999,-0.756035,-0.756035,0.0,0.0,-9999,-9999,-9999,-9999,-0.756693,-0.756693,0.0,0.0,0.00232071,0.00232071,-0.773241,-0.772328,-0.762064,-0.756035,-0.751917,-0.750503,-0.748792,-0.773241,-0.772328,-0.762064,-0.756035,-0.751917,-0.750503,-0.748792,0.0,0.0,0.0,0.0,0.0,0.0,0.0,0.0,0.0,0.0,0.0,0.0,0.0,0.0,-1.58929,-1.58929,0.294304,0.294304,0.0,0.0,-9999,-9999,-9999,-9999,-0.195294,-0.195294,1.37727,1.37727,0.0,0.0,-9999,-9999,-9999,-9999,-1.58929,-1.58929,0.294304,0.294304,0.0,0.0,-9999,-9999,-9999,-9999,-0.195294,-0.195294,1.37727,1.37727,0.0,0.0,-9999,-9999,-9999,-9999,-1.61615,-1.61615,-1.59452,-1.58929,-1.58529,-1.58446,-1.57959,-1.61615,-1.61615,-1.59452,-1.58929,-1.58529,-1.58446,-1.57959,0.0,0.0,0.0,0.0,0.0,0.0,0.0,0.0,0.0,0.0,0.0,0.0,0.0,0.0,-0.205502,-0.204074,-0.201478,-0.195294,-0.189104,-0.188874,-0.186941,-0.205502,-0.204074,-0.201478,-0.195294,-0.189104,-0.188874,-0.186941,0.0,0.0,0.0,0.0,0.0,0.0,0.0,0.0,0.0,0.0,0.0,0.0,0.0,0.0,9.08009e-07,9.08009e-07,9.08009e-07,1.35634e-22,9.08009e-07,9.08009e-07,9.08009e-07,9.08009e-07,9.08009e-07,9.08009e-07,9.08009e-07,9.08009e-07,9.08009e-07,9.08009e-07,1.35634e-22,9.08009e-07,9.08009e-07,9.08009e-07,9.08009e-07,9.08009e-07,9.08009e-07,9.08009e-07,0.773243,0.756036,0.756694,0.00232071,0.748794,0.750177,0.750657,0.756036,0.761643,0.768007,0.773243,0.773243,0.756036,0.756694,0.00232071,0.748794,0.750177,0.750657,0.756036,0.761643,0.768007,0.773243,0.985897,0.985898,0.985898,9.94403e-08,0.985897,0.985897,0.985897,0.985898,0.985899,0.985899,0.985899,0.985897,0.985898,0.985898,9.94403e-08,0.985897,0.985897,0.985897,0.985898,0.985899,0.985899,0.985899,0.0,0.0,0.0,0.0,0.0,0.0,0.0,0.0,0.0,0.0,0.0,0.0,0.0,0.0,0.0,0.0,0.0,0.0,0.0,0.0,0.0,0.0,-9999,-9999
201006,-9999,-9999,-9999,-9999,-9999,-9999,-9999,-9999,20.332,16.593,2.633,22.439,4.065,20.332,0.0,16.593,2.633,0.0,22.439,4.065,0.0,486.263,82.984,0.402778,256.954,256.472,0.402778,-9999,-9999,307.398,307.398,0.0,-9999,-9999,342.469,342.469,0.0,-9999,-9999,17.418,17.418,0.0,85.267,85.267,0.0,0.303,0.303,0.0,3.265,3.265,0.0,-9999,-9999,-9999,-9999,-9999,-9999,-9999,-9999,-9999,-9999,-9999,-9999,-9999,-9999,-9999,1.0,5.24279,0.0,-9999,-9999,-4.22789,0.0,-9999,-9999,-9999,-9999,17.3333,30.6667,0.0,0.0,-0.761217,-0.761217,0.0,0.0,-9999,-9999,-9999,-9999,-0.761217,-0.761217,0.0,0.0,-9999,-9999,-9999,-9999,-0.762113,-0.762113,0.0,0.0,0.00237657,0.00237657,-0.778985,-0.778041,-0.767846,-0.761217,-0.756591,-0.755443,-0.753674,-0.778985,-0.778041,-0.767846,-0.761217,-0.756591,-0.755443,-0.753674,0.0,0.0,0.0,0.0,0.0,0.0,0.0,0.0,0.0,0.0,0.0,0.0,0.0,0.0,-1.60505,-1.60505,0.294661,0.294661,0.0,0.0,-9999,-9999,-9999,-9999,-0.241202,-0.241202,1.3706,1.3706,0.0,0.0,-9999,-9999,-9999,-9999,-1.60505,-1.60505,0.294661,0.294661,0.0,0.0,-9999,-9999,-9999,-9999,-0.241202,-0.241202,1.3706,1.3706,0.0,0.0,-9999,-9999,-9999,-9999,-1.63435,-1.63356,-1.62011,-1.60505,-1.60094,-1.60004,-1.59458,-1.63435,-1.63356,-1.62011,-1.60505,-1.60094,-1.60004,-1.59458,0.0,0.0,0.0,0.0,0.0,0.0,0.0,0.0,0.0,0.0,0.0,0.0,0.0,0.0,-0.251923,-0.250496,-0.242806,-0.241202,-0.234796,-0.234788,-0.232635,-0.251923,-0.250496,-0.242806,-0.241202,-0.234796,-0.234788,-0.232635,0.0,0.0,0.0,0.0,0.0,0.0,0.0,0.0,0.0,0.0,0.0,0.0,0.0,0.0,1.36994e-06,1.36994e-06,1.36994e-06,1.35634e-22,1.36994e-06,1.36994e-06,1.36994e-06,1.36994e-06,1.36994e-06,1.36994e-06,1.36994e-06,1.36994e-06,1.36994e-06,1.36994e-06,1.35634e-22,1.36994e-06,1.36994e-06,1.36994e-06,1.36994e-06,1.36994e-06,1.36994e-06,1.36994e-06,0.778986,0.761219,0.762115,0.00237657,0.753676,0.755105,0.755602,0.761219,0.767754,0.773675,0.778986,0.778986,0.761219,0.762115,0.00237657,0.753676,0.755105,0.755602,0.761219,0.767754,0.773675,0.778986,1.11134,1.11134,1.11134,1.1254e-07,1.11134,1.11134,1.11134,1.11134,1.11134,1.11134,1.11134,1.11134,1.11134,1.11134,1.1254e-07,1.11134,1.11134,1.11134,1.11134,1.11134,1.11134,1.11134,0.0,0.0,0.0,0.0,0.0,0.0,0.0,0.0,0.0,0.0,0.0,0.0,0.0,0.0,0.0,0.0,0.0,0.0,0.0,0.0,0.0,0.0,-9999,-9999
201007,-9999,-9999,-9999,-9999,-9999,-9999,-9999,-9999,24.698,21.422,2.685,26.571,4.035,24.698,0.0,21.422,2.685,0.0,26.571,4.035,0.0,473.285,84.401,0.405914,265.66,265.452,0.405914,-9999,-9999,334.912,334.912,0.0,-9999,-9999,376.671,376.671,0.0,-9999,-9999,22.264,22.264,0.0,85.198,85.198,0.0,0.223,0.223,0.0,2.972,2.972,0.0,-9999,-9999,-9999,-9999,-9999,-9999,-9999,-9999,-9999,-9999,-9999,-9999,-9999,-9999,-9999,1.0,5.22538,0.0,-9999,-9999,-3.98397,0.0,-9999,-9999,-9999,-9999,17.4839,30.5161,0.0,0.0,-0.761023,-0.761023,0.0,0.0,-9999,-9999,-9999,-9999,-0.761023,-0.761023,0.0,0.0,-9999,-9999,-9999,-9999,-0.762257,-0.762257,0.0,0.0,0.00238353,0.00238353,-0.778579,-0.777574,-0.769097,-0.761023,-0.756039,-0.755074,-0.753192,-0.778579,-0.777574,-0.769097,-0.761023,-0.756039,-0.755074,-0.753192,0.0,0.0,0.0,0.0,0.0,0.0,0.0,0.0,0.0,0.0,0.0,0.0,0.0,0.0,-1.59467,-1.59467,0.294673,0.294673,0.0,0.0,-9999,-9999,-9999,-9999,-0.239504,-0.239504,1.36405,1.36405,0.0,0.0,-9999,-9999,-9999,-9999,-1.59467,-1.59467,0.294673,0.294673,0.0,0.0,-9999,-9999,-9999,-9999,-0.239504,-0.239504,1.36405,1.36405,0.0,0.0,-9999,-9999,-9999,-9999,-1.62649,-1.62228,-1.61119,-1.59467,-1.59071,-1.58976,-1.58436,-1.62649,-1.62228,-1.61119,-1.59467,-1.59071,-1.58976,-1.58436,0.0,0.0,0.0,0.0,0.0,0.0,0.0,0.0,0.0,0.0,0.0,0.0,0.0,0.0,-0.250305,-0.248783,-0.242498,-0.239504,-0.23277,-0.232664,-0.230466,-0.250305,-0.248783,-0.242498,-0.239504,-0.23277,-0.232664,-0.230466,0.0,0.0,0.0,0.0,0.0,0.0,0.0,0.0,0.0,0.0,0.0,0.0,0.0,0.0,1.64167e-06,1.64167e-06,1.64167e-06,1.01725e-22,1.64167e-06,1.64167e-06,1.64167e-06,1.64167e-06,1.64167e-06,1.64167e-06,1.64167e-06,1.64167e-06,1.64167e-06,1.64167e-06,1.01725e-22,1.64167e-06,1.64167e-06,1.64167e-06,1.64167e-06,1.64167e-06,1.64167e-06,1.64167e-06,0.778581,0.761025,0.762259,0.00238353,0.753194,0.754716,0.755244,0.761025,0.769099,0.774902,0.778581,0.778581,0.761025,0.762259,0.00238353,0.753194,0.754716,0.755244,0.761025,0.769099,0.774902,0.778581,1.16583,1.16583,1.16583,1.1758e-07,1.16583,1.16583,1.16583,1.16583,1.16583,1.16583,1.16583,1.16583,1.16583,1.16583,1.1758e-07,1.16583,1.16583,1.16583,1.16583,1.16583,1.16583,1.16583,0.0,0.0,0.0,0.0,0.0,0.0,0.0,0.0,0.0,0.0,0.0,0.0,0.0,0.0,0.0,0.0,0.0,0.0,0.0,0.0,0.0,0.0,-9999,-9999
201008,-9999,-9999,-9999,-9999,-9999,-9999,-9999,-9999,18.253,15.049,2.582,20.475,3.592,18.253,0.0,15.049,2.582,0.0,20.475,3.592,0.0,423.387,84.887,0.450269,230.594,230.357,0.450269,-9999,-9999,300.515,300.515,0.0,-9999,-9999,333.913,333.913,0.0,-9999,-9999,12.796,12.796,0.0,85.475,85.475,0.0,1.658,1.658,0.0,3.261,3.261,0.0,-9999,-9999,-9999,-9999,-9999,-9999,-9999,-9999,-9999,-9999,-9999,-9999,-9999,-9999,-9999,1.0,5.27389,0.0,-9999,-9999,-4.38979,0.0,-9999,-9999,-9999,-9999,19.6129,28.3871,0.0,0.0,-0.766593,-0.766593,0.0,0.0,-9999,-9999,-9999,-9999,-0.766593,-0.766593,0.0,0.0,-9999,-9999,-9999,-9999,-0.767389,-0.767389,0.0,0.0,0.00243045,0.00243045,-0.785134,-0.78422,-0.773451,-0.766593,-0.761815,-0.76075,-0.759039,-0.785134,-0.78422,-0.773451,-0.766593,-0.761815,-0.76075,-0.759039,0.0,0.0,0.0,0.0,0.0,0.0,0.0,0.0,0.0,0.0,0.0,0.0,0.0,0.0,-1.59756,-1.59756,0.298761,0.298761,0.0,0.0,-9999,-9999,-9999,-9999,-0.145324,-0.145324,1.38526,1.38526,0.0,0.0,-9999,-9999,-9999,-9999,-1.59756,-1.59756,0.298761,0.298761,0.0,0.0,-9999,-9999,-9999,-9999,-0.145324,-0.145324,1.38526,1.38526,0.0,0.0,-9999,-9999,-9999,-9999,-1.62987,-1.62987,-1.6062,-1.59756,-1.59315,-1.59238,-1.58831,-1.62987,-1.62987,-1.6062,-1.59756,-1.59315,-1.59238,-1.58831,0.0,0.0,0.0,0.0,0.0,0.0,0.0,0.0,0.0,0.0,0.0,0.0,0.0,0.0,-0.153184,-0.15169,-0.150556,-0.145324,-0.138837,-0.138719,-0.136576,-0.153184,-0.15169,-0.150556,-0.145324,-0.138837,-0.138719,-0.136576,0.0,0.0,0.0,0.0,0.0,0.0,0.0,0.0,0.0,0.0,0.0,0.0,0.0,0.0,1.22881e-06,1.22881e-06,1.22881e-06,1.01725e-22,1.22881e-06,1.22881e-06,1.22881e-06,1.22881e-06,1.22881e-06,1.22881e-06,1.22881e-06,1.22881e-06,1.22881e-06,1.22881e-06,1.01725e-22,1.22881e-06,1.22881e-06,1.22881e-06,1.22881e-06,1.22881e-06,1.22881e-06,1.22881e-06,0.785135,0.766595,0.767391,0.00243045,0.759041,0.760424,0.760905,0.766595,0.772518,0.778114,0.785135,0.785135,0.766595,0.767391,0.00243045,0.759041,0.760424,0.760905,0.766595,0.772518,0.778114,0.785135,1.08571,1.08571,1.08571,1.08688e-07,1.08571,1.08571,1.08571,1.08571,1.08571,1.08571,1.08571,1.08571,1.08571,1.08571,1.08688e-07,1.08571,1.08571,1.08571,1.08571,1.08571,1.08571,1.08571,0.0,0.0,0.0,0.0,0.0,0.0,0.0,0.0,0.0,0.0,0.0,0.0,0.0,0.0,0.0,0.0,0.0,0.0,0.0,0.0,0.0,0.0,-9999,-9999
201009,-9999,-9999,-9999,-9999,-9999,-9999,-9999,-9999,12.298,9.922,2.584,14.364,3.209,12.298,0.0,9.922,2.584,0.0,14.364,3.209,0.0,347.243,84.738,0.506944,171.042,170.77,0.506944,-9999,-9999,286.243,286.243,0.0,-9999,-9999,316.172,316.172,0.0,-9999,-9999,7.115,7.115,0.0,85.796,85.796,0.0,3.857,3.857,0.0,3.064,3.064,0.0,-9999,-9999,-9999,-9999,-9999,-9999,-9999,-9999,-9999,-9999,-9999,-9999,-9999,-9999,-9999,1.0,5.24279,0.0,-9999,-9999,-4.22789,0.0,-9999,-9999,-9999,-9999,22.3333,25.6667,0.0,0.0,-0.761217,-0.761217,0.0,0.0,-9999,-9999,-9999,-9999,-0.761217,-0.761217,0.0,0.0,-9999,-9999,-9999,-9999,-0.762113,-0.762113,0.0,0.0,0.00237657,0.00237657,-0.778985,-0.778041,-0.767846,-0.761217,-0.756591,-0.755443,-0.753674,-0.778985,-0.778041,-0.767846,-0.761217,-0.756591,-0.755443,-0.753674,0.0,0.0,0.0,0.0,0.0,0.0,0.0,0.0,0.0,0.0,0.0,0.0,0.0,0.0,-1.56104,-1.56104,0.29879,0.29879,0.0,0.0,-9999,-9999,-9999,-9999,-0.0120576,-0.0120576,1.38439,1.38439,0.0,0.0,-9999,-9999,-9999,-9999,-1.56104,-1.56104,0.29879,0.29879,0.0,0.0,-9999,-9999,-9999,-9999,-0.0120576,-0.0120576,1.38439,1.38439,0.0,0.0,-9999,-9999,-9999,-9999,-1.59194,-1.59194,-1.56799,-1.56104,-1.55628,-1.55558,-1.55418,-1.59194,-1.59194,-1.56799,-1.56104,-1.55628,-1.55558,-1.55418,0.0,0.0,0.0,0.0,0.0,0.0,0.0,0.0,0.0,0.0,0.0,0.0,0.0,0.0,-0.0178981,-0.0178981,-0.0178981,-0.0120576,-0.00583689,-0.00583689,-0.00326211,-0.0178981,-0.0178981,-0.0178981,-0.0120576,-0.00583689,-0.00583689,-0.00326211,0.0,0.0,0.0,0.0,0.0,0.0,0.0,0.0,0.0,0.0,0.0,0.0,0.0,0.0,9.72146e-07,9.72146e-07,9.72146e-07,1.35634e-22,9.72146e-07,9.72146e-07,9.72146e-07,9.72146e-07,9.72146e-07,9.72146e-07,9.72146e-07,9.72146e-07,9.72146e-07,9.72146e-07,1.35634e-22,9.72146e-07,9.72146e-07,9.72146e-07,9.72146e-07,9.72146e-07,9.72146e-07,9.72146e-07,0.778986,0.761218,0.762114,0.00237657,0.753676,0.755105,0.755602,0.761218,0.767753,0.773674,0.778986,0.778986,0.761218,0.762114,0.00237657,0.753676,0.755105,0.755602,0.761218,0.767753,0.773674,0.778986,0.999568,0.999569,0.999568,1.01278e-07,0.999568,0.999568,0.999568,0.999569,0.999569,0.999569,0.999569,0.999568,0.999569,0.999568,1.01278e-07,0.999568,0.999568,0.999568,0.999569,0.999569,0.999569,0.999569,0.0,0.0,0.0,0.0,0.0,0.0,0.0,0.0,0.0,0.0,0.0,0.0,0.0,0.0,0.0,0.0,0.0,0.0,0.0,0.0,0.0,0.0,-9999,-9999
201010,-9999,-9999,-9999,-9999,-9999,-9999,-9999,-9999,3.804,1.78,2.103,6.032,3.081,3.804,0.0,1.78,2.103,0.0,6.032,3.081,0.0,259.568,84.656,0.565188,140.678,140.49,0.565188,-9999,-9999,234.161,234.161,0.0,-9999,-9999,251.43,251.43,0.0,-9999,-9999,4.408,4.408,0.0,86.038,86.038,0.0,0.685,0.685,0.0,3.445,3.445,0.0,-9999,-9999,-9999,-9999,-9999,-9999,-9999,-9999,-9999,-9999,-9999,-9999,-9999,-9999,-9999,1.0,5.15054,0.0,-9999,-9999,-0.767391,0.0,-9999,-9999,-9999,-9999,25.129,22.871,0.0,0.0,-0.695741,-0.695741,0.0,0.0,-9999,-9999,-9999,-9999,-0.695741,-0.695741,0.0,0.0,-9999,-9999,-9999,-9999,-0.701785,-0.701785,0.0,0.0,0.00395516,0.00395516,-0.745986,-0.734116,-0.733957,-0.695741,-0.681266,-0.67685,-0.670069,-0.745986,-0.734116,-0.733957,-0.695741,-0.681266,-0.67685,-0.670069,0.0,0.0,0.0,0.0,0.0,0.0,0.0,0.0,0.0,0.0,0.0,0.0,0.0,0.0,-1.4304,-1.4304,0.0902487,0.0902487,0.0,0.0,-9999,-9999,-9999,-9999,0.165033,0.165033,1.37006,1.37006,0.0,0.0,-9999,-9999,-9999,-9999,-1.4304,-1.4304,0.0902487,0.0902487,0.0,0.0,-9999,-9999,-9999,-9999,0.165033,0.165033,1.37006,1.37006,0.0,0.0,-9999,-9999,-9999,-9999,-1.52021,-1.49898,-1.49869,-1.44075,-1.40977,-1.39982,-1.39001,-1.52021,-1.49898,-1.49869,-1.44075,-1.40977,-1.39982,-1.39001,0.0,0.0,0.0,0.0,0.0,0.0,0.0,0.0,0.0,0.0,0.0,0.0,0.0,0.0,0.163374,0.163374,0.163374,0.165033,0.169235,0.169235,0.172032,0.163374,0.163374,0.163374,0.165033,0.169235,0.169235,0.172032,0.0,0.0,0.0,0.0,0.0,0.0,0.0,0.0,0.0,0.0,0.0,0.0,0.0,0.0,4.89572e-07,4.89572e-07,4.89572e-07,5.08627e-23,4.89572e-07,4.89572e-07,4.89572e-07,4.89572e-07,4.89572e-07,4.89572e-07,4.89572e-07,4.89572e-07,4.89572e-07,4.89572e-07,5.08627e-23,4.89572e-07,4.89572e-07,4.89572e-07,4.89572e-07,4.89572e-07,4.89572e-07,4.89572e-07,0.703527,0.695741,0.701786,0.00395513,0.669258,0.675344,0.681267,0.695741,0.723045,0.734116,0.739931,0.703527,0.695741,0.701786,0.00395513,0.669258,0.675344,0.681267,0.695741,0.723045,0.734116,0.739931,0.861641,0.861642,0.861642,8.71993e-08,0.861641,0.861641,0.861641,0.861642,0.861642,0.861642,0.861642,0.861641,0.861642,0.861642,8.71993e-08,0.861641,0.861641,0.861641,0.861642,0.861642,0.861642,0.861642,0.0,0.0,0.0,0.0,0.0,0.0,0.0,0.0,0.0,0.0,0.0,0.0,0.0,0.0,0.0,0.0,0.0,0.0,0.0,0.0,0.0,0.0,-9999,-9999
201011,-9999,-9999,-9999,-9999,-9999,-9999,-9999,-9999,-5.1,-6.296,2.048,-3.502,2.351,-5.1,0.0,-6.296,2.048,0.0,-3.502,2.351,0.0,184.426,84.738,0.615972,100.521,100.372,0.615972,-9999,-9999,192.615,192.615,0.0,-9999,-9999,199.787,199.787,0.0,-9999,-9999,2.515,2.515,0.0,85.688,85.688,0.0,0.12,0.12,0.0,4.832,4.832,0.0,-9999,-9999,-9999,-9999,-9999,-9999,-9999,-9999,-9999,-9999,-9999,-9999,-9999,-9999,-9999,1.0,5.16282,0.0,-9999,-9999,-0.703596,0.0,-9999,-9999,-9999,-9999,27.5667,20.4333,0.0,0.0,-0.710275,-0.710275,0.0,0.0,-9999,-9999,-9999,-9999,-0.710275,-0.710275,0.0,0.0,-9999,-9999,-9999,-9999,-0.717687,-0.717687,0.0,0.0,0.00437649,0.00437649,-0.760519,-0.754639,-0.754458,-0.710275,-0.695163,-0.690134,-0.682605,-0.760519,-0.754639,-0.754458,-0.710275,-0.695163,-0.690134,-0.682605,0.0,0.0,0.0,0.0,0.0,0.0,0.0,0.0,0.0,0.0,0.0,0.0,0.0,0.0,-1.44049,-1.44049,0.0778392,0.0778392,0.0,0.0,-9999,-9999,-9999,-9999,0.338194,0.338194,1.33807,1.33807,0.0,0.0,-9999,-9999,-9999,-9999,-1.44049,-1.44049,0.0778392,0.0778392,0.0,0.0,-9999,-9999,-9999,-9999,0.338194,0.338194,1.33807,1.33807,0.0,0.0,-9999,-9999,-9999,-9999,-1.53389,-1.51404,-1.51374,-1.45121,-1.41921,-1.40884,-1.39864,-1.53389,-1.51404,-1.51374,-1.45121,-1.41921,-1.40884,-1.39864,0.0,0.0,0.0,0.0,0.0,0.0,0.0,0.0,0.0,0.0,0.0,0.0,0.0,0.0,0.337129,0.337129,0.337129,0.338194,0.340868,0.344097,0.350589,0.337129,0.337129,0.337129,0.338194,0.340868,0.344097,0.350589,0.0,0.0,0.0,0.0,0.0,0.0,0.0,0.0,0.0,0.0,0.0,0.0,0.0,0.0,3.67527e-08,3.67527e-08,3.67527e-08,5.2982e-24,3.67527e-08,3.67527e-08,3.67527e-08,3.67527e-08,3.67527e-08,3.67527e-08,3.67527e-08,3.67527e-08,3.67527e-08,3.67527e-08,5.2982e-24,3.67527e-08,3.67527e-08,3.67527e-08,3.67527e-08,3.67527e-08,3.67527e-08,3.67527e-08,0.718774,0.710275,0.717687,0.00437646,0.681718,0.688472,0.695163,0.710275,0.741789,0.754638,0.759687,0.718774,0.710275,0.717687,0.00437646,0.681718,0.688472,0.695163,0.710275,0.741789,0.754638,0.759687,0.693554,0.693555,0.693555,6.96926e-08,0.693554,0.693554,0.693554,0.693555,0.693555,0.693555,0.693555,0.693554,0.693555,0.693555,6.96926e-08,0.693554,0.693554,0.693554,0.693555,0.693555,0.693555,0.693555,0.0,0.0,0.0,0.0,0.0,0.0,0.0,0.0,0.0,0.0,0.0,0.0,0.0,0.0,0.0,0.0,0.0,0.0,0.0,0.0,0.0,0.0,-9999,-9999
201012,-9999,-9999,-9999,-9999,-9999,-9999,-9999,-9999,-14.742,-15.501,2.444,-13.558,2.123,-13.004,0.523522,-13.365,2.336,0.611791,-12.407,2.375,0.387097,148.353,86.688,0.783602,81.672,83.563,0.783602,-9999,-9999,159.542,159.542,0.0,-9999,-9999,158.675,165.396,0.523522,-9999,-9999,1.477,1.665,0.523522,85.409,85.5,0.387097,0.124,0.055,0.387097,5.352,5.287,0.386425,-9999,-9999,-9999,-9999,-9999,-9999,-9999,-9999,-9999,-9999,-9999,-9999,-9999,-9999,-9999,1.0,4.00469,0.523522,-9999,0.0831108,3.08651,0.522849,-9999,0.383706,-9999,-9999,29.1935,18.8065,24.4839,15.7097,-0.75475,-0.75475,0.518145,0.518145,0.0313691,0.0313691,0.0574595,0.0574595,-0.75475,-0.75475,0.518145,0.518145,0.0313691,0.0313691,0.0574595,0.0574595,-0.761527,-0.761564,0.518683,0.518683,0.00651408,0.0065055,-0.838457,-0.810358,-0.807673,-0.75503,-0.730447,-0.714076,-0.703306,-0.838457,-0.810358,-0.807673,-0.75503,-0.730447,-0.714076,-0.703897,0.516129,0.518145,0.518145,0.518145,0.520161,0.521505,0.521505,0.516129,0.518145,0.518145,0.518145,0.520161,0.521505,0.521505,-1.24394,-1.24394,0.358085,0.358085,0.607453,0.607453,0.0377267,0.0377267,0.07515,0.0749487,0.0752352,0.0752352,1.36056,1.36056,0.379928,0.379928,0.0502438,0.0502438,0.0530521,0.0530521,-1.24394,-1.24394,0.358085,0.358085,0.607453,0.607453,0.0377267,0.0377267,0.07515,0.0749487,0.0752352,0.0752352,1.36056,1.36056,0.379928,0.379928,0.0502438,0.0502438,0.0530521,0.0530521,-1.36115,-1.32183,-1.31877,-1.24427,-1.20892,-1.19184,-1.18786,-1.36115,-1.32183,-1.31877,-1.24427,-1.20892,-1.19231,-1.1886,0.604227,0.607453,0.607453,0.607453,0.610679,0.610679,0.610679,0.604227,0.607453,0.607453,0.607453,0.610679,0.610679,0.610679,0.0480581,0.0594987,0.0611665,0.0752352,0.0798659,0.0935623,0.112566,0.0480581,0.0594987,0.0611665,0.0752352,0.0798659,0.0935623,0.112566,0.367949,0.379928,0.379928,0.379928,0.379928,0.383513,0.383607,0.367949,0.379928,0.379928,0.379928,0.379928,0.383513,0.383607,6.27656e-09,6.27656e-09,6.27656e-09,0.0,6.27656e-09,6.27656e-09,6.27656e-09,6.27656e-09,6.27656e-09,6.27656e-09,6.27656e-09,6.27656e-09,6.27656e-09,6.27656e-09,0.0,6.27656e-09,6.27656e-09,6.27656e-09,6.27656e-09,6.27656e-09,6.27656e-09,6.27656e-09,0.755031,0.75475,0.761564,0.00650548,0.702113,0.712975,0.730447,0.754755,0.796028,0.810358,0.819132,0.755031,0.75475,0.761527,0.00651406,0.701755,0.712975,0.730447,0.754755,0.796028,0.810358,0.819132,0.513416,0.513416,0.513416,5.21056e-08,0.513416,0.513416,0.513416,0.513416,0.513417,0.513417,0.513417,0.513416,0.513416,0.513416,5.21056e-08,0.513416,0.513416,0.513416,0.513416,0.513417,0.513417,0.513417,0.0,0.0,0.0,0.0,0.0,0.0,0.0,0.0,0.0,0.0,0.0,0.0,0.0,0.0,0.0,0.0,0.0,0.0,0.0,0.0,0.0,0.0,-9999,-9999
201101,-22.06,1.0,-24.048,2.645,1.0,-19.207,3.813,1.0,-22.354,-23.961,2.194,-20.087,2.825,-22.06,1.0,-24.048,2.645,1.0,-19.207,3.813,1.0,165.531,113.234,1.0,101.743,113.234,1.0,-9999,-9999,142.629,142.629,0.0,128.27,1.0,137.65,128.27,1.0,0.461,1.0,0.527,0.461,1.0,86.192,86.454,1.0,0.069,0.013,0.553091,3.427,2.868,1.0,0.147600200941,0.998655913978,-16.5707989153,1.0,217.607248614,1.0,-9999,-9999,-9999,-9999,-13.434,0.633065,6.5,1.0,-9999,1.0,1.34576,1.0,-9999,0.108027,-4.45077,1.0,-9999,0.342146,-9999,-9999,28.4194,19.5806,28.4194,19.5806,-0.825478,-0.825478,0.989247,0.989247,0.0393068,0.0393068,0.217716,0.217716,-0.825478,-0.825478,0.989247,0.989247,0.0393068,0.0393068,0.217716,0.217716,-0.893239,-0.893461,0.983653,0.983653,0.0274776,0.0274306,-1.18773,-1.16129,-1.05499,-0.828715,-0.776384,-0.733018,-0.665876,-1.18773,-1.16129,-1.05499,-0.828715,-0.776384,-0.733018,-0.668284,0.983199,0.982527,0.971102,0.989919,0.989919,0.990591,0.991935,0.983199,0.982527,0.971102,0.989919,0.989919,0.990591,0.991935,-0.797723,-0.797723,1.21232,1.21232,1.0,1.0,0.0518072,0.0518072,0.299115,0.299115,-0.796195,-0.796195,1.07127,1.07127,0.972997,0.972997,0.0544782,0.0544782,0.103281,0.103281,-0.797723,-0.797723,1.21232,1.21232,1.0,1.0,0.0518072,0.0518072,0.299115,0.299115,-0.796195,-0.796195,1.07127,1.07127,0.972997,0.972997,0.0544782,0.0544782,0.103281,0.103281,-1.28838,-1.25333,-1.12471,-0.808556,-0.75032,-0.664138,-0.6014,-1.28838,-1.25333,-1.12471,-0.808556,-0.75032,-0.664138,-0.605241,0.996581,0.994273,0.982656,1.0,1.0,1.0,1.0,0.996581,0.994273,0.982656,1.0,1.0,1.0,1.0,-0.996204,-0.926895,-0.864108,-0.796119,-0.776763,-0.751405,-0.724994,-0.996204,-0.926895,-0.864108,-0.796119,-0.776763,-0.751405,-0.724994,0.950445,0.965325,0.965325,0.974695,0.971623,0.974533,0.976231,0.950445,0.965325,0.965325,0.974695,0.971623,0.974533,0.976231,5.50942e-08,1.25531e-08,8.47336e-08,1.47106e-08,4.18437e-09,6.97395e-09,9.06614e-09,3.97515e-08,1.63191e-07,1.9806e-07,2.76866e-07,5.50942e-08,1.25531e-08,8.47336e-08,1.47106e-08,4.18437e-09,6.97395e-09,9.06614e-09,3.97515e-08,1.63191e-07,1.9806e-07,2.76866e-07,0.822878,0.825478,0.893461,0.0274306,0.658175,0.720624,0.759782,0.827136,1.02832,1.16129,1.17931,0.822878,0.825478,0.89324,0.0274776,0.656166,0.720624,0.759782,0.827136,1.02832,1.16129,1.17931,0.736463,1.6246,0.971043,0.0763872,0.382317,0.422625,0.513276,0.822964,1.37671,1.62443,1.69219,0.736463,1.6246,0.995216,0.0793077,0.382317,0.422625,0.513276,0.822964,1.48356,1.6246,1.696,0.733041,1.15122,0.804653,0.0401992,0.489797,0.500705,0.58026,0.733041,1.01447,1.14422,1.15924,0.733041,1.15122,0.816395,0.0415307,0.489797,0.500705,0.58026,0.733041,1.10697,1.14677,1.16072,-9999,-9999
201102,-10.03,1.0,-12.507,3.453,1.0,-7.034,4.543,1.0,-10.626,-12.74,3.215,-8.075,3.59,-10.03,1.0,-12.507,3.453,1.0,-7.034,4.543,1.0,227.471,139.815,1.0,137.836,139.815,1.0,-9999,-9999,183.528,183.528,0.0,181.125,1.0,188.49,181.125,1.0,1.715,1.0,1.747,1.715,1.0,85.623,85.696,1.0,0.216,0.03,0.677827,3.433,3.2,1.0,0.192590244921,0.998511904762,19.6242128125,1.0,268.769466482,1.0,-9999,-9999,-9999,-9999,-8.073,0.0,7.6,1.0,-9999,1.0,10.6217,0.998512,-9999,0.191293,8.91739,0.999256,-9999,0.461003,-9999,-9999,26.2143,21.7857,26.2143,21.7857,-0.587198,-0.587198,0.973958,0.973958,0.0441822,0.0441822,0.0790559,0.0790559,-0.587198,-0.587198,0.973958,0.973958,0.0441822,0.0441822,0.0790559,0.0790559,-0.624984,-0.624984,0.97061,0.97061,0.0150422,0.0150422,-0.791106,-0.689304,-0.678664,-0.588934,-0.574872,-0.558189,-0.54333,-0.791106,-0.689304,-0.678664,-0.588934,-0.574872,-0.558189,-0.54333,0.939732,0.962798,0.960565,0.97247,0.981399,0.987351,0.990327,0.939732,0.962798,0.960565,0.97247,0.981399,0.987351,0.990327,-0.535692,-0.535692,1.22202,1.22202,1.0,1.0,0.0545685,0.0545685,0.0738348,0.0738348,-0.604136,-0.604136,1.67612,1.67612,0.941004,0.941004,0.0669951,0.0669951,0.109669,0.109669,-0.535692,-0.535692,1.22202,1.22202,1.0,1.0,0.0545685,0.0545685,0.0738348,0.0738348,-0.604136,-0.604136,1.67612,1.67612,0.941004,0.941004,0.0669951,0.0669951,0.109669,0.109669,-0.714154,-0.629692,-0.629301,-0.572634,-0.541288,-0.530216,-0.52043,-0.714154,-0.629692,-0.629301,-0.572634,-0.541288,-0.530216,-0.52043,0.982279,1.0,1.0,1.0,1.0,0.998677,0.998677,0.982279,1.0,1.0,1.0,1.0,0.998677,0.998677,-0.821454,-0.695229,-0.681478,-0.595899,-0.578702,-0.521575,-0.472592,-0.821454,-0.695229,-0.681478,-0.595899,-0.578702,-0.521575,-0.472592,0.886085,0.912697,0.910771,0.959486,0.934278,0.974567,0.976345,0.886085,0.912697,0.910771,0.959486,0.934278,0.974567,0.976345,7.26562e-07,5.00331e-07,6.56222e-07,2.89258e-08,4.09222e-07,4.33929e-07,4.60181e-07,6.76374e-07,8.44695e-07,8.62454e-07,9.07237e-07,7.26562e-07,5.00331e-07,6.56222e-07,2.89258e-08,4.09222e-07,4.33929e-07,4.60181e-07,6.76374e-07,8.44695e-07,8.62454e-07,9.07237e-07,0.62487,0.587198,0.624984,0.0150422,0.538953,0.555098,0.571325,0.587198,0.675792,0.682647,0.746884,0.62487,0.587198,0.624984,0.0150422,0.538953,0.555098,0.571325,0.587198,0.675792,0.682647,0.746884,0.881634,0.607213,0.616726,0.0328382,0.382854,0.384473,0.435303,0.607211,0.661758,0.942936,0.992179,0.881634,0.607213,0.626057,0.0317542,0.382854,0.395345,0.435421,0.607213,0.661758,0.942936,0.992179,0.266722,0.266723,0.311432,0.0151705,0.184725,0.203315,0.253726,0.269092,0.392959,0.395301,0.490275,0.266722,0.266723,0.317752,0.0148871,0.20054,0.20332,0.253726,0.275544,0.393549,0.414721,0.490275,-9999,-9999
201103,-5.404,1.0,-8.778,3.056,1.0,-2.176,4.395,1.0,-5.818,-8.261,2.294,-3.469,3.518,-5.404,1.0,-8.778,3.056,1.0,-2.176,4.395,1.0,313.351,197.558,1.0,196.819,197.558,1.0,-9999,-9999,180.732,180.732,0.0,180.32,1.0,185.014,180.32,1.0,3.657,1.0,3.509,3.657,1.0,85.896,85.975,1.0,0.024,0.0,1.0,4.458,4.544,1.0,0.249320563844,1.0,69.3112523185,1.0,379.81726653,1.0,-9999,-9999,-9999,-9999,-0.029,0.0,9.5,1.0,-9999,1.0,5.38751,0.999328,-9999,0.0989509,53.6526,1.0,-9999,0.484448,-9999,-9999,23.5484,24.4516,23.5484,24.4516,-0.0544064,-0.0544064,0.994624,0.994624,0.0268959,0.0268959,0.0428781,0.0428781,-0.0544064,-0.0544064,0.994624,0.994624,0.0268959,0.0268959,0.0428781,0.0428781,-0.0424549,-0.0424549,0.991717,0.991717,0.00714512,0.00714512,-0.171553,-0.0620212,-0.0544064,-0.0413294,-0.0247113,0.00476626,0.00645491,-0.171553,-0.0620212,-0.0544064,-0.0413294,-0.0247113,0.00476626,0.00645491,0.971102,0.991935,0.994624,0.988575,0.995968,0.995968,0.995968,0.971102,0.991935,0.994624,0.988575,0.995968,0.995968,0.995968,-0.744612,-0.744612,0.609416,0.609416,1.0,1.0,0.0314535,0.0314535,0.0512864,0.0512864,0.616879,0.616879,1.22454,1.22454,0.989116,0.989116,0.0408788,0.0408788,0.0492813,0.0492813,-0.744612,-0.744612,0.609416,0.609416,1.0,1.0,0.0314535,0.0314535,0.0512864,0.0512864,0.616879,0.616879,1.22454,1.22454,0.989116,0.989116,0.0408788,0.0408788,0.0492813,0.0492813,-0.870487,-0.750602,-0.7446,-0.72391,-0.690389,-0.669585,-0.659312,-0.870487,-0.750602,-0.7446,-0.72391,-0.690389,-0.669585,-0.659312,0.938105,1.0,1.0,0.994839,0.992258,1.0,1.0,0.938105,1.0,1.0,0.994839,0.992258,1.0,1.0,0.522826,0.595683,0.600173,0.616879,0.639735,0.650732,0.655674,0.522826,0.595683,0.600173,0.616879,0.639735,0.650732,0.655674,0.971138,0.987988,0.985295,0.989116,0.991921,0.991809,0.991809,0.971138,0.987988,0.985295,0.989116,0.991921,0.991809,0.991809,8.96153e-07,7.60161e-07,8.53229e-07,2.20924e-08,6.42301e-07,6.77171e-07,7.1762e-07,8.64073e-07,1.00425e-06,1.01471e-06,1.03284e-06,8.96153e-07,7.60161e-07,8.53229e-07,2.20924e-08,6.42301e-07,6.77171e-07,7.1762e-07,8.64073e-07,1.00425e-06,1.01471e-06,1.03284e-06,0.0630763,0.0544071,0.0424557,0.00714513,-0.0089752,-0.00490555,0.0130551,0.0413304,0.0529145,0.0618065,0.151908,0.0630763,0.0544071,0.0424557,0.00714513,-0.0089752,-0.00490555,0.0130551,0.0413304,0.0529145,0.0618065,0.151908,0.544185,0.539394,0.543357,0.00388899,0.516098,0.524253,0.526915,0.540464,0.549515,0.551648,0.560949,0.544185,0.539394,0.543501,0.00386578,0.521034,0.524253,0.526915,0.540464,0.549515,0.551648,0.560949,0.00517181,0.00517071,0.00535515,0.000210528,0.00348694,0.00449758,0.00467536,0.00511411,0.00603022,0.00622723,0.00864206,0.00517181,0.00517071,0.0053972,0.000205089,0.00355648,0.00455269,0.00467985,0.00511884,0.00603022,0.00622723,0.00864206,-9999,-9999
201104,4.032,1.0,0.068,3.568,1.0,7.07,4.686,1.0,3.451,0.163,2.505,5.953,4.026,4.032,1.0,0.068,3.568,1.0,7.07,4.686,1.0,398.744,226.047,1.0,222.32,226.047,1.0,-9999,-9999,220.454,220.454,0.0,232.184,1.0,234.392,232.184,1.0,6.879,1.0,6.486,6.879,1.0,85.488,85.493,1.0,0.401,0.087,1.0,4.221,4.696,0.999306,0.27311117828,0.999305555556,93.1027429722,1.0,434.656683138,1.0,-9999,-9999,-9999,-9999,6.679,0.741667,16.0,1.0,-9999,1.0,15.0447,1.0,-9999,0.374782,59.7583,1.0,-9999,0.60885,-9999,-9999,20.7333,27.2667,20.7333,27.2667,0.214635,0.214635,0.984722,0.984722,0.0510835,0.0510835,0.0523214,0.0523214,0.214635,0.214635,0.984722,0.984722,0.0510835,0.0510835,0.0523214,0.0523214,0.221302,0.221302,0.982552,0.982552,0.00176199,0.00176199,0.20293,0.210554,0.214347,0.218867,0.224693,0.233182,0.24024,0.20293,0.210554,0.214347,0.218867,0.224693,0.233182,0.24024,0.979167,0.986111,0.982639,0.98125,0.977083,0.991667,0.994444,0.979167,0.986111,0.982639,0.98125,0.977083,0.991667,0.994444,-0.330608,-0.330608,0.750933,0.750933,0.986667,0.986667,0.0422559,0.0422559,0.0610464,0.0610464,0.591795,0.591795,2.1366,2.1366,0.982699,0.982699,0.0804809,0.0804809,0.0900178,0.0900178,-0.330608,-0.330608,0.750933,0.750933,0.986667,0.986667,0.0422559,0.0422559,0.0610464,0.0610464,0.591795,0.591795,2.1366,2.1366,0.982699,0.982699,0.0804809,0.0804809,0.0900178,0.0900178,-0.352657,-0.339643,-0.333556,-0.323414,-0.285117,-0.251527,-0.237138,-0.352657,-0.339643,-0.333556,-0.323414,-0.285117,-0.251527,-0.237138,0.988333,1.0,0.995,0.988333,0.985159,0.978651,0.978651,0.988333,1.0,0.995,0.988333,0.985159,0.978651,0.978651,0.466856,0.538453,0.543977,0.591113,0.60683,0.619101,0.63441,0.466856,0.538453,0.543977,0.591113,0.60683,0.619101,0.63441,0.95368,0.97538,0.97538,0.981465,0.986454,0.9876,0.990069,0.95368,0.97538,0.97538,0.981465,0.986454,0.9876,0.990069,0.0667964,0.0616471,0.0605402,0.00373843,0.0394995,0.0444406,0.0479096,0.0586525,0.0643493,0.0667964,0.0750449,0.0667964,0.0616471,0.0605402,0.00373843,0.0394995,0.0444406,0.0479096,0.0586525,0.0643493,0.0667964,0.0750449,-0.147863,-0.152988,-0.160762,0.00395654,-0.197645,-0.188416,-0.17902,-0.160407,-0.148539,-0.145056,-0.136393,-0.147863,-0.152988,-0.160762,0.00395654,-0.197645,-0.188416,-0.17902,-0.160407,-0.148539,-0.145056,-0.136393,0.612201,0.492967,0.532487,0.0130163,0.418913,0.455717,0.467494,0.509902,0.578753,0.623162,0.658333,0.612201,0.492967,0.532486,0.0130163,0.418913,0.455717,0.467494,0.509902,0.578753,0.623162,0.658333,0.32391,0.319751,0.340074,0.0121646,0.238103,0.261835,0.284824,0.33407,0.388683,0.39808,0.429578,0.32391,0.319751,0.340074,0.0121646,0.238103,0.261835,0.284824,0.33407,0.388683,0.39808,0.429578,-9999,-9999
201105,10.733,1.0,6.715,3.304,1.0,13.213,4.191,1.0,10.171,6.81,2.864,12.245,4.25,10.733,1.0,6.715,3.304,1.0,13.213,4.191,1.0,459.98,253.134,1.0,250.214,253.134,1.0,-9999,-9999,250.579,250.579,0.0,274.938,1.0,271.839,274.938,1.0,10.589,1.0,10.209,10.589,1.0,85.23,85.236,1.0,0.318,0.223,0.959677,4.681,5.297,1.0,0.325892766801,1.0,116.927715415,0.999327956989,486.755654728,1.0,-9999,-9999,-9999,-9999,12.325,1.0,14.6,1.0,-9999,1.0,32.946,0.999328,-9999,0.488208,64.8681,1.0,-9999,0.582466,-9999,-9999,18.3548,29.6452,18.3548,29.6129,-0.681254,-0.681254,0.985887,0.985887,0.0381205,0.0381205,0.0437647,0.0437647,-0.681254,-0.681254,0.985887,0.985887,0.0381205,0.0381205,0.0437647,0.0437647,-0.664625,-0.664625,0.982712,0.982712,0.00301209,0.00301209,-0.686018,-0.681254,-0.679273,-0.672907,-0.648838,-0.638257,-0.63443,-0.686018,-0.681254,-0.679273,-0.672907,-0.648838,-0.638257,-0.63443,0.985887,0.985887,0.985887,0.985887,0.93078,0.979167,0.979167,0.985887,0.985887,0.985887,0.985887,0.93078,0.979167,0.979167,0.120999,0.120999,0.926893,0.926893,0.998387,0.998387,0.05325,0.05325,0.0608925,0.0608925,-1.13786,-1.13786,1.93613,1.93613,0.977957,0.977957,0.0495109,0.0495109,0.0529643,0.0529643,0.120999,0.120999,0.926893,0.926893,0.998387,0.998387,0.05325,0.05325,0.0608925,0.0608925,-1.13786,-1.13786,1.93613,1.93613,0.977957,0.977957,0.0495109,0.0495109,0.0529643,0.0529643,0.112198,0.120999,0.122147,0.136508,0.155119,0.180069,0.190713,0.112198,0.120999,0.122147,0.136508,0.155119,0.180069,0.190713,0.998387,0.998387,0.998387,1.0,0.998387,0.998387,0.998387,0.998387,0.998387,0.998387,1.0,0.998387,0.998387,0.998387,-1.15576,-1.14054,-1.13964,-1.13674,-1.10429,-1.10291,-1.10111,-1.15576,-1.14054,-1.13964,-1.13674,-1.10429,-1.10291,-1.10111,0.987788,0.977957,0.977957,0.982258,0.965361,0.969892,0.966436,0.987788,0.977957,0.977957,0.982258,0.965361,0.969892,0.966436,0.342741,0.329499,0.353759,0.0131805,0.254135,0.280701,0.296865,0.329499,0.388949,0.417617,0.499751,0.342741,0.329499,0.353759,0.0131805,0.254135,0.280701,0.296865,0.329499,0.388949,0.417617,0.499751,1.02201,1.01075,1.01838,0.0109298,0.93875,0.952207,0.964052,1.01045,1.03783,1.05447,1.1298,1.02201,1.01075,1.01838,0.0109298,0.93875,0.952207,0.964052,1.01045,1.03783,1.05447,1.1298,0.49602,0.225976,0.384241,0.0142082,0.225903,0.314891,0.334022,0.358392,0.446727,0.482619,0.529387,0.49602,0.225976,0.384241,0.0142082,0.225903,0.314891,0.334022,0.358392,0.446727,0.482619,0.529387,1.34873,1.33737,1.37897,0.0131049,1.27921,1.31311,1.31822,1.36547,1.43459,1.45137,1.50342,1.34873,1.33737,1.37897,0.0131049,1.27921,1.31311,1.31822,1.36547,1.43459,1.45137,1.50342,-9999,-9999
201106,19.205,1.0,15.083,2.801,1.0,21.541,4.263,1.0,18.911,15.244,2.505,20.988,3.999,19.205,1.0,15.083,2.801,1.0,21.541,4.263,1.0,486.263,271.075,1.0,257.426,271.075,1.0,-9999,-9999,306.728,306.728,0.0,343.601,1.0,341.637,343.601,1.0,15.841,1.0,14.52,15.841,1.0,85.0,84.952,1.0,0.514,0.637,1.0,3.352,3.5,1.0,0.290025321173,0.999305555556,124.732650542,1.0,521.273408294,1.0,-9999,-9999,-9999,-9999,22.999,1.0,11.2,1.0,-9999,1.0,30.5212,1.0,-9999,0.46627,64.37,1.0,-9999,0.494863,-9999,-9999,17.3333,30.6667,17.3333,30.6667,2.25546,2.25546,0.988194,0.988194,0.0517724,0.0517724,0.0543304,0.0543304,2.25546,2.25546,0.988194,0.988194,0.0517724,0.0517724,0.0543304,0.0543304,2.2659,2.2659,0.984826,0.984826,0.00263523,0.00263523,2.23994,2.25287,2.25412,2.26375,2.27243,2.28582,2.29361,2.23994,2.25287,2.25412,2.26375,2.27243,2.28582,2.29361,0.986111,0.98125,0.980556,0.986111,0.992361,0.990972,0.990972,0.986111,0.98125,0.980556,0.986111,0.992361,0.990972,0.990972,1.14623,1.14623,1.33271,1.33271,1.0,1.0,0.0733506,0.0733506,0.104272,0.104272,2.7223,2.7223,3.12887,3.12887,0.981649,0.981649,0.0661745,0.0661745,0.0920193,0.0920193,1.14623,1.14623,1.33271,1.33271,1.0,1.0,0.0733506,0.0733506,0.104272,0.104272,2.7223,2.7223,3.12887,3.12887,0.981649,0.981649,0.0661745,0.0661745,0.0920193,0.0920193,1.0948,1.11699,1.12178,1.14319,1.21936,1.26521,1.41835,1.0948,1.11699,1.12178,1.14319,1.21936,1.26521,1.41835,1.0,1.0,1.0,1.0,0.988235,0.982353,0.978431,1.0,1.0,1.0,1.0,0.988235,0.982353,0.978431,2.55533,2.64681,2.68047,2.72421,2.76613,2.7747,2.78078,2.55533,2.64681,2.68047,2.72421,2.76613,2.7747,2.78078,0.964337,0.976237,0.976237,0.981649,0.988136,0.98595,0.98595,0.964337,0.976237,0.976237,0.981649,0.988136,0.98595,0.98595,1.0947,1.10377,1.13897,0.0132809,1.07301,1.09448,1.09984,1.11146,1.13595,1.14898,1.30673,1.0947,1.10377,1.13897,0.0132809,1.07301,1.09448,1.09984,1.11146,1.13595,1.14898,1.30673,-1.16905,-1.15168,-1.12693,0.0134967,-1.20598,-1.17855,-1.17036,-1.15237,-1.13238,-1.10516,-0.953895,-1.16905,-1.15168,-1.12693,0.0134967,-1.20598,-1.17855,-1.17036,-1.15237,-1.13238,-1.10516,-0.953895,2.38062,2.44626,2.5436,0.0247131,2.12831,2.4453,2.48066,2.58115,2.61254,2.67712,2.72704,2.38062,2.44626,2.5436,0.0247131,2.12831,2.4453,2.48066,2.58115,2.61254,2.67712,2.72704,0.252676,0.252162,0.351499,0.00828006,0.251905,0.252676,0.340417,0.373349,0.382353,0.394106,0.39993,0.252676,0.252162,0.351499,0.00828006,0.251905,0.252676,0.340417,0.373349,0.382353,0.394106,0.39993,-9999,-9999
201107,19.524,1.0,16.163,2.489,1.0,21.442,3.994,1.0,20.459,17.105,2.513,22.373,3.768,19.524,1.0,16.163,2.489,1.0,21.442,3.994,1.0,473.285,258.807,1.0,259.445,258.807,1.0,-9999,-9999,314.461,314.461,0.0,358.502,1.0,351.249,358.502,1.0,13.673,1.0,15.529,13.673,1.0,85.035,85.026,1.0,0.59,1.668,1.0,3.038,3.178,0.995296,0.242449790135,0.994623655914,127.229728148,0.997983870968,497.689686243,1.0,-9999,-9999,-9999,-9999,22.729,1.0,12.8,1.0,-9999,1.0,57.2762,1.0,-9999,0.814422,47.2388,1.0,-9999,0.49527,-9999,-9999,17.4839,30.5161,17.4839,30.5161,1.91329,1.91329,0.988575,0.988575,0.0773523,0.0773523,0.179615,0.179615,1.91329,1.91329,0.988575,0.988575,0.0773523,0.0773523,0.179615,0.179615,1.95498,1.95498,0.982577,0.982577,0.0245827,0.0245827,1.73576,1.80548,1.82049,1.90959,2.10177,2.12969,2.14647,1.73576,1.80548,1.82049,1.90959,2.10177,2.12969,2.14647,0.995296,0.99328,0.990591,0.988575,0.979167,0.976478,0.975806,0.995296,0.99328,0.990591,0.988575,0.979167,0.976478,0.975806,2.50649,2.50649,1.64689,1.64689,1.0,1.0,0.103671,0.103671,0.316235,0.316235,1.44702,1.44702,3.59727,3.59727,0.981824,0.981824,0.101089,0.101089,0.132372,0.132372,2.50649,2.50649,1.64689,1.64689,1.0,1.0,0.103671,0.103671,0.316235,0.316235,1.44702,1.44702,3.59727,3.59727,0.981824,0.981824,0.101089,0.101089,0.132372,0.132372,2.29236,2.35981,2.39753,2.50023,2.85873,2.95733,2.97475,2.29236,2.35981,2.39753,2.50023,2.85873,2.95733,2.97475,1.0,1.0,1.0,1.0,0.996416,0.996416,0.996416,1.0,1.0,1.0,1.0,0.996416,0.996416,0.996416,1.29811,1.35594,1.36897,1.44164,1.51631,1.52686,1.54422,1.29811,1.35594,1.36897,1.44164,1.51631,1.52686,1.54422,0.992577,0.986126,0.983975,0.981824,0.979709,0.964724,0.970101,0.992577,0.986126,0.983975,0.981824,0.979709,0.964724,0.970101,2.64823,2.55653,2.67207,0.0335622,2.44738,2.47512,2.50143,2.56359,2.83699,2.9721,2.98437,2.64823,2.55653,2.67207,0.0335622,2.44738,2.47512,2.50143,2.56359,2.83699,2.9721,2.98437,0.617574,0.643239,0.717086,0.0120091,0.641984,0.647274,0.665964,0.686943,0.727748,0.83966,0.847368,0.617574,0.643239,0.717086,0.0120091,0.641984,0.647274,0.665964,0.686943,0.727748,0.83966,0.847368,3.26455,3.31674,3.31246,0.0368246,2.77095,3.10365,3.17262,3.30469,3.4182,3.51038,3.71452,3.26455,3.31674,3.31246,0.0368246,2.77095,3.10365,3.17262,3.30469,3.4182,3.51038,3.71452,1.50619,1.50489,1.48943,0.0232149,1.24172,1.30729,1.36032,1.49994,1.5531,1.69603,1.71214,1.50619,1.50489,1.48943,0.0232149,1.24172,1.30729,1.36032,1.49994,1.5531,1.69603,1.71214,-9999,-9999
201108,20.443,1.0,16.9,2.415,1.0,22.882,4.035,1.0,20.802,17.868,2.336,22.82,3.481,20.443,1.0,16.9,2.415,1.0,22.882,4.035,1.0,423.387,233.276,1.0,223.771,233.276,1.0,-9999,-9999,318.679,318.679,0.0,365.092,1.0,356.492,365.092,1.0,15.539,1.0,15.612,15.539,1.0,85.342,85.307,1.0,0.86,0.794,1.0,2.878,2.953,1.0,0.243463430394,0.997983870968,114.259152011,1.0,448.589264366,1.0,-9999,-9999,-9999,-9999,23.124,1.0,11.5,1.0,-9999,1.0,38.0119,0.997984,-9999,0.640303,48.193,1.0,-9999,0.567432,-9999,-9999,19.6129,28.3871,19.6129,28.3871,1.90532,1.90532,0.987903,0.987903,0.0799378,0.0799378,0.189824,0.189824,1.90532,1.90532,0.987903,0.987903,0.0799378,0.0799378,0.189824,0.189824,1.92628,1.92628,0.983552,0.983552,0.0249597,0.0249597,1.73689,1.78791,1.80811,1.84833,2.11325,2.13225,2.18149,1.73689,1.78791,1.80811,1.84833,2.11325,2.13225,2.18149,0.994624,0.989247,0.988575,0.987903,0.97379,0.977151,0.964382,0.994624,0.989247,0.988575,0.987903,0.97379,0.977151,0.964382,2.28526,2.28526,2.34355,2.34355,0.996774,0.996774,0.122234,0.122234,0.274796,0.274796,1.51992,1.51992,3.63115,3.63115,0.981763,0.981763,0.0991653,0.0991653,0.149964,0.149964,2.28526,2.28526,2.34355,2.34355,0.996774,0.996774,0.122234,0.122234,0.274796,0.274796,1.51992,1.51992,3.63115,3.63115,0.981763,0.981763,0.0991653,0.0991653,0.149964,0.149964,1.96521,2.04298,2.08282,2.17052,2.50845,2.5352,2.62086,1.96521,2.04298,2.08282,2.17052,2.50845,2.5352,2.62086,1.0,0.996774,0.995161,0.996774,0.98039,0.985484,0.98871,1.0,0.996774,0.995161,0.996774,0.98039,0.985484,0.98871,1.44742,1.49343,1.50144,1.50864,1.70173,1.71843,1.72457,1.44742,1.49343,1.50144,1.50864,1.70173,1.71843,1.72457,0.99078,0.981763,0.982915,0.984067,0.966984,0.970523,0.974972,0.99078,0.981763,0.982915,0.984067,0.966984,0.970523,0.974972,2.23231,2.30764,2.36512,0.0360796,2.09983,2.16495,2.18345,2.25593,2.62561,2.68973,2.73172,2.23231,2.30764,2.36512,0.0360796,2.09983,2.16495,2.18345,2.25593,2.62561,2.68973,2.73172,0.386897,0.402327,0.438841,0.0126544,0.354974,0.367091,0.382044,0.409324,0.471869,0.531494,0.557624,0.386897,0.402327,0.438841,0.0126544,0.354974,0.367091,0.382044,0.409324,0.471869,0.531494,0.557624,2.39489,2.43613,2.46454,0.0216079,2.16419,2.36777,2.39417,2.41486,2.60238,2.61713,2.6513,2.39489,2.43613,2.46454,0.0216079,2.16419,2.36777,2.39417,2.41486,2.60238,2.61713,2.6513,0.648778,0.689479,0.697069,0.0150461,0.4156,0.637137,0.651501,0.683713,0.776088,0.791462,0.813156,0.648778,0.689479,0.697069,0.0150461,0.4156,0.637137,0.651501,0.683713,0.776088,0.791462,0.813156,-9999,-9999
201109,10.177,1.0,6.996,3.051,1.0,12.942,4.215,1.0,10.636,8.105,2.413,12.838,3.406,10.177,1.0,6.996,3.051,1.0,12.942,4.215,1.0,347.243,194.482,1.0,200.37,194.482,1.0,-9999,-9999,257.406,251.465,0.330556,287.267,1.0,280.326,287.267,1.0,8.507,1.0,8.424,8.507,1.0,85.854,85.848,1.0,0.962,1.093,1.0,2.84,2.674,0.998611,0.199998682048,0.998611111111,87.5966922396,1.0,373.985636492,1.0,-9999,-9999,-9999,-9999,16.477,0.413889,12.5,1.0,-9999,1.0,28.2699,0.997917,-9999,0.373771,40.302,0.999306,-9999,0.426742,-9999,-9999,22.3333,25.6667,22.3333,25.6667,1.9694,1.9694,0.984028,0.984028,0.0406984,0.0406984,0.105704,0.105704,1.9694,1.9694,0.984028,0.984028,0.0406984,0.0406984,0.105704,0.105704,1.95198,1.95198,0.973247,0.973247,0.0150623,0.0150623,1.76618,1.84545,1.887,1.9627,2.02552,2.04056,2.09945,1.76618,1.84545,1.887,1.9627,2.02552,2.04056,2.09945,0.920139,0.984028,0.980556,0.983333,0.952778,0.983333,0.983333,0.920139,0.984028,0.980556,0.983333,0.952778,0.983333,0.983333,0.899947,0.899947,1.16623,1.16623,0.993939,0.993939,0.0569944,0.0569944,0.201094,0.201094,2.76634,2.76634,2.36524,2.36524,0.975321,0.975321,0.0540369,0.0540369,0.0622978,0.0622978,0.899947,0.899947,1.16623,1.16623,0.993939,0.993939,0.0569944,0.0569944,0.201094,0.201094,2.76634,2.76634,2.36524,2.36524,0.975321,0.975321,0.0540369,0.0540369,0.0622978,0.0622978,0.584485,0.697947,0.757075,0.898536,1.05236,1.08364,1.13501,0.584485,0.697947,0.757075,0.898536,1.05236,1.08364,1.13501,1.0,0.995455,0.993939,0.993939,0.978788,0.857738,0.993939,1.0,0.995455,0.993939,0.993939,0.978788,0.857738,0.993939,2.6496,2.70499,2.72211,2.73323,2.75532,2.76699,2.79805,2.6496,2.70499,2.72211,2.73323,2.75532,2.76699,2.79805,0.918588,0.97415,0.944497,0.974039,0.974039,0.975321,0.974138,0.918588,0.97415,0.944497,0.974039,0.974039,0.975321,0.974138,0.639269,0.595331,0.629163,0.012772,0.488797,0.55404,0.571343,0.606609,0.698772,0.745208,0.74942,0.639269,0.595331,0.629163,0.012772,0.488797,0.55404,0.571343,0.606609,0.698772,0.745208,0.74942,-1.37754,-1.37407,-1.32281,0.00704109,-1.40068,-1.37834,-1.36784,-1.31801,-1.28751,-1.27359,-1.26286,-1.37754,-1.37407,-1.32281,0.00704109,-1.40068,-1.37834,-1.36784,-1.31801,-1.28751,-1.27359,-1.26286,1.71566,2.09417,1.97218,0.0390476,1.60135,1.62129,1.6945,2.03009,2.13322,2.17177,2.40692,1.71566,2.09417,1.97218,0.0390476,1.60135,1.62129,1.6945,2.03009,2.13322,2.17177,2.40692,0.0,0.0,0.0,0.0,0.0,0.0,0.0,0.0,0.0,0.0,0.0,0.0,0.0,0.0,0.0,0.0,0.0,0.0,0.0,0.0,0.0,0.0,-9999,-9999
201110,5.282,1.0,2.391,2.771,1.0,8.423,3.874,1.0,4.698,2.362,2.54,7.233,3.609,5.282,1.0,2.391,2.771,1.0,8.423,3.874,1.0,259.568,132.88,1.0,139.912,132.88,1.0,-9999,-9999,237.36,237.36,0.0,266.384,1.0,255.408,266.384,1.0,5.481,1.0,4.97,5.481,1.0,86.0,85.983,1.0,0.722,0.287,1.0,3.593,3.292,0.999328,0.212043220583,0.995967741935,50.8994478683,1.0,254.95046025,0.999327956989,-9999,-9999,-9999,-9999,7.384,0.483871,12.5,1.0,-9999,1.0,15.6157,1.0,-9999,0.279657,19.0738,1.0,-9999,0.424091,-9999,-9999,25.129,22.871,25.129,22.8387,0.794305,0.794305,0.977823,0.977823,0.0279512,0.0279512,0.0506724,0.0506724,0.794305,0.794305,0.977823,0.977823,0.0279512,0.0279512,0.0506724,0.0506724,0.76234,0.76234,0.975454,0.975454,0.00788296,0.00788296,0.61544,0.717293,0.728675,0.782269,0.794305,0.801826,0.808709,0.61544,0.717293,0.728675,0.782269,0.794305,0.801826,0.808709,0.959677,0.968414,0.969086,0.974462,0.977823,0.985215,0.991935,0.959677,0.968414,0.969086,0.974462,0.977823,0.985215,0.991935,-0.231056,-0.231056,0.798725,0.798725,0.977072,0.977072,0.0376636,0.0376636,0.0879282,0.0879282,1.85702,1.85702,1.98681,1.98681,0.979371,0.979371,0.0385096,0.0385096,0.0404809,0.0404809,-0.231056,-0.231056,0.798725,0.798725,0.977072,0.977072,0.0376636,0.0376636,0.0879282,0.0879282,1.85702,1.85702,1.98681,1.98681,0.979371,0.979371,0.0385096,0.0385096,0.0404809,0.0404809,-0.579394,-0.386265,-0.373496,-0.260391,-0.23358,-0.227358,-0.222557,-0.579394,-0.386265,-0.373496,-0.260391,-0.23358,-0.227358,-0.222557,0.97062,0.97062,0.97062,0.970769,0.977072,0.974541,0.987345,0.97062,0.97062,0.97062,0.970769,0.977072,0.974541,0.987345,1.83974,1.84875,1.85658,1.86753,1.87098,1.8737,1.89284,1.83974,1.84875,1.85658,1.86753,1.87098,1.8737,1.89284,0.97119,0.968443,0.979371,0.987611,0.983462,0.994507,0.990416,0.97119,0.968443,0.979371,0.987611,0.983462,0.994507,0.990416,0.00371299,0.00439078,0.00502701,0.000378152,0.00248002,0.00281317,0.00371299,0.00526776,0.00551542,0.00590285,0.00682812,0.00371299,0.00439078,0.00502701,0.000378152,0.00248002,0.00281317,0.00371299,0.00526776,0.00551542,0.00590285,0.00682812,-0.77981,-0.789914,-0.757313,0.00786099,-0.806126,-0.797517,-0.7931,-0.77981,-0.726727,-0.716119,-0.68662,-0.77981,-0.789914,-0.757313,0.00786099,-0.806126,-0.797517,-0.7931,-0.77981,-0.726727,-0.716119,-0.68662,1.54843,1.75563,1.61999,0.0212613,1.30977,1.52059,1.55543,1.60924,1.72531,1.75563,1.79099,1.54843,1.75563,1.61999,0.0212613,1.30977,1.52059,1.55543,1.60924,1.72531,1.75563,1.79099,0.0,0.0,0.000790282,0.000790282,0.0,0.0,0.0,0.0,0.0,0.0,0.0,0.0,0.0,0.000790282,0.000790282,0.0,0.0,0.0,0.0,0.0,0.0,0.0,-9999,-9999
201111,-3.805,1.0,-5.768,3.018,1.0,-1.116,3.166,1.0,-4.547,-5.875,2.519,-2.755,2.557,-3.805,1.0,-5.768,3.018,1.0,-1.116,3.166,1.0,184.426,82.809,1.0,88.61,82.809,1.0,-9999,-9999,211.112,211.112,0.0,225.319,1.0,222.779,225.319,1.0,1.899,1.0,1.969,1.899,1.0,86.058,85.825,1.0,0.349,0.367,1.0,3.257,3.094,1.0,0.193580300635,0.999305555556,23.378907193,0.999305555556,159.223956245,1.0,-9999,-9999,-9999,-9999,-0.284,0.982639,13.1,1.0,-9999,1.0,11.016,1.0,-9999,0.267984,7.70905,0.999306,-9999,0.464086,-9999,-9999,27.5667,20.4333,27.5667,20.4,0.00913585,0.00913585,0.993056,0.993056,0.0316291,0.0316291,0.0912016,0.0912016,0.00913585,0.00913585,0.993056,0.993056,0.0316291,0.0316291,0.0912016,0.0912016,-0.0157037,-0.0157037,0.987569,0.987569,0.0135653,0.0135653,-0.217643,-0.109266,-0.0807883,0.00913585,0.0461742,0.0618171,0.0711092,-0.217643,-0.109266,-0.0807883,0.00913585,0.0461742,0.0618171,0.0711092,0.935417,0.98125,0.984722,0.993056,0.996528,0.996528,0.997222,0.935417,0.98125,0.984722,0.993056,0.996528,0.996528,0.997222,-0.680276,-0.680276,0.906633,0.906633,1.0,1.0,0.0390257,0.0390257,0.102884,0.102884,0.922065,0.922065,1.5857,1.5857,0.983546,0.983546,0.0485281,0.0485281,0.0805425,0.0805425,-0.680276,-0.680276,0.906633,0.906633,1.0,1.0,0.0390257,0.0390257,0.102884,0.102884,0.922065,0.922065,1.5857,1.5857,0.983546,0.983546,0.0485281,0.0485281,0.0805425,0.0805425,-0.960671,-0.809787,-0.785765,-0.684746,-0.63977,-0.619396,-0.603106,-0.960671,-0.809787,-0.785765,-0.684746,-0.63977,-0.619396,-0.603106,0.916378,0.984335,0.988933,1.0,1.0,1.0,1.0,0.916378,0.984335,0.988933,1.0,1.0,1.0,1.0,0.795775,0.832197,0.854419,0.922065,0.956385,0.96076,0.968064,0.795775,0.832197,0.854419,0.922065,0.956385,0.96076,0.968064,0.96325,0.976696,0.97845,0.983546,0.99165,0.99165,0.993317,0.96325,0.976696,0.97845,0.983546,0.99165,0.99165,0.993317,0.0483661,0.0377691,0.0424818,0.00688461,0.00974818,0.0108205,0.0196101,0.036038,0.0513745,0.0559487,0.0729913,0.0483661,0.0377691,0.0424818,0.00688461,0.00974818,0.0108205,0.0196101,0.036038,0.0513745,0.0559487,0.0729913,0.0558002,0.0286333,0.0581855,0.0195975,-0.0657357,-0.0477688,-0.0291749,0.0257941,0.129828,0.163043,0.250117,0.0558002,0.0286333,0.0581855,0.0195975,-0.0657357,-0.0477688,-0.0291749,0.0257941,0.129828,0.163043,0.250117,0.908567,1.23839,1.1198,0.020406,0.872226,0.934834,1.00044,1.1705,1.21506,1.24178,1.26598,0.908567,1.23839,1.1198,0.020406,0.872226,0.934834,1.00044,1.1705,1.21506,1.24178,1.26598,0.0028021,0.0028021,0.0137019,0.00526255,0.0,0.0,0.0,0.00180777,0.00309186,0.0389959,0.0392529,0.0028021,0.0028021,0.0137019,0.00526255,0.0,0.0,0.0,0.00180777,0.00309186,0.0389959,0.0392529,-9999,-9999
201112,-16.972,1.0,-19.081,3.047,1.0,-13.701,3.737,1.0,-15.885,-17.049,2.277,-14.075,2.425,-16.972,1.0,-19.081,3.047,1.0,-13.701,3.737,1.0,148.353,72.368,0.983871,82.626,75.054,0.983871,-9999,-9999,168.085,168.085,0.0,161.438,0.983871,169.294,160.815,0.983871,0.464,1.0,0.7,0.464,1.0,86.234,85.911,0.999328,0.111,0.023,0.999328,3.508,2.32,0.999328,0.143560742522,0.999327956989,-3.58180292859,0.997983870968,137.520114909,0.999327956989,-9999,-9999,-9999,-9999,-9.066,0.830645,8.2,1.0,-9999,1.0,0.898307,0.993952,-9999,0.112258,-5.5285,1.0,-9999,0.356614,-9999,-9999,29.1935,18.8065,29.129,18.7742,-1.28235,-1.28235,0.974462,0.974462,0.0378463,0.0378463,0.188725,0.188725,-1.28235,-1.28235,0.974462,0.974462,0.0378463,0.0378463,0.188725,0.188725,-1.30178,-1.30178,0.959157,0.959157,0.0308713,0.0308713,-1.52919,-1.51526,-1.44966,-1.29768,-1.17842,-1.14548,-0.979373,-1.52919,-1.51526,-1.44966,-1.29768,-1.17842,-1.14548,-0.979373,0.925403,0.922043,0.934812,0.974462,0.983871,0.983871,0.986559,0.925403,0.922043,0.934812,0.974462,0.983871,0.983871,0.986559,-1.62603,-1.62603,1.26123,1.26123,0.985539,0.985539,0.0491216,0.0491216,0.228007,0.228007,-0.630442,-0.630442,1.18472,1.18472,0.957555,0.957555,0.053393,0.053393,0.11986,0.11986,-1.62603,-1.62603,1.26123,1.26123,0.985539,0.985539,0.0491216,0.0491216,0.228007,0.228007,-0.630442,-0.630442,1.18472,1.18472,0.957555,0.957555,0.053393,0.053393,0.11986,0.11986,-1.91144,-1.88874,-1.85119,-1.62765,-1.48225,-1.44343,-1.23269,-1.91144,-1.88874,-1.85119,-1.62765,-1.48225,-1.44343,-1.23269,0.941491,0.941491,0.960104,0.985539,1.0,1.0,0.998888,0.941491,0.941491,0.960104,0.985539,1.0,1.0,0.998888,-0.860924,-0.795901,-0.755089,-0.630497,-0.595055,-0.58128,-0.479415,-0.860924,-0.795901,-0.755089,-0.630497,-0.595055,-0.58128,-0.479415,0.84767,0.900302,0.907376,0.957555,0.959253,0.957555,0.967742,0.84767,0.900302,0.907376,0.957555,0.959253,0.957555,0.967742,0.00325244,0.00207501,0.00632752,0.00317095,3.94028e-07,0.000320044,0.000510766,0.00206542,0.00325244,0.00368449,0.0183912,0.00325244,0.00207501,0.00632752,0.00317095,3.94028e-07,0.000320044,0.000510766,0.00206542,0.00325244,0.00368449,0.0183912,1.37297,1.28442,1.30811,0.0316942,0.961834,1.13786,1.17716,1.28572,1.45759,1.51812,1.53243,1.37297,1.28442,1.30811,0.0316942,0.961834,1.13786,1.17716,1.28572,1.45759,1.51812,1.53243,0.198289,0.212282,0.244778,0.0109518,0.137341,0.153417,0.198042,0.222209,0.292416,0.313972,0.347975,0.198289,0.212282,0.244778,0.0109518,0.137341,0.153417,0.198042,0.222209,0.292416,0.313972,0.347975,0.0765979,0.0765979,0.0632893,0.00326768,0.00653941,0.0525735,0.0566708,0.0634124,0.0710018,0.0793488,0.0922485,0.0765979,0.0765979,0.0632893,0.00326768,0.00653941,0.0525735,0.0566708,0.0634124,0.0710018,0.0793488,0.0922485,-9999,-9999
201201,-20.737,0.858199,-23.322,2.364,0.95221,-16.98,4.136,0.737097,-17.626,-19.324,2.215,-15.167,3.014,-20.266,0.858199,-23.236,2.492,0.95221,-16.014,4.095,0.737097,165.531,110.68,0.896505,100.505,109.658,0.896505,-9999,-9999,152.368,152.368,0.0,138.075,0.858199,149.757,137.751,0.858199,0.452,0.858199,0.97,0.549,0.858199,85.917,86.071,0.730511,0.037,0.0,0.730511,3.275,2.54,0.729839,0.127733731193,0.729838709677,-8.8420816133,0.726478494624,209.184483042,0.730510752688,-9999,-9999,-9999,-9999,-13.561,0.858199,6.5,0.858199,-9999,1.0,1.93915,0.858199,-9999,0.0687938,-6.39537,0.858199,-9999,0.370822,-9999,-9999,28.4194,19.5806,28.4194,19.5806,-0.724659,-0.724659,0.829301,0.829301,0.027537,0.027537,0.150675,0.150675,-0.724659,-0.724659,0.829301,0.829301,0.027537,0.027537,0.150675,0.150675,-0.845825,-0.845825,0.820464,0.820464,0.0462233,0.0462233,-1.77096,-0.975019,-0.933643,-0.725824,-0.694709,-0.678746,-0.641863,-1.77096,-0.975019,-0.933643,-0.725824,-0.694709,-0.678746,-0.641863,0.735887,0.807796,0.804435,0.825941,0.838038,0.843414,0.846774,0.735887,0.807796,0.804435,0.825941,0.838038,0.843414,0.846774,-0.813757,-0.813757,0.7982,0.7982,0.936679,0.936679,0.0359824,0.0359824,0.165071,0.165071,-0.54215,-0.54215,0.864573,0.864573,0.686163,0.686163,0.0387827,0.0387827,0.131937,0.131937,-0.813757,-0.813757,0.7982,0.7982,0.936679,0.936679,0.0359824,0.0359824,0.165071,0.165071,-0.54215,-0.54215,0.864573,0.864573,0.686163,0.686163,0.0387827,0.0387827,0.131937,0.131937,-2.29811,-1.09973,-1.03943,-0.835593,-0.787554,-0.777526,-0.754244,-2.29811,-1.09973,-1.03943,-0.835593,-0.787554,-0.777526,-0.754244,0.804311,0.91093,0.91093,0.942652,0.943847,0.95221,0.947431,0.804311,0.91093,0.91093,0.942652,0.943847,0.95221,0.947431,-0.924925,-0.723835,-0.704068,-0.54215,-0.50696,-0.47162,-0.386135,-0.924925,-0.723835,-0.704068,-0.54215,-0.50696,-0.47162,-0.386135,0.643718,0.670883,0.675976,0.686163,0.686163,0.706537,0.708234,0.643718,0.670883,0.675976,0.686163,0.686163,0.706537,0.708234,0.302487,0.181103,0.370477,0.0553864,0.0,0.0675811,0.105297,0.199195,0.843045,0.865687,0.890148,0.302487,0.181103,0.370477,0.0553864,0.0,0.0675811,0.105297,0.199195,0.843045,0.865687,0.890148,1.08033,0.905761,1.2163,0.0739295,0.689593,0.754128,0.818579,0.925018,1.74114,1.82368,1.84071,1.08033,0.905761,1.2163,0.0739295,0.689593,0.754128,0.818579,0.925018,1.74114,1.82368,1.84071,-9999,0.0840609,0.0887527,0.00268783,0.0509258,0.070388,0.0705036,0.0857737,0.104135,0.104676,0.110828,-9999,0.0840609,0.0887527,0.00268783,0.0509258,0.070388,0.0705036,0.0857737,0.104135,0.104676,0.110828,0.0,0.0,0.0,0.0,0.0,0.0,0.0,0.0,0.0,0.0,0.0,0.0,0.0,0.0,0.0,0.0,0.0,0.0,0.0,0.0,0.0,0.0,-9999,-9999
201202,-9999,-9999,-9999,-9999,-9999,-9999,-9999,-9999,-15.217,-17.402,3.105,-12.598,3.96,-15.217,0.0,-17.402,3.105,0.0,-12.598,3.96,0.0,228.872,122.093,0.586925,144.672,144.539,0.586925,-9999,-9999,154.314,154.314,0.0,-9999,-9999,152.176,152.176,0.0,-9999,-9999,1.521,1.521,0.0,85.731,85.731,0.0,0.02,0.02,0.0,3.757,3.757,0.0,-9999,-9999,-9999,-9999,-9999,-9999,-9999,-9999,-9999,-9999,-9999,-9999,-9999,-9999,-9999,1.0,3.63132,0.0,-9999,0.126204,-6.95104,0.0,-9999,0.791184,-9999,-9999,26.1724,21.8276,5.17241,4.0,-1.2717,-1.2717,0.0,0.0,0.021645,0.021645,0.112822,0.112822,-1.2717,-1.2717,0.0,0.0,0.021645,0.021645,0.112822,0.112822,-1.2771,-1.2771,0.0,0.0,0.0213608,0.0213608,-1.65411,-1.36937,-1.33558,-1.2717,-1.21289,-1.14791,-1.11078,-1.65411,-1.36937,-1.33558,-1.2717,-1.21289,-1.14791,-1.11078,0.0,0.0,0.0,0.0,0.0,0.0,0.0,0.0,0.0,0.0,0.0,0.0,0.0,0.0,-1.52946,-1.52946,0.0889247,0.0889247,0.0,0.0,0.0281379,0.0281379,0.245029,0.245029,-0.859089,-0.859089,0.776949,0.776949,0.0,0.0,0.0310453,0.0310453,0.0604536,0.0604536,-1.52946,-1.52946,0.0889247,0.0889247,0.0,0.0,0.0281379,0.0281379,0.245029,0.245029,-0.859089,-0.859089,0.776949,0.776949,0.0,0.0,0.0310453,0.0310453,0.0604536,0.0604536,-2.19123,-1.79837,-1.73818,-1.52946,-1.42634,-1.31156,-1.29765,-2.19123,-1.79837,-1.73818,-1.52946,-1.42634,-1.31156,-1.29765,0.0,0.0,0.0,0.0,0.0,0.0,0.0,0.0,0.0,0.0,0.0,0.0,0.0,0.0,-0.889722,-0.859089,-0.858052,-0.858052,-0.78525,-0.755342,-0.746277,-0.889722,-0.859089,-0.858052,-0.858052,-0.78525,-0.755342,-0.746277,0.0,0.0,0.0,0.0,0.0,0.0,0.0,0.0,0.0,0.0,0.0,0.0,0.0,0.0,9.31865e-08,1.69972e-07,8.57315e-08,1.43026e-08,7.45492e-10,7.45492e-10,7.45492e-10,5.36754e-08,1.72209e-07,1.80409e-07,2.4974e-07,9.31865e-08,1.69972e-07,8.57315e-08,1.43026e-08,7.45492e-10,7.45492e-10,7.45492e-10,5.36754e-08,1.72209e-07,1.80409e-07,2.4974e-07,1.26683,1.2717,1.2771,0.0213609,1.09477,1.14712,1.16419,1.27133,1.33558,1.35552,1.61701,1.26683,1.2717,1.2771,0.0213609,1.09477,1.14712,1.16419,1.27133,1.33558,1.35552,1.61701,-9999,0.183496,0.159669,0.00715049,0.0112183,0.144738,0.155879,0.171845,0.181039,0.183236,0.183496,-9999,0.183496,0.159669,0.00715049,0.0112183,0.144738,0.155879,0.171845,0.181039,0.183236,0.183496,0.0,0.0,0.0,0.0,0.0,0.0,0.0,0.0,0.0,0.0,0.0,0.0,0.0,0.0,0.0,0.0,0.0,0.0,0.0,0.0,0.0,0.0,-9999,-9999
201203,-9999,-9999,-9999,-9999,-9999,-9999,-9999,-9999,-5.119,-7.418,2.587,-2.957,3.363,-5.119,0.0,-7.418,2.587,0.0,-2.957,3.363,0.0,316.342,122.122,0.530242,187.024,186.779,0.530242,-9999,-9999,196.608,196.608,0.0,-9999,-9999,204.75,204.75,0.0,-9999,-9999,3.134,3.134,0.0,85.637,85.637,0.0,0.436,0.436,0.0,3.8,3.8,0.0,-9999,-9999,-9999,-9999,-9999,-9999,-9999,-9999,-9999,-9999,-9999,-9999,-9999,-9999,-9999,1.0,3.62182,0.0,-9999,-9999,-7.3781,0.0,-9999,-9999,-9999,-9999,23.4516,24.5484,0.0,0.0,-1.29684,-1.29684,0.0,0.0,-9999,-9999,-9999,-9999,-1.29684,-1.29684,0.0,0.0,-9999,-9999,-9999,-9999,-1.28825,-1.28825,0.0,0.0,0.0195213,0.0195213,-1.66735,-1.34717,-1.29684,-1.28991,-1.2446,-1.18538,-1.14946,-1.66735,-1.34717,-1.29684,-1.28991,-1.2446,-1.18538,-1.14946,0.0,0.0,0.0,0.0,0.0,0.0,0.0,0.0,0.0,0.0,0.0,0.0,0.0,0.0,-1.55214,-1.55214,0.09553,0.09553,0.0,0.0,-9999,-9999,-9999,-9999,-0.958899,-0.958899,0.815315,0.815315,0.0,0.0,-9999,-9999,-9999,-9999,-1.55214,-1.55214,0.09553,0.09553,0.0,0.0,-9999,-9999,-9999,-9999,-0.958899,-0.958899,0.815315,0.815315,0.0,0.0,-9999,-9999,-9999,-9999,-2.19136,-1.81062,-1.75271,-1.55214,-1.45008,-1.33329,-1.32679,-2.19136,-1.81062,-1.75271,-1.55214,-1.45008,-1.33329,-1.32679,0.0,0.0,0.0,0.0,0.0,0.0,0.0,0.0,0.0,0.0,0.0,0.0,0.0,0.0,-1.0593,-0.958899,-0.958033,-0.958033,-0.860962,-0.763647,-0.755461,-1.0593,-0.958899,-0.958033,-0.958033,-0.860962,-0.763647,-0.755461,0.0,0.0,0.0,0.0,0.0,0.0,0.0,0.0,0.0,0.0,0.0,0.0,0.0,0.0,4.74926e-07,6.88329e-07,3.77343e-07,4.73898e-08,7.11343e-08,7.11343e-08,7.11343e-08,3.36842e-07,6.92514e-07,7.07856e-07,8.14558e-07,4.74926e-07,6.88329e-07,3.77343e-07,4.73898e-08,7.11343e-08,7.11343e-08,7.11343e-08,3.36842e-07,6.92514e-07,7.07856e-07,8.14558e-07,1.27224,1.29684,1.28826,0.0195213,1.13458,1.18469,1.20348,1.2838,1.29684,1.31861,1.63522,1.27224,1.29684,1.28826,0.0195213,1.13458,1.18469,1.20348,1.2838,1.29684,1.31861,1.63522,-9999,0.924458,0.714312,0.0367838,0.0549378,0.588468,0.628573,0.750196,0.887836,0.909562,0.924458,-9999,0.924458,0.714312,0.0367838,0.0549378,0.588468,0.628573,0.750196,0.887836,0.909562,0.924458,0.0,0.0,0.0,0.0,0.0,0.0,0.0,0.0,0.0,0.0,0.0,0.0,0.0,0.0,0.0,0.0,0.0,0.0,0.0,0.0,0.0,0.0,-9999,-9999
201204,-9999,-9999,-9999,-9999,-9999,-9999,-9999,-9999,5.428,2.18,3.157,7.876,4.083,5.428,0.0,2.18,3.157,0.0,7.876,4.083,0.0,401.219,122.108,0.472222,223.45,223.229,0.472222,-9999,-9999,228.63,228.63,0.0,-9999,-9999,244.555,244.555,0.0,-9999,-9999,7.742,7.742,0.0,85.179,85.179,0.0,0.285,0.285,0.0,4.541,4.541,0.0,-9999,-9999,-9999,-9999,-9999,-9999,-9999,-9999,-9999,-9999,-9999,-9999,-9999,-9999,-9999,1.0,3.63494,0.0,-9999,-9999,-7.58942,0.0,-9999,-9999,-9999,-9999,20.6667,27.3333,0.0,0.0,-1.25935,-1.25935,0.0,0.0,-9999,-9999,-9999,-9999,-1.25935,-1.25935,0.0,0.0,-9999,-9999,-9999,-9999,-1.24376,-1.24376,0.0,0.0,0.0277749,0.0277749,-1.83964,-1.25935,-1.2563,-1.20999,-1.15814,-1.14602,-1.11454,-1.83964,-1.25935,-1.2563,-1.20999,-1.15814,-1.14602,-1.11454,0.0,0.0,0.0,0.0,0.0,0.0,0.0,0.0,0.0,0.0,0.0,0.0,0.0,0.0,-1.49951,-1.49951,0.722962,0.722962,0.0,0.0,-9999,-9999,-9999,-9999,-0.995881,-0.995881,0.836195,0.836195,0.0,0.0,-9999,-9999,-9999,-9999,-1.49951,-1.49951,0.722962,0.722962,0.0,0.0,-9999,-9999,-9999,-9999,-0.995881,-0.995881,0.836195,0.836195,0.0,0.0,-9999,-9999,-9999,-9999,-2.53385,-1.67028,-1.67028,-1.49951,-1.31346,-1.27378,-1.26205,-2.53385,-1.67028,-1.67028,-1.49951,-1.31346,-1.27378,-1.26205,0.0,0.0,0.0,0.0,0.0,0.0,0.0,0.0,0.0,0.0,0.0,0.0,0.0,0.0,-1.21306,-0.995881,-0.995078,-0.986599,-0.907934,-0.782734,-0.775448,-1.21306,-0.995881,-0.995078,-0.986599,-0.907934,-0.782734,-0.775448,0.0,0.0,0.0,0.0,0.0,0.0,0.0,0.0,0.0,0.0,0.0,0.0,0.0,0.0,9.69263e-07,1.03772e-06,8.13767e-07,3.45077e-08,5.67866e-07,5.67866e-07,5.67866e-07,8.74139e-07,1.03772e-06,1.03772e-06,1.03772e-06,9.69263e-07,1.03772e-06,8.13767e-07,3.45077e-08,5.67866e-07,5.67866e-07,5.67866e-07,8.74139e-07,1.03772e-06,1.03772e-06,1.03772e-06,1.23387,1.25935,1.24377,0.0277749,1.10739,1.12512,1.14922,1.20711,1.2449,1.25935,1.77313,1.23387,1.25935,1.24377,0.0277749,1.10739,1.12512,1.14922,1.20711,1.2449,1.25935,1.77313,-9999,3.67803,2.52314,0.163661,0.211154,1.58759,1.81799,2.40763,3.4183,3.61877,3.67803,-9999,3.67803,2.52314,0.163661,0.211154,1.58759,1.81799,2.40763,3.4183,3.61877,3.67803,0.0,0.0,0.0,0.0,0.0,0.0,0.0,0.0,0.0,0.0,0.0,0.0,0.0,0.0,0.0,0.0,0.0,0.0,0.0,0.0,0.0,0.0,-9999,-9999
201205,-9999,-9999,-9999,-9999,-9999,-9999,-9999,-9999,13.103,9.355,3.096,15.423,4.57,13.103,0.0,9.355,3.096,0.0,15.423,4.57,0.0,461.435,122.045,0.422715,257.429,257.184,0.422715,-9999,-9999,261.836,261.836,0.0,-9999,-9999,285.833,285.833,0.0,-9999,-9999,12.211,12.211,0.0,85.337,85.337,0.0,1.181,1.181,0.0,3.808,3.808,0.0,-9999,-9999,-9999,-9999,-9999,-9999,-9999,-9999,-9999,-9999,-9999,-9999,-9999,-9999,-9999,1.0,3.66462,0.0,-9999,-9999,-7.59475,0.0,-9999,-9999,-9999,-9999,18.2903,29.7097,0.0,0.0,-1.23327,-1.23327,0.0,0.0,-9999,-9999,-9999,-9999,-1.23327,-1.23327,0.0,0.0,-9999,-9999,-9999,-9999,-1.21922,-1.21922,0.0,0.0,0.0314747,0.0314747,-1.89264,-1.23327,-1.2295,-1.18563,-1.12375,-1.11447,-1.0637,-1.89264,-1.23327,-1.2295,-1.18563,-1.12375,-1.11447,-1.0637,0.0,0.0,0.0,0.0,0.0,0.0,0.0,0.0,0.0,0.0,0.0,0.0,0.0,0.0,-1.48419,-1.48419,0.936986,0.936986,0.0,0.0,-9999,-9999,-9999,-9999,-1.00672,-1.00672,0.856704,0.856704,0.0,0.0,-9999,-9999,-9999,-9999,-1.48419,-1.48419,0.936986,0.936986,0.0,0.0,-9999,-9999,-9999,-9999,-1.00672,-1.00672,0.856704,0.856704,0.0,0.0,-9999,-9999,-9999,-9999,-2.61934,-1.69087,-1.69087,-1.48419,-1.27872,-1.25132,-1.10799,-2.61934,-1.69087,-1.69087,-1.48419,-1.27872,-1.25132,-1.10799,0.0,0.0,0.0,0.0,0.0,0.0,0.0,0.0,0.0,0.0,0.0,0.0,0.0,0.0,-1.34402,-1.00672,-1.00593,-0.984648,-0.930161,-0.793158,-0.786296,-1.34402,-1.00672,-1.00593,-0.984648,-0.930161,-0.793158,-0.786296,0.0,0.0,0.0,0.0,0.0,0.0,0.0,0.0,0.0,0.0,0.0,0.0,0.0,0.0,1.03772e-06,1.03772e-06,1.02538e-06,2.10188e-09,1.01053e-06,1.01053e-06,1.01053e-06,1.03772e-06,1.03772e-06,1.03772e-06,1.03772e-06,1.03772e-06,1.03772e-06,1.02538e-06,2.10188e-09,1.01053e-06,1.01053e-06,1.01053e-06,1.03772e-06,1.03772e-06,1.03772e-06,1.03772e-06,1.20751,1.23327,1.21922,0.0314747,1.03314,1.10228,1.1229,1.18563,1.21444,1.23327,1.81078,1.20751,1.23327,1.21922,0.0314747,1.03314,1.10228,1.1229,1.18563,1.21444,1.23327,1.81078,-9999,7.8687,5.08293,0.37287,0.442854,2.68102,3.36239,4.82267,7.17632,7.73028,7.8687,-9999,7.8687,5.08293,0.37287,0.442854,2.68102,3.36239,4.82267,7.17632,7.73028,7.8687,0.0,0.0,0.0,0.0,0.0,0.0,0.0,0.0,0.0,0.0,0.0,0.0,0.0,0.0,0.0,0.0,0.0,0.0,0.0,0.0,0.0,0.0,-9999,-9999
201206,-9999,-9999,-9999,-9999,-9999,-9999,-9999,-9999,16.45,12.996,2.3,18.403,3.573,16.45,0.0,12.996,2.3,0.0,18.403,3.573,0.0,486.462,119.692,0.402083,242.192,241.75,0.402083,-9999,-9999,299.24,299.24,0.0,-9999,-9999,332.328,332.328,0.0,-9999,-9999,11.231,11.231,0.0,84.971,84.971,0.0,2.526,2.526,0.0,3.464,3.464,0.0,-9999,-9999,-9999,-9999,-9999,-9999,-9999,-9999,-9999,-9999,-9999,-9999,-9999,-9999,-9999,1.0,3.63988,0.0,-9999,-9999,-7.59386,0.0,-9999,-9999,-9999,-9999,17.3,30.7,0.0,0.0,-1.23619,-1.23619,0.0,0.0,-9999,-9999,-9999,-9999,-1.23619,-1.23619,0.0,0.0,-9999,-9999,-9999,-9999,-1.22122,-1.22122,0.0,0.0,0.0314147,0.0314147,-1.89278,-1.23619,-1.23281,-1.1889,-1.12748,-1.1145,-1.06483,-1.89278,-1.23619,-1.23281,-1.1889,-1.12748,-1.1145,-1.06483,0.0,0.0,0.0,0.0,0.0,0.0,0.0,0.0,0.0,0.0,0.0,0.0,0.0,0.0,-1.5431,-1.5431,0.917756,0.917756,0.0,0.0,-9999,-9999,-9999,-9999,-0.993599,-0.993599,0.857587,0.857587,0.0,0.0,-9999,-9999,-9999,-9999,-1.5431,-1.5431,0.917756,0.917756,0.0,0.0,-9999,-9999,-9999,-9999,-0.993599,-0.993599,0.857587,0.857587,0.0,0.0,-9999,-9999,-9999,-9999,-2.57282,-1.79914,-1.79914,-1.5431,-1.3273,-1.29807,-1.14664,-2.57282,-1.79914,-1.79914,-1.5431,-1.3273,-1.29807,-1.14664,0.0,0.0,0.0,0.0,0.0,0.0,0.0,0.0,0.0,0.0,0.0,0.0,0.0,0.0,-1.41172,-0.993599,-0.992889,-0.973541,-0.920958,-0.761414,-0.754944,-1.41172,-0.993599,-0.992889,-0.973541,-0.920958,-0.761414,-0.754944,0.0,0.0,0.0,0.0,0.0,0.0,0.0,0.0,0.0,0.0,0.0,0.0,0.0,0.0,1.03772e-06,1.03772e-06,1.09368e-06,1.0103e-08,1.03772e-06,1.03772e-06,1.03772e-06,1.03772e-06,1.1696e-06,1.1696e-06,1.1696e-06,1.03772e-06,1.03772e-06,1.09368e-06,1.0103e-08,1.03772e-06,1.03772e-06,1.03772e-06,1.03772e-06,1.1696e-06,1.1696e-06,1.1696e-06,1.20997,1.23619,1.22122,0.0314147,1.0336,1.10378,1.12724,1.1889,1.21721,1.23619,1.81055,1.20997,1.23619,1.22122,0.0314147,1.0336,1.10378,1.12724,1.1889,1.21721,1.23619,1.81055,-9999,10.1119,6.42747,0.487289,0.566003,3.21555,4.14546,6.0849,9.17443,9.92428,10.1119,-9999,10.1119,6.42747,0.487289,0.566003,3.21555,4.14546,6.0849,9.17443,9.92428,10.1119,0.0,0.0,0.0,0.0,0.0,0.0,0.0,0.0,0.0,0.0,0.0,0.0,0.0,0.0,0.0,0.0,0.0,0.0,0.0,0.0,0.0,0.0,-9999,-9999
201207,-9999,-9999,-9999,-9999,-9999,-9999,-9999,-9999,19.346,16.54,2.243,20.949,3.197,19.346,0.0,16.54,2.243,0.0,20.949,3.197,0.0,472.219,113.755,0.407258,231.986,231.769,0.407258,-9999,-9999,324.628,324.628,0.0,-9999,-9999,363.888,363.888,0.0,-9999,-9999,9.776,9.776,0.0,85.025,85.025,0.0,3.756,3.756,0.0,2.78,2.78,0.0,-9999,-9999,-9999,-9999,-9999,-9999,-9999,-9999,-9999,-9999,-9999,-9999,-9999,-9999,-9999,1.0,3.61222,0.0,-9999,-9999,-7.56301,0.0,-9999,-9999,-9999,-9999,17.5484,30.4516,0.0,0.0,-1.23876,-1.23876,0.0,0.0,-9999,-9999,-9999,-9999,-1.23876,-1.23876,0.0,0.0,-9999,-9999,-9999,-9999,-1.22286,-1.22286,0.0,0.0,0.0313709,0.0313709,-1.89258,-1.23876,-1.23579,-1.19133,-1.12958,-1.11206,-1.06738,-1.89258,-1.23876,-1.23579,-1.19133,-1.12958,-1.11206,-1.06738,0.0,0.0,0.0,0.0,0.0,0.0,0.0,0.0,0.0,0.0,0.0,0.0,0.0,0.0,-1.5319,-1.5319,0.920433,0.920433,0.0,0.0,-9999,-9999,-9999,-9999,-0.999517,-0.999517,0.858093,0.858093,0.0,0.0,-9999,-9999,-9999,-9999,-1.5319,-1.5319,0.920433,0.920433,0.0,0.0,-9999,-9999,-9999,-9999,-0.999517,-0.999517,0.858093,0.858093,0.0,0.0,-9999,-9999,-9999,-9999,-2.58445,-1.77158,-1.77158,-1.5319,-1.31623,-1.28857,-1.13136,-2.58445,-1.77158,-1.77158,-1.5319,-1.31623,-1.28857,-1.13136,0.0,0.0,0.0,0.0,0.0,0.0,0.0,0.0,0.0,0.0,0.0,0.0,0.0,0.0,-1.39471,-0.999517,-0.998825,-0.980028,-0.92789,-0.769885,-0.763583,-1.39471,-0.999517,-0.998825,-0.980028,-0.92789,-0.769885,-0.763583,0.0,0.0,0.0,0.0,0.0,0.0,0.0,0.0,0.0,0.0,0.0,0.0,0.0,0.0,1.03772e-06,1.03772e-06,1.11508e-06,1.42303e-08,1.03772e-06,1.03772e-06,1.03772e-06,1.03772e-06,1.22253e-06,1.22253e-06,1.22253e-06,1.03772e-06,1.03772e-06,1.11508e-06,1.42303e-08,1.03772e-06,1.03772e-06,1.03772e-06,1.03772e-06,1.22253e-06,1.22253e-06,1.22253e-06,1.21332,1.23876,1.22286,0.0313709,1.0353,1.10384,1.12929,1.19133,1.22076,1.23876,1.81044,1.21332,1.23876,1.22286,0.0313709,1.0353,1.10384,1.12929,1.19133,1.22076,1.23876,1.81044,-9999,12.2456,7.69658,0.597034,0.682819,3.70427,4.8286,7.27417,11.07,12.0101,12.2456,-9999,12.2456,7.69658,0.597034,0.682819,3.70427,4.8286,7.27417,11.07,12.0101,12.2456,0.0,0.0,0.0,0.0,0.0,0.0,0.0,0.0,0.0,0.0,0.0,0.0,0.0,0.0,0.0,0.0,0.0,0.0,0.0,0.0,0.0,0.0,-9999,-9999
201208,-9999,-9999,-9999,-9999,-9999,-9999,-9999,-9999,17.709,14.884,2.215,19.673,3.123,17.709,0.0,14.884,2.215,0.0,19.673,3.123,0.0,421.251,113.208,0.451613,234.167,233.881,0.451613,-9999,-9999,303.362,303.362,0.0,-9999,-9999,337.452,337.452,0.0,-9999,-9999,8.594,8.594,0.0,85.453,85.453,0.0,1.706,1.706,0.0,3.313,3.313,0.0,-9999,-9999,-9999,-9999,-9999,-9999,-9999,-9999,-9999,-9999,-9999,-9999,-9999,-9999,-9999,1.0,3.64282,0.0,-9999,-9999,-7.62382,0.0,-9999,-9999,-9999,-9999,19.6774,28.3226,0.0,0.0,-1.23653,-1.23653,0.0,0.0,-9999,-9999,-9999,-9999,-1.23653,-1.23653,0.0,0.0,-9999,-9999,-9999,-9999,-1.22158,-1.22158,0.0,0.0,0.0314006,0.0314006,-1.89311,-1.23653,-1.23313,-1.18975,-1.12953,-1.11698,-1.0634,-1.89311,-1.23653,-1.23313,-1.18975,-1.12953,-1.11698,-1.0634,0.0,0.0,0.0,0.0,0.0,0.0,0.0,0.0,0.0,0.0,0.0,0.0,0.0,0.0,-1.48603,-1.48603,0.939321,0.939321,0.0,0.0,-9999,-9999,-9999,-9999,-0.987732,-0.987732,0.845863,0.845863,0.0,0.0,-9999,-9999,-9999,-9999,-1.48603,-1.48603,0.939321,0.939321,0.0,0.0,-9999,-9999,-9999,-9999,-0.987732,-0.987732,0.845863,0.845863,0.0,0.0,-9999,-9999,-9999,-9999,-2.62138,-1.66315,-1.66315,-1.48603,-1.28218,-1.25257,-1.14069,-2.62138,-1.66315,-1.66315,-1.48603,-1.28218,-1.25257,-1.14069,0.0,0.0,0.0,0.0,0.0,0.0,0.0,0.0,0.0,0.0,0.0,0.0,0.0,0.0,-1.28069,-0.987732,-0.986986,-0.973764,-0.905843,-0.767506,-0.760446,-1.28069,-0.987732,-0.986986,-0.973764,-0.905843,-0.767506,-0.760446,0.0,0.0,0.0,0.0,0.0,0.0,0.0,0.0,0.0,0.0,0.0,0.0,0.0,0.0,1.03772e-06,1.03772e-06,1.07756e-06,7.74219e-09,1.03772e-06,1.03772e-06,1.03772e-06,1.03772e-06,1.13675e-06,1.13675e-06,1.13675e-06,1.03772e-06,1.03772e-06,1.07756e-06,7.74219e-09,1.03772e-06,1.03772e-06,1.03772e-06,1.03772e-06,1.13675e-06,1.13675e-06,1.13675e-06,1.20908,1.23653,1.22158,0.0314006,1.03237,1.10522,1.12953,1.18975,1.21644,1.23653,1.81044,1.20908,1.23653,1.22158,0.0314006,1.03237,1.10522,1.12953,1.18975,1.21644,1.23653,1.81044,-9999,10.8083,6.85902,0.521974,0.604812,3.40573,4.41247,6.49556,9.80364,10.6073,10.8083,-9999,10.8083,6.85902,0.521974,0.604812,3.40573,4.41247,6.49556,9.80364,10.6073,10.8083,0.0,0.0,0.0,0.0,0.0,0.0,0.0,0.0,0.0,0.0,0.0,0.0,0.0,0.0,0.0,0.0,0.0,0.0,0.0,0.0,0.0,0.0,-9999,-9999
201209,-9999,-9999,-9999,-9999,-9999,-9999,-9999,-9999,10.313,7.86,2.498,12.48,3.29,10.313,0.0,7.86,2.498,0.0,12.48,3.29,0.0,344.442,113.196,0.509028,180.521,180.227,0.509028,-9999,-9999,269.925,269.925,0.0,-9999,-9999,295.887,295.887,0.0,-9999,-9999,6.175,6.175,0.0,85.874,85.874,0.0,1.536,1.536,0.0,3.062,3.062,0.0,-9999,-9999,-9999,-9999,-9999,-9999,-9999,-9999,-9999,-9999,-9999,-9999,-9999,-9999,-9999,1.0,3.63988,0.0,-9999,-9999,-7.59386,0.0,-9999,-9999,-9999,-9999,22.4333,25.5667,0.0,0.0,-1.23619,-1.23619,0.0,0.0,-9999,-9999,-9999,-9999,-1.23619,-1.23619,0.0,0.0,-9999,-9999,-9999,-9999,-1.22122,-1.22122,0.0,0.0,0.0314147,0.0314147,-1.89278,-1.23619,-1.23281,-1.1889,-1.12748,-1.1145,-1.06483,-1.89278,-1.23619,-1.23281,-1.1889,-1.12748,-1.1145,-1.06483,0.0,0.0,0.0,0.0,0.0,0.0,0.0,0.0,0.0,0.0,0.0,0.0,0.0,0.0,-1.41553,-1.41553,0.957841,0.957841,0.0,0.0,-9999,-9999,-9999,-9999,-0.99479,-0.99479,0.826332,0.826332,0.0,0.0,-9999,-9999,-9999,-9999,-1.41553,-1.41553,0.957841,0.957841,0.0,0.0,-9999,-9999,-9999,-9999,-0.99479,-0.99479,0.826332,0.826332,0.0,0.0,-9999,-9999,-9999,-9999,-2.65805,-1.50699,-1.50699,-1.41433,-1.23328,-1.19255,-1.13085,-2.65805,-1.50699,-1.50699,-1.41433,-1.23328,-1.19255,-1.13085,0.0,0.0,0.0,0.0,0.0,0.0,0.0,0.0,0.0,0.0,0.0,0.0,0.0,0.0,-1.10331,-0.99479,-0.993941,-0.993279,-0.904391,-0.810606,-0.802836,-1.10331,-0.99479,-0.993941,-0.993279,-0.904391,-0.810606,-0.802836,0.0,0.0,0.0,0.0,0.0,0.0,0.0,0.0,0.0,0.0,0.0,0.0,0.0,0.0,1.03772e-06,1.03772e-06,9.85244e-07,9.48362e-09,9.13774e-07,9.13774e-07,9.13774e-07,1.03556e-06,1.03772e-06,1.03772e-06,1.03772e-06,1.03772e-06,1.03772e-06,9.85244e-07,9.48362e-09,9.13774e-07,9.13774e-07,9.13774e-07,1.03556e-06,1.03772e-06,1.03772e-06,1.03772e-06,1.20997,1.23619,1.22122,0.0314147,1.0336,1.10378,1.12724,1.1889,1.21721,1.23619,1.81055,1.20997,1.23619,1.22122,0.0314147,1.0336,1.10378,1.12724,1.1889,1.21721,1.23619,1.81055,-9999,5.70279,3.80322,0.261719,0.324612,2.20004,2.63771,3.6266,5.25728,5.61091,5.70279,-9999,5.70279,3.80322,0.261719,0.324612,2.20004,2.63771,3.6266,5.25728,5.61091,5.70279,0.0,0.0,0.0,0.0,0.0,0.0,0.0,0.0,0.0,0.0,0.0,0.0,0.0,0.0,0.0,0.0,0.0,0.0,0.0,0.0,0.0,0.0,-9999,-9999
201210,-9999,-9999,-9999,-9999,-9999,-9999,-9999,-9999,3.405,1.304,2.463,5.724,3.319,3.405,0.0,1.304,2.463,0.0,5.724,3.319,0.0,256.755,113.141,0.567204,143.199,142.995,0.567204,-9999,-9999,226.481,226.481,0.0,-9999,-9999,241.884,241.884,0.0,-9999,-9999,4.881,4.881,0.0,85.873,85.873,0.0,0.363,0.363,0.0,3.895,3.895,0.0,-9999,-9999,-9999,-9999,-9999,-9999,-9999,-9999,-9999,-9999,-9999,-9999,-9999,-9999,-9999,1.0,3.66462,0.0,-9999,-9999,-7.59475,0.0,-9999,-9999,-9999,-9999,25.2258,22.7742,0.0,0.0,-1.23327,-1.23327,0.0,0.0,-9999,-9999,-9999,-9999,-1.23327,-1.23327,0.0,0.0,-9999,-9999,-9999,-9999,-1.21922,-1.21922,0.0,0.0,0.0314747,0.0314747,-1.89264,-1.23327,-1.2295,-1.18563,-1.12375,-1.11447,-1.0637,-1.89264,-1.23327,-1.2295,-1.18563,-1.12375,-1.11447,-1.0637,0.0,0.0,0.0,0.0,0.0,0.0,0.0,0.0,0.0,0.0,0.0,0.0,0.0,0.0,-1.41998,-1.41998,0.925506,0.925506,0.0,0.0,-9999,-9999,-9999,-9999,-0.930728,-0.930728,0.822262,0.822262,0.0,0.0,-9999,-9999,-9999,-9999,-1.41998,-1.41998,0.925506,0.925506,0.0,0.0,-9999,-9999,-9999,-9999,-0.930728,-0.930728,0.822262,0.822262,0.0,0.0,-9999,-9999,-9999,-9999,-2.63697,-1.43264,-1.41998,-1.38714,-1.26021,-1.21948,-1.14596,-2.63697,-1.43264,-1.41998,-1.38714,-1.26021,-1.21948,-1.14596,0.0,0.0,0.0,0.0,0.0,0.0,0.0,0.0,0.0,0.0,0.0,0.0,0.0,0.0,-0.932597,-0.929975,-0.929705,-0.929105,-0.859534,-0.84688,-0.846648,-0.932597,-0.929975,-0.929705,-0.929105,-0.859534,-0.84688,-0.846648,0.0,0.0,0.0,0.0,0.0,0.0,0.0,0.0,0.0,0.0,0.0,0.0,0.0,0.0,9.41484e-07,1.02657e-06,7.42796e-07,4.49012e-08,4.18437e-07,4.18437e-07,4.18437e-07,8.43151e-07,1.02796e-06,1.03493e-06,1.03772e-06,9.41484e-07,1.02657e-06,7.42796e-07,4.49012e-08,4.18437e-07,4.18437e-07,4.18437e-07,8.43151e-07,1.02796e-06,1.03493e-06,1.03772e-06,1.20751,1.23327,1.21922,0.0314747,1.03314,1.10228,1.1229,1.18563,1.21444,1.23327,1.81078,1.20751,1.23327,1.21922,0.0314747,1.03314,1.10228,1.1229,1.18563,1.21444,1.23327,1.81078,-9999,2.70077,1.91653,0.116182,0.15677,1.31441,1.44143,1.83248,2.5365,2.65726,2.70077,-9999,2.70077,1.91653,0.116182,0.15677,1.31441,1.44143,1.83248,2.5365,2.65726,2.70077,0.0,0.0,0.0,0.0,0.0,0.0,0.0,0.0,0.0,0.0,0.0,0.0,0.0,0.0,0.0,0.0,0.0,0.0,0.0,0.0,0.0,0.0,-9999,-9999
201211,-9999,-9999,-9999,-9999,-9999,-9999,-9999,-9999,-9.151,-10.391,2.552,-7.481,2.525,-9.151,0.0,-10.391,2.552,0.0,-7.481,2.525,0.0,182.5,113.196,0.618056,96.993,96.799,0.618056,-9999,-9999,189.092,189.092,0.0,-9999,-9999,195.406,195.406,0.0,-9999,-9999,1.514,1.514,0.0,85.584,85.584,0.0,0.923,0.923,0.0,4.728,4.728,0.0,-9999,-9999,-9999,-9999,-9999,-9999,-9999,-9999,-9999,-9999,-9999,-9999,-9999,-9999,-9999,1.0,3.63988,0.0,-9999,-9999,-7.59386,0.0,-9999,-9999,-9999,-9999,27.6667,20.3333,0.0,0.0,-1.23619,-1.23619,0.0,0.0,-9999,-9999,-9999,-9999,-1.23619,-1.23619,0.0,0.0,-9999,-9999,-9999,-9999,-1.22122,-1.22122,0.0,0.0,0.0314147,0.0314147,-1.89278,-1.23619,-1.23281,-1.1889,-1.12748,-1.1145,-1.06483,-1.89278,-1.23619,-1.23281,-1.1889,-1.12748,-1.1145,-1.06483,0.0,0.0,0.0,0.0,0.0,0.0,0.0,0.0,0.0,0.0,0.0,0.0,0.0,0.0,-1.45518,-1.45518,0.897729,0.897729,0.0,0.0,-9999,-9999,-9999,-9999,-0.830425,-0.830425,0.79616,0.79616,0.0,0.0,-9999,-9999,-9999,-9999,-1.45518,-1.45518,0.897729,0.897729,0.0,0.0,-9999,-9999,-9999,-9999,-0.830425,-0.830425,0.79616,0.79616,0.0,0.0,-9999,-9999,-9999,-9999,-2.60091,-1.45518,-1.45518,-1.38918,-1.30888,-1.27383,-1.19526,-2.60091,-1.45518,-1.45518,-1.38918,-1.30888,-1.27383,-1.19526,0.0,0.0,0.0,0.0,0.0,0.0,0.0,0.0,0.0,0.0,0.0,0.0,0.0,0.0,-0.830425,-0.829344,-0.829344,-0.810902,-0.776653,-0.776653,-0.763551,-0.830425,-0.829344,-0.829344,-0.810902,-0.776653,-0.776653,-0.763551,0.0,0.0,0.0,0.0,0.0,0.0,0.0,0.0,0.0,0.0,0.0,0.0,0.0,0.0,1.92411e-07,3.40864e-07,1.8879e-07,2.83957e-08,2.66638e-08,2.66638e-08,2.66638e-08,1.08096e-07,3.48791e-07,3.83382e-07,5.2751e-07,1.92411e-07,3.40864e-07,1.8879e-07,2.83957e-08,2.66638e-08,2.66638e-08,2.66638e-08,1.08096e-07,3.48791e-07,3.83382e-07,5.2751e-07,1.20997,1.23619,1.22122,0.0314147,1.0336,1.10378,1.12724,1.1889,1.21721,1.23619,1.81055,1.20997,1.23619,1.22122,0.0314147,1.0336,1.10378,1.12724,1.1889,1.21721,1.23619,1.81055,-9999,0.432585,0.356692,0.016677,0.0261028,0.31074,0.346163,0.37117,0.424322,0.425725,0.432585,-9999,0.432585,0.356692,0.016677,0.0261028,0.31074,0.346163,0.37117,0.424322,0.425725,0.432585,0.0,0.0,0.0,0.0,0.0,0.0,0.0,0.0,0.0,0.0,0.0,0.0,0.0,0.0,0.0,0.0,0.0,0.0,0.0,0.0,0.0,0.0,-9999,-9999
201212,-9999,-9999,-9999,-9999,-9999,-9999,-9999,-9999,-17.4,-18.515,2.46,-15.669,1.951,-17.4,0.0,-18.515,2.46,0.0,-15.669,1.951,0.0,148.033,113.238,0.649866,74.644,74.123,0.649866,-9999,-9999,171.117,171.117,0.0,-9999,-9999,173.063,173.063,0.0,-9999,-9999,0.694,0.694,0.0,85.679,85.679,0.0,0.275,0.275,0.0,4.295,4.295,0.0,-9999,-9999,-9999,-9999,-9999,-9999,-9999,-9999,-9999,-9999,-9999,-9999,-9999,-9999,-9999,1.0,3.61222,0.0,-9999,-9999,-7.56301,0.0,-9999,-9999,-9999,-9999,29.1935,18.8065,0.0,0.0,-1.23876,-1.23876,0.0,0.0,-9999,-9999,-9999,-9999,-1.23876,-1.23876,0.0,0.0,-9999,-9999,-9999,-9999,-1.22286,-1.22286,0.0,0.0,0.0313709,0.0313709,-1.89258,-1.23876,-1.23579,-1.19133,-1.12958,-1.11206,-1.06738,-1.89258,-1.23876,-1.23579,-1.19133,-1.12958,-1.11206,-1.06738,0.0,0.0,0.0,0.0,0.0,0.0,0.0,0.0,0.0,0.0,0.0,0.0,0.0,0.0,-1.48722,-1.48722,0.88367,0.88367,0.0,0.0,-9999,-9999,-9999,-9999,-0.737453,-0.737453,0.741738,0.741738,0.0,0.0,-9999,-9999,-9999,-9999,-1.48722,-1.48722,0.88367,0.88367,0.0,0.0,-9999,-9999,-9999,-9999,-0.737453,-0.737453,0.741738,0.741738,0.0,0.0,-9999,-9999,-9999,-9999,-2.55289,-1.48722,-1.48722,-1.41664,-1.34252,-1.31341,-1.23286,-2.55289,-1.48722,-1.48722,-1.41664,-1.34252,-1.31341,-1.23286,0.0,0.0,0.0,0.0,0.0,0.0,0.0,0.0,0.0,0.0,0.0,0.0,0.0,0.0,-0.737453,-0.736331,-0.736331,-0.710818,-0.696514,-0.692511,-0.675471,-0.737453,-0.736331,-0.736331,-0.710818,-0.696514,-0.692511,-0.675471,0.0,0.0,0.0,0.0,0.0,0.0,0.0,0.0,0.0,0.0,0.0,0.0,0.0,0.0,6.27656e-09,5.43968e-08,2.87501e-08,7.0283e-09,0.0,0.0,0.0,0.0,5.85812e-08,6.48578e-08,1.30413e-07,6.27656e-09,5.43968e-08,2.87501e-08,7.0283e-09,0.0,0.0,0.0,0.0,5.85812e-08,6.48578e-08,1.30413e-07,1.21332,1.23876,1.22286,0.0313709,1.0353,1.10384,1.12929,1.19133,1.22076,1.23876,1.81044,1.21332,1.23876,1.22286,0.0313709,1.0353,1.10384,1.12929,1.19133,1.22076,1.23876,1.81044,-9999,0.0693791,0.069982,0.00338538,0.00438566,0.0624626,0.0682612,0.0706575,0.0781353,0.0799679,0.0941035,-9999,0.0693791,0.069982,0.00338538,0.00438566,0.0624626,0.0682612,0.0706575,0.0781353,0.0799679,0.0941035,0.0,0.0,0.0,0.0,0.0,0.0,0.0,0.0,0.0,0.0,0.0,0.0,0.0,0.0,0.0,0.0,0.0,0.0,0.0,0.0,0.0,0.0,-9999,-9999
