TIMESTAMP,TA_F_MDS,TA_F_MDS_QC,TA_F_MDS_NIGHT,TA_F_MDS_NIGHT_SD,TA_F_MDS_NIGHT_QC,TA_F_MDS_DAY,TA_F_MDS_DAY_SD,TA_F_MDS_DAY_QC,TA_ERA,TA_ERA_NIGHT,TA_ERA_NIGHT_SD,TA_ERA_DAY,TA_ERA_DAY_SD,TA_F,TA_F_QC,TA_F_NIGHT,TA_F_NIGHT_SD,TA_F_NIGHT_QC,TA_F_DAY,TA_F_DAY_SD,TA_F_DAY_QC,SW_IN_POT,SW_IN_F_MDS,SW_IN_F_MDS_QC,SW_IN_ERA,SW_IN_F,SW_IN_F_QC,LW_IN_F_MDS,LW_IN_F_MDS_QC,LW_IN_ERA,LW_IN_F,LW_IN_F_QC,LW_IN_JSB,LW_IN_JSB_QC,LW_IN_JSB_ERA,LW_IN_JSB_F,LW_IN_JSB_F_QC,VPD_F_MDS,VPD_F_MDS_QC,VPD_ERA,VPD_F,VPD_F_QC,PA_ERA,PA_F,PA_F_QC,P_ERA,P_F,P_F_QC,WS_ERA,WS_F,WS_F_QC,USTAR,USTAR_QC,NETRAD,NETRAD_QC,SW_OUT,SW_OUT_QC,LW_OUT,LW_OUT_QC,CO2_F_MDS,CO2_F_MDS_QC,TS_F_MDS_1,TS_F_MDS_1_QC,SWC_F_MDS_1,SWC_F_MDS_2,SWC_F_MDS_1_QC,SWC_F_MDS_2_QC,G_F_MDS,G_F_MDS_QC,LE_F_MDS,LE_F_MDS_QC,LE_CORR,LE_RANDUNC,H_F_MDS,H_F_MDS_QC,H_CORR,H_RANDUNC,EBC_CF_N,EBC_CF_METHOD,NIGHT_D,DAY_D,NIGHT_RANDUNC_N,DAY_RANDUNC_N,NEE_CUT_REF,NEE_VUT_REF,NEE_CUT_REF_QC,NEE_VUT_REF_QC,NEE_CUT_REF_RANDUNC,NEE_VUT_REF_RANDUNC,NEE_CUT_REF_JOINTUNC,NEE_VUT_REF_JOINTUNC,NEE_CUT_USTAR50,NEE_VUT_USTAR50,NEE_CUT_USTAR50_QC,NEE_VUT_USTAR50_QC,NEE_CUT_USTAR50_RANDUNC,NEE_VUT_USTAR50_RANDUNC,NEE_CUT_USTAR50_JOINTUNC,NEE_VUT_USTAR50_JOINTUNC,NEE_CUT_MEAN,NEE_VUT_MEAN,NEE_CUT_MEAN_QC,NEE_VUT_MEAN_QC,NEE_CUT_SE,NEE_VUT_SE,NEE_CUT_05,NEE_CUT_16,NEE_CUT_25,NEE_CUT_50,NEE_CUT_75,NEE_CUT_84,NEE_CUT_95,NEE_VUT_05,NEE_VUT_16,NEE_VUT_25,NEE_VUT_50,NEE_VUT_75,NEE_VUT_84,NEE_VUT_95,NEE_CUT_05_QC,NEE_CUT_16_QC,NEE_CUT_25_QC,NEE_CUT_50_QC,NEE_CUT_75_QC,NEE_CUT_84_QC,NEE_CUT_95_QC,NEE_VUT_05_QC,NEE_VUT_16_QC,NEE_VUT_25_QC,NEE_VUT_50_QC,NEE_VUT_75_QC,NEE_VUT_84_QC,NEE_VUT_95_QC,NEE_CUT_REF_NIGHT,NEE_VUT_REF_NIGHT,NEE_CUT_REF_NIGHT_SD,NEE_VUT_REF_NIGHT_SD,NEE_CUT_REF_NIGHT_QC,NEE_VUT_REF_NIGHT_QC,NEE_CUT_REF_NIGHT_RANDUNC,NEE_VUT_REF_NIGHT_RANDUNC,NEE_CUT_REF_NIGHT_JOINTUNC,NEE_VUT_REF_NIGHT_JOINTUNC,NEE_CUT_REF_DAY,NEE_VUT_REF_DAY,NEE_CUT_REF_DAY_SD,NEE_VUT_REF_DAY_SD,NEE_CUT_REF_DAY_QC,NEE_VUT_REF_DAY_QC,NEE_CUT_REF_DAY_RANDUNC,NEE_VUT_REF_DAY_RANDUNC,NEE_CUT_REF_DAY_JOINTUNC,NEE_VUT_REF_DAY_JOINTUNC,NEE_CUT_USTAR50_NIGHT,NEE_VUT_USTAR50_NIGHT,NEE_CUT_USTAR50_NIGHT_SD,NEE_VUT_USTAR50_NIGHT_SD,NEE_CUT_USTAR50_NIGHT_QC,NEE_VUT_USTAR50_NIGHT_QC,NEE_CUT_USTAR50_NIGHT_RANDUNC,NEE_VUT_USTAR50_NIGHT_RANDUNC,NEE_CUT_USTAR50_NIGHT_JOINTUNC,NEE_VUT_USTAR50_NIGHT_JOINTUNC,NEE_CUT_USTAR50_DAY,NEE_VUT_USTAR50_DAY,NEE_CUT_USTAR50_DAY_SD,NEE_VUT_USTAR50_DAY_SD,NEE_CUT_USTAR50_DAY_QC,NEE_VUT_USTAR50_DAY_QC,NEE_CUT_USTAR50_DAY_RANDUNC,NEE_VUT_USTAR50_DAY_RANDUNC,NEE_CUT_USTAR50_DAY_JOINTUNC,NEE_VUT_USTAR50_DAY_JOINTUNC,NEE_CUT_05_NIGHT,NEE_CUT_16_NIGHT,NEE_CUT_25_NIGHT,NEE_CUT_50_NIGHT,NEE_CUT_75_NIGHT,NEE_CUT_84_NIGHT,NEE_CUT_95_NIGHT,NEE_VUT_05_NIGHT,NEE_VUT_16_NIGHT,NEE_VUT_25_NIGHT,NEE_VUT_50_NIGHT,NEE_VUT_75_NIGHT,NEE_VUT_84_NIGHT,NEE_VUT_95_NIGHT,NEE_CUT_05_NIGHT_QC,NEE_CUT_16_NIGHT_QC,NEE_CUT_25_NIGHT_QC,NEE_CUT_50_NIGHT_QC,NEE_CUT_75_NIGHT_QC,NEE_CUT_84_NIGHT_QC,NEE_CUT_95_NIGHT_QC,NEE_VUT_05_NIGHT_QC,NEE_VUT_16_NIGHT_QC,NEE_VUT_25_NIGHT_QC,NEE_VUT_50_NIGHT_QC,NEE_VUT_75_NIGHT_QC,NEE_VUT_84_NIGHT_QC,NEE_VUT_95_NIGHT_QC,NEE_CUT_05_DAY,NEE_CUT_16_DAY,NEE_CUT_25_DAY,NEE_CUT_50_DAY,NEE_CUT_75_DAY,NEE_CUT_84_DAY,NEE_CUT_95_DAY,NEE_VUT_05_DAY,NEE_VUT_16_DAY,NEE_VUT_25_DAY,NEE_VUT_50_DAY,NEE_VUT_75_DAY,NEE_VUT_84_DAY,NEE_VUT_95_DAY,NEE_CUT_05_DAY_QC,NEE_CUT_16_DAY_QC,NEE_CUT_25_DAY_QC,NEE_CUT_50_DAY_QC,NEE_CUT_75_DAY_QC,NEE_CUT_84_DAY_QC,NEE_CUT_95_DAY_QC,NEE_VUT_05_DAY_QC,NEE_VUT_16_DAY_QC,NEE_VUT_25_DAY_QC,NEE_VUT_50_DAY_QC,NEE_VUT_75_DAY_QC,NEE_VUT_84_DAY_QC,NEE_VUT_95_DAY_QC,RECO_NT_VUT_REF,RECO_NT_VUT_USTAR50,RECO_NT_VUT_MEAN,RECO_NT_VUT_SE,RECO_NT_VUT_05,RECO_NT_VUT_16,RECO_NT_VUT_25,RECO_NT_VUT_50,RECO_NT_VUT_75,RECO_NT_VUT_84,RECO_NT_VUT_95,RECO_NT_CUT_REF,RECO_NT_CUT_USTAR50,RECO_NT_CUT_MEAN,RECO_NT_CUT_SE,RECO_NT_CUT_05,RECO_NT_CUT_16,RECO_NT_CUT_25,RECO_NT_CUT_50,RECO_NT_CUT_75,RECO_NT_CUT_84,RECO_NT_CUT_95,GPP_NT_VUT_REF,GPP_NT_VUT_USTAR50,GPP_NT_VUT_MEAN,GPP_NT_VUT_SE,GPP_NT_VUT_05,GPP_NT_VUT_16,GPP_NT_VUT_25,GPP_NT_VUT_50,GPP_NT_VUT_75,GPP_NT_VUT_84,GPP_NT_VUT_95,GPP_NT_CUT_REF,GPP_NT_CUT_USTAR50,GPP_NT_CUT_MEAN,GPP_NT_CUT_SE,GPP_NT_CUT_05,GPP_NT_CUT_16,GPP_NT_CUT_25,GPP_NT_CUT_50,GPP_NT_CUT_75,GPP_NT_CUT_84,GPP_NT_CUT_95,RECO_DT_VUT_REF,RECO_DT_VUT_USTAR50,RECO_DT_VUT_MEAN,RECO_DT_VUT_SE,RECO_DT_VUT_05,RECO_DT_VUT_16,RECO_DT_VUT_25,RECO_DT_VUT_50,RECO_DT_VUT_75,RECO_DT_VUT_84,RECO_DT_VUT_95,RECO_DT_CUT_REF,RECO_DT_CUT_USTAR50,RECO_DT_CUT_MEAN,RECO_DT_CUT_SE,RECO_DT_CUT_05,RECO_DT_CUT_16,RECO_DT_CUT_25,RECO_DT_CUT_50,RECO_DT_CUT_75,RECO_DT_CUT_84,RECO_DT_CUT_95,GPP_DT_VUT_REF,GPP_DT_VUT_USTAR50,GPP_DT_VUT_MEAN,GPP_DT_VUT_SE,GPP_DT_VUT_05,GPP_DT_VUT_16,GPP_DT_VUT_25,GPP_DT_VUT_50,GPP_DT_VUT_75,GPP_DT_VUT_84,GPP_DT_VUT_95,GPP_DT_CUT_REF,GPP_DT_CUT_USTAR50,GPP_DT_CUT_MEAN,GPP_DT_CUT_SE,GPP_DT_CUT_05,GPP_DT_CUT_16,GPP_DT_CUT_25,GPP_DT_CUT_50,GPP_DT_CUT_75,GPP_DT_CUT_84,GPP_DT_CUT_95,RECO_SR,RECO_SR_N
201201,-9999,-9999,-9999,-9999,-9999,-9999,-9999,-9999,22.36,20.401,1.473,23.614,2.418,22.36,0.0,20.401,1.473,0.0,23.614,2.418,0.0,503.615,-9999,-9999,246.189,246.189,0.0,-9999,-9999,394.803,394.803,0.0,-9999,-9999,419.486,419.486,0.0,-9999,-9999,8.145,8.145,0.0,100.635,100.635,0.0,2.653,2.653,0.0,1.56,1.56,0.0,-9999,-9999,-9999,-9999,-9999,-9999,-9999,-9999,-9999,-9999,-9999,-9999,-9999,-9999,-9999,-9999,-9999,1.0,44.7625,0.0,53.9826,-9999,58.5965,0.0,70.6661,-9999,3.0,3,18.871,29.129,0.0,0.0,-0.752693,-0.752693,0.0,0.0,-9999,-9999,-9999,-9999,-0.752693,-0.578987,0.0,0.0,-9999,-9999,-9999,-9999,-0.994193,-0.868234,0.0,0.0,0.117643,0.115968,-1.9964,-1.85224,-1.80912,-0.752693,-0.444386,-0.14584,0.0532259,-1.9964,-1.85224,-1.80912,-0.578987,-0.444386,-0.0287037,0.0532259,0.0,0.0,0.0,0.0,0.0,0.0,0.0,0.0,0.0,0.0,0.0,0.0,0.0,0.0,1.78371,1.78371,1.73924,1.73924,0.0,0.0,-9999,-9999,-9999,-9999,-2.35101,-2.35101,3.27192,3.27192,0.0,0.0,-9999,-9999,-9999,-9999,1.78371,2.17141,1.73924,2.20731,0.0,0.0,-9999,-9999,-9999,-9999,-2.35101,-2.32561,3.27192,3.24443,0.0,0.0,-9999,-9999,-9999,-9999,-0.233242,-0.227354,-0.224181,1.78371,2.38622,2.60755,3.06536,-0.233242,-0.224181,0.0242224,2.12473,2.38622,2.86421,3.06536,0.0,0.0,0.0,0.0,0.0,0.0,0.0,0.0,0.0,0.0,0.0,0.0,0.0,0.0,-3.02522,-2.88889,-2.79049,-2.35101,-2.25143,-1.92295,-1.90291,-3.02522,-2.88889,-2.79049,-2.32561,-2.23971,-1.90291,-1.90291,0.0,0.0,0.0,0.0,0.0,0.0,0.0,0.0,0.0,0.0,0.0,0.0,0.0,0.0,2.40791,2.40791,2.20908,0.0801353,1.49581,1.5052,1.5226,2.40077,2.5827,2.60062,2.89457,2.35541,2.35541,2.12354,0.0821739,1.49581,1.5052,1.5226,2.35541,2.44208,2.5827,2.89457,3.10811,2.98689,3.07732,0.0405113,2.62932,2.84134,2.98496,3.02709,3.33172,3.33172,3.49221,3.10811,3.10811,3.11774,0.0397538,2.62932,2.84134,2.98496,3.10811,3.33172,3.35744,3.49221,2.37594,2.37594,2.01173,0.121515,0.77973,0.793945,1.33483,2.37614,2.40804,2.67856,2.98724,2.40804,2.98724,2.11388,0.115519,0.77973,0.793945,1.4847,2.37614,2.67856,2.67856,2.98724,4.71559,4.77294,4.21781,0.149023,2.80434,2.85509,3.30836,4.71559,4.77317,5.06622,5.3129,4.71559,5.3129,4.33696,0.143385,2.80434,2.85509,3.30836,4.77294,5.06622,5.06622,5.3129,-9999,-9999
201202,-9999,-9999,-9999,-9999,-9999,-9999,-9999,-9999,21.49,20.019,0.973,22.619,1.901,21.49,0.0,20.019,0.973,0.0,22.619,1.901,0.0,455.261,-9999,-9999,191.205,191.205,0.0,-9999,-9999,399.551,399.551,0.0,-9999,-9999,425.392,425.392,0.0,-9999,-9999,5.433,5.433,0.0,100.592,100.592,0.0,5.538,5.538,0.0,1.083,1.083,0.0,-9999,-9999,-9999,-9999,-9999,-9999,-9999,-9999,-9999,-9999,-9999,-9999,-9999,-9999,-9999,-9999,-9999,1.0,44.6081,0.0,52.9486,-9999,58.8936,0.0,69.905,-9999,3.0,3,20.7586,27.2414,0.0,0.0,-0.738187,-0.738187,0.0,0.0,-9999,-9999,-9999,-9999,-0.738187,-0.579867,0.0,0.0,-9999,-9999,-9999,-9999,-1.00107,-0.871438,0.0,0.0,0.120783,0.118945,-2.02726,-1.88762,-1.83522,-0.738187,-0.443548,-0.126776,0.0688778,-2.02726,-1.88762,-1.83522,-0.579867,-0.443548,-0.0102942,0.0688778,0.0,0.0,0.0,0.0,0.0,0.0,0.0,0.0,0.0,0.0,0.0,0.0,0.0,0.0,1.72169,1.72169,1.76098,1.76098,0.0,0.0,-9999,-9999,-9999,-9999,-2.56521,-2.56521,3.24822,3.24822,0.0,0.0,-9999,-9999,-9999,-9999,1.72169,2.04091,1.76098,2.15604,0.0,0.0,-9999,-9999,-9999,-9999,-2.56521,-2.53969,3.24822,3.22157,0.0,0.0,-9999,-9999,-9999,-9999,-0.213606,-0.20894,-0.206551,1.72169,2.26239,2.62367,3.03834,-0.213606,-0.206551,0.0355439,2.04091,2.26239,2.86195,3.03834,0.0,0.0,0.0,0.0,0.0,0.0,0.0,0.0,0.0,0.0,0.0,0.0,0.0,0.0,-3.28576,-3.14403,-3.04329,-2.56521,-2.47686,-2.21533,-2.19946,-3.28576,-3.14403,-3.04329,-2.53969,-2.47686,-2.19946,-2.19946,0.0,0.0,0.0,0.0,0.0,0.0,0.0,0.0,0.0,0.0,0.0,0.0,0.0,0.0,2.29794,2.29794,2.12674,0.0774679,1.44343,1.44873,1.46993,2.29794,2.48412,2.52112,2.80163,2.24406,2.24406,2.04311,0.0792258,1.44343,1.44873,1.46544,2.24406,2.36878,2.48412,2.80163,2.98225,2.8778,2.99818,0.0451811,2.53141,2.73275,2.8778,2.92766,3.30515,3.30515,3.47069,2.98225,2.98225,3.04418,0.0449063,2.53141,2.73275,2.8778,2.98225,3.30515,3.33635,3.47069,2.35455,2.35455,1.99305,0.120424,0.772707,0.786795,1.31697,2.35474,2.38635,2.64897,2.96033,2.38635,2.96033,2.09386,0.114444,0.772707,0.786795,1.47133,2.35474,2.64897,2.64897,2.96033,4.23563,4.37198,3.79693,0.14876,2.39532,2.45111,2.87645,4.23563,4.37219,4.65271,4.89382,4.23563,4.89382,3.91542,0.143337,2.39532,2.45111,2.87645,4.37198,4.65271,4.65271,4.89382,-9999,-9999
201203,-9999,-9999,-9999,-9999,-9999,-9999,-9999,-9999,19.907,18.64,1.159,21.068,1.982,19.907,0.0,18.64,1.159,0.0,21.068,1.982,0.0,379.091,-9999,-9999,161.438,161.438,0.0,-9999,-9999,387.93,387.93,0.0,-9999,-9999,410.936,410.936,0.0,-9999,-9999,5.503,5.503,0.0,100.813,100.813,0.0,4.105,4.105,0.0,1.461,1.461,0.0,-9999,-9999,-9999,-9999,-9999,-9999,-9999,-9999,-9999,-9999,-9999,-9999,-9999,-9999,-9999,-9999,-9999,1.0,44.7625,0.0,54.0546,-9999,58.5965,0.0,70.7604,-9999,3.0,3,22.8387,25.1613,0.0,0.0,-0.752693,-0.752693,0.0,0.0,-9999,-9999,-9999,-9999,-0.752693,-0.578987,0.0,0.0,-9999,-9999,-9999,-9999,-0.994193,-0.868234,0.0,0.0,0.117643,0.115968,-1.9964,-1.85224,-1.80912,-0.752693,-0.444386,-0.14584,0.0532259,-1.9964,-1.85224,-1.80912,-0.578987,-0.444386,-0.0287037,0.0532259,0.0,0.0,0.0,0.0,0.0,0.0,0.0,0.0,0.0,0.0,0.0,0.0,0.0,0.0,1.68284,1.68284,1.6584,1.6584,0.0,0.0,-9999,-9999,-9999,-9999,-2.91516,-2.91516,3.1301,3.1301,0.0,0.0,-9999,-9999,-9999,-9999,1.68284,2.00376,1.6584,2.09796,0.0,0.0,-9999,-9999,-9999,-9999,-2.91516,-2.88643,3.1301,3.10061,0.0,0.0,-9999,-9999,-9999,-9999,-0.0365234,0.00464728,0.00950444,1.68284,2.23709,2.55163,3.00493,-0.0365234,0.00464728,0.217676,2.00376,2.23709,2.83879,3.00493,0.0,0.0,0.0,0.0,0.0,0.0,0.0,0.0,0.0,0.0,0.0,0.0,0.0,0.0,-3.64035,-3.52892,-3.41492,-2.91516,-2.85288,-2.63661,-2.63661,-3.64035,-3.52892,-3.41492,-2.88643,-2.85288,-2.63661,-2.63661,0.0,0.0,0.0,0.0,0.0,0.0,0.0,0.0,0.0,0.0,0.0,0.0,0.0,0.0,2.11335,2.11335,1.98454,0.0729401,1.35095,1.35185,1.37769,2.11335,2.31384,2.37964,2.63725,2.05828,2.05828,1.90448,0.0742532,1.35095,1.35095,1.35185,2.05828,2.23806,2.31384,2.63725,2.81097,2.69234,2.85277,0.0462127,2.40835,2.58403,2.69234,2.78093,3.18681,3.18681,3.34825,2.81097,2.81097,2.89868,0.0462764,2.40835,2.58403,2.69234,2.81097,3.18681,3.2032,3.34825,2.31285,2.31285,1.9567,0.118299,0.759022,0.77286,1.28282,2.31303,2.34409,2.59183,2.9079,2.34409,2.9079,2.05496,0.112354,0.759022,0.77286,1.44527,2.31303,2.59183,2.59183,2.9079,3.78539,3.94066,3.3967,0.1391,2.08958,2.14291,2.53245,3.78539,3.94086,4.20098,4.425,3.78539,4.425,3.50744,0.134111,2.08958,2.14291,2.53245,3.94066,4.20098,4.20098,4.425,-9999,-9999
201204,-9999,-9999,-9999,-9999,-9999,-9999,-9999,-9999,18.183,16.748,1.458,19.701,2.454,18.183,0.0,16.748,1.458,0.0,19.701,2.454,0.0,293.868,-9999,-9999,148.475,148.475,0.0,-9999,-9999,364.711,364.711,0.0,-9999,-9999,382.055,382.055,0.0,-9999,-9999,6.024,6.024,0.0,101.169,101.169,0.0,1.543,1.543,0.0,1.331,1.331,0.0,-9999,-9999,-9999,-9999,-9999,-9999,-9999,-9999,-9999,-9999,-9999,-9999,-9999,-9999,-9999,-9999,-9999,1.0,44.6879,0.0,55.044,-9999,58.7401,0.0,72.3527,-9999,2.0,3,24.7667,23.2333,0.0,0.0,-0.745681,-0.745681,0.0,0.0,-9999,-9999,-9999,-9999,-0.745681,-0.579413,0.0,0.0,-9999,-9999,-9999,-9999,-0.997519,-0.869782,0.0,0.0,0.119159,0.117405,-2.01132,-1.86934,-1.82174,-0.745681,-0.443981,-0.136626,0.060791,-2.01132,-1.86934,-1.82174,-0.579413,-0.443981,-0.0198058,0.060791,0.0,0.0,0.0,0.0,0.0,0.0,0.0,0.0,0.0,0.0,0.0,0.0,0.0,0.0,1.62899,1.62899,1.6407,1.6407,0.0,0.0,-9999,-9999,-9999,-9999,-3.22346,-3.22346,3.0358,3.0358,0.0,0.0,-9999,-9999,-9999,-9999,1.62899,1.88555,1.6407,2.12493,0.0,0.0,-9999,-9999,-9999,-9999,-3.22346,-3.16261,3.0358,2.99331,0.0,0.0,-9999,-9999,-9999,-9999,-0.0248239,0.0455813,0.0716396,1.62899,2.13886,2.47579,2.93467,-0.0248239,0.0455813,0.248201,1.88555,2.13886,2.78405,2.93467,0.0,0.0,0.0,0.0,0.0,0.0,0.0,0.0,0.0,0.0,0.0,0.0,0.0,0.0,-3.98359,-3.89638,-3.77537,-3.22346,-3.16261,-3.00992,-3.00992,-3.98359,-3.89638,-3.77537,-3.16261,-3.16261,-3.00992,-3.00992,0.0,0.0,0.0,0.0,0.0,0.0,0.0,0.0,0.0,0.0,0.0,0.0,0.0,0.0,1.9254,1.9254,1.8364,0.068322,1.24893,1.25555,1.28056,1.9254,2.13652,2.22881,2.46284,1.86999,1.86999,1.76031,0.0692018,1.24893,1.24893,1.25555,1.86999,2.09843,2.13652,2.46284,2.61567,2.50481,2.70618,0.0520345,2.24861,2.40205,2.50481,2.61567,3.1023,3.1023,3.26687,2.61567,2.61567,2.75783,0.0526238,2.24861,2.40205,2.50481,2.61567,3.1023,3.11827,3.26687,2.26507,2.26507,1.9151,0.115866,0.743344,0.756896,1.2443,2.26525,2.29567,2.52683,2.84784,2.29567,2.84784,2.01048,0.109966,0.743344,0.756896,1.41542,2.26525,2.52683,2.52683,2.84784,3.59964,3.76263,3.22817,0.135612,1.95395,2.00679,2.38458,3.59964,3.76282,4.0133,4.22848,3.59964,4.22848,3.33608,0.130756,1.95395,2.00679,2.38458,3.76263,4.0133,4.0133,4.22848,-9999,-9999
201205,-9999,-9999,-9999,-9999,-9999,-9999,-9999,-9999,13.77,12.235,1.685,15.654,2.688,13.77,0.0,12.235,1.685,0.0,15.654,2.688,0.0,225.3,-9999,-9999,125.948,125.948,0.0,-9999,-9999,332.76,332.76,0.0,-9999,-9999,342.311,342.311,0.0,-9999,-9999,5.787,5.787,0.0,101.296,101.296,0.0,0.546,0.546,0.0,1.341,1.341,0.0,-9999,-9999,-9999,-9999,-9999,-9999,-9999,-9999,-9999,-9999,-9999,-9999,-9999,-9999,-9999,-9999,-9999,1.0,44.608,0.0,57.9008,-9999,58.5457,0.0,75.9919,-9999,1.0,3,26.5161,21.4839,0.0,0.0,-0.736968,-0.736968,0.0,0.0,-9999,-9999,-9999,-9999,-0.736968,-0.571551,0.0,0.0,-9999,-9999,-9999,-9999,-0.997901,-0.868192,0.0,0.0,0.121002,0.119143,-2.02765,-1.88511,-1.83565,-0.736968,-0.434987,-0.123621,0.0697873,-2.02765,-1.88511,-1.83565,-0.571551,-0.434987,-0.00965454,0.0697873,0.0,0.0,0.0,0.0,0.0,0.0,0.0,0.0,0.0,0.0,0.0,0.0,0.0,0.0,1.5227,1.5227,1.6955,1.6955,0.0,0.0,-9999,-9999,-9999,-9999,-3.46797,-3.46797,3.00818,3.00818,0.0,0.0,-9999,-9999,-9999,-9999,1.5227,1.69951,1.6955,2.32732,0.0,0.0,-9999,-9999,-9999,-9999,-3.46797,-3.32996,3.00818,2.93792,0.0,0.0,-9999,-9999,-9999,-9999,-0.0370093,0.0223143,0.105794,1.5227,1.93779,2.39139,2.80597,-0.0370093,0.0223143,0.214257,1.69951,1.93779,2.66731,2.80597,0.0,0.0,0.0,0.0,0.0,0.0,0.0,0.0,0.0,0.0,0.0,0.0,0.0,0.0,-4.32291,-4.21953,-4.08907,-3.46797,-3.32996,-3.31436,-3.31436,-4.32291,-4.21953,-4.08907,-3.32996,-3.32996,-3.31436,-3.31436,0.0,0.0,0.0,0.0,0.0,0.0,0.0,0.0,0.0,0.0,0.0,0.0,0.0,0.0,1.46751,1.46751,1.46948,0.057523,0.99599,1.01551,1.03824,1.46751,1.7465,1.84909,2.02528,1.41282,1.41282,1.40366,0.057353,0.99599,0.99599,1.01551,1.41282,1.69756,1.7465,2.02528,2.14979,2.03906,2.33768,0.0657182,1.85875,1.9555,2.03906,2.14979,2.87389,2.87389,3.04316,2.14979,2.14979,2.40156,0.0673708,1.85875,1.9555,2.03906,2.14979,2.87389,2.8811,3.04316,2.13856,2.13856,1.80505,0.109434,0.701825,0.71462,1.14335,2.13873,2.16744,2.35555,2.68877,2.16744,2.68877,1.89284,0.103668,0.701825,0.71462,1.33636,2.13873,2.35555,2.35555,2.68877,3.28553,3.4807,2.95267,0.131981,1.7185,1.77043,2.12656,3.28553,3.48088,3.72215,3.93007,3.28553,3.93007,3.05758,0.127374,1.7185,1.77043,2.12656,3.4807,3.72215,3.72215,3.93007,-9999,-9999
201206,-9999,-9999,-9999,-9999,-9999,-9999,-9999,-9999,12.343,11.465,1.229,13.563,1.579,12.343,0.0,11.465,1.229,0.0,13.563,1.579,0.0,193.407,-9999,-9999,82.093,82.093,0.0,-9999,-9999,343.829,343.829,0.0,-9999,-9999,356.08,356.08,0.0,-9999,-9999,4.092,4.092,0.0,101.063,101.063,0.0,1.754,1.754,0.0,1.548,1.548,0.0,-9999,-9999,-9999,-9999,-9999,-9999,-9999,-9999,-9999,-9999,-9999,-9999,-9999,-9999,-9999,-9999,-9999,1.0,44.6879,0.0,60.008,-9999,58.7401,0.0,78.8776,-9999,1.0,3,27.8667,20.1333,0.0,0.0,-0.745681,-0.745681,0.0,0.0,-9999,-9999,-9999,-9999,-0.745681,-0.579413,0.0,0.0,-9999,-9999,-9999,-9999,-0.997519,-0.869782,0.0,0.0,0.119159,0.117405,-2.01132,-1.86934,-1.82174,-0.745681,-0.443981,-0.136626,0.060791,-2.01132,-1.86934,-1.82174,-0.579413,-0.443981,-0.0198058,0.060791,0.0,0.0,0.0,0.0,0.0,0.0,0.0,0.0,0.0,0.0,0.0,0.0,0.0,0.0,1.31208,1.31208,1.99958,1.99958,0.0,0.0,-9999,-9999,-9999,-9999,-3.52803,-3.52803,2.95285,2.95285,0.0,0.0,-9999,-9999,-9999,-9999,1.31208,1.53177,1.99958,2.42809,0.0,0.0,-9999,-9999,-9999,-9999,-3.52803,-3.45184,2.95285,2.90846,0.0,0.0,-9999,-9999,-9999,-9999,-0.117786,-0.00705357,0.0811996,1.31208,1.75659,2.24864,2.59322,-0.117786,-0.00705357,0.126387,1.53177,1.75659,2.45943,2.59322,0.0,0.0,0.0,0.0,0.0,0.0,0.0,0.0,0.0,0.0,0.0,0.0,0.0,0.0,-4.45907,-4.36121,-4.28661,-3.52803,-3.45184,-3.44958,-3.44958,-4.45907,-4.36121,-4.28661,-3.45184,-3.45184,-3.44958,-3.44958,0.0,0.0,0.0,0.0,0.0,0.0,0.0,0.0,0.0,0.0,0.0,0.0,0.0,0.0,1.32629,1.32629,1.35459,0.0543485,0.916732,0.939918,0.961859,1.32629,1.63453,1.72842,1.88667,1.27227,1.27227,1.2921,0.0538612,0.916732,0.916732,0.939918,1.27227,1.56019,1.63453,1.88667,2.01795,1.90571,2.22437,0.0678792,1.74822,1.82588,1.90571,2.01795,2.7836,2.7836,2.95123,2.01795,2.01795,2.28962,0.069688,1.74822,1.82588,1.90571,2.01795,2.7836,2.78607,2.95123,2.09638,2.09638,1.7684,0.107293,0.687984,0.700526,1.11005,2.09655,2.1247,2.29873,2.63575,2.1247,2.63575,1.85368,0.101577,0.687984,0.700526,1.31001,2.09655,2.29873,2.29873,2.63575,2.41785,2.66899,2.20842,0.113515,1.17057,1.21186,1.48572,2.41785,2.66915,2.88809,3.07911,2.41785,3.07911,2.29873,0.110008,1.17057,1.21186,1.48572,2.66899,2.88809,2.88809,3.07911,-9999,-9999
201207,-9999,-9999,-9999,-9999,-9999,-9999,-9999,-9999,11.911,10.77,1.258,13.391,1.974,11.911,0.0,10.77,1.258,0.0,13.391,1.974,0.0,207.494,-9999,-9999,106.484,106.484,0.0,-9999,-9999,330.098,330.098,0.0,-9999,-9999,339.0,339.0,0.0,-9999,-9999,4.867,4.867,0.0,101.352,101.352,0.0,0.736,0.736,0.0,1.679,1.679,0.0,-9999,-9999,-9999,-9999,-9999,-9999,-9999,-9999,-9999,-9999,-9999,-9999,-9999,-9999,-9999,-9999,3.0517,0.643817,44.6932,0.0,58.1593,-9999,59.078,0.0,76.8784,-9999,2.0,3,27.129,20.871,0.0,0.0,-0.747384,-0.747384,0.0,0.0,-9999,-9999,-9999,-9999,-0.747384,-0.5877,0.0,0.0,-9999,-9999,-9999,-9999,-1.00046,-0.872921,0.0,0.0,0.118836,0.117109,-2.0099,-1.87067,-1.82044,-0.747384,-0.452571,-0.140416,0.0593597,-2.0099,-1.87067,-1.82044,-0.5877,-0.452571,-0.021059,0.0593597,0.0,0.0,0.0,0.0,0.0,0.0,0.0,0.0,0.0,0.0,0.0,0.0,0.0,0.0,1.34282,1.34282,1.98589,1.98589,0.0,0.0,-9999,-9999,-9999,-9999,-3.40129,-3.40129,2.98924,2.98924,0.0,0.0,-9999,-9999,-9999,-9999,1.34282,1.54621,1.98589,2.44175,0.0,0.0,-9999,-9999,-9999,-9999,-3.40129,-3.31436,2.98924,2.93952,0.0,0.0,-9999,-9999,-9999,-9999,-0.13335,-0.0305601,0.0619214,1.34282,1.77686,2.28145,2.64791,-0.13335,-0.0305601,0.117814,1.54621,1.77686,2.51077,2.64791,0.0,0.0,0.0,0.0,0.0,0.0,0.0,0.0,0.0,0.0,0.0,0.0,0.0,0.0,-4.28631,-4.19232,-4.1127,-3.40129,-3.31436,-3.31083,-3.31083,-4.28631,-4.19232,-4.1127,-3.31436,-3.31436,-3.31083,-3.31083,0.0,0.0,0.0,0.0,0.0,0.0,0.0,0.0,0.0,0.0,0.0,0.0,0.0,0.0,1.28768,1.28768,1.32202,0.0534079,0.894225,0.918208,0.939881,1.28768,1.60165,1.69307,1.84634,1.23412,1.23412,1.26056,0.0528477,0.894225,0.894225,0.918208,1.23412,1.52129,1.60165,1.84634,1.98151,1.87538,2.19494,0.0686847,1.71413,1.78698,1.87538,1.98151,2.76032,2.76032,2.92811,1.98151,1.98151,2.26102,0.0705279,1.71413,1.78698,1.87538,1.98151,2.76032,2.7649,2.92811,2.08287,2.08287,1.75668,0.106608,0.683551,0.696013,1.09956,2.08304,2.11101,2.28068,2.61877,2.11101,2.61877,1.84116,0.100909,0.683551,0.696013,1.30157,2.08304,2.28068,2.28068,2.61877,2.96426,3.1977,2.67952,0.128198,1.4916,1.54083,1.87055,2.96426,3.19788,3.43555,3.6414,2.96426,3.6414,2.78142,0.123934,1.4916,1.54083,1.87055,3.1977,3.43555,3.43555,3.6414,-9999,-9999
201208,-9999,-9999,-9999,-9999,-9999,-9999,-9999,-9999,12.811,11.235,1.996,14.6,2.93,12.811,0.0,11.235,1.996,0.0,14.6,2.93,0.0,263.363,-9999,-9999,156.683,156.683,0.0,-9999,-9999,319.36,319.36,0.0,-9999,-9999,325.642,325.642,0.0,-9999,-9999,7.614,7.614,0.0,100.84,100.84,0.0,0.114,0.114,0.0,2.063,2.063,0.0,-9999,-9999,-9999,-9999,-9999,-9999,-9999,-9999,-9999,-9999,-9999,-9999,-9999,-9999,-9999,-9999,3.02184,0.0,44.7625,0.0,57.929,-9999,58.5965,0.0,75.8322,-9999,3.0,3,25.5161,22.4839,0.0,0.0,-0.752693,-0.752693,0.0,0.0,-9999,-9999,-9999,-9999,-0.752693,-0.578987,0.0,0.0,-9999,-9999,-9999,-9999,-0.994193,-0.868234,0.0,0.0,0.117643,0.115968,-1.9964,-1.85224,-1.80912,-0.752693,-0.444386,-0.14584,0.0532259,-1.9964,-1.85224,-1.80912,-0.578987,-0.444386,-0.0287037,0.0532259,0.0,0.0,0.0,0.0,0.0,0.0,0.0,0.0,0.0,0.0,0.0,0.0,0.0,0.0,1.56368,1.56368,1.66138,1.66138,0.0,0.0,-9999,-9999,-9999,-9999,-3.32458,-3.32458,3.02141,3.02141,0.0,0.0,-9999,-9999,-9999,-9999,1.56368,1.78968,1.66138,2.25904,0.0,0.0,-9999,-9999,-9999,-9999,-3.32458,-3.22008,3.02141,2.96237,0.0,0.0,-9999,-9999,-9999,-9999,-0.000516322,0.0632953,0.127726,1.56368,2.03384,2.43124,2.87823,-0.000516322,0.0632953,0.253778,1.78968,2.03384,2.7294,2.87823,0.0,0.0,0.0,0.0,0.0,0.0,0.0,0.0,0.0,0.0,0.0,0.0,0.0,0.0,-4.11054,-4.01339,-3.88577,-3.32458,-3.22008,-3.15933,-3.15933,-4.11054,-4.01339,-3.88577,-3.22008,-3.22008,-3.15933,-3.15933,0.0,0.0,0.0,0.0,0.0,0.0,0.0,0.0,0.0,0.0,0.0,0.0,0.0,0.0,1.38314,1.38314,1.39811,0.0553782,0.946685,0.9679,0.99003,1.38314,1.6742,1.77139,1.93671,1.32951,1.32951,1.33455,0.0550538,0.946685,0.946685,0.9679,1.32951,1.61238,1.6742,1.93671,2.08221,1.96212,2.26634,0.0649446,1.80009,1.88348,1.96212,2.08221,2.79893,2.79915,2.9643,2.08221,2.08221,2.32874,0.0665474,1.80009,1.88348,1.96212,2.08221,2.79893,2.79915,2.9643,2.10831,2.10831,1.77881,0.107897,0.691897,0.704511,1.11998,2.10848,2.13679,2.31521,2.65074,2.13679,2.65074,1.86483,0.102169,0.691897,0.704511,1.31746,2.10848,2.31521,2.31521,2.65074,3.7445,3.87853,3.34507,0.13595,2.05964,2.11415,2.50436,3.7445,3.87871,4.12523,4.33629,3.7445,4.33629,3.45315,0.130921,2.05964,2.11415,2.50436,3.87853,4.12523,4.12523,4.33629,-9999,-9999
201209,-9999,-9999,-9999,-9999,-9999,-9999,-9999,-9999,16.076,13.905,2.32,18.164,3.48,16.076,0.0,13.905,2.32,0.0,18.164,3.48,0.0,342.549,-9999,-9999,211.021,211.021,0.0,-9999,-9999,334.0,334.0,0.0,-9999,-9999,343.853,343.853,0.0,-9999,-9999,9.56,9.56,0.0,100.806,100.806,0.0,0.623,0.623,0.0,1.689,1.689,0.0,-9999,-9999,-9999,-9999,-9999,-9999,-9999,-9999,-9999,-9999,-9999,-9999,-9999,-9999,-9999,-9999,3.0412,0.0,44.6879,0.0,56.8597,-9999,58.7401,0.0,74.7393,-9999,3.0,3,23.5,24.5,0.0,0.0,-0.745681,-0.745681,0.0,0.0,-9999,-9999,-9999,-9999,-0.745681,-0.579413,0.0,0.0,-9999,-9999,-9999,-9999,-0.997519,-0.869782,0.0,0.0,0.119159,0.117405,-2.01132,-1.86934,-1.82174,-0.745681,-0.443981,-0.136626,0.060791,-2.01132,-1.86934,-1.82174,-0.579413,-0.443981,-0.0198058,0.060791,0.0,0.0,0.0,0.0,0.0,0.0,0.0,0.0,0.0,0.0,0.0,0.0,0.0,0.0,1.67489,1.67489,1.64935,1.64935,0.0,0.0,-9999,-9999,-9999,-9999,-3.01613,-3.01613,3.10317,3.10317,0.0,0.0,-9999,-9999,-9999,-9999,1.67489,1.97226,1.64935,2.05984,0.0,0.0,-9999,-9999,-9999,-9999,-3.01613,-2.98733,3.10317,3.07421,0.0,0.0,-9999,-9999,-9999,-9999,-0.0257939,0.00835547,0.0127843,1.67489,2.20047,2.5196,2.94859,-0.0257939,0.00835547,0.221615,1.97226,2.20047,2.78988,2.94859,0.0,0.0,0.0,0.0,0.0,0.0,0.0,0.0,0.0,0.0,0.0,0.0,0.0,0.0,-3.77371,-3.65462,-3.53998,-3.01613,-2.95193,-2.71785,-2.71785,-3.77371,-3.65462,-3.53998,-2.98733,-2.95193,-2.71785,-2.71785,0.0,0.0,0.0,0.0,0.0,0.0,0.0,0.0,0.0,0.0,0.0,0.0,0.0,0.0,1.71631,1.71631,1.66624,0.0630449,1.13152,1.14358,1.16743,1.71631,1.93304,2.0501,2.25754,1.66191,1.66191,1.5951,0.0634876,1.13152,1.13152,1.14358,1.66191,1.93262,1.93304,2.25754,2.40759,2.29573,2.53602,0.0574582,2.0699,2.19675,2.29573,2.40759,2.98916,2.98916,3.15489,2.40759,2.40759,2.59262,0.0584737,2.0699,2.19675,2.29573,2.40759,2.98916,3.00086,3.15489,2.20293,2.20293,1.86109,0.112703,0.72295,0.73613,1.19514,2.2031,2.23269,2.44304,2.76971,2.23269,2.76971,1.95276,0.10687,0.72295,0.73613,1.37659,2.2031,2.44304,2.44304,2.76971,4.22616,4.24648,3.76173,0.130291,2.51562,2.56412,2.97307,4.22616,4.24667,4.49472,4.70272,4.22616,4.70272,3.86567,0.125165,2.51562,2.56412,2.97307,4.24648,4.49472,4.49472,4.70272,-9999,-9999
201210,-9999,-9999,-9999,-9999,-9999,-9999,-9999,-9999,17.945,15.325,2.462,20.07,3.527,17.923,0.426747,15.369,2.586,0.436252,19.996,4.017,0.419355,423.743,-9999,-9999,255.967,241.132,0.40121,-9999,-9999,343.505,346.667,0.426747,-9999,-9999,355.677,358.12,0.400538,-9999,-9999,10.728,11.44,0.426747,100.882,100.904,0.420027,1.029,0.971,0.420027,1.427,1.543,0.420027,-9999,-9999,-9999,-9999,-9999,-9999,-9999,-9999,-9999,-9999,-9999,-9999,-9999,-9999,-9999,-9999,2.17718,0.426747,44.8206,0.426747,55.9947,0.556465,62.6086,0.425403,78.2173,0.886054,1.0,2,21.4839,26.5161,18.0,21.1613,-1.23039,-1.23039,0.422043,0.422043,0.0491646,0.0491646,0.635861,0.668482,-1.23039,-1.14209,0.422043,0.422043,0.0491646,0.0539267,0.635861,0.668849,-1.38967,-1.29873,0.422077,0.42211,0.0838745,0.0831421,-2.11098,-1.99393,-1.93123,-1.23039,-1.02531,-0.726019,-0.614195,-2.11098,-1.99393,-1.93123,-1.14209,-1.02531,-0.660591,-0.614195,0.422043,0.422043,0.421371,0.422043,0.422043,0.422715,0.422715,0.422043,0.422043,0.421371,0.422043,0.422043,0.422715,0.422715,1.49142,1.49142,1.71274,1.71274,0.436252,0.436252,0.0708702,0.0708702,0.9413,1.01559,-3.34986,-3.34986,3.64273,3.64273,0.410992,0.410992,0.0636649,0.0636649,0.361994,0.361994,1.49142,1.68555,1.71274,1.9632,0.436252,0.436252,0.0708702,0.0747742,0.9413,1.01587,-3.34986,-3.35372,3.64273,3.61826,0.410992,0.410992,0.0636649,0.0721008,0.361994,0.363572,0.261541,0.269521,0.299475,1.49142,1.85757,2.14678,2.39935,0.261541,0.269521,0.4554,1.68555,1.85757,2.29574,2.39935,0.436252,0.436252,0.436252,0.436252,0.436252,0.436252,0.436252,0.436252,0.436252,0.436252,0.436252,0.436252,0.436252,0.436252,-3.88797,-3.72816,-3.70811,-3.35372,-3.29044,-3.01546,-3.01163,-3.88797,-3.72816,-3.70811,-3.34986,-3.29044,-3.01546,-3.01163,0.410992,0.409797,0.410992,0.410992,0.410992,0.412186,0.412186,0.410992,0.409797,0.410992,0.410992,0.410992,0.412186,0.412186,1.80799,1.80799,1.74142,0.051131,1.282,1.29468,1.33319,1.80799,1.9598,2.03985,2.19424,1.78681,1.78681,1.68377,0.0520265,1.282,1.29,1.29468,1.78681,1.94188,1.9598,2.19424,3.0172,2.95008,3.04015,0.0342751,2.70044,2.80844,2.95008,3.01142,3.26442,3.26442,3.40566,3.0172,3.0172,3.07344,0.0339373,2.70044,2.80844,2.95008,3.0172,3.26442,3.28394,3.40566,2.25461,2.25461,2.08495,0.065088,1.43606,1.45625,1.60807,2.24791,2.31319,2.39465,2.64401,2.31319,2.64401,2.13604,0.0617548,1.43606,1.45625,1.80338,2.24791,2.39465,2.39465,2.64401,4.08139,4.06141,3.79923,0.0763654,3.06281,3.09886,3.29904,4.05552,4.08139,4.23367,4.38207,4.08139,4.38207,3.86133,0.0734273,3.06281,3.09886,3.35562,4.05552,4.23367,4.23367,4.38207,-9999,-9999
201211,20.579,0.997917,18.161,2.015,1.0,22.226,3.57,0.996296,21.097,18.527,1.841,22.845,3.255,20.594,0.997917,18.161,2.015,1.0,22.253,3.569,0.996296,486.065,225.306,0.935417,261.836,224.885,0.935417,383.496,0.997917,377.676,383.547,0.997917,393.716,0.935417,398.182,393.964,0.935417,10.255,0.997917,10.237,10.279,0.997917,100.779,100.826,0.996528,1.432,1.647,1.0,1.269,1.657,0.996528,0.351831786428,0.922916666667,126.03245614,0.892361111111,26.1597383721,0.996527777778,423.038049096,0.996527777778,402.206,0.996528,20.213,0.997917,-9999,-9999,-9999,-9999,1.47547,0.99375,56.6519,0.993056,70.7756,0.656128,60.402,0.984028,75.4606,0.797632,0.836111,1,19.4333,28.5667,19.4333,28.4667,-0.696057,-0.696057,0.976389,0.976389,0.0763501,0.0763501,0.140585,0.140585,-0.696057,-0.690182,0.976389,0.976389,0.0763501,0.0798817,0.140585,0.142534,-0.717156,-0.705705,0.975035,0.975868,0.0153315,0.0158914,-0.888325,-0.81939,-0.773697,-0.696057,-0.68138,-0.583298,-0.567412,-0.888325,-0.81939,-0.773697,-0.696057,-0.68138,-0.583298,-0.567412,0.965972,0.964583,0.974306,0.976389,0.978472,0.980556,0.984028,0.965972,0.964583,0.974306,0.976389,0.978472,0.980556,0.984028,2.39157,2.39157,1.70665,1.70665,1.0,1.0,0.107969,0.107969,0.185119,0.185119,-2.75575,-2.75575,4.56044,4.56044,0.959834,0.959834,0.0994692,0.0994692,0.136413,0.136413,2.39157,2.31372,1.70665,1.77759,1.0,1.0,0.107969,0.113299,0.185119,0.188277,-2.75575,-2.69506,4.56044,4.56074,0.959834,0.959875,0.0994692,0.1039,0.136413,0.139676,2.09459,2.21688,2.31372,2.32499,2.39157,2.51762,2.5638,2.09459,2.21688,2.26722,2.32499,2.39157,2.51762,2.5638,0.991228,0.992982,1.0,0.994737,1.0,1.0,1.0,0.991228,0.992982,1.0,0.994737,1.0,1.0,1.0,-2.89445,-2.84775,-2.83561,-2.75575,-2.68381,-2.66105,-2.65666,-2.89445,-2.84775,-2.83561,-2.69506,-2.67837,-2.66105,-2.65666,0.949322,0.953961,0.959793,0.959834,0.963364,0.972765,0.966936,0.949322,0.953961,0.959793,0.959875,0.964555,0.972765,0.966936,2.74552,2.74552,2.73502,0.0159347,2.61381,2.62043,2.65851,2.69344,2.84297,2.84297,2.85007,2.84297,2.84297,2.72671,0.0154848,2.61381,2.62043,2.65851,2.69344,2.84297,2.84297,2.85007,3.53902,3.43571,3.44073,0.010582,3.31952,3.35015,3.40483,3.43571,3.48247,3.50213,3.53902,3.53902,3.53902,3.44387,0.0100881,3.31952,3.35015,3.42779,3.43571,3.48247,3.50213,3.53902,4.20847,4.20847,3.93987,0.0531716,3.21167,3.51668,3.74922,3.80613,4.281,4.281,4.32395,4.32395,4.281,3.92974,0.0533826,3.21167,3.51668,3.74282,3.80613,4.281,4.281,4.32395,4.19495,4.13437,3.98351,0.0304256,3.62766,3.73609,3.86338,3.8984,4.1949,4.1949,4.19495,4.19495,4.1949,3.97989,0.0302997,3.62766,3.73609,3.86823,3.8984,4.1949,4.1949,4.19495,-9999,-9999
201212,22.203,1.0,19.821,2.091,1.0,23.709,3.512,1.0,22.853,20.209,2.117,24.526,3.274,22.203,1.0,19.821,2.091,1.0,23.709,3.512,1.0,514.531,232.766,0.9375,282.662,233.605,0.9375,395.133,1.0,384.178,395.133,1.0,414.818,0.9375,406.27,414.379,0.9375,10.287,1.0,11.844,10.287,1.0,100.649,100.697,1.0,1.318,1.368,1.0,1.453,1.862,1.0,0.37958910323,0.825940860215,132.939984996,0.895833333333,25.2002688172,1.0,433.33938172,1.0,399.538,1.0,22.254,1.0,-9999,-9999,-9999,-9999,0.758157,0.994624,59.2297,0.947581,72.4094,0.642966,62.025,0.935484,75.8266,0.775244,0.831317,1,18.6129,29.3871,18.6129,29.2258,-1.25748,-1.25844,0.938844,0.938844,0.0658917,0.0659639,0.115835,0.115876,-1.25748,-1.25955,0.938844,0.938844,0.0658917,0.0673882,0.115835,0.116692,-1.2736,-1.26308,0.938861,0.939029,0.0139449,0.0146074,-1.46654,-1.34419,-1.31629,-1.25994,-1.24556,-1.15365,-1.11652,-1.46654,-1.34419,-1.31629,-1.25844,-1.24419,-1.15365,-1.11652,0.936156,0.9375,0.938844,0.938844,0.938172,0.94086,0.941532,0.936156,0.9375,0.938844,0.938844,0.938172,0.94086,0.941532,2.05214,2.04991,1.73732,1.73809,1.0,1.0,0.103924,0.104561,0.154506,0.154935,-3.2866,-3.28676,4.5224,4.52226,0.900445,0.900445,0.0801373,0.0799484,0.112603,0.112469,2.05214,2.00786,1.73732,1.79467,1.0,1.0,0.103924,0.106804,0.154506,0.156457,-3.2866,-3.26089,4.5224,4.53906,0.900445,0.900408,0.0801373,0.0816826,0.112603,0.113708,1.75095,1.92361,1.94441,1.98883,2.05214,2.15227,2.23203,1.75095,1.92361,1.92482,1.98883,2.05214,2.15227,2.23203,1.0,1.0,1.0,1.0,1.0,1.0,1.0,1.0,1.0,1.0,1.0,1.0,1.0,1.0,-3.42898,-3.34568,-3.34165,-3.2866,-3.21464,-3.18747,-3.17704,-3.42898,-3.34568,-3.34165,-3.26097,-3.19255,-3.18747,-3.17704,0.895921,0.898183,0.900445,0.900445,0.899296,0.903745,0.904857,0.895921,0.898183,0.900445,0.900408,0.903745,0.903745,0.904857,2.41322,2.41322,2.47333,0.015057,2.30587,2.34661,2.41093,2.48958,2.52127,2.5605,2.63515,2.52127,2.52127,2.47055,0.0136773,2.30587,2.34661,2.41322,2.48958,2.52127,2.5605,2.60138,3.77874,3.67277,3.73641,0.0169079,3.55564,3.5908,3.67277,3.75167,3.80587,3.80598,3.87747,3.77874,3.77874,3.74415,0.0163046,3.55448,3.59218,3.67315,3.77811,3.80587,3.80587,3.87747,3.06645,3.06645,3.09886,0.0153104,2.93117,3.01474,3.02664,3.10859,3.15151,3.17454,3.17454,3.11912,3.15151,3.08625,0.0166175,2.93117,2.95233,3.02664,3.06645,3.15151,3.15151,3.17454,3.91484,3.90749,3.83473,0.0156899,3.67888,3.7477,3.75975,3.81973,3.91484,3.91484,3.97085,3.91484,3.75975,3.83014,0.0152813,3.67888,3.7477,3.75975,3.81973,3.90749,3.91484,3.97085,-9999,-9999
201301,24.358,1.0,21.881,2.195,1.0,25.95,3.598,1.0,25.107,22.401,2.152,26.85,3.334,24.358,1.0,21.881,2.195,1.0,25.95,3.598,1.0,503.615,227.233,0.958333,279.549,234.573,0.958333,406.664,1.0,397.028,406.664,1.0,430.265,0.958333,422.253,428.831,0.958333,11.813,1.0,13.771,11.813,1.0,100.362,100.38,1.0,2.441,5.523,1.0,1.49,1.782,1.0,0.359201701504,0.865591397849,138.653225806,0.916666666667,26.997983871,1.0,446.940188172,1.0,400.087,0.998656,24.287,1.0,-9999,-9999,-9999,-9999,1.50558,0.997312,57.0054,0.977151,70.4668,0.710627,68.8298,0.976478,85.0835,0.713351,0.854839,1,18.871,29.129,18.871,29.129,-0.818339,-0.847152,0.965054,0.965054,0.068758,0.066977,0.0788125,0.0771128,-0.818339,-0.817574,0.965054,0.965054,0.068758,0.0687018,0.0788125,0.0786156,-0.822015,-0.821596,0.964936,0.964936,0.00780597,0.0078266,-0.958512,-0.855174,-0.855174,-0.818339,-0.786876,-0.778136,-0.773743,-0.958512,-0.855174,-0.854399,-0.817574,-0.786876,-0.778742,-0.773743,0.96371,0.964382,0.964382,0.965054,0.965726,0.965054,0.965726,0.96371,0.964382,0.964382,0.965054,0.965726,0.965054,0.965726,2.09324,2.03391,1.67271,1.55349,0.998302,0.998302,0.0982645,0.0935406,0.11935,0.115764,-2.65647,-2.66382,3.76065,3.75798,0.943678,0.943678,0.0887042,0.0874022,0.0902777,0.089321,2.09324,2.0974,1.67271,1.6741,0.998302,0.998302,0.0982645,0.0980884,0.11935,0.119469,-2.65647,-2.65776,3.76065,3.7611,0.943678,0.943678,0.0887042,0.0886763,0.0902777,0.0905681,1.9515,2.01576,2.01576,2.09324,2.1441,2.15123,2.17088,1.9515,2.01576,2.02319,2.0974,2.1464,2.15216,2.17617,0.998302,0.998302,0.998302,0.998302,0.998302,0.998302,0.998302,0.998302,0.998302,0.998302,0.998302,0.998302,0.998302,0.998302,-2.78608,-2.66539,-2.66539,-2.65647,-2.63842,-2.63182,-2.62542,-2.78608,-2.66865,-2.66658,-2.65776,-2.63842,-2.63182,-2.62551,0.941453,0.942566,0.942566,0.943678,0.944791,0.944791,0.943678,0.941453,0.942566,0.944791,0.943678,0.944791,0.944791,0.943678,2.42897,2.42897,2.38504,0.00736387,2.30808,2.33284,2.35419,2.37311,2.42897,2.42897,2.46082,2.42897,2.42897,2.38504,0.00736387,2.30808,2.33284,2.35419,2.37311,2.42897,2.42897,2.46082,3.24731,3.24654,3.20664,0.0108365,3.08868,3.12267,3.13742,3.22026,3.24731,3.24866,3.33748,3.24731,3.24731,3.20706,0.0107798,3.09496,3.12391,3.13742,3.22089,3.24731,3.24903,3.33748,2.63733,2.63733,2.72,0.0170876,2.59285,2.62896,2.63733,2.69221,2.82064,2.82064,2.85897,2.82064,2.63733,2.72,0.0170876,2.59285,2.62896,2.63733,2.69221,2.82064,2.82064,2.85897,3.11261,3.00492,3.03289,0.0106416,2.92844,2.96375,2.99757,3.00492,3.07049,3.11261,3.11261,3.11261,3.00492,3.03289,0.0106416,2.92844,2.96375,2.99757,3.00492,3.07049,3.11261,3.11261,-9999,-9999
201302,22.179,1.0,20.268,1.666,1.0,23.637,2.879,1.0,22.117,20.361,1.179,23.453,2.176,22.179,1.0,20.268,1.666,1.0,23.637,2.879,1.0,456.415,202.651,0.958333,213.045,206.933,0.958333,396.735,1.0,395.604,396.735,1.0,424.622,0.958333,420.482,423.627,0.958333,7.28,1.0,7.067,7.28,1.0,100.906,100.898,1.0,4.734,7.014,1.0,1.576,1.71,1.0,0.356659626887,0.972470238095,127.373376623,0.916666666667,23.7358630952,1.0,430.996279762,1.0,411.896,1.0,22.783,1.0,-9999,-9999,-9999,-9999,-0.389099,0.997024,90.165,0.991815,104.526,1.03936,34.9224,0.99256,40.4847,0.611428,0.862351,1,20.75,27.25,20.75,27.25,-0.464582,-0.338659,0.981399,0.981399,0.112572,0.104271,0.22982,0.22587,-0.464582,-0.464582,0.981399,0.981399,0.112572,0.112572,0.22982,0.22982,-0.337127,-0.337127,0.981529,0.981529,0.025824,0.025824,-0.567441,-0.512342,-0.464582,-0.40021,-0.223203,-0.111619,-0.0430189,-0.567441,-0.512342,-0.464582,-0.40021,-0.223203,-0.111619,-0.0430189,0.978423,0.981399,0.981399,0.981399,0.981399,0.982143,0.982887,0.978423,0.981399,0.981399,0.981399,0.981399,0.982143,0.982887,3.01018,3.10933,2.97543,2.67327,1.0,1.0,0.168769,0.154351,0.438823,0.433482,-3.08434,-2.94515,5.53546,5.42747,0.967215,0.967215,0.141414,0.132334,0.162771,0.154948,3.01018,3.01018,2.97543,2.97543,1.0,1.0,0.168769,0.168769,0.438823,0.438823,-3.08434,-3.08434,5.53546,5.53546,0.967215,0.967215,0.141414,0.141414,0.162771,0.162771,2.73897,2.79386,2.96418,3.06792,3.3358,3.604,3.61422,2.73897,2.79386,2.96418,3.06792,3.3358,3.604,3.61422,1.0,1.0,1.0,1.0,1.0,1.0,1.0,1.0,1.0,1.0,1.0,1.0,1.0,1.0,-3.08434,-3.08434,-3.01842,-2.99101,-2.94,-2.92313,-2.88685,-3.08434,-3.08434,-3.01842,-2.99101,-2.94,-2.92313,-2.88685,0.967215,0.967215,0.967262,0.967215,0.968585,0.967262,0.96986,0.967215,0.967215,0.967262,0.967215,0.968585,0.967262,0.96986,3.63842,3.63842,3.7091,0.0293416,3.40384,3.49993,3.60806,3.63842,3.8256,3.93709,3.97857,3.63842,3.63842,3.7091,0.0293416,3.40384,3.49993,3.60806,3.63842,3.8256,3.93709,3.97857,4.10301,4.10301,4.04623,0.00771573,3.94258,4.01227,4.02974,4.04881,4.07953,4.09018,4.10301,4.10301,4.10301,4.04623,0.00771573,3.94258,4.01227,4.02974,4.04881,4.07953,4.09018,4.10301,4.84607,4.84607,4.95693,0.0286349,4.71367,4.75605,4.75605,4.87387,5.10516,5.13521,5.20581,4.71367,4.84607,4.95693,0.0286349,4.71367,4.75605,4.75605,4.87387,5.10516,5.13521,5.20581,4.06281,4.16755,4.10897,0.0065053,4.06281,4.06424,4.07407,4.09736,4.13583,4.16755,4.16755,4.06281,4.16755,4.10897,0.0065053,4.06281,4.06424,4.07407,4.09736,4.13583,4.16755,4.16755,-9999,-9999
201303,21.798,1.0,19.895,1.905,1.0,23.523,3.085,1.0,21.342,19.641,1.464,22.888,2.517,21.798,1.0,19.895,1.905,1.0,23.523,3.085,1.0,381.879,209.382,0.990591,198.275,209.972,0.990591,384.296,1.0,381.453,384.296,1.0,401.368,0.990591,402.879,401.218,0.990591,8.328,1.0,8.295,8.328,1.0,100.975,100.958,1.0,1.278,2.168,1.0,1.484,1.603,1.0,0.331491590082,0.983870967742,135.245967742,0.981182795699,25.2291666667,1.0,427.523521505,1.0,401.472,0.999328,22.714,1.0,-9999,-9999,-9999,-9999,-3.06413,0.998656,83.158,0.997312,96.9203,0.882362,34.2318,0.995968,39.897,0.607522,0.923387,1,22.7419,25.2581,22.7419,25.2258,-1.95891,-2.04818,0.978495,0.975134,0.10714,0.100553,0.263422,0.260813,-1.95891,-1.95891,0.978495,0.978495,0.10714,0.10714,0.263422,0.263422,-1.95036,-1.95036,0.977739,0.977739,0.0329627,0.0329627,-2.26614,-2.19163,-2.19163,-1.95891,-1.75406,-1.71033,-1.66025,-2.26614,-2.19163,-2.19163,-1.95891,-1.75406,-1.71033,-1.66025,0.968414,0.97379,0.97379,0.978495,0.980511,0.985887,0.987903,0.968414,0.97379,0.97379,0.978495,0.980511,0.985887,0.987903,2.08333,2.12801,2.69209,2.59015,1.0,1.0,0.161409,0.143168,0.245946,0.234379,-5.49099,-5.69442,6.58648,6.54563,0.958644,0.952387,0.13179,0.131492,0.303347,0.303218,2.08333,2.08333,2.69209,2.69209,1.0,1.0,0.161409,0.161409,0.245946,0.245946,-5.49099,-5.49099,6.58648,6.58648,0.958644,0.958644,0.13179,0.13179,0.303347,0.303347,1.81073,1.95813,1.96361,2.12801,2.27549,2.32927,2.34958,1.81073,1.95813,1.96361,2.12801,2.27549,2.32927,2.34958,1.0,1.0,1.0,1.0,1.0,1.0,1.0,1.0,1.0,1.0,1.0,1.0,1.0,1.0,-5.81294,-5.8107,-5.78281,-5.49099,-5.29109,-5.26426,-5.18249,-5.81294,-5.8107,-5.78281,-5.49099,-5.29109,-5.26426,-5.18249,0.939724,0.949753,0.938434,0.958644,0.962784,0.973326,0.975911,0.939724,0.949753,0.938434,0.958644,0.962784,0.973326,0.975911,2.9778,2.9778,2.99679,0.00837204,2.9456,2.94696,2.96524,2.9778,3.03293,3.03293,3.08073,2.9778,2.9778,2.99679,0.00837204,2.9456,2.94696,2.96524,2.9778,3.03293,3.03293,3.08073,4.93671,4.93671,4.94715,0.038315,4.62314,4.67557,4.70102,4.93671,5.22456,5.22456,5.27495,4.93671,4.93671,4.94715,0.038315,4.62314,4.67557,4.70102,4.93671,5.22456,5.22456,5.27495,4.03876,4.03876,4.00534,0.0304036,3.72246,3.73297,3.73297,4.03876,4.13859,4.19256,4.20552,3.73297,4.03876,4.00534,0.0304036,3.72246,3.73297,3.73297,4.03876,4.13859,4.19256,4.20552,4.59402,4.74056,4.66954,0.0102595,4.57168,4.59402,4.59402,4.65395,4.73184,4.74056,4.74056,4.59402,4.74056,4.66954,0.0102595,4.57168,4.59402,4.59402,4.65395,4.73184,4.74056,4.74056,-9999,-9999
201304,17.842,1.0,16.053,2.164,1.0,19.754,3.775,1.0,17.769,16.187,1.338,19.458,2.591,17.842,1.0,16.053,2.164,1.0,19.754,3.775,1.0,296.532,176.245,1.0,152.637,176.245,1.0,356.401,1.0,360.608,356.401,1.0,360.361,1.0,376.95,360.361,1.0,6.087,1.0,6.441,6.087,1.0,101.114,101.112,1.0,1.543,1.887,1.0,1.158,1.28,1.0,0.243843413378,0.972916666667,105.572222222,1.0,22.0409722222,1.0,403.186111111,1.0,410.594,0.999306,19.215,1.0,-9999,-9999,-9999,-9999,-4.61874,0.999306,53.1394,0.998611,68.9744,0.764596,27.332,0.997917,35.4767,0.594363,0.94375,1,24.7,23.3,24.6667,23.3,-1.96321,-1.87298,0.968056,0.967361,0.0936664,0.0823982,0.285979,0.282489,-1.96321,-1.96321,0.968056,0.968056,0.0936664,0.0936664,0.285979,0.285979,-1.64948,-1.64948,0.971233,0.971233,0.0346353,0.0346353,-1.96321,-1.96321,-1.87298,-1.6822,-1.45907,-1.4228,-1.3329,-1.96321,-1.96321,-1.87298,-1.6822,-1.45907,-1.4228,-1.3329,0.968056,0.968056,0.967361,0.971528,0.976389,0.98125,0.9875,0.968056,0.968056,0.967361,0.971528,0.976389,0.98125,0.9875,2.10515,2.21503,1.8542,1.18756,0.983923,0.981252,0.100957,0.0711511,0.198005,0.184597,-6.12954,-6.05808,6.90679,6.94953,0.951504,0.952761,0.152003,0.145229,0.487907,0.485839,2.10515,2.10515,1.8542,1.8542,0.983923,0.983923,0.100957,0.100957,0.198005,0.198005,-6.12954,-6.12954,6.90679,6.90679,0.951504,0.951504,0.152003,0.152003,0.487907,0.487907,2.10515,2.10515,2.21503,2.33448,2.4104,2.44582,2.4941,2.10515,2.10515,2.21503,2.33448,2.4104,2.44582,2.4941,0.983923,0.983923,0.981252,0.971585,1.0,0.993056,0.990491,0.983923,0.983923,0.981252,0.971585,1.0,0.993056,0.990491,-6.12954,-6.12954,-6.05808,-5.83827,-5.54583,-5.20229,-5.20114,-6.12954,-6.12954,-6.05808,-5.83827,-5.54583,-5.20229,-5.20114,0.951504,0.951504,0.952761,0.954628,0.961633,0.976142,0.974693,0.951504,0.951504,0.952761,0.954628,0.961633,0.976142,0.974693,2.31971,2.31971,2.5027,0.0219281,2.31971,2.31971,2.39225,2.5263,2.5709,2.63581,2.63581,2.31971,2.31971,2.5027,0.0219281,2.31971,2.31971,2.39225,2.5263,2.5709,2.63581,2.63581,4.28292,4.28292,4.15218,0.0408217,3.72515,3.74114,3.86316,4.24421,4.37704,4.39744,4.44388,4.28292,4.28292,4.15218,0.0408217,3.72515,3.74114,3.86316,4.24421,4.37704,4.39744,4.44388,1.94149,1.94149,1.8413,0.0271623,1.53398,1.61682,1.73021,1.87907,1.94149,1.96384,2.1091,1.93938,1.94149,1.8413,0.0271623,1.53398,1.61682,1.73021,1.87907,1.94149,1.96384,2.1091,3.6256,3.62043,3.57066,0.0132897,3.42612,3.47013,3.52008,3.59982,3.6256,3.65042,3.6546,3.6256,3.62043,3.57066,0.0132897,3.42612,3.47013,3.52008,3.59982,3.6256,3.65042,3.6546,-9999,-9999
201305,14.557,0.992608,13.017,2.371,1.0,16.447,3.658,0.983103,15.053,13.724,1.621,16.681,2.405,14.56,0.992608,13.017,2.371,1.0,16.455,3.661,0.983103,227.051,133.7,0.99328,121.569,133.405,0.99328,339.549,0.992608,342.266,339.511,0.992608,340.537,0.992608,354.136,340.5,0.992608,5.037,0.992608,5.963,5.029,0.992608,101.324,101.338,0.989247,0.973,1.123,1.0,1.454,1.302,0.989247,0.239722201709,0.959005376344,69.1031586022,0.989247311828,17.3296370968,0.989247311828,383.658938172,0.989247311828,411.447,0.991935,15.837,0.992608,-9999,-9999,-9999,-9999,-4.42477,0.992608,36.648,0.992608,47.5688,0.579325,14.8306,0.991935,19.25,0.545645,1.0,2,26.4839,21.5161,26.4839,21.4194,-1.89392,-2.07325,0.965054,0.96371,0.0825912,0.076911,0.262885,0.261156,-1.89392,-1.89392,0.965054,0.965054,0.0825912,0.0825912,0.262885,0.262885,-1.95657,-1.95657,0.961727,0.961727,0.0286125,0.0286125,-2.15431,-2.13413,-2.08745,-2.04024,-1.89392,-1.63498,-1.63425,-2.15431,-2.13413,-2.08745,-2.04024,-1.89392,-1.63498,-1.63425,0.946909,0.948253,0.946909,0.963038,0.965054,0.975134,0.976478,0.946909,0.948253,0.946909,0.963038,0.965054,0.975134,0.976478,1.27299,1.04478,1.88499,1.68569,0.990442,0.989247,0.0998204,0.0862801,0.186491,0.179608,-5.63139,-5.73262,5.66689,5.62958,0.933599,0.932063,0.128255,0.126906,0.387661,0.387216,1.27299,1.27299,1.88499,1.88499,0.990442,0.990442,0.0998204,0.0998204,0.186491,0.186491,-5.63139,-5.63139,5.66689,5.66689,0.933599,0.933599,0.128255,0.128255,0.387661,0.387661,0.927221,0.957941,0.98854,1.04478,1.20201,1.27299,1.2847,0.927221,0.957941,0.98854,1.04478,1.20201,1.27299,1.2847,0.989247,0.988053,0.957908,0.989247,1.0,0.990442,1.0,0.989247,0.988053,0.957908,0.989247,1.0,0.990442,1.0,-5.82955,-5.81297,-5.81297,-5.63139,-5.516,-5.08131,-4.97897,-5.82955,-5.81297,-5.81297,-5.63139,-5.516,-5.08131,-4.97897,0.933738,0.933808,0.933808,0.933599,0.935205,0.947424,0.944631,0.933738,0.933808,0.933808,0.933599,0.935205,0.947424,0.944631,1.30511,1.30511,1.2389,0.0162199,1.12116,1.14349,1.17104,1.18703,1.30511,1.34452,1.45816,1.30511,1.30511,1.2389,0.0162199,1.12116,1.14349,1.17104,1.18703,1.30511,1.34452,1.45816,3.19903,3.19903,3.19547,0.0292881,2.87693,2.97878,3.04645,3.19903,3.32116,3.32116,3.54817,3.19903,3.19903,3.19547,0.0292881,2.87693,2.97878,3.04645,3.19903,3.32116,3.32116,3.54817,1.49357,1.49357,1.38464,0.0211383,1.24507,1.25584,1.27132,1.32539,1.49357,1.49357,1.5335,1.27132,1.49357,1.38464,0.0211383,1.24507,1.25584,1.27132,1.32539,1.49357,1.49357,1.5335,3.11759,3.14702,3.13702,0.0177029,2.96316,3.00613,3.01626,3.14702,3.18168,3.27171,3.27171,3.11759,3.14702,3.13702,0.0177029,2.96316,3.00613,3.01626,3.14702,3.18168,3.27171,3.27171,-9999,-9999
201306,12.838,1.0,11.822,1.805,1.0,14.235,2.556,1.0,13.639,12.913,1.076,14.637,1.359,12.838,1.0,11.822,1.805,1.0,14.235,2.556,1.0,193.735,86.04,1.0,69.586,86.04,1.0,341.536,1.0,358.614,341.536,1.0,350.037,1.0,374.47,350.037,1.0,3.338,1.0,4.215,3.338,1.0,101.048,101.1,0.963889,3.627,2.573,0.997917,1.582,1.509,0.997917,0.27847680029,0.866666666667,39.6460648148,0.997916666667,11.0853240741,0.997916666667,374.612453704,0.997916666667,406.263,0.997222,13.446,1.0,-9999,-9999,-9999,-9999,-3.61517,0.998611,30.9878,0.996528,41.6111,0.550248,-3.99165,0.994444,-5.36008,0.481956,1.0,2,27.8333,20.1667,27.8333,20.1333,-0.844303,-0.911684,0.975694,0.978472,0.0703777,0.0695795,0.200533,0.200254,-0.844303,-0.844303,0.975694,0.975694,0.0703777,0.0703777,0.200533,0.200533,-0.798538,-0.798538,0.976007,0.976007,0.0234244,0.0234244,-0.973421,-0.947999,-0.936975,-0.844303,-0.657796,-0.572444,-0.526536,-0.973421,-0.947999,-0.936975,-0.844303,-0.657796,-0.572444,-0.526536,0.979167,0.980556,0.970139,0.975694,0.980556,0.967361,0.96875,0.979167,0.980556,0.970139,0.975694,0.980556,0.967361,0.96875,1.36261,1.31014,1.80307,1.73405,0.986905,0.988095,0.0905861,0.0894723,0.208692,0.208211,-3.82022,-3.90353,4.07391,4.04694,0.960556,0.965556,0.102098,0.101087,0.207906,0.207411,1.36261,1.36261,1.80307,1.80307,0.986905,0.986905,0.0905861,0.0905861,0.208692,0.208692,-3.82022,-3.82022,4.07391,4.07391,0.960556,0.960556,0.102098,0.102098,0.207906,0.207906,1.31014,1.32642,1.32642,1.36556,1.54556,1.70243,1.73969,1.31014,1.32642,1.32642,1.36556,1.54556,1.70243,1.73969,0.988095,0.988095,0.988095,0.988095,0.991667,0.977381,0.979762,0.988095,0.988095,0.988095,0.988095,0.991667,0.977381,0.979762,-4.10717,-4.00837,-4.00837,-3.82022,-3.66755,-3.64615,-3.61204,-4.10717,-4.00837,-4.00837,-3.82022,-3.66755,-3.64615,-3.61204,0.967381,0.970476,0.970476,0.960556,0.953889,0.965317,0.953968,0.967381,0.970476,0.970476,0.960556,0.953889,0.965317,0.953968,1.47086,1.47086,1.47204,0.00548734,1.41394,1.44672,1.44672,1.46763,1.49234,1.49399,1.54397,1.47086,1.47086,1.47204,0.00548734,1.41394,1.44672,1.44672,1.46763,1.49234,1.49399,1.54397,2.31516,2.31516,2.27058,0.0229678,2.02525,2.0705,2.07173,2.31516,2.3584,2.41563,2.45197,2.31516,2.31516,2.27058,0.0229678,2.02525,2.0705,2.07173,2.31516,2.3584,2.41563,2.45197,2.15558,2.15558,2.19563,0.036394,1.69966,1.91118,1.98107,2.15558,2.39651,2.41589,2.43226,2.39651,2.15558,2.19563,0.036394,1.69966,1.91118,1.98107,2.15558,2.39651,2.41589,2.43226,2.6431,2.59961,2.62291,0.0119344,2.47352,2.53465,2.56262,2.59961,2.67382,2.72544,2.72544,2.6431,2.59961,2.62291,0.0119344,2.47352,2.53465,2.56262,2.59961,2.67382,2.72544,2.72544,-9999,-9999
201307,12.139,1.0,10.569,2.741,1.0,14.192,3.944,1.0,12.526,11.17,1.583,14.294,2.266,12.139,1.0,10.569,2.741,1.0,14.192,3.944,1.0,206.327,120.924,1.0,109.567,120.924,1.0,320.641,1.0,330.22,320.641,1.0,317.148,1.0,339.151,317.148,1.0,4.225,1.0,4.803,4.225,1.0,101.484,101.554,1.0,0.369,0.032,1.0,1.44,1.33,1.0,0.233923498152,0.986559139785,54.2741935484,1.0,15.1706989247,1.0,369.963709677,1.0,414.045,0.999328,12.064,1.0,-9999,-9999,-9999,-9999,-3.92139,0.999328,30.6242,0.997984,41.1229,0.491565,10.24,0.999328,13.7505,0.488482,0.961022,1,27.1935,20.8065,27.1935,20.7097,-1.49151,-1.36632,0.984543,0.981183,0.0626356,0.0614844,0.131236,0.130691,-1.49151,-1.49151,0.984543,0.984543,0.0626356,0.0626356,0.131236,0.131236,-1.3492,-1.3492,0.983048,0.983048,0.0141353,0.0141353,-1.49151,-1.49151,-1.40305,-1.36632,-1.26802,-1.26086,-1.19139,-1.49151,-1.49151,-1.40305,-1.36632,-1.26802,-1.26086,-1.19139,0.984543,0.984543,0.981855,0.981183,0.986559,0.988575,0.991263,0.984543,0.984543,0.981855,0.981183,0.986559,0.988575,0.991263,1.57399,1.56457,1.05779,0.995419,1.0,1.0,0.0672938,0.0653973,0.10496,0.103754,-5.39677,-5.09693,4.89559,4.76292,0.964761,0.956542,0.108094,0.106762,0.264119,0.263576,1.57399,1.57399,1.05779,1.05779,1.0,1.0,0.0672938,0.0672938,0.10496,0.10496,-5.39677,-5.39677,4.89559,4.89559,0.964761,0.964761,0.108094,0.108094,0.264119,0.264119,1.44928,1.56457,1.56738,1.57399,1.59747,1.72567,1.75797,1.44928,1.56457,1.56738,1.57399,1.59747,1.72567,1.75797,0.998848,1.0,1.0,1.0,0.998848,1.0,0.998848,0.998848,1.0,1.0,1.0,0.998848,1.0,0.998848,-5.39677,-5.39677,-5.24958,-5.11861,-5.03672,-4.9148,-4.90842,-5.39677,-5.39677,-5.24958,-5.11861,-5.03672,-4.9148,-4.90842,0.964761,0.964761,0.959622,0.960432,0.960432,0.975751,0.971352,0.964761,0.964761,0.959622,0.960432,0.960432,0.975751,0.971352,1.63694,1.63694,1.66593,0.0101233,1.58643,1.61031,1.61145,1.63694,1.71058,1.71754,1.77475,1.63694,1.63694,1.66593,0.0101233,1.58643,1.61031,1.61145,1.63694,1.71058,1.71754,1.77475,3.12845,3.12845,3.01513,0.0107789,2.94298,2.97144,2.97406,2.98948,3.00945,3.12845,3.12845,3.12845,3.12845,3.01513,0.0107789,2.94298,2.97144,2.97406,2.98948,3.00945,3.12845,3.12845,1.34796,1.34796,1.37321,0.0171591,1.13724,1.18221,1.30853,1.37702,1.47141,1.49307,1.49307,1.42983,1.34796,1.37321,0.0171591,1.13724,1.18221,1.30853,1.37702,1.47141,1.49307,1.49307,2.92139,2.89726,2.92293,0.0114413,2.82339,2.86827,2.87729,2.92139,2.96632,3.00923,3.01808,2.92139,2.89726,2.92293,0.0114413,2.82339,2.86827,2.87729,2.92139,2.96632,3.00923,3.01808,-9999,-9999
201308,14.412,1.0,12.446,2.765,1.0,16.64,4.213,1.0,13.792,12.2,1.824,15.587,2.793,14.412,1.0,12.446,2.765,1.0,16.64,4.213,1.0,261.059,178.75,1.0,154.746,178.75,1.0,318.814,1.0,324.061,318.814,1.0,313.573,1.0,331.49,313.573,1.0,8.427,1.0,7.447,8.427,1.0,100.696,100.767,1.0,0.312,0.258,1.0,2.005,1.744,1.0,0.341974889938,0.969758064516,91.2352150538,1.0,22.3501344086,1.0,381.715053763,1.0,401.272,0.999328,13.112,1.0,-9999,-9999,-9999,-9999,-1.83738,1.0,41.1263,1.0,51.8101,0.52044,29.1519,0.99664,36.725,0.755112,0.953629,1,25.5806,22.4194,25.5806,22.3871,-1.75844,-1.796,0.977823,0.980511,0.0493869,0.0479533,0.100306,0.0996075,-1.75844,-1.75844,0.977823,0.977823,0.0493869,0.0493869,0.100306,0.100306,-1.74394,-1.74394,0.982628,0.982628,0.0107151,0.0107151,-1.84772,-1.83286,-1.80687,-1.75844,-1.68756,-1.65825,-1.64992,-1.84772,-1.83286,-1.80687,-1.75844,-1.68756,-1.65825,-1.64992,0.985215,0.984543,0.983871,0.977823,0.979167,0.981183,0.985215,0.985215,0.984543,0.983871,0.977823,0.979167,0.981183,0.985215,1.10677,1.1357,1.1883,1.14495,0.996278,0.992246,0.0553701,0.0535361,0.0696394,0.0681903,-4.88608,-4.99946,4.23247,4.01779,0.957542,0.967683,0.0799709,0.0778263,0.225377,0.224625,1.10677,1.10677,1.1883,1.1883,0.996278,0.996278,0.0553701,0.0553701,0.0696394,0.0696394,-4.88608,-4.88608,4.23247,4.23247,0.957542,0.957542,0.0799709,0.0799709,0.225377,0.225377,1.07067,1.08346,1.0855,1.11989,1.16228,1.16793,1.19199,1.07067,1.08346,1.0855,1.11989,1.16228,1.16793,1.19199,0.998759,0.996278,0.998759,0.997519,0.993486,1.0,0.993486,0.998759,0.996278,0.998759,0.997519,0.993486,1.0,0.993486,-5.16838,-5.12095,-5.05332,-4.88608,-4.71512,-4.69952,-4.69289,-5.16838,-5.12095,-5.05332,-4.88608,-4.71512,-4.69952,-4.69289,0.976115,0.975015,0.973426,0.957542,0.976115,0.971716,0.962796,0.976115,0.975015,0.973426,0.957542,0.976115,0.971716,0.962796,1.25587,1.25587,1.26766,0.00432266,1.22153,1.24851,1.24855,1.2601,1.27009,1.27593,1.31078,1.25587,1.25587,1.26766,0.00432266,1.22153,1.24851,1.24855,1.2601,1.27009,1.27593,1.31078,3.01431,3.01431,3.01161,0.0134248,2.92,2.93041,2.93418,3.01431,3.07604,3.07604,3.15851,3.01431,3.01431,3.01161,0.0134248,2.92,2.93041,2.93418,3.01431,3.07604,3.07604,3.15851,1.2272,1.2272,1.31961,0.0239548,1.13374,1.19539,1.21204,1.28634,1.42882,1.50613,1.63904,1.21204,1.2272,1.31961,0.0239548,1.13374,1.19539,1.21204,1.28634,1.42882,1.50613,1.63904,3.18788,3.16659,3.21712,0.0164022,3.10225,3.1117,3.16659,3.18354,3.33232,3.34481,3.41709,3.18788,3.16659,3.21712,0.0164022,3.10225,3.1117,3.16659,3.18354,3.33232,3.34481,3.41709,-9999,-9999
201309,18.202,1.0,15.84,2.906,1.0,20.469,4.772,1.0,17.561,15.429,2.013,19.609,3.446,18.202,1.0,15.84,2.906,1.0,20.469,4.772,1.0,339.795,223.493,1.0,206.396,223.493,1.0,344.718,1.0,342.617,344.718,1.0,347.103,1.0,354.571,347.103,1.0,10.803,1.0,9.702,10.803,1.0,100.7,100.723,1.0,1.168,0.793,1.0,1.684,1.7,1.0,0.334520505771,0.956944444444,133.800694444,1.0,26.7604166667,1.0,405.670833333,1.0,404.02,1.0,17.051,1.0,-9999,-9999,-9999,-9999,0.719108,0.996528,44.8581,0.998611,57.4104,0.619587,54.6597,0.990972,69.9547,0.826754,0.953472,1,23.5333,24.4667,23.5333,24.4333,-1.37477,-1.39042,0.961806,0.953472,0.0525843,0.0516537,0.0710885,0.0704029,-1.37477,-1.37477,0.961806,0.961806,0.0525843,0.0525843,0.0710885,0.0710885,-1.37543,-1.37543,0.963611,0.963611,0.00663132,0.00663132,-1.4283,-1.42,-1.41443,-1.38361,-1.35059,-1.32432,-1.2889,-1.4283,-1.42,-1.41443,-1.38361,-1.35059,-1.32432,-1.2889,0.953472,0.985417,0.947917,0.978472,0.983333,0.972222,0.9625,0.953472,0.985417,0.947917,0.978472,0.983333,0.972222,0.9625,1.46774,1.54302,1.24179,1.16245,0.98593,0.970531,0.063192,0.0610753,0.0806847,0.0790379,-4.02176,-4.12365,4.33178,4.18672,0.938556,0.937222,0.0786867,0.078007,0.141311,0.140933,1.46774,1.46774,1.24179,1.24179,0.98593,0.98593,0.063192,0.063192,0.0806847,0.0806847,-4.02176,-4.02176,4.33178,4.33178,0.938556,0.938556,0.0786867,0.0786867,0.141311,0.141311,1.42494,1.44318,1.46774,1.47049,1.54302,1.54352,1.58734,1.42494,1.44318,1.46774,1.47049,1.54302,1.54352,1.58734,1.0,0.991667,0.98593,0.970531,0.970531,1.0,0.970531,1.0,0.991667,0.98593,0.970531,0.970531,1.0,0.970531,-4.23977,-4.19571,-4.12365,-4.0494,-4.02176,-3.96096,-3.83272,-4.23977,-4.19571,-4.12365,-4.0494,-4.02176,-3.96096,-3.83272,0.937222,0.926556,0.937222,0.966944,0.938556,0.950556,0.934278,0.937222,0.926556,0.937222,0.966944,0.938556,0.950556,0.934278,1.73101,1.73101,1.73812,0.0102401,1.64885,1.67609,1.6809,1.73101,1.78242,1.78242,1.8661,1.73101,1.73101,1.73812,0.0102401,1.64885,1.67609,1.6809,1.73101,1.78242,1.78242,1.8661,3.10578,3.10578,3.11355,0.0151825,2.96981,3.02346,3.04186,3.10578,3.19684,3.19684,3.2944,3.10578,3.10578,3.11355,0.0151825,2.96981,3.02346,3.04186,3.10578,3.19684,3.19684,3.2944,1.43716,1.43716,1.47191,0.021851,1.24173,1.28932,1.43716,1.46112,1.5011,1.53236,1.71279,1.4762,1.43716,1.47178,0.0218503,1.24173,1.28932,1.43716,1.46112,1.5011,1.53236,1.71279,3.04993,3.02745,3.04028,0.0143716,2.90255,2.92261,3.01233,3.02745,3.06758,3.06758,3.19002,3.04896,3.02745,3.04016,0.0143696,2.90255,2.92261,3.01233,3.02745,3.06758,3.06758,3.19002,-9999,-9999
201310,19.784,1.0,16.982,3.231,1.0,22.057,4.766,1.0,19.358,16.719,2.757,21.496,3.735,19.784,1.0,16.982,3.231,1.0,22.057,4.766,1.0,421.279,260.428,0.977151,270.922,264.087,0.977151,349.067,1.0,341.036,349.067,1.0,356.815,0.977151,352.606,356.13,0.977151,13.977,1.0,13.657,13.977,1.0,100.651,100.636,0.998656,0.32,0.31,1.0,1.739,2.052,1.0,0.3966023424,0.958333333333,149.051136364,0.954301075269,32.8541666667,1.0,417.030913978,1.0,393.245,0.997984,19.453,1.0,-9999,-9999,-9999,-9999,0.635829,0.997984,43.5713,0.990591,55.663,0.573333,77.8311,0.989919,99.4305,1.05519,0.909946,1,21.5484,26.4516,21.5484,26.3548,-0.610733,-0.62421,0.939516,0.942876,0.0430211,0.0421416,0.0619494,0.0613419,-0.610733,-0.610733,0.939516,0.939516,0.0430211,0.0430211,0.0619494,0.0619494,-0.610886,-0.610886,0.949731,0.949731,0.00633247,0.00633247,-0.694915,-0.654258,-0.627348,-0.610733,-0.578994,-0.565109,-0.555906,-0.694915,-0.654258,-0.627348,-0.610733,-0.578994,-0.565109,-0.555906,0.938844,0.94086,0.94422,0.939516,0.96371,0.955645,0.952285,0.938844,0.94086,0.94422,0.939516,0.96371,0.955645,0.952285,1.49272,1.46438,1.07153,1.00196,0.96467,0.966206,0.0584894,0.0567401,0.0859911,0.084811,-2.29145,-2.28842,3.21998,3.11289,0.918905,0.923683,0.0582337,0.0574056,0.130403,0.130036,1.49272,1.49272,1.07153,1.07153,0.96467,0.96467,0.0584894,0.0584894,0.0859911,0.0859911,-2.29145,-2.29145,3.21998,3.21998,0.918905,0.918905,0.0582337,0.0582337,0.130403,0.130403,1.35596,1.3815,1.39369,1.46438,1.49272,1.50757,1.50915,1.35596,1.3815,1.39369,1.46438,1.49272,1.50757,1.50915,1.0,1.0,1.0,0.966206,0.96467,0.955453,0.96467,1.0,1.0,1.0,0.966206,0.96467,0.955453,0.96467,-2.45457,-2.37938,-2.33028,-2.28842,-2.15435,-2.14603,-2.13874,-2.45457,-2.37938,-2.33028,-2.28842,-2.15435,-2.14603,-2.13874,0.926501,0.928795,0.927218,0.923683,0.933383,0.922393,0.926023,0.926501,0.928795,0.927218,0.923683,0.933383,0.922393,0.926023,1.63046,1.63046,1.60153,0.00741084,1.51474,1.54352,1.54849,1.61471,1.62673,1.63046,1.6523,1.63046,1.63046,1.60153,0.00741084,1.51474,1.54352,1.54849,1.61471,1.62673,1.63046,1.6523,2.24119,2.24119,2.21242,0.0118011,2.10459,2.12251,2.16011,2.23892,2.25407,2.25407,2.30656,2.24119,2.24119,2.21242,0.0118011,2.10459,2.12251,2.16011,2.23892,2.25407,2.25407,2.30656,1.2686,1.2686,1.24974,0.0133159,1.14506,1.19141,1.20203,1.24015,1.29115,1.29448,1.29774,1.89172,1.9469,1.93153,0.0195412,1.68728,1.89172,1.89451,1.94324,1.9469,1.97521,2.01719,1.96581,1.9953,1.96662,0.0098981,1.91178,1.91273,1.92402,1.96581,1.9953,1.9953,2.01559,2.46268,2.47823,2.45297,0.0128467,2.31695,2.37248,2.423,2.46268,2.47886,2.47886,2.48381,-9999,-9999
201311,19.953,1.0,17.631,2.074,1.0,21.559,3.545,1.0,19.582,17.263,1.972,21.185,3.008,19.953,1.0,17.631,2.074,1.0,21.559,3.545,1.0,484.501,235.814,0.958333,251.957,239.962,0.958333,372.777,1.0,367.487,372.777,1.0,386.699,0.958333,385.507,386.07,0.958333,9.835,1.0,9.72,9.835,1.0,100.558,100.553,1.0,2.69,6.993,1.0,1.573,1.996,1.0,0.4190366967,0.977083333333,144.007575758,0.916666666667,27.5423611111,1.0,419.544444444,1.0,403.364,0.998611,20.085,1.0,-9999,47.1,-9999,0.675694,0.00687134,0.995139,72.4202,0.991667,88.7724,0.94102,59.4155,0.989583,72.8312,0.959023,0.85625,1,19.5,28.5,19.5,28.3333,-0.469985,-0.402523,0.966667,0.965278,0.0791097,0.0783389,0.190427,0.190108,-0.469985,-0.469985,0.966667,0.966667,0.0791097,0.0791097,0.190427,0.190427,-0.533374,-0.533374,0.966736,0.966736,0.023594,0.023594,-0.886964,-0.754405,-0.665921,-0.469985,-0.420626,-0.407972,-0.402523,-0.886964,-0.754405,-0.665921,-0.469985,-0.420626,-0.407972,-0.402523,0.963194,0.964583,0.963889,0.966667,0.971528,0.970833,0.965278,0.963194,0.964583,0.963889,0.966667,0.971528,0.970833,0.965278,1.4313,1.47202,2.38724,2.37402,0.991491,0.989904,0.133028,0.131292,0.240883,0.239929,-1.73931,-1.657,4.60158,4.27135,0.949624,0.948478,0.0904524,0.0898966,0.189135,0.188869,1.4313,1.4313,2.38724,2.38724,0.991491,0.991491,0.133028,0.133028,0.240883,0.240883,-1.73931,-1.73931,4.60158,4.60158,0.949624,0.949624,0.0904524,0.0904524,0.189135,0.189135,0.916984,1.13357,1.19925,1.4313,1.47202,1.5352,1.59894,0.916984,1.13357,1.19925,1.4313,1.47202,1.5352,1.59894,0.988237,0.988237,0.993237,0.991491,0.989904,0.995,0.996667,0.988237,0.988237,0.993237,0.991491,0.989904,0.995,0.996667,-2.06998,-2.03897,-1.85371,-1.7722,-1.73931,-1.70677,-1.657,-2.06998,-2.03897,-1.85371,-1.7722,-1.73931,-1.70677,-1.657,0.94269,0.944989,0.947329,0.954389,0.949624,0.954389,0.948478,0.94269,0.944989,0.947329,0.954389,0.949624,0.954389,0.948478,1.74721,1.74721,1.69166,0.0153488,1.51289,1.5596,1.61521,1.69207,1.75988,1.7708,1.79391,1.74721,1.74721,1.69166,0.0153488,1.51289,1.5596,1.61521,1.69207,1.75988,1.7708,1.79391,2.21719,2.21719,2.22504,0.016267,2.10004,2.1077,2.14748,2.21719,2.25161,2.26472,2.44635,2.21719,2.21719,2.22504,0.016267,2.10004,2.1077,2.14748,2.21719,2.25161,2.26472,2.44635,2.98976,2.98976,2.97916,0.0169752,2.81227,2.81227,2.86387,2.98976,3.06605,3.10729,3.13538,2.87529,2.99263,3.0112,0.0112081,2.87529,2.91754,2.99263,3.00255,3.0573,3.08157,3.11195,2.63832,2.73476,2.72318,0.00863205,2.63669,2.63832,2.68932,2.73476,2.77327,2.77754,2.80898,2.64286,2.7034,2.69916,0.00502974,2.6389,2.64286,2.6864,2.7034,2.72085,2.73086,2.74683,-9999,-9999
201312,23.139,1.0,20.549,2.664,1.0,24.783,3.863,1.0,23.039,20.297,2.432,24.779,3.546,23.139,1.0,20.549,2.664,1.0,24.783,3.863,1.0,514.214,292.351,0.958333,301.88,295.168,0.958333,386.634,1.0,375.865,386.634,1.0,406.653,0.958333,395.929,405.571,0.958333,13.123,1.0,13.617,13.123,1.0,100.538,100.504,1.0,0.797,0.335,1.0,1.371,1.771,1.0,0.380406294677,0.983198924731,180.997800587,0.916666666667,33.186827957,1.0,440.194892473,1.0,394.82,1.0,22.814,1.0,-9999,22.4,-9999,1.0,1.47655,0.999328,71.7768,0.995296,89.0832,0.82512,91.2509,0.995296,113.253,0.995239,0.867608,1,18.6129,29.3871,18.6129,29.3226,-0.431499,-0.477769,0.979839,0.977151,0.076371,0.0765744,0.0947495,0.0948351,-0.431499,-0.445315,0.979839,0.979839,0.076371,0.0765026,0.0947495,0.0947771,-0.4788,-0.480948,0.979267,0.979301,0.0143044,0.014182,-0.615032,-0.541715,-0.517481,-0.46237,-0.431499,-0.429555,-0.359501,-0.615032,-0.541715,-0.517481,-0.463842,-0.445315,-0.429821,-0.36058,0.973118,0.976478,0.976478,0.981183,0.979839,0.983871,0.985215,0.973118,0.976478,0.976478,0.981183,0.979839,0.983871,0.985215,2.16835,2.08266,2.17581,2.16705,1.0,0.998302,0.13948,0.140903,0.181134,0.172883,-2.06182,-2.08408,4.12237,4.13079,0.966926,0.9637,0.0814601,0.0809451,0.123319,0.123115,2.16835,2.13841,2.17581,2.18038,1.0,1.0,0.13948,0.140005,0.181134,0.172151,-2.06182,-2.06515,4.12237,4.12113,0.966926,0.966926,0.0814601,0.0814034,0.123319,0.123417,1.81974,1.93723,1.9642,2.01348,2.12893,2.16835,2.1765,1.81835,1.93807,1.96373,2.01163,2.13019,2.13841,2.17353,0.998302,1.0,1.0,1.0,1.0,1.0,1.0,0.998302,1.0,1.0,1.0,1.0,1.0,1.0,-2.13909,-2.11558,-2.10227,-2.08408,-2.04636,-1.93041,-1.85978,-2.13909,-2.11607,-2.10227,-2.08408,-2.04622,-1.93054,-1.85996,0.957138,0.969151,0.962588,0.9637,0.970263,0.9736,0.976937,0.957138,0.969151,0.962588,0.9637,0.970263,0.9736,0.976937,2.91251,2.91251,2.82989,0.0275399,2.51481,2.56434,2.58561,2.90576,2.9555,2.99307,2.99372,2.91251,2.91251,2.82989,0.0275399,2.51481,2.56434,2.58561,2.90576,2.9555,2.99307,2.99372,3.35782,3.35782,3.31084,0.0375215,2.93072,2.97265,2.99416,3.35782,3.48003,3.51149,3.52079,3.34401,3.34401,3.30869,0.0374558,2.92982,2.973,2.99389,3.34401,3.48003,3.5112,3.52079,4.09998,4.09998,4.05178,0.0153684,3.91383,3.94396,3.95328,4.09998,4.14257,4.16169,4.17373,4.14315,4.10047,4.06667,0.018806,3.81212,3.91435,3.98304,4.10047,4.16258,4.17456,4.17848,3.52785,3.49664,3.44732,0.0117663,3.33144,3.33873,3.36123,3.49095,3.51198,3.52278,3.52785,3.52796,3.49653,3.45009,0.0135089,3.26096,3.34426,3.3954,3.49099,3.50717,3.52299,3.52796,-9999,-9999
201401,23.468,1.0,20.695,1.859,1.0,25.261,3.799,1.0,23.586,20.795,1.773,25.398,3.419,23.468,1.0,20.695,1.859,1.0,25.261,3.799,1.0,503.615,260.298,0.941532,287.748,261.166,0.941532,395.568,1.0,380.672,395.568,1.0,411.035,0.941532,401.908,410.183,0.941532,11.317,1.0,12.302,11.317,1.0,100.701,100.663,1.0,0.83,0.29,1.0,1.372,1.566,1.0,0.360119660424,0.995295698925,149.445001875,0.902553763441,28.6606182796,1.0,441.903225806,1.0,404.611,0.998656,23.964,1.0,-9999,9.5,-9999,1.0,1.97824,1.0,66.083,0.964382,80.5177,0.672284,84.1465,0.991263,102.527,1.0703,0.879032,1,18.8387,29.1613,18.8387,29.129,0.539369,0.542325,0.966398,0.961022,0.0573407,0.056365,0.0666223,0.0651057,0.539369,0.55815,0.966398,0.959677,0.0573407,0.0565437,0.0666223,0.0652605,0.555393,0.559907,0.961811,0.959207,0.00648376,0.00778665,0.49295,0.520062,0.538534,0.542325,0.560281,0.587902,0.592756,0.4982,0.519282,0.536118,0.556592,0.568095,0.58445,0.682236,0.939516,0.952957,0.969758,0.961022,0.969086,0.952957,0.969758,0.939516,0.952957,0.966398,0.969086,0.968414,0.952957,0.9375,3.29494,3.20865,1.17564,1.13363,1.0,0.994907,0.0803758,0.0786476,0.100572,0.101823,-1.27234,-1.21386,3.97403,3.92723,0.945013,0.939451,0.0746826,0.0735735,0.0933873,0.0836593,3.29494,3.21436,1.17564,1.12925,1.0,0.994907,0.0803758,0.0790212,0.100572,0.102112,-1.27234,-1.19267,3.97403,3.92687,0.945013,0.937227,0.0746826,0.0737512,0.0933873,0.0838157,3.11133,3.17403,3.19524,3.24232,3.27553,3.29494,3.32211,3.12255,3.19277,3.2052,3.26915,3.29407,3.32211,3.36274,0.960479,1.0,0.976231,1.0,1.0,1.0,0.977929,0.960479,0.976231,1.0,1.0,1.0,0.977929,0.962177,-1.27234,-1.27234,-1.24096,-1.21386,-1.19393,-1.1602,-1.14982,-1.27287,-1.27232,-1.24068,-1.22388,-1.20865,-1.19267,-1.09745,0.945013,0.945013,0.938302,0.939451,0.950501,0.950501,0.950501,0.945013,0.945013,0.938302,0.949462,0.94835,0.937227,0.921836,3.56731,3.56731,3.62565,0.0187797,3.36749,3.56728,3.56728,3.57167,3.71463,3.75733,3.79336,3.67092,3.67092,3.64447,0.0183365,3.36749,3.56728,3.56731,3.67092,3.7395,3.75733,3.79336,3.00916,3.00916,3.06574,0.0216856,2.72399,2.98376,3.00916,3.048,3.17497,3.18923,3.23677,3.13155,3.13155,3.08908,0.0194761,2.74645,2.98376,3.02498,3.13155,3.17609,3.20351,3.23308,3.23649,3.22274,3.0274,0.0787148,2.01121,2.01993,3.17143,3.22274,3.33643,3.40468,3.40713,3.22274,3.23649,3.16579,0.0707329,2.01121,3.06252,3.17143,3.23649,3.40713,3.52471,3.53541,2.8261,2.86203,2.79537,0.0296403,2.40773,2.41142,2.8261,2.86203,2.9243,2.95211,2.95297,2.86203,2.87629,2.85171,0.0274449,2.40773,2.74051,2.8261,2.87629,2.95297,3.00056,3.01673,6.31515,1.0
201402,22.47,1.0,20.443,1.58,1.0,24.007,3.007,1.0,22.826,20.797,1.698,24.364,2.876,22.47,1.0,20.443,1.58,1.0,24.007,3.007,1.0,456.415,211.487,1.0,234.118,211.487,1.0,396.835,1.0,389.462,396.835,1.0,419.582,1.0,412.843,419.582,1.0,8.646,1.0,9.394,8.646,1.0,100.631,100.613,1.0,1.91,1.289,1.0,1.386,1.5,1.0,0.326595096768,0.987351190476,153.642113095,1.0,20.0014880952,1.0,433.615327381,1.0,406.945,1.0,23.687,1.0,-9999,11.8,-9999,1.0,-0.0434553,1.0,63.2557,0.940476,81.4214,0.746523,56.0579,0.990327,72.1566,0.962814,0.933036,1,20.75,27.25,20.75,27.2143,0.71343,0.712077,0.942708,0.947917,0.0530138,0.0516922,0.0570706,0.0558451,0.71343,0.712077,0.942708,0.947917,0.0530138,0.0516922,0.0570706,0.0558451,0.70428,0.704493,0.944234,0.943936,0.00483768,0.00571306,0.650654,0.687305,0.700129,0.710182,0.71343,0.72957,0.744107,0.594666,0.687305,0.700356,0.712077,0.71343,0.72957,0.744107,0.948661,0.942708,0.943452,0.943452,0.942708,0.948661,0.948661,0.912946,0.942708,0.942708,0.947917,0.942708,0.948661,0.948661,3.37207,3.34427,0.698566,0.639132,0.957568,0.970068,0.0664299,0.0642887,0.0900903,0.074608,-1.35643,-1.33883,3.80336,3.82511,0.930839,0.930839,0.0744408,0.0728354,0.077467,0.0733654,3.37207,3.34427,0.698566,0.639132,0.957568,0.970068,0.0664299,0.0642887,0.0900903,0.074608,-1.35643,-1.33883,3.80336,3.82511,0.930839,0.930839,0.0744408,0.0728354,0.077467,0.0733654,3.26985,3.27772,3.2993,3.34427,3.37207,3.39943,3.40036,3.2993,3.32371,3.32371,3.34646,3.39943,3.39943,3.40036,0.955782,0.955782,0.955782,0.970068,0.957568,0.971854,0.971854,0.955782,0.957568,0.957568,0.957568,0.971854,0.971854,0.971854,-1.40922,-1.35643,-1.35643,-1.3437,-1.32646,-1.31355,-1.29229,-1.61302,-1.35643,-1.35643,-1.35196,-1.33883,-1.33883,-1.32646,0.930839,0.930839,0.930839,0.930839,0.930839,0.933485,0.933485,0.91421,0.930839,0.930839,0.930839,0.930839,0.930839,0.930839,3.59738,3.59738,3.59662,0.00854818,3.49902,3.51741,3.55597,3.59738,3.64755,3.65472,3.65482,3.58478,3.58478,3.565,0.0114685,3.44651,3.44671,3.49902,3.58478,3.6318,3.64755,3.65482,2.8853,2.8853,2.89213,0.0104903,2.81172,2.81705,2.85165,2.8853,2.90345,2.92515,3.00679,2.87135,2.87135,2.86072,0.012233,2.73652,2.74638,2.81172,2.87135,2.90345,2.90345,3.00417,2.69238,2.7508,2.71515,0.0217564,2.42258,2.6537,2.66522,2.69238,2.7508,2.75976,2.76566,2.7508,2.69238,2.88772,0.0558508,2.6361,2.6537,2.66522,2.74681,2.76566,3.55101,3.60549,2.66696,2.69048,2.70144,0.00975917,2.66696,2.66696,2.66928,2.69048,2.70698,2.71029,2.71029,2.69048,2.66928,2.79638,0.0314783,2.66696,2.66928,2.66928,2.70066,2.71029,3.16328,3.21179,6.20035,1.0
201403,21.393,1.0,19.657,1.552,1.0,22.954,2.826,1.0,21.306,19.808,1.176,22.645,2.068,21.393,1.0,19.657,1.552,1.0,22.954,2.826,1.0,381.879,180.941,1.0,170.08,180.941,1.0,389.543,1.0,391.397,389.543,1.0,412.156,1.0,415.25,412.156,1.0,6.641,1.0,6.486,6.641,1.0,101.133,101.071,1.0,3.812,1.529,1.0,1.143,1.264,1.0,0.253425846488,0.992607526882,128.099462366,1.0,16.5665322581,1.0,424.713709677,1.0,414.159,1.0,22.264,1.0,-9999,13.6,-9999,1.0,-0.0409946,1.0,62.3573,0.985215,84.1578,0.830587,31.9931,0.99664,43.1781,0.743488,0.982527,1,22.7419,25.2581,22.7419,25.1935,1.20882,1.17507,0.963038,0.961022,0.0792534,0.0774632,0.245577,0.151329,1.20882,1.17507,0.963038,0.961022,0.0792534,0.0774632,0.245577,0.151329,1.25727,1.18053,0.963743,0.962164,0.0298764,0.0198145,0.916004,1.09032,1.09902,1.20882,1.35032,1.55519,1.56754,0.916004,1.09032,1.09032,1.17507,1.30118,1.35032,1.35032,0.955645,0.961022,0.959677,0.963038,0.96707,0.971102,0.968414,0.955645,0.961022,0.961022,0.961022,0.965726,0.96707,0.96707,4.4836,4.41452,1.73426,1.67184,0.991457,0.991457,0.114183,0.11139,0.430954,0.277309,-1.83396,-1.83242,4.90845,4.88281,0.936919,0.933197,0.102431,0.100311,0.115125,0.100948,4.4836,4.41452,1.73426,1.67184,0.991457,0.991457,0.114183,0.11139,0.430954,0.277309,-1.83396,-1.83242,4.90845,4.88281,0.936919,0.933197,0.102431,0.100311,0.115125,0.100948,4.02025,4.22483,4.24757,4.4836,4.73274,5.05594,5.0808,4.02025,4.22483,4.22483,4.41452,4.65428,4.73274,4.73274,0.988652,0.991457,0.991457,0.991457,0.995665,0.998534,1.0,0.988652,0.991457,0.991457,0.991457,0.995665,0.995665,0.995665,-1.95238,-1.83539,-1.83396,-1.81343,-1.79365,-1.73029,-1.68267,-1.95238,-1.83539,-1.83396,-1.83242,-1.81306,-1.81275,-1.79365,0.923119,0.93945,0.936919,0.930613,0.940795,0.944723,0.940795,0.923119,0.93945,0.936919,0.933197,0.933197,0.93816,0.940795,5.10211,5.10211,5.14429,0.0264718,4.85821,4.93487,4.9787,5.10211,5.33616,5.34622,5.35323,5.19893,5.19893,5.20939,0.0305267,4.85821,4.93487,5.05886,5.19893,5.35323,5.44122,5.46134,3.92705,3.92705,3.96376,0.0131612,3.84455,3.84455,3.87967,3.97833,4.00291,4.04505,4.0584,3.99011,3.99011,3.95212,0.0130028,3.84455,3.87367,3.87967,3.9422,3.99011,4.00291,4.04505,4.50783,4.41192,4.76706,0.047276,4.41192,4.41192,4.50783,4.71216,4.84858,4.934,5.35676,4.41192,4.50783,4.83332,0.0502379,4.41192,4.50783,4.50783,4.8185,4.91891,5.30335,5.35676,4.2134,3.94623,4.06934,0.0150531,3.94623,3.94623,3.95116,4.05277,4.1633,4.1633,4.2134,3.94623,4.0253,4.11782,0.0195845,3.94623,3.95116,4.0253,4.10492,4.2134,4.21946,4.34232,5.68872,1.0
201404,18.789,1.0,17.322,1.994,1.0,20.353,3.167,1.0,18.549,17.266,1.368,19.921,2.297,18.789,1.0,17.322,1.994,1.0,20.353,3.167,1.0,296.532,150.898,1.0,140.258,150.898,1.0,366.827,1.0,372.501,366.827,1.0,385.249,1.0,391.745,385.249,1.0,6.504,1.0,5.929,6.504,1.0,100.95,100.912,0.997222,1.919,0.673,1.0,1.285,1.348,1.0,0.256038577262,0.996527777778,93.6333333333,1.0,14.4409722222,1.0,408.036111111,1.0,420.369,1.0,19.798,1.0,-9999,13.6,-9999,1.0,-2.52708,1.0,62.8024,0.926389,74.521,0.774308,16.7347,0.976389,19.8572,0.551377,0.914583,1,24.7,23.3,24.6333,23.3,-0.0287946,0.060051,0.923611,0.915278,0.0633591,0.0624307,0.0807568,0.109614,-0.0287946,0.060051,0.923611,0.915278,0.0633591,0.0624307,0.0807568,0.109614,-0.00244994,-0.00454573,0.918576,0.915937,0.00896462,0.00995702,-0.127364,-0.0400945,-0.0287946,0.0091009,0.040273,0.060051,0.0647672,-0.127364,-0.120145,-0.0287946,0.0091009,0.040273,0.060051,0.060051,0.898611,0.879861,0.923611,0.925,0.923611,0.915278,0.922917,0.898611,0.914583,0.923611,0.925,0.923611,0.915278,0.915278,3.29857,3.44807,1.39066,1.29436,0.949893,0.934252,0.0838769,0.0821598,0.108605,0.163374,-3.56213,-3.55385,4.01929,4.03422,0.894949,0.895076,0.0889561,0.0881641,0.0952264,0.0947529,3.29857,3.44807,1.39066,1.29436,0.949893,0.934252,0.0838769,0.0821598,0.108605,0.163374,-3.56213,-3.55385,4.01929,4.03422,0.894949,0.895076,0.0889561,0.0881641,0.0952264,0.0947529,3.13331,3.28328,3.2932,3.31906,3.40241,3.42126,3.44807,3.13331,3.13883,3.29857,3.31906,3.40241,3.42126,3.44807,0.903021,0.952355,0.959944,0.949893,0.934303,0.947124,0.934252,0.903021,0.934355,0.949893,0.949893,0.934303,0.947124,0.934252,-3.58034,-3.57491,-3.56213,-3.55385,-3.50965,-3.50694,-3.49535,-3.58034,-3.57638,-3.56213,-3.55757,-3.50965,-3.50694,-3.49535,0.895015,0.889207,0.894949,0.895076,0.897727,0.896218,0.894763,0.895015,0.893626,0.894949,0.895076,0.897727,0.896218,0.894763,4.39105,4.39105,4.32926,0.0171852,4.06749,4.1817,4.33419,4.3465,4.39105,4.433,4.433,4.33419,4.33419,4.29028,0.0217685,4.0449,4.09436,4.10155,4.3465,4.39105,4.39105,4.433,4.331,4.331,4.33381,0.0105293,4.19486,4.30185,4.32267,4.331,4.36298,4.39965,4.39965,4.36298,4.36298,4.29273,0.0169945,4.0916,4.126,4.19486,4.331,4.36298,4.36298,4.39965,3.84346,3.91333,4.03296,0.0308483,3.82609,3.84346,3.84346,4.05951,4.14327,4.16193,4.39598,3.91333,3.84346,3.82824,0.0711747,2.8022,3.02563,3.82609,3.91333,4.07577,4.14327,4.39598,3.97475,3.94618,3.91533,0.00804205,3.84568,3.88917,3.88917,3.91905,3.94618,3.94618,3.97475,3.94618,3.92042,3.8552,0.0209505,3.52929,3.62849,3.84568,3.91685,3.92042,3.94618,3.97475,4.90812,1.0
201405,16.107,1.0,14.481,2.68,1.0,18.104,4.079,1.0,15.775,14.269,1.628,17.632,2.629,16.107,1.0,14.481,2.68,1.0,18.104,4.079,1.0,227.051,139.293,1.0,122.477,139.293,1.0,338.899,1.0,346.784,338.899,1.0,349.273,1.0,359.755,349.273,1.0,6.77,1.0,5.983,6.77,1.0,101.245,101.215,1.0,0.353,0.058,1.0,1.319,1.319,1.0,0.236732584077,0.997311827957,70.7956989247,1.0,14.2452956989,1.0,391.231182796,1.0,422.43,1.0,16.512,1.0,-9999,8.8,-9999,1.0,-2.64516,1.0,43.2393,0.864247,52.6001,0.550527,17.4291,0.983871,21.2023,0.548607,0.852151,1,26.4839,21.5161,26.4516,21.4516,-0.658221,-0.631635,0.874328,0.876344,0.0505389,0.0498981,0.159697,0.0727021,-0.658221,-0.631635,0.874328,0.876344,0.0505389,0.0498981,0.159697,0.0727021,-0.566653,-0.623759,0.873757,0.876294,0.020773,0.0128996,-0.703564,-0.676766,-0.658221,-0.625518,-0.562897,-0.373788,-0.319681,-0.703564,-0.676766,-0.676766,-0.631635,-0.624074,-0.571016,-0.517517,0.876344,0.875,0.874328,0.876344,0.882392,0.864247,0.864247,0.876344,0.875,0.875,0.876344,0.879704,0.883065,0.881048,2.36432,2.41177,0.941014,0.842637,0.835585,0.839123,0.0601399,0.0586867,0.260166,0.100849,-4.31768,-4.31878,3.83454,3.83478,0.923963,0.923963,0.0795504,0.0793272,0.0888866,0.0829402,2.36432,2.41177,0.941014,0.842637,0.835585,0.839123,0.0601399,0.0586867,0.260166,0.100849,-4.31768,-4.31878,3.83454,3.83478,0.923963,0.923963,0.0795504,0.0793272,0.0888866,0.0829402,2.29146,2.33319,2.36432,2.46294,2.52791,2.83943,2.92805,2.29146,2.33319,2.33319,2.41177,2.46725,2.49722,2.60479,0.837791,0.835539,0.835585,0.844178,0.844959,0.822167,0.822167,0.837791,0.835539,0.835539,0.839123,0.843029,0.844959,0.844959,-4.37268,-4.36611,-4.32668,-4.31878,-4.29305,-4.2868,-4.27835,-4.37268,-4.36611,-4.36611,-4.32041,-4.31768,-4.31768,-4.29305,0.919285,0.925429,0.925499,0.923963,0.931644,0.917889,0.917889,0.919285,0.925429,0.925429,0.925499,0.923963,0.923963,0.931644,2.73209,2.73209,2.71917,0.00901666,2.56719,2.69399,2.70915,2.7228,2.73209,2.75523,2.75523,2.7228,2.7228,2.70916,0.00946542,2.56719,2.65344,2.69399,2.7228,2.73209,2.73209,2.75523,3.36372,3.36372,3.34293,0.0165841,3.02116,3.31951,3.31951,3.37931,3.40502,3.40771,3.41271,3.38102,3.38102,3.27582,0.0253266,3.02116,3.02723,3.04069,3.36372,3.38102,3.40771,3.40771,3.43005,3.23368,3.3689,0.0692855,2.33138,3.1445,3.1445,3.23368,3.58524,3.90529,4.02308,3.23368,3.43005,3.13246,0.0938696,2.22251,2.28215,2.3972,3.21897,3.43005,3.90529,4.02308,4.10438,4.24149,4.24842,0.0311139,3.72513,4.10438,4.10438,4.24149,4.42832,4.44002,4.53993,4.24149,4.26329,4.14407,0.0412052,3.72513,3.79282,3.8363,4.20361,4.26329,4.44002,4.53993,4.01566,1.0
201406,13.601,1.0,12.331,2.044,1.0,15.355,3.121,1.0,13.564,12.715,1.237,14.737,1.636,13.601,1.0,12.331,2.044,1.0,15.355,3.121,1.0,193.735,111.47,1.0,89.374,111.47,1.0,328.288,1.0,343.509,328.288,1.0,334.508,1.0,355.681,334.508,1.0,5.305,1.0,4.821,5.305,1.0,101.079,101.088,1.0,1.433,0.413,1.0,1.851,1.613,1.0,0.305445335168,0.98125,48.8444444444,1.0,11.7770833333,1.0,377.206944444,1.0,411.455,0.927778,13.958,1.0,-9999,9.8,-9999,1.0,-4.05347,1.0,33.0219,0.397222,41.689,0.426796,1.22547,0.984028,1.54711,0.570778,2.0,2,27.8333,20.1667,26.0,17.8333,-0.45894,-0.46512,0.395139,0.403472,0.0552932,0.0531454,0.0611891,0.0591488,-0.45894,-0.46512,0.395139,0.403472,0.0552932,0.0531454,0.0611891,0.0591488,-0.464063,-0.461507,0.400035,0.4,0.00333025,0.00307128,-0.495125,-0.491166,-0.478937,-0.46512,-0.446299,-0.438753,-0.433736,-0.491166,-0.490682,-0.468468,-0.46512,-0.446299,-0.438753,-0.433736,0.401389,0.403472,0.401389,0.403472,0.396528,0.397222,0.396528,0.403472,0.403472,0.402778,0.403472,0.396528,0.397222,0.396528,2.37452,2.38674,0.828654,0.82461,0.421958,0.436287,0.0675656,0.0654544,0.0789237,0.0708789,-4.33691,-4.36916,3.36164,3.39827,0.35881,0.358889,0.0863062,0.0820824,0.100039,0.0966252,2.37452,2.38674,0.828654,0.82461,0.421958,0.436287,0.0675656,0.0654544,0.0789237,0.0708789,-4.33691,-4.36916,3.36164,3.39827,0.35881,0.358889,0.0863062,0.0820824,0.100039,0.0966252,2.28012,2.30516,2.33235,2.36915,2.38473,2.38674,2.39504,2.31241,2.33235,2.34473,2.37452,2.38674,2.38674,2.39504,0.427866,0.427866,0.436287,0.429056,0.436287,0.436287,0.421958,0.436287,0.436287,0.420723,0.421958,0.436287,0.436287,0.421958,-4.37443,-4.37365,-4.36916,-4.3313,-4.2885,-4.27247,-4.26615,-4.37443,-4.37443,-4.36916,-4.33691,-4.30679,-4.27247,-4.27247,0.357222,0.353889,0.358889,0.357222,0.365476,0.36381,0.36381,0.357222,0.357222,0.358889,0.35881,0.362143,0.36381,0.36381,2.4207,2.4207,2.40496,0.00262537,2.37963,2.3883,2.38846,2.41008,2.4207,2.42079,2.42079,2.38846,2.38846,2.40354,0.00245185,2.37963,2.3883,2.38846,2.39762,2.4207,2.42079,2.42079,2.88582,2.88582,2.86647,0.00536159,2.81337,2.83459,2.83637,2.88201,2.88926,2.8962,2.90811,2.8474,2.8474,2.8676,0.00514563,2.81337,2.83459,2.83637,2.88563,2.88926,2.8926,2.90811,1.38843,1.08095,1.459,0.102236,0.737569,1.05974,1.08095,1.14633,1.62244,1.62244,2.99894,1.08095,1.38843,1.28731,0.107435,0.518427,0.627836,0.737569,1.14633,1.38843,1.62244,2.99894,3.28566,3.24594,3.35595,0.0320428,2.92499,3.21035,3.24594,3.28566,3.46778,3.46778,3.75688,3.24594,3.40365,3.25428,0.043257,2.83876,2.88605,2.92499,3.25073,3.40365,3.46778,3.75688,3.44631,1.0
201407,12.085,1.0,10.425,2.932,1.0,14.269,4.161,1.0,12.196,10.917,1.591,13.873,2.343,12.085,1.0,10.425,2.932,1.0,14.269,4.161,1.0,206.327,129.452,1.0,112.425,129.452,1.0,310.027,1.0,322.997,310.027,1.0,305.525,1.0,330.167,305.525,1.0,6.18,1.0,5.895,6.18,1.0,101.024,101.064,1.0,0.36,0.2,1.0,1.931,1.626,1.0,0.296826200281,0.985215053763,55.0517473118,1.0,13.9818548387,1.0,368.172715054,1.0,409.472,1.0,11.696,1.0,-9999,8.7,-9999,1.0,-2.80493,1.0,31.9115,0.977151,41.7541,0.420045,11.1062,0.985887,14.5318,0.67986,0.96707,1,27.1935,20.8065,27.1935,20.8065,-0.722371,-0.728753,0.96707,0.960349,0.0481601,0.0478265,0.0782872,0.0495945,-0.722371,-0.728753,0.96707,0.960349,0.0481601,0.0478265,0.0782872,0.0495945,-0.758578,-0.740248,0.965272,0.963474,0.00783196,0.00524351,-0.847963,-0.846024,-0.775854,-0.7314,-0.728753,-0.722582,-0.722371,-0.849531,-0.748619,-0.734179,-0.731172,-0.722582,-0.722371,-0.722371,0.975134,0.97043,0.954973,0.958333,0.960349,0.959005,0.96707,0.942876,0.969758,0.974462,0.974462,0.959005,0.96707,0.96707,1.96538,1.96017,1.06157,1.0458,0.991637,0.979817,0.0597988,0.0598976,0.104858,0.060718,-4.18942,-4.19995,3.36619,3.36028,0.936119,0.936189,0.0731754,0.0719458,0.0769536,0.0733865,1.96538,1.96017,1.06157,1.0458,0.991637,0.979817,0.0597988,0.0598976,0.104858,0.060718,-4.18942,-4.19995,3.36619,3.36028,0.936119,0.936189,0.0731754,0.0719458,0.0769536,0.0733865,1.78726,1.79311,1.88371,1.96017,1.96203,1.96538,1.97361,1.81454,1.94549,1.94586,1.96058,1.96538,1.96538,1.97361,0.990783,0.982506,0.966537,0.979817,0.979817,0.991637,0.991637,0.942344,0.979817,0.981268,0.991637,0.991637,0.991637,0.991637,-4.24036,-4.23705,-4.22218,-4.21003,-4.19995,-4.18942,-4.18942,-4.25914,-4.21836,-4.21836,-4.20763,-4.18942,-4.18942,-4.16867,0.94491,0.95546,0.955537,0.931651,0.936189,0.936119,0.936119,0.950775,0.952458,0.952458,0.952458,0.936119,0.936119,0.933124,1.81741,1.81741,1.80666,0.00715579,1.69153,1.77424,1.78819,1.81741,1.83601,1.84269,1.8486,1.83601,1.83601,1.81195,0.00629894,1.7293,1.77424,1.78819,1.81741,1.83601,1.84269,1.8486,2.54616,2.54616,2.54691,0.00450552,2.49683,2.50516,2.51959,2.54616,2.57687,2.57977,2.57977,2.55838,2.55838,2.57052,0.00824918,2.49683,2.51959,2.53953,2.55838,2.57977,2.65992,2.6764,1.55324,1.44729,1.48397,0.0179426,1.28822,1.37495,1.37495,1.44729,1.55324,1.64497,1.64497,1.44729,1.55324,1.49439,0.0167758,1.28822,1.37495,1.4221,1.48842,1.55324,1.64497,1.67267,2.6168,2.65657,2.69879,0.00800707,2.6168,2.6168,2.65657,2.7094,2.71932,2.75842,2.75842,2.65657,2.71932,2.70251,0.00802933,2.6168,2.65657,2.65657,2.7094,2.71932,2.75842,2.80627,3.00399,1.0
201408,12.784,1.0,11.359,2.301,1.0,14.428,3.423,1.0,12.47,11.159,1.529,13.978,2.291,12.784,1.0,11.359,2.301,1.0,14.428,3.423,1.0,261.059,142.806,1.0,125.821,142.806,1.0,330.179,1.0,339.15,330.179,1.0,328.054,1.0,350.259,328.054,1.0,5.148,1.0,4.858,5.148,1.0,101.653,101.652,1.0,2.389,1.477,1.0,1.567,1.707,1.0,0.332797242483,0.985887096774,81.7956989247,1.0,14.5739247312,1.0,374.780913978,1.0,413.989,0.999328,12.916,1.0,-9999,13.8,-9999,1.0,-1.0746,1.0,39.4757,0.981183,54.5364,0.596653,20.002,0.987231,27.6332,0.761828,0.977151,1,25.5806,22.4194,25.5806,22.4194,-0.288097,-0.268164,0.96371,0.957661,0.0525174,0.0526987,0.109277,0.109721,-0.288097,-0.268164,0.96371,0.957661,0.0525174,0.0526987,0.109277,0.109721,-0.324898,-0.331161,0.966079,0.964231,0.0120821,0.0137317,-0.447661,-0.443724,-0.428238,-0.288097,-0.268164,-0.252063,-0.237933,-0.447661,-0.444536,-0.428238,-0.288097,-0.268164,-0.252063,-0.237933,0.964382,0.96707,0.96371,0.96371,0.957661,0.965726,0.967742,0.964382,0.966398,0.96371,0.96371,0.957661,0.965726,0.967742,2.26717,2.28363,1.4081,1.3995,0.982531,0.982531,0.0677676,0.0681574,0.156399,0.157004,-3.19606,-3.17388,3.62352,3.64318,0.942821,0.929874,0.0759038,0.0759844,0.0842473,0.0855183,2.26717,2.28363,1.4081,1.3995,0.982531,0.982531,0.0677676,0.0681574,0.156399,0.157004,-3.19606,-3.17388,3.62352,3.64318,0.942821,0.929874,0.0759038,0.0759844,0.0842473,0.0855183,2.03997,2.04186,2.04714,2.26717,2.29267,2.32377,2.34933,2.03997,2.04089,2.04714,2.26717,2.29267,2.32377,2.34933,0.991216,0.991216,0.991216,0.982531,0.990074,0.985112,0.988834,0.991216,0.991216,0.991216,0.982531,0.990074,0.985112,0.988834,-3.26374,-3.25811,-3.24827,-3.22296,-3.18678,-3.185,-3.17388,-3.26374,-3.26348,-3.23086,-3.19606,-3.185,-3.185,-3.17388,0.934517,0.940382,0.953876,0.946789,0.944223,0.944223,0.929874,0.934517,0.937513,0.932806,0.942821,0.944223,0.944223,0.929874,2.21702,2.21702,2.23674,0.00530008,2.21241,2.21241,2.21702,2.21744,2.25814,2.29158,2.29158,2.21241,2.21241,2.24697,0.00592838,2.21241,2.21241,2.21702,2.22349,2.27665,2.29158,2.32101,2.48519,2.48519,2.5679,0.0120518,2.48519,2.48519,2.5005,2.52952,2.64568,2.66678,2.66997,2.5005,2.5005,2.57187,0.010879,2.48519,2.5005,2.5005,2.59755,2.64568,2.64568,2.66722,2.59965,2.72923,2.82663,0.0250761,2.58561,2.59965,2.72923,2.83044,2.93805,2.97412,2.98019,2.72923,2.59965,2.79817,0.0250893,2.58561,2.59965,2.69599,2.72923,2.93805,2.97412,2.98019,3.16166,3.12539,3.13222,0.0126594,2.93401,3.05421,3.11704,3.12539,3.16166,3.21261,3.21387,3.12539,3.05421,3.09722,0.0159157,2.93401,2.96233,3.05421,3.11704,3.16166,3.16166,3.21387,3.2369,1.0
201409,16.202,1.0,14.293,2.41,1.0,18.028,3.811,1.0,15.567,13.812,1.841,17.242,2.844,16.202,1.0,14.293,2.41,1.0,18.028,3.811,1.0,339.795,208.434,1.0,190.067,208.434,1.0,340.71,1.0,343.518,340.71,1.0,344.645,1.0,355.693,344.645,1.0,8.31,1.0,7.221,8.31,1.0,101.055,101.042,1.0,1.017,0.313,1.0,1.589,1.699,1.0,0.346321946895,0.992361111111,131.804861111,1.0,20.5881944444,1.0,394.980555556,1.0,416.355,0.999306,15.866,1.0,-9999,12.1,-9999,1.0,1.33611,1.0,52.0847,0.961806,66.7687,0.719435,49.0197,0.972917,62.8396,0.858591,0.947222,1,23.5333,24.4667,23.5,24.4667,-0.433032,-0.4665,0.961806,0.961111,0.0589774,0.058355,0.0618654,0.0647013,-0.433032,-0.4665,0.961806,0.961111,0.0589774,0.058355,0.0618654,0.0647013,-0.465128,-0.466108,0.962587,0.962014,0.00356926,0.00385852,-0.527109,-0.485961,-0.484068,-0.465494,-0.452858,-0.448598,-0.433032,-0.527109,-0.488923,-0.484068,-0.4665,-0.448598,-0.433032,-0.433032,0.963889,0.959028,0.963889,0.964583,0.961806,0.960417,0.961806,0.963889,0.963889,0.963889,0.961111,0.960417,0.961806,0.961806,2.85977,2.79439,1.39018,1.35943,0.983273,0.983273,0.0844246,0.0828423,0.0957306,0.0990715,-3.55831,-3.55934,3.8389,3.83353,0.941611,0.940278,0.0764152,0.0763074,0.0778214,0.0765974,2.85977,2.79439,1.39018,1.35943,0.983273,0.983273,0.0844246,0.0828423,0.0957306,0.0990715,-3.55831,-3.55934,3.8389,3.83353,0.941611,0.940278,0.0764152,0.0763074,0.0778214,0.0765974,2.6624,2.7511,2.76875,2.8215,2.84077,2.84136,2.85977,2.6624,2.7511,2.76875,2.79439,2.84136,2.85977,2.85977,0.981884,0.981884,0.981884,0.984662,0.990217,0.983273,0.983273,0.981884,0.981884,0.981884,0.983273,0.983273,0.983273,0.983273,-3.58865,-3.58776,-3.58173,-3.56068,-3.55831,-3.55831,-3.54519,-3.58173,-3.57128,-3.56642,-3.55934,-3.55831,-3.55796,-3.54519,0.945556,0.945556,0.938889,0.940222,0.941611,0.941611,0.946944,0.938889,0.938889,0.946944,0.940278,0.941611,0.946944,0.946944,3.1756,3.1756,3.16953,0.00611267,3.0697,3.14542,3.15824,3.161,3.1756,3.22738,3.22738,3.22738,3.22738,3.16898,0.005901,3.0697,3.1478,3.15824,3.16125,3.1756,3.22738,3.22738,3.6421,3.6421,3.63564,0.00413213,3.59681,3.60834,3.61386,3.6421,3.64231,3.66041,3.66041,3.66041,3.66041,3.63411,0.00398709,3.59681,3.60834,3.61386,3.63435,3.64231,3.66041,3.66041,3.4167,3.25512,3.20924,0.0265911,2.97535,2.97535,3.04633,3.25512,3.31926,3.4167,3.4167,3.25512,3.4167,3.23071,0.0245148,2.97535,2.97542,3.04633,3.27848,3.31926,3.35504,3.4167,3.70078,3.77625,3.76567,0.0100984,3.66907,3.70078,3.70284,3.7351,3.83519,3.83519,3.86135,3.77625,3.83519,3.78103,0.00995642,3.69699,3.70078,3.72886,3.77625,3.83519,3.83644,3.86135,3.87826,1.0
201410,19.722,0.990591,17.024,2.809,1.0,21.91,4.42,0.983274,19.382,16.781,2.388,21.488,3.513,19.708,0.990591,17.024,2.809,1.0,21.886,4.411,0.983274,421.279,261.377,0.991263,251.335,261.826,0.991263,357.529,0.990591,357.02,357.61,0.990591,362.879,0.990591,372.488,362.822,0.990591,11.679,0.990591,10.444,11.665,0.990591,100.887,100.833,0.938172,1.577,0.787,1.0,1.427,1.712,0.983199,0.350178962191,0.905913978495,176.434027778,0.967741935484,26.2958333333,0.967741935484,417.854166667,0.967741935484,409.188,0.987903,19.482,0.989919,-9999,11.3,-9999,0.989919,2.2613,0.989919,53.0999,0.88172,70.8433,0.76701,73.8228,0.925403,98.4908,1.03854,0.849462,1,21.5484,26.4516,21.5161,26.4194,0.479773,0.412617,0.864919,0.851478,0.0598014,0.0599507,0.0771934,0.0968217,0.479773,0.412617,0.864919,0.851478,0.0598014,0.0599507,0.0771934,0.0968217,0.375286,0.387949,0.876159,0.86954,0.00890606,0.0084246,0.314073,0.314993,0.32446,0.374809,0.412617,0.412617,0.479773,0.300761,0.327716,0.345082,0.385395,0.412617,0.479773,0.479773,0.900538,0.899866,0.900538,0.856183,0.851478,0.851478,0.864919,0.856183,0.900538,0.856183,0.893817,0.851478,0.864919,0.864919,4.01849,3.8468,1.37866,1.23748,0.924865,0.892607,0.088418,0.0890977,0.11437,0.151729,-2.43882,-2.4196,4.32017,4.22546,0.816877,0.818072,0.0758124,0.0756516,0.125043,0.121944,4.01849,3.8468,1.37866,1.23748,0.924865,0.892607,0.088418,0.0890977,0.11437,0.151729,-2.43882,-2.4196,4.32017,4.22546,0.816877,0.818072,0.0758124,0.0756516,0.125043,0.121944,3.68672,3.77287,3.81786,3.87904,3.89904,3.91796,4.01849,3.585,3.77287,3.81786,3.8468,3.91796,4.01849,4.01849,0.894143,0.892607,0.892607,0.989648,0.991184,0.990917,0.924865,0.892473,0.892607,0.892607,0.892607,0.990917,0.924865,0.924865,-2.61888,-2.61847,-2.61367,-2.43918,-2.42784,-2.4196,-2.41197,-2.61367,-2.61088,-2.52385,-2.43882,-2.4196,-2.4196,-2.40958,0.829154,0.829154,0.829154,0.826814,0.826909,0.818072,0.826909,0.829154,0.829154,0.816877,0.816877,0.818072,0.818072,0.825715,4.08277,4.08277,4.067,0.0347272,3.72483,3.74812,3.90183,4.08277,4.22608,4.33381,4.33381,4.33381,4.33381,4.10641,0.0305931,3.72483,3.8842,3.90183,4.18368,4.22353,4.22608,4.33381,3.67016,3.67016,3.67905,0.0315388,3.37332,3.37738,3.51299,3.67016,3.85404,3.89219,3.89581,3.85404,3.85404,3.73112,0.0294786,3.37332,3.51299,3.51299,3.84068,3.86869,3.89219,3.89581,6.32768,6.15605,6.09786,0.0502435,5.53412,5.53688,6.15605,6.20543,6.29015,6.32768,6.32768,6.15605,6.32768,6.19572,0.0498896,5.53412,5.5565,6.15605,6.20673,6.32768,6.5262,6.60874,5.2674,5.21908,5.18682,0.0375077,4.75774,4.77435,5.21908,5.2674,5.33376,5.34835,5.34835,5.21908,5.30716,5.26571,0.0373507,4.77435,4.78657,5.21908,5.30716,5.34835,5.53308,5.57373,4.82927,1.0
201411,21.968,1.0,19.157,1.836,1.0,23.884,3.931,1.0,22.24,19.442,2.009,24.152,3.618,21.968,1.0,19.157,1.836,1.0,23.884,3.931,1.0,484.501,280.317,1.0,289.031,280.317,1.0,379.524,1.0,376.076,379.524,1.0,391.599,1.0,396.191,391.599,1.0,12.224,1.0,11.865,12.224,1.0,100.729,100.682,1.0,0.694,0.61,1.0,1.324,1.753,1.0,0.384845611714,0.977083333333,196.359722222,1.0,28.4381944444,1.0,433.632638889,1.0,404.069,1.0,22.354,1.0,-9999,8.5,-9999,1.0,2.73324,1.0,54.2537,0.973611,69.0435,0.777985,98.313,0.984028,125.113,1.11906,0.959722,1,19.5,28.5,19.5,28.4667,0.653853,0.653283,0.967361,0.968056,0.0568145,0.0558088,0.0950719,0.0823574,0.653853,0.653283,0.967361,0.968056,0.0568145,0.0558088,0.0950719,0.0823574,0.5914,0.613954,0.969184,0.968056,0.00963165,0.00719575,0.499629,0.501397,0.519438,0.60749,0.653283,0.653853,0.653853,0.519438,0.532723,0.587907,0.637061,0.653283,0.653853,0.653853,0.974306,0.974306,0.970833,0.969444,0.968056,0.967361,0.967361,0.970833,0.968056,0.966667,0.968056,0.968056,0.967361,0.967361,3.20572,3.21817,1.41745,1.40756,0.993158,0.993158,0.0875254,0.0859938,0.132788,0.113293,-1.14429,-1.15365,3.47548,3.43168,0.949577,0.950768,0.0701134,0.0688619,0.0893286,0.0841825,3.20572,3.21817,1.41745,1.40756,0.993158,0.993158,0.0875254,0.0859938,0.132788,0.113293,-1.14429,-1.15365,3.47548,3.43168,0.949577,0.950768,0.0701134,0.0688619,0.0893286,0.0841825,3.00488,3.006,3.03906,3.14224,3.20572,3.20572,3.21817,3.03906,3.0582,3.13483,3.152,3.20572,3.20572,3.21817,0.998246,0.998246,0.998246,0.993158,0.993158,0.993158,0.993158,0.998246,0.993158,0.994737,0.994825,0.993158,0.993158,0.993158,-1.25905,-1.25499,-1.24846,-1.17114,-1.15365,-1.14429,-1.14429,-1.24937,-1.24114,-1.20878,-1.16573,-1.15365,-1.14429,-1.14302,0.95787,0.95787,0.95787,0.951958,0.950768,0.949577,0.949577,0.951917,0.950727,0.948387,0.950768,0.950768,0.949577,0.951958,3.76706,3.76706,3.70295,0.00926788,3.58302,3.61211,3.68895,3.71641,3.7485,3.7485,3.76706,3.73102,3.73102,3.68126,0.0107532,3.58302,3.58607,3.59698,3.69084,3.73102,3.7485,3.76706,3.11378,3.11378,3.089,0.00334132,3.0503,3.0605,3.07716,3.0849,3.11144,3.11144,3.11378,3.07716,3.07716,3.08986,0.00308936,3.0503,3.06607,3.07716,3.09267,3.10105,3.11144,3.11378,3.79067,3.78156,3.82839,0.0427112,3.56014,3.57969,3.69557,3.79067,3.89893,3.93347,4.33993,3.78156,3.79067,3.86,0.034533,3.56014,3.69557,3.69557,3.79067,3.93347,4.21914,4.33993,3.2425,3.23882,3.28465,0.0211702,3.13444,3.14111,3.23882,3.25778,3.34119,3.34349,3.64911,3.23882,3.25778,3.31946,0.0235569,3.13444,3.23882,3.23882,3.25778,3.34349,3.58264,3.64911,5.73526,1.0
201412,22.389,1.0,20.149,1.643,1.0,23.804,3.391,1.0,22.86,20.558,1.643,24.323,2.866,22.389,1.0,20.149,1.643,1.0,23.804,3.391,1.0,514.214,262.2,1.0,278.1,262.2,1.0,394.872,1.0,387.16,394.872,1.0,415.365,1.0,409.979,415.365,1.0,9.251,1.0,9.959,9.251,1.0,100.326,100.282,0.999328,3.195,3.055,0.999328,1.327,1.639,0.999328,0.35893163729,0.979838709677,196.917281515,0.999327956989,25.1811370396,0.999327956989,434.214696294,0.999327956989,414.967,1.0,22.936,1.0,-9999,20.7,-9999,1.0,1.90959,1.0,85.049,0.984543,108.727,0.956208,66.7754,0.991263,85.3661,0.967532,0.963038,1,18.6129,29.3871,18.6129,29.3548,1.7884,1.8089,0.956989,0.956989,0.0743905,0.0745883,0.1646,0.14217,1.7884,1.8089,0.956989,0.956989,0.0743905,0.0745883,0.1646,0.14217,1.72222,1.76974,0.957611,0.956603,0.0194713,0.0156055,1.55333,1.55782,1.56991,1.7884,1.8089,1.85148,1.86557,1.56991,1.61889,1.66499,1.80075,1.85148,1.86095,1.87895,0.960349,0.960349,0.958333,0.956989,0.956989,0.956989,0.943548,0.958333,0.959677,0.960349,0.945565,0.956989,0.954973,0.945565,4.8242,4.85521,1.67416,1.6325,0.998302,0.99651,0.119859,0.119847,0.176844,0.162364,-0.225343,-0.212786,4.16994,4.18031,0.930775,0.931887,0.0891404,0.0895556,0.174055,0.150254,4.8242,4.85521,1.67416,1.6325,0.998302,0.99651,0.119859,0.119847,0.176844,0.162364,-0.225343,-0.212786,4.16994,4.18031,0.930775,0.931887,0.0891404,0.0895556,0.174055,0.150254,4.678,4.68995,4.71388,4.8242,4.95001,4.95001,4.98745,4.678,4.75812,4.79325,4.85521,4.95001,4.9772,5.12594,1.0,1.0,1.0,0.998302,0.99651,0.99651,0.994812,1.0,1.0,1.0,0.99651,0.99651,0.994812,0.99302,-0.511015,-0.504172,-0.473021,-0.397382,-0.212786,-0.20518,-0.20518,-0.473021,-0.446476,-0.39786,-0.225343,-0.208008,-0.20518,-0.20518,0.935039,0.935039,0.931776,0.915165,0.931887,0.931887,0.931887,0.931776,0.934001,0.935076,0.930775,0.929663,0.931887,0.931887,5.62134,5.62134,5.6415,0.0262648,5.37175,5.43001,5.5648,5.62134,5.72651,5.74381,5.85252,5.61085,5.61085,5.58317,0.0260238,5.37175,5.4234,5.42525,5.61085,5.72161,5.72651,5.74381,3.81243,3.81243,3.87176,0.0168338,3.80184,3.81112,3.81243,3.82244,3.88286,3.89981,4.05176,3.82244,3.82244,3.86096,0.0134345,3.80184,3.81112,3.81243,3.84159,3.87504,3.88286,3.89981,5.73385,5.54808,5.70041,0.0389885,5.26687,5.44922,5.45503,5.73385,5.96342,6.00931,6.00931,5.54808,5.73385,5.60351,0.0464286,5.20061,5.26687,5.29415,5.54808,5.81917,6.00931,6.00931,4.13779,3.90873,3.98635,0.0171057,3.79665,3.87091,3.89059,4.01295,4.04799,4.13779,4.13779,3.90873,4.01295,3.95457,0.0188253,3.79665,3.82298,3.8575,3.90873,4.04799,4.11822,4.13779,5.92183,1.0
