TIMESTAMP,TA_F_MDS,TA_F_MDS_QC,TA_F_MDS_NIGHT,TA_F_MDS_NIGHT_SD,TA_F_MDS_NIGHT_QC,TA_F_MDS_DAY,TA_F_MDS_DAY_SD,TA_F_MDS_DAY_QC,TA_ERA,TA_ERA_NIGHT,TA_ERA_NIGHT_SD,TA_ERA_DAY,TA_ERA_DAY_SD,TA_F,TA_F_QC,TA_F_NIGHT,TA_F_NIGHT_SD,TA_F_NIGHT_QC,TA_F_DAY,TA_F_DAY_SD,TA_F_DAY_QC,SW_IN_POT,SW_IN_F_MDS,SW_IN_F_MDS_QC,SW_IN_ERA,SW_IN_F,SW_IN_F_QC,LW_IN_F_MDS,LW_IN_F_MDS_QC,LW_IN_ERA,LW_IN_F,LW_IN_F_QC,LW_IN_JSB,LW_IN_JSB_QC,LW_IN_JSB_ERA,LW_IN_JSB_F,LW_IN_JSB_F_QC,VPD_F_MDS,VPD_F_MDS_QC,VPD_ERA,VPD_F,VPD_F_QC,PA_ERA,PA_F,PA_F_QC,P_ERA,P_F,P_F_QC,WS_ERA,WS_F,WS_F_QC,USTAR,USTAR_QC,NETRAD,NETRAD_QC,PPFD_IN,PPFD_IN_QC,SW_OUT,SW_OUT_QC,LW_OUT,LW_OUT_QC,CO2_F_MDS,CO2_F_MDS_QC,TS_F_MDS_1,TS_F_MDS_2,TS_F_MDS_3,TS_F_MDS_1_QC,TS_F_MDS_2_QC,TS_F_MDS_3_QC,G_F_MDS,G_F_MDS_QC,LE_F_MDS,LE_F_MDS_QC,LE_CORR,LE_RANDUNC,H_F_MDS,H_F_MDS_QC,H_CORR,H_RANDUNC,EBC_CF_N,EBC_CF_METHOD,NIGHT_D,DAY_D,NIGHT_RANDUNC_N,DAY_RANDUNC_N,NEE_CUT_REF,NEE_VUT_REF,NEE_CUT_REF_QC,NEE_VUT_REF_QC,NEE_CUT_REF_RANDUNC,NEE_VUT_REF_RANDUNC,NEE_CUT_REF_JOINTUNC,NEE_VUT_REF_JOINTUNC,NEE_CUT_USTAR50,NEE_VUT_USTAR50,NEE_CUT_USTAR50_QC,NEE_VUT_USTAR50_QC,NEE_CUT_USTAR50_RANDUNC,NEE_VUT_USTAR50_RANDUNC,NEE_CUT_USTAR50_JOINTUNC,NEE_VUT_USTAR50_JOINTUNC,NEE_CUT_MEAN,NEE_VUT_MEAN,NEE_CUT_MEAN_QC,NEE_VUT_MEAN_QC,NEE_CUT_SE,NEE_VUT_SE,NEE_CUT_05,NEE_CUT_16,NEE_CUT_25,NEE_CUT_50,NEE_CUT_75,NEE_CUT_84,NEE_CUT_95,NEE_VUT_05,NEE_VUT_16,NEE_VUT_25,NEE_VUT_50,NEE_VUT_75,NEE_VUT_84,NEE_VUT_95,NEE_CUT_05_QC,NEE_CUT_16_QC,NEE_CUT_25_QC,NEE_CUT_50_QC,NEE_CUT_75_QC,NEE_CUT_84_QC,NEE_CUT_95_QC,NEE_VUT_05_QC,NEE_VUT_16_QC,NEE_VUT_25_QC,NEE_VUT_50_QC,NEE_VUT_75_QC,NEE_VUT_84_QC,NEE_VUT_95_QC,NEE_CUT_REF_NIGHT,NEE_VUT_REF_NIGHT,NEE_CUT_REF_NIGHT_SD,NEE_VUT_REF_NIGHT_SD,NEE_CUT_REF_NIGHT_QC,NEE_VUT_REF_NIGHT_QC,NEE_CUT_REF_NIGHT_RANDUNC,NEE_VUT_REF_NIGHT_RANDUNC,NEE_CUT_REF_NIGHT_JOINTUNC,NEE_VUT_REF_NIGHT_JOINTUNC,NEE_CUT_REF_DAY,NEE_VUT_REF_DAY,NEE_CUT_REF_DAY_SD,NEE_VUT_REF_DAY_SD,NEE_CUT_REF_DAY_QC,NEE_VUT_REF_DAY_QC,NEE_CUT_REF_DAY_RANDUNC,NEE_VUT_REF_DAY_RANDUNC,NEE_CUT_REF_DAY_JOINTUNC,NEE_VUT_REF_DAY_JOINTUNC,NEE_CUT_USTAR50_NIGHT,NEE_VUT_USTAR50_NIGHT,NEE_CUT_USTAR50_NIGHT_SD,NEE_VUT_USTAR50_NIGHT_SD,NEE_CUT_USTAR50_NIGHT_QC,NEE_VUT_USTAR50_NIGHT_QC,NEE_CUT_USTAR50_NIGHT_RANDUNC,NEE_VUT_USTAR50_NIGHT_RANDUNC,NEE_CUT_USTAR50_NIGHT_JOINTUNC,NEE_VUT_USTAR50_NIGHT_JOINTUNC,NEE_CUT_USTAR50_DAY,NEE_VUT_USTAR50_DAY,NEE_CUT_USTAR50_DAY_SD,NEE_VUT_USTAR50_DAY_SD,NEE_CUT_USTAR50_DAY_QC,NEE_VUT_USTAR50_DAY_QC,NEE_CUT_USTAR50_DAY_RANDUNC,NEE_VUT_USTAR50_DAY_RANDUNC,NEE_CUT_USTAR50_DAY_JOINTUNC,NEE_VUT_USTAR50_DAY_JOINTUNC,NEE_CUT_05_NIGHT,NEE_CUT_16_NIGHT,NEE_CUT_25_NIGHT,NEE_CUT_50_NIGHT,NEE_CUT_75_NIGHT,NEE_CUT_84_NIGHT,NEE_CUT_95_NIGHT,NEE_VUT_05_NIGHT,NEE_VUT_16_NIGHT,NEE_VUT_25_NIGHT,NEE_VUT_50_NIGHT,NEE_VUT_75_NIGHT,NEE_VUT_84_NIGHT,NEE_VUT_95_NIGHT,NEE_CUT_05_NIGHT_QC,NEE_CUT_16_NIGHT_QC,NEE_CUT_25_NIGHT_QC,NEE_CUT_50_NIGHT_QC,NEE_CUT_75_NIGHT_QC,NEE_CUT_84_NIGHT_QC,NEE_CUT_95_NIGHT_QC,NEE_VUT_05_NIGHT_QC,NEE_VUT_16_NIGHT_QC,NEE_VUT_25_NIGHT_QC,NEE_VUT_50_NIGHT_QC,NEE_VUT_75_NIGHT_QC,NEE_VUT_84_NIGHT_QC,NEE_VUT_95_NIGHT_QC,NEE_CUT_05_DAY,NEE_CUT_16_DAY,NEE_CUT_25_DAY,NEE_CUT_50_DAY,NEE_CUT_75_DAY,NEE_CUT_84_DAY,NEE_CUT_95_DAY,NEE_VUT_05_DAY,NEE_VUT_16_DAY,NEE_VUT_25_DAY,NEE_VUT_50_DAY,NEE_VUT_75_DAY,NEE_VUT_84_DAY,NEE_VUT_95_DAY,NEE_CUT_05_DAY_QC,NEE_CUT_16_DAY_QC,NEE_CUT_25_DAY_QC,NEE_CUT_50_DAY_QC,NEE_CUT_75_DAY_QC,NEE_CUT_84_DAY_QC,NEE_CUT_95_DAY_QC,NEE_VUT_05_DAY_QC,NEE_VUT_16_DAY_QC,NEE_VUT_25_DAY_QC,NEE_VUT_50_DAY_QC,NEE_VUT_75_DAY_QC,NEE_VUT_84_DAY_QC,NEE_VUT_95_DAY_QC,RECO_NT_VUT_REF,RECO_NT_VUT_USTAR50,RECO_NT_VUT_MEAN,RECO_NT_VUT_SE,RECO_NT_VUT_05,RECO_NT_VUT_16,RECO_NT_VUT_25,RECO_NT_VUT_50,RECO_NT_VUT_75,RECO_NT_VUT_84,RECO_NT_VUT_95,RECO_NT_CUT_REF,RECO_NT_CUT_USTAR50,RECO_NT_CUT_MEAN,RECO_NT_CUT_SE,RECO_NT_CUT_05,RECO_NT_CUT_16,RECO_NT_CUT_25,RECO_NT_CUT_50,RECO_NT_CUT_75,RECO_NT_CUT_84,RECO_NT_CUT_95,GPP_NT_VUT_REF,GPP_NT_VUT_USTAR50,GPP_NT_VUT_MEAN,GPP_NT_VUT_SE,GPP_NT_VUT_05,GPP_NT_VUT_16,GPP_NT_VUT_25,GPP_NT_VUT_50,GPP_NT_VUT_75,GPP_NT_VUT_84,GPP_NT_VUT_95,GPP_NT_CUT_REF,GPP_NT_CUT_USTAR50,GPP_NT_CUT_MEAN,GPP_NT_CUT_SE,GPP_NT_CUT_05,GPP_NT_CUT_16,GPP_NT_CUT_25,GPP_NT_CUT_50,GPP_NT_CUT_75,GPP_NT_CUT_84,GPP_NT_CUT_95,RECO_DT_VUT_REF,RECO_DT_VUT_USTAR50,RECO_DT_VUT_MEAN,RECO_DT_VUT_SE,RECO_DT_VUT_05,RECO_DT_VUT_16,RECO_DT_VUT_25,RECO_DT_VUT_50,RECO_DT_VUT_75,RECO_DT_VUT_84,RECO_DT_VUT_95,RECO_DT_CUT_REF,RECO_DT_CUT_USTAR50,RECO_DT_CUT_MEAN,RECO_DT_CUT_SE,RECO_DT_CUT_05,RECO_DT_CUT_16,RECO_DT_CUT_25,RECO_DT_CUT_50,RECO_DT_CUT_75,RECO_DT_CUT_84,RECO_DT_CUT_95,GPP_DT_VUT_REF,GPP_DT_VUT_USTAR50,GPP_DT_VUT_MEAN,GPP_DT_VUT_SE,GPP_DT_VUT_05,GPP_DT_VUT_16,GPP_DT_VUT_25,GPP_DT_VUT_50,GPP_DT_VUT_75,GPP_DT_VUT_84,GPP_DT_VUT_95,GPP_DT_CUT_REF,GPP_DT_CUT_USTAR50,GPP_DT_CUT_MEAN,GPP_DT_CUT_SE,GPP_DT_CUT_05,GPP_DT_CUT_16,GPP_DT_CUT_25,GPP_DT_CUT_50,GPP_DT_CUT_75,GPP_DT_CUT_84,GPP_DT_CUT_95,RECO_SR,RECO_SR_N
200001,-9999,-9999,-9999,-9999,-9999,-9999,-9999,-9999,-1.718,-2.945,1.63,0.194,2.165,-1.718,0.0,-2.945,1.63,0.0,0.194,2.165,0.0,135.67,-9999,-9999,74.704,74.704,0.0,-9999,-9999,226.011,226.011,0.0,-9999,-9999,227.452,227.452,0.0,-9999,-9999,2.946,2.946,0.0,89.631,89.631,0.0,0.089,0.0,1.0,1.612,1.612,0.0,-9999,-9999,-9999,-9999,-9999,-9999,-9999,-9999,-9999,-9999,-9999,-9999,0.019,0.706,-9999,0.709005,0.709005,-9999,-9999,1.0,56.4034,0.0,-9999,-9999,85.0632,0.0,-9999,-9999,-9999,-9999,29.1613,18.8387,0.0,0.0,-8.3927,-8.3927,0.0,0.0,-9999,-9999,-9999,-9999,-8.40324,-8.40324,0.0,0.0,-9999,-9999,-9999,-9999,-8.23717,-8.27977,0.0,0.0,0.05229,0.0660714,-8.97387,-8.44436,-8.42958,-8.24982,-7.95811,-7.93776,-7.73841,-9.27005,-8.42958,-8.40324,-8.37419,-8.00987,-7.94359,-7.73841,0.0,0.0,0.0,0.0,0.0,0.0,0.0,0.0,0.0,0.0,0.0,0.0,0.0,0.0,-0.38866,-0.38866,6.51019,6.51019,0.0,0.0,-9999,-9999,-9999,-9999,-20.0037,-20.0037,3.23945,3.23945,0.0,0.0,-9999,-9999,-9999,-9999,-0.405441,-0.405441,6.48048,6.48048,0.0,0.0,-9999,-9999,-9999,-9999,-20.0037,-20.0037,3.23945,3.23945,0.0,0.0,-9999,-9999,-9999,-9999,-0.577652,-0.470654,-0.425725,-0.254324,-0.056663,0.029712,0.157593,-1.0023,-0.447281,-0.405441,-0.30452,-0.056663,0.029712,0.0347207,0.0,0.0,0.0,0.0,0.0,0.0,0.0,0.0,0.0,0.0,0.0,0.0,0.0,0.0,-20.5817,-20.5124,-20.1081,-20.0037,-19.439,-19.3562,-19.0474,-21.1617,-20.1081,-20.088,-20.0037,-19.439,-19.3562,-19.0474,0.0,0.0,0.0,0.0,0.0,0.0,0.0,0.0,0.0,0.0,0.0,0.0,0.0,0.0,1.86023,2.10898,1.84902,0.0567332,0.871657,1.58219,1.78421,1.92486,2.08241,2.08695,2.10898,1.54746,2.10898,1.75914,0.0726284,0.854194,1.003,1.58219,1.8604,1.95168,2.00177,2.10898,10.29,10.5122,10.1288,0.0899232,9.24899,9.66327,9.73418,10.1417,10.4611,10.4751,10.536,9.65951,10.5122,9.99631,0.0626393,9.23944,9.65951,9.67672,9.93953,10.3111,10.3937,10.536,0.362389,3.73608,1.40164,0.265297,0.12063,0.169152,0.202356,0.348111,3.73608,3.73608,3.73784,0.358503,3.73608,1.20343,0.251783,0.0230441,0.163621,0.190555,0.252842,3.72449,3.73608,3.73789,4.62017,4.63805,4.32606,0.0910457,3.62861,3.72584,3.76555,4.63161,4.63854,5.07851,5.15166,4.45629,4.63805,4.40085,0.149486,3.50159,3.6537,3.75856,4.45629,4.63805,5.1314,5.15329,-9999,-9999
200002,-9999,-9999,-9999,-9999,-9999,-9999,-9999,-9999,1.11,-0.26,1.495,2.843,2.05,1.11,0.0,-0.26,1.495,0.0,2.843,2.05,0.0,200.435,-9999,-9999,110.324,110.324,0.0,-9999,-9999,245.619,245.619,0.0,-9999,-9999,248.778,248.778,0.0,-9999,-9999,3.111,3.111,0.0,89.701,89.701,0.0,0.164,0.11,1.0,1.589,1.589,0.0,-9999,-9999,-9999,-9999,-9999,-9999,-9999,-9999,-9999,-9999,-9999,-9999,-0.076,0.434,-9999,1.0,1.0,-9999,-9999,1.0,56.9969,0.0,-9999,-9999,86.3192,0.0,-9999,-9999,-9999,-9999,26.7931,21.2069,0.0,0.0,-8.34435,-8.34435,0.0,0.0,-9999,-9999,-9999,-9999,-8.35625,-8.35625,0.0,0.0,-9999,-9999,-9999,-9999,-8.18414,-8.22689,0.0,0.0,0.0540939,0.067716,-8.9281,-8.39472,-8.38276,-8.20352,-7.91428,-7.86681,-7.6606,-9.21833,-8.38276,-8.35625,-8.32877,-7.94389,-7.87304,-7.6606,0.0,0.0,0.0,0.0,0.0,0.0,0.0,0.0,0.0,0.0,0.0,0.0,0.0,0.0,0.614059,0.614059,5.65688,5.65688,0.0,0.0,-9999,-9999,-9999,-9999,-18.9721,-18.9721,4.07252,4.07252,0.0,0.0,-9999,-9999,-9999,-9999,0.593498,0.593498,5.61965,5.61965,0.0,0.0,-9999,-9999,-9999,-9999,-18.9721,-18.9721,4.07252,4.07252,0.0,0.0,-9999,-9999,-9999,-9999,0.430545,0.547671,0.593498,0.748798,0.963352,1.11933,1.40918,0.210136,0.547671,0.593498,0.748798,0.963352,1.0385,1.2744,0.0,0.0,0.0,0.0,0.0,0.0,0.0,0.0,0.0,0.0,0.0,0.0,0.0,0.0,-19.8592,-19.4833,-19.1528,-18.9721,-18.3291,-18.2212,-17.9249,-20.2924,-19.1528,-19.1055,-18.9721,-18.3291,-18.2212,-17.9249,0.0,0.0,0.0,0.0,0.0,0.0,0.0,0.0,0.0,0.0,0.0,0.0,0.0,0.0,2.07354,2.28827,2.13949,0.0613654,1.18249,1.85156,2.07077,2.23454,2.26563,2.33488,2.37591,1.90121,2.28827,2.06036,0.0746892,1.14149,1.32101,1.90121,2.13299,2.28827,2.36288,2.44979,10.4564,10.6445,10.3664,0.0943962,9.49946,10.0235,10.0925,10.3844,10.5885,10.61,10.6584,9.95599,10.6445,10.2445,0.0585368,9.49145,9.89302,10.0235,10.2672,10.4787,10.61,10.8655,0.587555,4.00056,1.58594,0.274859,0.195582,0.274252,0.328088,0.564405,4.00056,4.00056,4.00245,0.581255,4.00056,1.38346,0.261211,0.0373623,0.265284,0.308955,0.409943,3.98815,4.00056,4.0025,6.09436,6.17179,5.7873,0.0993891,4.99353,5.134,5.17799,6.16454,6.17234,6.55979,6.64282,5.843,6.17179,5.8713,0.181367,4.77578,5.0944,5.17466,5.843,6.17179,6.61923,6.64768,-9999,-9999
200003,-9999,-9999,-9999,-9999,-9999,-9999,-9999,-9999,3.31,1.684,1.594,4.88,2.565,3.31,0.0,1.684,1.594,0.0,4.88,2.565,0.0,293.213,-9999,-9999,163.826,163.826,0.0,-9999,-9999,257.65,257.65,0.0,-9999,-9999,261.863,261.863,0.0,-9999,-9999,3.621,3.621,0.0,89.32,89.32,0.0,2.68,3.884,1.0,1.96,1.96,0.0,-9999,-9999,-9999,-9999,-9999,-9999,-9999,-9999,-9999,-9999,-9999,-9999,0.701,0.997,-9999,1.0,1.0,-9999,-9999,1.0,56.4034,0.0,-9999,-9999,85.0632,0.0,-9999,-9999,-9999,-9999,23.4839,24.5161,0.0,0.0,-8.3927,-8.3927,0.0,0.0,-9999,-9999,-9999,-9999,-8.40324,-8.40324,0.0,0.0,-9999,-9999,-9999,-9999,-8.23717,-8.27977,0.0,0.0,0.05229,0.0660714,-8.97387,-8.44436,-8.42958,-8.24982,-7.95811,-7.93776,-7.73841,-9.27005,-8.42958,-8.40324,-8.37419,-8.00987,-7.94359,-7.73841,0.0,0.0,0.0,0.0,0.0,0.0,0.0,0.0,0.0,0.0,0.0,0.0,0.0,0.0,1.98425,1.98425,4.50341,4.50341,0.0,0.0,-9999,-9999,-9999,-9999,-17.7403,-17.7403,5.32554,5.32554,0.0,0.0,-9999,-9999,-9999,-9999,1.96335,1.96335,4.45788,4.45788,0.0,0.0,-9999,-9999,-9999,-9999,-17.7403,-17.7403,5.32554,5.32554,0.0,0.0,-9999,-9999,-9999,-9999,1.71154,1.91134,1.98425,2.06534,2.21965,2.65611,3.05835,1.91134,1.96335,1.98425,2.0621,2.217,2.55148,3.02421,0.0,0.0,0.0,0.0,0.0,0.0,0.0,0.0,0.0,0.0,0.0,0.0,0.0,0.0,-18.7854,-18.2471,-17.9761,-17.7403,-17.0944,-16.973,-16.7315,-18.7854,-18.0551,-17.9749,-17.7403,-17.0944,-16.973,-16.7315,0.0,0.0,0.0,0.0,0.0,0.0,0.0,0.0,0.0,0.0,0.0,0.0,0.0,0.0,2.2359,2.42034,2.38025,0.0699735,1.48635,2.06927,2.2335,2.39007,2.59929,2.69136,2.7508,2.20516,2.42034,2.31361,0.0774302,1.41676,1.61993,2.17153,2.28134,2.59929,2.73884,2.96656,10.6656,10.8236,10.66,0.100496,9.81153,10.3776,10.4857,10.6438,10.7937,10.8034,10.8344,10.3172,10.8236,10.5508,0.0578185,9.80149,10.1533,10.3776,10.5748,10.7041,10.7937,11.2817,0.870652,4.19232,1.77067,0.276542,0.289817,0.406393,0.486168,0.836348,4.19232,4.19232,4.19429,0.861317,4.19232,1.57094,0.26366,0.0553643,0.393104,0.457816,0.607462,4.17931,4.19232,4.19435,7.9387,8.11493,7.66519,0.103251,6.49464,6.87267,7.08046,8.10727,8.11552,8.35934,8.45008,7.56323,8.11493,7.75378,0.217315,6.45038,6.72355,7.07268,7.56323,8.11493,8.42343,8.45989,-9999,-9999
200004,-9999,-9999,-9999,-9999,-9999,-9999,-9999,-9999,6.933,5.281,1.537,8.115,2.389,6.933,0.0,5.281,1.537,0.0,8.115,2.389,0.0,386.89,-9999,-9999,199.37,199.37,0.0,-9999,-9999,284.26,284.26,0.0,-9999,-9999,290.806,290.806,0.0,-9999,-9999,4.054,4.054,0.0,88.766,88.766,0.0,2.614,2.993,1.0,1.839,1.839,0.0,-9999,-9999,-9999,-9999,-9999,-9999,-9999,-9999,-9999,-9999,-9999,-9999,2.965,2.79,-9999,1.0,1.0,-9999,-9999,1.0,56.6902,0.0,-9999,-9999,85.6703,0.0,-9999,-9999,-9999,-9999,20.1667,27.8333,0.0,0.0,-8.36933,-8.36933,0.0,0.0,-9999,-9999,-9999,-9999,-8.38053,-8.38053,0.0,0.0,-9999,-9999,-9999,-9999,-8.21154,-8.25421,0.0,0.0,0.0531563,0.0668625,-8.95174,-8.42036,-8.40695,-8.22744,-7.93693,-7.90346,-7.7008,-9.24505,-8.40695,-8.38053,-8.35224,-7.97798,-7.90949,-7.7008,0.0,0.0,0.0,0.0,0.0,0.0,0.0,0.0,0.0,0.0,0.0,0.0,0.0,0.0,3.2799,3.2799,3.24402,3.24402,0.0,0.0,-9999,-9999,-9999,-9999,-16.2861,-16.2861,6.33902,6.33902,0.0,0.0,-9999,-9999,-9999,-9999,3.25423,3.25423,3.18008,3.18008,0.0,0.0,-9999,-9999,-9999,-9999,-16.2861,-16.2861,6.33902,6.33902,0.0,0.0,-9999,-9999,-9999,-9999,2.71755,3.1935,3.24545,3.26667,3.38761,3.4457,4.0316,3.1935,3.2404,3.25423,3.2799,3.38761,3.4457,3.9557,0.0,0.0,0.0,0.0,0.0,0.0,0.0,0.0,0.0,0.0,0.0,0.0,0.0,0.0,-16.9332,-16.5767,-16.3852,-16.1532,-15.6277,-15.5077,-15.2366,-16.9043,-16.4537,-16.3254,-16.2861,-15.6277,-15.5077,-15.2366,0.0,0.0,0.0,0.0,0.0,0.0,0.0,0.0,0.0,0.0,0.0,0.0,0.0,0.0,2.4971,2.62826,2.79248,0.0943397,2.04082,2.4339,2.49538,2.58865,3.2385,3.30965,3.40429,2.73608,2.62826,2.75166,0.0880246,1.93609,2.17617,2.45057,2.5297,3.2385,3.39503,3.91447,10.9041,11.0088,11.0467,0.121294,10.28,10.6503,10.8561,10.984,11.1051,11.148,11.394,10.8204,11.0088,10.9632,0.0652794,10.28,10.4953,10.7245,10.9306,11.148,11.2637,11.7101,1.52547,4.49107,2.14963,0.270903,0.507791,0.712043,0.851818,1.46537,4.49107,4.49107,4.49318,1.50912,4.49107,1.96466,0.262115,0.0970042,0.68876,0.802142,1.06434,4.47714,4.49107,4.49325,9.31024,9.52562,9.02997,0.116979,7.65294,8.11673,8.36805,9.51692,9.52628,9.8211,9.92489,8.90837,9.52562,9.13237,0.249843,7.6346,7.946,8.35935,8.90837,9.52562,9.89421,9.93709,-9999,-9999
200005,-9999,-9999,-9999,-9999,-9999,-9999,-9999,-9999,11.195,9.287,1.438,12.296,2.167,11.195,0.0,9.287,1.438,0.0,12.296,2.167,0.0,456.111,-9999,-9999,242.499,242.499,0.0,-9999,-9999,307.607,307.607,0.0,-9999,-9999,316.198,316.198,0.0,-9999,-9999,4.713,4.713,0.0,89.476,89.476,0.0,3.338,1.884,1.0,1.717,1.717,0.0,-9999,-9999,-9999,-9999,-9999,-9999,-9999,-9999,-9999,-9999,-9999,-9999,8.437,7.946,-9999,1.0,1.0,-9999,-9999,1.0,56.7414,0.0,-9999,-9999,85.8324,0.0,-9999,-9999,-9999,-9999,17.5484,30.4516,0.0,0.0,-8.36131,-8.36131,0.0,0.0,-9999,-9999,-9999,-9999,-8.37224,-8.37224,0.0,0.0,-9999,-9999,-9999,-9999,-8.2007,-8.24324,0.0,0.0,0.0539628,0.0673943,-8.95324,-8.41205,-8.39816,-8.21629,-7.92908,-7.8859,-7.68075,-9.24126,-8.39816,-8.37224,-8.34362,-7.96019,-7.89232,-7.68075,0.0,0.0,0.0,0.0,0.0,0.0,0.0,0.0,0.0,0.0,0.0,0.0,0.0,0.0,4.02011,4.02011,2.70358,2.70358,0.0,0.0,-9999,-9999,-9999,-9999,-15.0212,-15.0212,7.36226,7.36226,0.0,0.0,-9999,-9999,-9999,-9999,3.99137,3.99137,2.62662,2.62662,0.0,0.0,-9999,-9999,-9999,-9999,-15.0212,-15.0212,7.36226,7.36226,0.0,0.0,-9999,-9999,-9999,-9999,3.2401,3.88355,3.89245,3.94111,4.02425,4.02604,4.71289,3.86326,3.89245,3.91992,3.99137,4.02425,4.02602,4.71289,0.0,0.0,0.0,0.0,0.0,0.0,0.0,0.0,0.0,0.0,0.0,0.0,0.0,0.0,-15.5574,-15.1924,-15.0212,-14.8968,-14.3393,-14.236,-13.943,-15.484,-15.101,-15.0212,-14.9982,-14.3393,-14.236,-13.943,0.0,0.0,0.0,0.0,0.0,0.0,0.0,0.0,0.0,0.0,0.0,0.0,0.0,0.0,2.79786,2.86311,3.29318,0.134233,2.6134,2.77413,2.79698,2.83624,4.0289,4.06793,4.20894,3.39086,2.86311,3.28816,0.111722,2.6134,2.77145,2.77787,2.85646,4.0289,4.20386,4.49105,11.1961,11.2353,11.5364,0.156936,10.897,10.9629,11.1418,11.2178,11.8897,11.9212,12.1052,11.4596,11.2353,11.4889,0.0900299,10.8441,10.9274,11.0306,11.2178,11.9212,11.9849,12.2346,2.50053,4.82534,2.677,0.258389,0.832362,1.16717,1.39629,2.40201,4.82534,4.82534,4.82761,2.47372,4.82534,2.52039,0.260918,0.159008,1.129,1.31486,1.74465,4.81705,4.82534,4.93106,10.9192,11.208,10.6472,0.127496,9.0483,9.549,9.96471,11.1986,11.2087,11.4259,11.5388,10.4238,11.208,10.7574,0.285917,8.95702,9.36002,9.95555,10.5189,11.208,11.5049,11.5549,-9999,-9999
200006,-9999,-9999,-9999,-9999,-9999,-9999,-9999,-9999,14.251,12.242,1.42,15.286,2.304,14.251,0.0,12.242,1.42,0.0,15.286,2.304,0.0,485.924,-9999,-9999,258.77,258.77,0.0,-9999,-9999,322.535,322.535,0.0,-9999,-9999,332.435,332.435,0.0,-9999,-9999,6.532,6.532,0.0,89.795,89.795,0.0,4.649,5.833,1.0,1.701,1.701,0.0,-9999,-9999,-9999,-9999,-9999,-9999,-9999,-9999,-9999,-9999,-9999,-9999,10.824,9.912,-9999,0.185417,0.185417,-9999,-9999,1.0,56.6902,0.0,-9999,-9999,85.6703,0.0,-9999,-9999,-9999,-9999,16.2667,31.7333,0.0,0.0,-8.36933,-8.36933,0.0,0.0,-9999,-9999,-9999,-9999,-8.38053,-8.38053,0.0,0.0,-9999,-9999,-9999,-9999,-8.21154,-8.25421,0.0,0.0,0.0531563,0.0668625,-8.95174,-8.42036,-8.40695,-8.22744,-7.93693,-7.90346,-7.7008,-9.24505,-8.40695,-8.38053,-8.35224,-7.97798,-7.90949,-7.7008,0.0,0.0,0.0,0.0,0.0,0.0,0.0,0.0,0.0,0.0,0.0,0.0,0.0,0.0,4.21367,4.21367,2.65761,2.65761,0.0,0.0,-9999,-9999,-9999,-9999,-14.3643,-14.3643,7.94799,7.94799,0.0,0.0,-9999,-9999,-9999,-9999,4.18182,4.18182,2.57211,2.57211,0.0,0.0,-9999,-9999,-9999,-9999,-14.3643,-14.3643,7.94799,7.94799,0.0,0.0,-9999,-9999,-9999,-9999,3.26072,4.02391,4.03193,4.10667,4.21367,4.21638,5.03795,4.0146,4.03193,4.05924,4.18182,4.21367,4.21367,5.014,0.0,0.0,0.0,0.0,0.0,0.0,0.0,0.0,0.0,0.0,0.0,0.0,0.0,0.0,-14.9216,-14.5572,-14.3643,-14.2481,-13.7014,-13.6015,-13.3114,-14.8479,-14.4388,-14.3643,-14.3394,-13.7014,-13.6015,-13.3114,0.0,0.0,0.0,0.0,0.0,0.0,0.0,0.0,0.0,0.0,0.0,0.0,0.0,0.0,3.00345,3.01885,3.66865,0.170084,2.9533,2.96059,3.00325,3.01885,4.63591,4.64232,4.82254,3.89154,3.01885,3.69632,0.136271,2.9526,2.99798,3.00735,3.1883,4.63591,4.8217,4.8692,11.4104,11.3994,11.9229,0.191064,11.2059,11.2439,11.3232,11.3994,12.5233,12.5454,12.7267,11.9759,11.3994,11.9079,0.117797,11.1264,11.2348,11.3383,11.4104,12.5454,12.588,12.7204,3.554,5.04375,3.19913,0.24184,1.18303,1.6589,1.98454,3.41397,5.04375,5.04375,5.04612,3.5159,5.04375,3.08141,0.263984,0.225997,1.60465,1.8688,2.47966,5.03509,5.04375,5.15425,10.9814,11.2075,10.8005,0.140766,9.44386,9.91182,9.92327,11.1973,11.2083,12.0289,12.1467,10.982,11.2075,10.941,0.274517,9.3253,9.87108,10.0342,10.9814,11.2083,12.1112,12.1639,-9999,-9999
200007,-9999,-9999,-9999,-9999,-9999,-9999,-9999,-9999,13.089,11.392,1.362,14.002,1.966,13.089,0.0,11.392,1.362,0.0,14.002,1.966,0.0,469.362,-9999,-9999,240.567,240.567,0.0,-9999,-9999,322.537,322.537,0.0,-9999,-9999,332.437,332.437,0.0,-9999,-9999,5.315,5.315,0.0,89.212,89.212,0.0,6.629,2.548,1.0,1.896,2.129,0.585349,-9999,-9999,-9999,-9999,-9999,-9999,-9999,-9999,-9999,-9999,349.7,0.575941,10.97,10.03,-9999,0.0,0.0,-9999,-9999,1.0,71.6501,0.498656,-9999,3.99144,85.0309,0.494624,-9999,3.85861,-9999,-9999,16.8065,31.1935,1.35484,2.09677,-7.05102,-7.01701,0.356855,0.358871,0.495567,0.498182,0.698144,0.552571,-7.04847,-7.04382,0.362231,0.360887,0.499138,0.498182,0.700683,0.552571,-7.07005,-7.03791,0.35047,0.356888,0.0750347,0.0803633,-8.29322,-7.65216,-7.13344,-7.02383,-6.70911,-6.66865,-6.59982,-8.33124,-7.15692,-7.05102,-7.02978,-6.70911,-6.67881,-6.5992,0.194892,0.274866,0.310484,0.334677,0.393817,0.416667,0.443548,0.24328,0.300403,0.356855,0.348118,0.393817,0.399194,0.443548,4.7684,4.85139,3.34836,3.33783,0.22918,0.231077,0.865352,0.873076,0.89198,0.883306,-13.0077,-13.0025,9.13291,9.12976,0.427714,0.429795,0.552576,0.553421,0.84276,0.59413,4.77789,4.77789,3.28487,3.28487,0.23677,0.23677,0.873076,0.873076,0.899475,0.883306,-13.0096,-13.0025,9.12488,9.12976,0.431946,0.429795,0.555583,0.553421,0.844734,0.59413,3.56636,4.57199,4.73654,4.83637,4.9865,5.00463,5.05646,4.29269,4.73654,4.77377,4.81971,4.98802,5.00463,5.01371,0.0696816,0.152119,0.240565,0.221695,0.263125,0.279886,0.25195,0.183955,0.240565,0.22918,0.219798,0.287371,0.279886,0.281784,-14.2193,-13.8455,-13.0129,-12.9936,-12.6327,-12.5729,-12.452,-14.0282,-13.0207,-13.0096,-13.0025,-12.6327,-12.5884,-12.451,0.264377,0.333576,0.41828,0.406833,0.457024,0.466389,0.529414,0.32317,0.407874,0.431946,0.429795,0.457024,0.465349,0.529414,2.92547,2.95986,3.52559,0.15612,2.88353,2.90395,2.9133,2.95636,4.4044,4.4234,4.5886,3.70062,2.95986,3.5407,0.126348,2.88353,2.91292,2.9255,2.98003,4.4044,4.58612,4.72566,9.92295,10.0037,10.5635,0.194091,9.81381,9.93134,9.94391,10.0083,11.0846,11.1706,11.2001,10.4702,10.0083,10.6108,0.133582,9.75614,9.92295,9.9614,10.22,11.1608,11.2269,11.4801,3.1459,4.96109,2.99751,0.247339,1.04719,1.46841,1.75666,3.02195,4.96109,4.96109,4.96342,3.11217,4.96109,2.86461,0.261143,0.200046,1.42039,1.65421,2.19492,4.95257,4.96109,5.06978,10.8494,11.1144,10.5815,0.13037,9.00262,9.57066,9.84133,11.1047,11.1152,11.4801,11.5951,10.4607,11.1144,10.6991,0.282339,8.98692,9.37827,9.8315,10.4607,11.1144,11.5606,11.6108,-9999,-9999
200008,17.325,0.66129,15.15,0.76,0.667233,18.77,2.297,0.657397,15.318,13.609,1.485,16.461,2.274,16.302,0.66129,14.421,1.031,0.667233,17.563,2.201,0.657397,410.445,243.834,0.661962,230.712,235.037,0.661962,330.208,0.66129,329.432,326.366,0.66129,357.035,0.660618,339.936,349.591,0.660618,8.185,0.66129,6.551,7.694,0.66129,89.731,89.731,0.0,3.326,4.968,1.0,1.507,1.856,0.800403,0.504455419986,0.596774193548,151.29589994,0.64314516129,475.961333747,0.644489247312,21.0469071639,0.645161290323,393.2748625,0.645161290323,355.612,0.804435,10.975,10.035,-9999,0.0,0.0,-9999,-9999,1.0,86.4537,0.768817,-9999,1.01404,94.502,0.768817,-9999,1.27535,-9999,-9999,19.2258,28.7742,19.129,28.7742,-4.6371,-4.60183,0.727823,0.727823,0.155936,0.155909,0.422948,0.310824,-4.60303,-4.60183,0.727823,0.727823,0.155935,0.155909,0.422948,0.310824,-4.6282,-4.59406,0.729772,0.730108,0.077726,0.0762933,-5.94337,-5.01564,-4.77229,-4.60303,-4.35653,-4.22933,-3.99407,-5.35595,-4.77229,-4.64626,-4.60303,-4.3893,-4.2345,-3.9661,0.702285,0.71371,0.722446,0.727823,0.739919,0.741935,0.754704,0.704973,0.722446,0.727151,0.727823,0.739247,0.741935,0.75672,6.01018,6.08729,2.903,2.91657,0.684871,0.684871,0.208852,0.208853,0.428439,0.357394,-11.4529,-11.4474,10.2766,10.2857,0.754055,0.754055,0.208052,0.208045,0.439796,0.313281,6.10473,6.08729,2.93012,2.91657,0.684871,0.684871,0.208985,0.208853,0.428504,0.357394,-11.4614,-11.4474,10.2752,10.2857,0.754055,0.754055,0.208037,0.208045,0.43979,0.313281,4.64446,5.76668,5.93481,6.07565,6.28933,6.51485,6.55267,5.54156,5.93481,6.00281,6.08318,6.25151,6.51485,6.56846,0.669119,0.683173,0.684871,0.686663,0.690153,0.695529,0.695529,0.672609,0.684871,0.684871,0.684871,0.690153,0.695529,0.695529,-12.6361,-11.9094,-11.6267,-11.4394,-11.1831,-11.1344,-10.7273,-12.299,-11.6267,-11.4648,-11.444,-11.2114,-11.1583,-10.6823,0.72212,0.732019,0.745222,0.754055,0.764108,0.770708,0.79162,0.724307,0.745222,0.75286,0.754055,0.764108,0.770708,0.794846,5.46505,5.50936,5.81914,0.0670806,5.39048,5.4515,5.46505,5.57493,6.34019,6.39102,6.49903,6.09091,5.5197,5.83933,0.0671365,5.39048,5.45535,5.46005,5.60645,6.34019,6.37457,6.49903,10.0047,10.1112,10.4132,0.0830144,9.99377,10.026,10.0724,10.1777,10.6039,10.7803,10.9331,10.5732,10.1227,10.4675,0.0658625,9.96178,10.026,10.1152,10.4608,10.6039,10.8995,11.1587,4.72815,6.10866,5.00175,0.172824,2.50669,4.39069,4.67906,4.84794,6.10866,6.11261,6.34499,4.67106,6.34499,4.91986,0.1821,2.57149,3.62981,4.29383,4.80616,6.10866,6.12995,6.34499,9.90798,10.0439,9.86375,0.0885746,8.19421,9.71194,9.93981,10.0434,10.1445,10.1778,10.2154,9.69669,10.1778,9.93664,0.153272,8.23866,9.17474,9.6977,9.99059,10.1445,10.1826,10.4344,-9999,-9999
200009,11.752,1.0,10.029,0.833,1.0,13.231,2.28,1.0,11.434,10.054,1.468,12.62,2.312,11.752,1.0,10.029,0.833,1.0,13.231,2.28,1.0,324.545,183.497,1.0,165.387,183.497,1.0,311.514,1.0,311.342,311.514,1.0,322.673,0.998611,320.261,322.704,0.998611,4.697,0.998611,4.465,4.694,0.998611,89.426,89.426,0.0,3.905,4.54,1.0,1.598,1.762,0.994444,0.473882749084,0.777777777778,111.951350425,0.994444444444,346.342486144,0.995833333333,16.1808011098,0.997222222222,363.084729287,0.997222222222,357.738,0.998611,5.802,5.663,-9999,0.0,0.0,-9999,-9999,1.0,57.0043,0.998611,-9999,0.958795,73.2142,0.998611,-9999,1.32556,-9999,-9999,22.2667,25.7333,22.2667,25.7333,-4.34398,-4.26155,0.997917,0.997917,0.149171,0.150157,0.466991,0.315001,-4.25011,-4.2537,0.997917,0.997917,0.150142,0.150016,0.467302,0.314934,-4.45112,-4.42355,0.996476,0.993194,0.0966535,0.122817,-6.02619,-4.94936,-4.61812,-4.27816,-4.10729,-4.06431,-3.80893,-5.19809,-4.61812,-4.51039,-4.27816,-4.10729,-4.06431,-3.72145,0.991667,0.995833,0.996528,0.997917,0.997917,0.997917,0.998611,0.99375,0.996528,0.996528,0.997917,0.997917,0.997917,0.998611,4.69032,4.8153,2.15146,2.19019,1.0,1.0,0.188982,0.19331,0.459829,0.319628,-11.8202,-11.7781,9.75468,9.78414,0.996198,0.996198,0.212496,0.211824,0.477544,0.396884,4.83639,4.8153,2.19188,2.19019,1.0,1.0,0.193409,0.193089,0.461666,0.319494,-11.7761,-11.7635,9.75525,9.77568,0.996198,0.996198,0.211722,0.211653,0.4772,0.396793,2.59746,3.98337,4.45039,4.64482,4.8153,4.82177,4.84948,3.57845,4.3273,4.4907,4.69032,4.8159,4.83639,4.84425,0.993939,1.0,1.0,1.0,1.0,1.0,1.0,0.993939,1.0,1.0,1.0,1.0,1.0,1.0,-13.0249,-12.2824,-12.1035,-11.7946,-11.5291,-11.4271,-10.8114,-12.3897,-12.1035,-11.9362,-11.7933,-11.5291,-11.4323,-10.676,0.989463,0.99234,0.993728,0.996198,0.996198,0.996198,0.997531,0.993574,0.993728,0.993728,0.996198,0.996198,0.996198,0.997531,6.03837,6.06854,5.79662,0.13379,5.08938,5.63472,5.6908,5.98052,6.14818,6.16855,6.2013,6.17686,6.10004,5.75701,0.108594,4.27873,5.56461,5.6908,5.87959,6.09473,6.16855,6.20905,10.4263,10.3222,10.2202,0.0399501,9.59639,10.0582,10.1872,10.2784,10.3382,10.4223,10.4574,10.3604,10.3501,10.2081,0.0496899,9.5913,9.69038,10.1571,10.281,10.4068,10.4523,10.5478,3.18289,3.84404,3.54818,0.0619719,2.61171,3.02995,3.18415,3.67948,3.8129,3.86116,4.0051,2.60944,3.85701,3.52738,0.0792265,2.60944,2.93558,3.13684,3.65772,3.8129,3.88568,4.11079,8.67703,8.82113,8.69352,0.0711919,7.91686,8.03015,8.43865,8.81671,9.01576,9.02274,9.24035,7.95825,8.83153,8.77824,0.0987303,7.89393,7.99222,8.38196,8.77324,9.02274,9.26988,9.52878,-9999,-9999
200010,7.272,1.0,6.572,0.863,1.0,8.082,1.402,1.0,7.603,6.711,1.256,8.618,1.691,7.272,1.0,6.572,0.863,1.0,8.082,1.402,1.0,230.148,74.032,1.0,83.582,74.032,1.0,317.767,1.0,303.446,317.767,1.0,307.89,0.999328,311.673,307.9,0.999328,2.122,0.999328,2.826,2.12,0.999328,89.447,89.447,0.0,6.859,8.665,1.0,1.835,2.143,0.748656,0.478500948652,0.555779569892,42.2787289596,0.996639784946,143.357790298,0.997311827957,6.49014933873,1.0,341.217447581,1.0,366.356,0.999328,-0.21,0.425,-9999,0.0,0.0,-9999,-9999,1.0,32.5572,0.998656,-9999,0.800056,10.7555,0.999328,-9999,0.900267,-9999,-9999,25.3871,22.6129,25.3226,22.5806,-2.49922,-2.439,0.995296,0.995296,0.11312,0.113224,0.478815,0.450548,-2.32152,-2.33003,0.995296,0.995296,0.113125,0.113279,0.478816,0.450562,-2.52696,-2.53659,0.988558,0.985333,0.0795427,0.110284,-3.63359,-3.0785,-2.96491,-2.33036,-2.21903,-2.14798,-1.76878,-3.1669,-3.02037,-2.79284,-2.439,-2.21899,-2.14819,-1.78827,0.942876,0.980511,0.989919,0.995296,0.997312,0.997312,0.998656,0.989247,0.991935,0.993952,0.995296,0.997312,0.997312,0.998656,1.1037,1.11927,1.28183,1.28262,1.0,1.0,0.119336,0.121825,0.566568,0.484214,-6.37631,-6.27569,5.63229,5.59892,0.98998,0.98998,0.188595,0.186846,0.488678,0.311501,1.29124,1.28776,1.28764,1.29192,1.0,1.0,0.123798,0.12385,0.567525,0.484728,-6.22873,-6.24212,5.62412,5.62405,0.98998,0.98998,0.184956,0.185305,0.487286,0.310579,-0.331611,0.300721,0.530347,1.23903,1.31329,1.40844,1.53065,0.147103,0.470801,0.621438,1.11927,1.31603,1.40808,1.53351,0.997312,1.0,0.997312,1.0,1.0,1.0,1.0,1.0,1.0,1.0,1.0,1.0,1.0,1.0,-7.10013,-6.87416,-6.45032,-6.24276,-6.00664,-5.97252,-5.35303,-6.91162,-6.48849,-6.42669,-6.27569,-6.02078,-5.99001,-5.3835,0.879451,0.960498,0.98998,0.98998,0.994257,0.994257,0.99719,0.958962,0.983016,0.987292,0.98998,0.994257,0.994257,0.99719,1.71695,2.01645,1.46383,0.0890098,0.435739,0.63157,0.993872,1.68115,2.00107,2.0311,2.05465,1.74587,2.02597,1.48268,0.0892414,0.439331,0.624408,1.0034,1.71401,1.95686,2.0311,2.06464,4.03192,4.34648,4.00042,0.11834,3.4247,3.54107,3.69114,3.81937,4.05152,4.34681,4.38707,3.9649,4.34749,4.00964,0.0744084,3.4247,3.54107,3.70066,3.95449,4.12577,4.37557,5.10046,3.45623,2.57764,2.82303,0.0778259,1.83841,2.34619,2.4078,2.82643,3.29672,3.37829,3.45623,3.37829,3.38368,2.86202,0.115898,1.456,2.24139,2.39704,2.90707,3.25403,3.37829,3.77161,4.5282,4.46153,4.52492,0.0580728,3.66972,4.27055,4.38835,4.5282,4.81244,4.94723,4.98612,4.60448,4.98637,4.5571,0.0827212,3.64254,4.11938,4.38839,4.55041,4.89213,4.94728,4.98612,-9999,-9999
200011,2.457,1.0,1.964,0.93,1.0,3.186,1.068,1.0,2.956,2.348,1.496,3.867,1.384,2.457,1.0,1.964,0.93,1.0,3.186,1.068,1.0,153.069,48.225,0.99375,49.47,49.882,0.99375,291.677,1.0,279.616,291.677,1.0,278.705,0.993056,285.754,278.429,0.993056,1.25,0.999306,2.201,1.252,0.999306,88.896,88.896,0.0,10.76,10.6,1.0,1.571,1.942,0.696528,-9999,-9999,18.2761905682,0.997916666667,96.2390714343,0.998611111111,4.97727477996,1.0,317.698691667,1.0,364.824,0.999306,-0.259,0.317,-9999,0.0,0.0,-9999,-9999,1.0,31.0255,0.999306,-9999,0.894411,-9.15679,0.999306,-9999,0.842062,-9999,-9999,28.5333,19.4667,28.5333,19.3667,-0.587328,-0.537404,0.930556,0.930556,0.116778,0.11666,0.430937,0.226956,-0.537408,-0.537408,0.930556,0.930556,0.116645,0.116645,0.430901,0.226948,-0.777272,-0.67614,0.929392,0.931319,0.0716469,0.0390704,-2.20445,-1.31401,-0.873408,-0.549908,-0.496715,-0.484389,-0.463934,-1.20057,-0.873743,-0.851208,-0.537408,-0.496715,-0.484389,-0.456798,0.836806,0.873611,0.928472,0.959722,0.948611,0.948611,0.9375,0.873611,0.928472,0.930556,0.930556,0.948611,0.948611,0.997917,1.27588,1.32921,1.6991,1.69114,0.955397,0.955397,0.143422,0.142875,0.332343,0.282606,-3.24886,-3.20838,3.48441,3.50572,0.89306,0.89306,0.181156,0.181661,0.586269,0.21565,1.3292,1.3292,1.69115,1.69115,0.955397,0.955397,0.142849,0.142849,0.332096,0.282593,-3.20838,-3.20838,3.50572,3.50572,0.89306,0.89306,0.18165,0.18165,0.586422,0.21564,-0.216425,0.797844,0.920181,1.27588,1.37308,1.39745,1.40259,0.797844,0.909791,0.946286,1.32424,1.37626,1.39745,1.40259,0.923016,0.933175,0.955397,0.955397,0.955397,0.959841,0.957619,0.933175,0.955397,0.955397,0.997619,0.957619,0.959841,0.957619,-4.65938,-4.29142,-3.41948,-3.23948,-3.18712,-3.17627,-3.0261,-4.38691,-3.41948,-3.3573,-3.21493,-3.19757,-3.18706,-3.04045,0.67769,0.802144,0.887788,0.903801,0.933333,0.933333,0.998333,0.815478,0.887788,0.89306,0.933333,0.933333,0.907505,0.998333,1.51067,1.42946,1.39678,0.0273811,1.25393,1.26001,1.28474,1.41949,1.48727,1.52647,1.52716,1.56776,1.42946,1.30883,0.0465425,0.372686,1.25393,1.27249,1.37485,1.48727,1.52555,1.56699,1.9928,1.96687,2.07292,0.0375931,1.78735,1.96633,1.96763,2.01108,2.10535,2.1459,2.48736,2.0317,1.96687,2.08611,0.0330697,1.79055,1.90331,1.97642,2.01279,2.1459,2.27152,2.48967,3.29596,2.66339,2.86102,0.086005,1.88856,2.35205,2.49634,2.88143,3.29596,3.36382,3.50723,3.19773,3.41993,2.72357,0.103236,1.20427,1.88856,2.42255,2.664,3.27372,3.35171,3.55398,3.28169,2.84238,2.89944,0.0388768,2.63979,2.74835,2.80934,2.95489,3.02608,3.0389,3.12659,3.0263,2.98318,2.8815,0.0467552,2.26699,2.66044,2.76052,2.94713,3.02726,3.05432,3.26118,-9999,-9999
200012,1.54,0.872984,0.766,0.99,0.88172,2.86,1.228,0.858423,0.517,-0.193,1.302,1.721,1.535,1.157,0.872984,0.406,1.102,0.88172,2.437,1.32,0.858423,118.249,53.413,0.872984,45.754,51.207,0.872984,258.449,0.872984,257.559,258.828,0.872984,258.836,0.870296,261.764,258.149,0.870296,2.084,0.872312,2.325,2.053,0.872312,89.1,89.1,0.0,1.849,1.581,1.0,1.269,1.693,0.831989,0.435779167905,0.612903225806,-9.6744174329,0.844086021505,101.4802282,0.845430107527,7.08809029008,0.846102150538,310.813144472,0.846102150538,360.338,0.872312,-0.317,0.246,-9999,0.301075,0.301075,-9999,-9999,1.0,20.0778,0.872312,-9999,0.654228,-8.5448,0.872312,-9999,0.969712,-9999,-9999,30.1935,17.8065,30.1613,17.7742,-0.406852,-0.417037,0.855511,0.855511,0.0546398,0.0544206,0.134743,0.0964428,-0.416478,-0.416478,0.855511,0.855511,0.054312,0.054312,0.13461,0.0963816,-0.359733,-0.39127,0.852554,0.852436,0.01926,0.0151815,-0.513154,-0.486028,-0.416478,-0.393449,-0.348432,-0.239694,-0.0842473,-0.514508,-0.507675,-0.417153,-0.406852,-0.366056,-0.348432,-0.240323,0.864919,0.866263,0.855511,0.855511,0.87164,0.839382,0.827957,0.864919,0.864919,0.861559,0.855511,0.858199,0.87164,0.83871,0.513654,0.511184,1.27991,1.28022,0.878495,0.878495,0.0522805,0.0518084,0.126366,0.0858449,-1.91706,-1.93912,2.61859,2.63485,0.816993,0.816993,0.110879,0.110789,0.227651,0.223473,0.511572,0.511572,1.2801,1.2801,0.878495,0.878495,0.0515904,0.0515904,0.126082,0.0857135,-1.93833,-1.93833,2.63624,2.63624,0.816993,0.816993,0.110722,0.110722,0.227575,0.22344,0.511572,0.513654,0.562527,0.590836,0.648834,0.743742,1.10081,0.511572,0.513585,0.513654,0.576363,0.630595,0.650482,0.753604,0.878495,0.878495,0.878495,0.88172,0.88172,0.872043,0.865591,0.878495,0.878495,0.878495,0.878495,0.878495,0.88172,0.872043,-2.42933,-2.29503,-2.17737,-1.94653,-1.92831,-1.89738,-1.83981,-2.30589,-2.30522,-2.02942,-1.94967,-1.93314,-1.91706,-1.87773,0.7393,0.836918,0.842294,0.814991,0.742568,0.783997,0.789585,0.836918,0.836918,0.854839,0.814991,0.816993,0.816993,0.81109,0.675292,0.671561,0.739137,0.0304261,0.668262,0.671371,0.671829,0.676617,0.735986,0.785105,0.866641,0.680917,0.671561,0.756656,0.0278053,0.665176,0.670844,0.672739,0.679714,0.772194,0.81017,0.990302,1.07057,1.08804,1.13041,0.0330871,0.979224,1.04135,1.07057,1.0909,1.11877,1.18203,1.18809,1.08114,1.08804,1.11639,0.0231604,0.949507,1.02166,1.0517,1.08998,1.13305,1.1781,1.18809,1.44504,1.39482,1.50926,0.0450902,1.22196,1.34774,1.38183,1.3995,1.58364,1.7193,2.19078,1.5808,1.39482,1.49558,0.0594874,0.794904,1.19928,1.34774,1.3995,1.60242,1.96793,2.1896,1.36614,1.25071,1.31753,0.0294871,0.869945,1.23929,1.24582,1.32932,1.39117,1.41876,1.63339,1.35149,1.25071,1.34513,0.045986,0.804141,1.19422,1.23752,1.30416,1.40979,1.60994,1.66306,-9999,-9999
200101,-1.531,1.0,-2.075,0.922,1.0,-0.698,1.103,1.0,-0.449,-1.052,1.263,0.478,1.202,-1.531,1.0,-2.075,0.922,1.0,-0.698,1.103,1.0,135.67,48.433,1.0,46.556,48.433,1.0,275.392,1.0,262.212,275.392,1.0,253.714,1.0,266.825,253.714,1.0,0.816,1.0,2.332,0.816,1.0,89.075,89.075,0.0,3.542,3.561,1.0,1.52,1.912,0.962366,0.446066070167,0.684811827957,18.027866412,0.997311827957,75.8653879234,1.0,6.99092731242,1.0,299.804323925,1.0,358.608,1.0,-1.219,-1.219,-9999,1.0,1.0,-9999,-9999,1.0,24.3012,1.0,-9999,0.633609,-4.43508,1.0,-9999,0.909,-9999,-9999,29.1613,18.8387,29.1613,18.8387,-0.0593507,-0.0798674,0.982527,0.982527,0.046838,0.0471318,0.0895649,0.0864215,-0.0713662,-0.0713662,0.982527,0.982527,0.0471394,0.0471394,0.0897229,0.0864257,-0.0822292,-0.0826872,0.979335,0.979251,0.0154442,0.0153574,-0.277181,-0.166111,-0.138959,-0.0692037,-0.0201541,-0.0134279,0.0701979,-0.274874,-0.158304,-0.144101,-0.0690668,-0.0240246,-0.0134279,0.07082,0.962366,0.974462,0.982527,0.982527,0.99664,0.992608,0.999328,0.962366,0.97379,0.982527,0.982527,0.99664,0.992608,0.999328,0.650456,0.630496,0.709328,0.712502,1.0,1.0,0.0517623,0.0517744,0.0658756,0.066029,-1.13338,-1.15278,1.70858,1.71411,0.955103,0.955103,0.0824952,0.0834798,0.246575,0.242999,0.630496,0.630496,0.712502,0.712502,1.0,1.0,0.0519871,0.0519871,0.0660524,0.0661959,-1.13293,-1.13293,1.72049,1.72049,0.955103,0.955103,0.0831886,0.0831886,0.246808,0.242899,0.54678,0.565438,0.57451,0.630496,0.639029,0.646931,0.667245,0.541173,0.565438,0.57451,0.630496,0.639184,0.647395,0.666357,1.0,1.0,1.0,1.0,1.0,1.0,1.0,1.0,1.0,1.0,1.0,1.0,1.0,1.0,-1.69688,-1.41026,-1.24545,-1.13338,-0.986788,-0.945527,-0.712565,-1.69439,-1.40195,-1.24648,-1.13338,-0.986449,-0.945527,-0.710966,0.894831,0.934343,0.955008,0.955103,0.979532,0.986418,0.998302,0.894831,0.93255,0.955008,0.955103,0.979532,0.986418,0.998302,0.482052,0.471718,0.526132,0.019837,0.437573,0.471721,0.478263,0.495198,0.501225,0.570043,0.602802,0.482052,0.471718,0.526132,0.019837,0.437573,0.471721,0.478263,0.495198,0.501225,0.570043,0.602802,0.535768,0.543084,0.60882,0.0273184,0.414581,0.498617,0.509883,0.547095,0.600766,0.762559,0.900074,0.499498,0.543084,0.608362,0.0271521,0.414581,0.499498,0.509483,0.547232,0.597965,0.768913,0.901208,0.544556,0.403463,0.489422,0.0475832,0.198854,0.275422,0.283658,0.349739,0.579555,0.715097,1.10758,0.544556,0.403463,0.489422,0.0475832,0.198854,0.275422,0.283658,0.349739,0.579555,0.715097,1.10758,0.874505,0.931493,0.643104,0.0442858,0.128783,0.255865,0.447066,0.68078,0.894556,0.916523,0.931493,0.549414,0.931493,0.643104,0.0442858,0.128783,0.255865,0.447066,0.68078,0.894556,0.916523,0.931493,-9999,-9999
200102,0.039,0.748512,-1.098,1.201,0.762755,1.462,1.87,0.728571,0.787,-0.578,1.512,2.503,1.942,0.772,0.748512,-0.44,1.305,0.762755,2.3,1.953,0.728571,198.97,115.465,0.750744,107.328,112.746,0.750744,233.461,0.748512,246.502,238.491,0.748512,230.717,0.747768,249.739,242.006,0.747768,3.242,0.747768,3.075,3.211,0.747768,89.247,89.247,0.0,0.677,1.521,1.0,1.863,1.927,0.970982,0.483095676345,0.75818452381,20.6078057849,0.6875,235.2608645,0.714285714286,11.8534175614,0.714285714286,309.925440625,0.714285714286,357.892,0.747768,-1.013,-1.013,-9999,0.748512,0.748512,-9999,-9999,1.0,19.903,0.747768,-9999,0.532034,29.4062,0.973958,-9999,1.23236,-9999,-9999,26.8214,21.1786,26.8214,21.1786,-0.938791,-0.918793,0.741815,0.741815,0.0424283,0.0430438,0.117247,0.117471,-0.917173,-0.917173,0.741815,0.741815,0.0430777,0.0430777,0.117483,0.117483,-0.924851,-0.924851,0.740532,0.740532,0.0192877,0.0192877,-1.15627,-1.07883,-0.999125,-0.923602,-0.905678,-0.860224,-0.66714,-1.15627,-1.07883,-0.999125,-0.923602,-0.905678,-0.860224,-0.66714,0.734375,0.712054,0.741815,0.741815,0.741815,0.744048,0.747024,0.734375,0.712054,0.741815,0.741815,0.741815,0.744048,0.747024,0.748373,0.748373,0.418098,0.418098,0.762755,0.762755,0.0297529,0.029816,0.0397959,0.0398432,-2.94692,-2.90348,2.88028,2.89237,0.712585,0.712585,0.0846587,0.0860931,0.241862,0.242367,0.748373,0.748373,0.418098,0.418098,0.762755,0.762755,0.0300479,0.0300479,0.040017,0.040017,-2.9,-2.9,2.89198,2.89198,0.712585,0.712585,0.0860445,0.0860445,0.24235,0.24235,0.716519,0.722875,0.736598,0.748332,0.754145,0.775733,0.843474,0.716519,0.722875,0.736598,0.748332,0.754145,0.775733,0.843474,0.762755,0.762755,0.762755,0.762755,0.762755,0.762755,0.762755,0.762755,0.762755,0.762755,0.762755,0.762755,0.762755,0.762755,-3.39555,-3.26192,-3.04607,-2.90348,-2.84586,-2.8088,-2.47216,-3.39555,-3.26192,-3.04607,-2.90348,-2.84586,-2.8088,-2.47216,0.695292,0.666164,0.710799,0.712585,0.712585,0.717942,0.725,0.695292,0.666164,0.710799,0.712585,0.712585,0.717942,0.725,1.05474,1.07168,1.04774,0.0126719,0.885708,0.917063,1.02708,1.07113,1.08484,1.11552,1.14281,1.05474,1.07168,1.04774,0.0126719,0.885708,0.917063,1.02708,1.07113,1.08484,1.11552,1.14281,1.98338,1.98885,1.97259,0.0121211,1.78077,1.88483,1.93276,1.98784,2.0209,2.05411,2.07197,1.97995,1.98885,1.97259,0.0121211,1.78077,1.88483,1.93276,1.98784,2.0209,2.05411,2.07197,1.79774,1.91433,1.91306,0.125103,0.276791,1.16513,1.53161,1.90833,2.49215,2.68177,2.80623,1.79774,1.91433,1.91306,0.125103,0.276791,1.16513,1.53161,1.90833,2.49215,2.68177,2.80623,2.67543,1.81353,1.87651,0.127978,0.154506,1.36154,1.63064,1.81018,2.48736,2.70226,2.91821,1.84516,1.81353,1.87651,0.127978,0.154506,1.36154,1.63064,1.81018,2.48736,2.70226,2.91821,-9999,-9999
200103,3.622,0.836022,2.636,0.927,0.84432,4.566,1.597,0.828387,4.135,2.876,1.349,5.352,2.125,3.425,0.836022,2.528,0.912,0.84432,4.293,1.531,0.828387,289.98,108.867,0.834005,124.876,105.329,0.834005,291.525,0.836022,282.353,292.871,0.836022,286.91,0.826613,288.731,288.466,0.826613,1.361,0.829973,2.987,1.526,0.829973,88.542,88.542,0.0,4.883,8.123,1.0,1.774,1.936,0.822581,0.455014428231,0.647849462366,46.4466822548,0.795698924731,221.008448084,0.825268817204,8.56537144716,0.825268817204,321.768441964,0.825268817204,353.022,0.927419,-0.074,-0.074,-9999,0.836022,0.836022,-9999,-9999,1.0,37.2654,0.928763,-9999,0.769913,31.4107,0.928091,-9999,1.08264,-9999,-9999,23.6129,24.3871,23.6129,24.3871,-2.62214,-2.79616,0.875672,0.875672,0.103513,0.106079,0.182759,0.184224,-2.7953,-2.7953,0.875672,0.875672,0.105933,0.105933,0.184141,0.184141,-2.84491,-2.84491,0.870985,0.870985,0.0275219,0.0275219,-3.17342,-2.9857,-2.93328,-2.81752,-2.73966,-2.68447,-2.62214,-3.17342,-2.9857,-2.93328,-2.81752,-2.73966,-2.68447,-2.62214,0.795699,0.844758,0.840726,0.87836,0.86828,0.870296,0.875672,0.795699,0.844758,0.840726,0.87836,0.86828,0.870296,0.875672,1.17949,0.899249,1.45329,1.53704,0.867589,0.867589,0.123584,0.129536,0.366022,0.368074,-6.01326,-6.06763,5.55073,5.51175,0.882468,0.882468,0.155653,0.157322,0.205811,0.207076,0.899249,0.899249,1.53704,1.53704,0.867589,0.867589,0.129268,0.129268,0.36798,0.36798,-6.06591,-6.06591,5.51218,5.51218,0.882468,0.882468,0.157176,0.157176,0.206965,0.206965,-0.215726,0.257662,0.762173,0.870092,0.899249,0.946717,1.17949,-0.215726,0.257662,0.762173,0.870092,0.899249,0.946717,1.17949,0.853117,0.861915,0.869055,0.871988,0.867589,0.867589,0.867589,0.853117,0.861915,0.869055,0.871988,0.867589,0.867589,0.867589,-6.21456,-6.17824,-6.1058,-6.03642,-5.94974,-5.90894,-5.73805,-6.21456,-6.17824,-6.1058,-6.03642,-5.94974,-5.90894,-5.73805,0.889962,0.888672,0.849212,0.886191,0.916179,0.872088,0.73898,0.889962,0.888672,0.849212,0.886191,0.916179,0.872088,0.73898,1.62099,1.72369,1.46414,0.088507,0.0360543,0.489229,1.51242,1.68221,1.74223,1.89741,1.92625,1.62099,1.72369,1.46414,0.088507,0.0360543,0.489229,1.51242,1.68221,1.74223,1.89741,1.92625,4.49011,4.51899,4.30905,0.0660761,3.38484,3.62792,4.4002,4.50346,4.5425,4.54839,4.57698,4.54612,4.51899,4.30905,0.0660761,3.38484,3.62792,4.4002,4.50346,4.5425,4.54839,4.57698,4.17282,4.45037,3.75792,0.122296,1.99856,2.54871,3.1479,4.14247,4.31541,4.4174,4.45963,4.17282,4.45037,3.75792,0.122296,1.99856,2.54871,3.1479,4.14247,4.31541,4.4174,4.45963,5.45972,5.55721,5.10777,0.0776898,4.1318,4.59765,4.72683,5.35218,5.48745,5.543,5.56021,4.80847,5.55721,5.10777,0.0776898,4.1318,4.59765,4.72683,5.35218,5.48745,5.543,5.56021,-9999,-9999
200104,2.973,0.865972,1.471,1.071,0.874603,4.07,2.074,0.859259,5.271,3.776,1.494,6.358,2.321,3.495,0.865972,1.884,1.262,0.874603,4.68,2.263,0.859259,384.099,173.724,0.861111,199.606,177.749,0.861111,269.759,0.865972,276.773,270.917,0.865972,267.126,0.859028,282.662,268.717,0.859028,2.458,0.865278,3.868,2.87,0.865278,88.863,88.863,0.0,4.532,3.913,1.0,2.062,2.087,0.904167,0.507185896217,0.754166666667,42.0389646385,0.752777777778,354.778417095,0.851388888889,14.8037065095,0.854166666667,320.438677083,0.854166666667,347.015,0.989583,0.502,0.502,-9999,0.865278,0.865278,-9999,-9999,1.0,45.8481,0.964583,-9999,0.900493,54.5197,0.963194,-9999,1.1819,-9999,-9999,20.2667,27.7333,20.2667,27.7,-4.06107,-4.05993,0.928472,0.928472,0.0889813,0.0888464,0.132665,0.132574,-4.05973,-4.05973,0.928472,0.928472,0.0888308,0.0888308,0.132564,0.132564,-4.07119,-4.07119,0.924948,0.924948,0.0173705,0.0173705,-4.33086,-4.18269,-4.1449,-4.05834,-4.00278,-3.98589,-3.92856,-4.33086,-4.18269,-4.1449,-4.05834,-4.00278,-3.98589,-3.92856,0.894444,0.913194,0.924306,0.927778,0.94375,0.93125,0.952778,0.894444,0.913194,0.924306,0.927778,0.94375,0.93125,0.952778,1.31014,1.31014,1.66496,1.66496,0.898196,0.898196,0.12107,0.12107,0.228634,0.228634,-7.71222,-7.71044,6.02992,6.02702,0.953067,0.953067,0.119166,0.118886,0.134447,0.134198,1.31014,1.31014,1.66496,1.66496,0.898196,0.898196,0.121037,0.121037,0.228617,0.228617,-7.71012,-7.71012,6.02722,6.02722,0.953067,0.953067,0.118871,0.118871,0.134186,0.134186,0.948372,1.08108,1.18443,1.31044,1.45201,1.46897,1.46973,0.948372,1.08108,1.18443,1.31044,1.45201,1.46897,1.46973,0.879365,0.888817,0.849123,0.898196,0.901299,0.907504,0.905988,0.879365,0.888817,0.849123,0.898196,0.901299,0.907504,0.905988,-7.89945,-7.80797,-7.75839,-7.7146,-7.69805,-7.68346,-7.60425,-7.89945,-7.80797,-7.75839,-7.7146,-7.69805,-7.68346,-7.60425,0.907897,0.948299,0.932267,0.951917,0.960474,0.960474,0.988974,0.907897,0.948299,0.932267,0.951917,0.960474,0.960474,0.988974,1.49534,1.45505,1.44699,0.0162557,1.16648,1.32422,1.43268,1.49192,1.49831,1.50387,1.57079,1.49534,1.45505,1.44699,0.0162557,1.16648,1.32422,1.43268,1.49192,1.49831,1.50387,1.57079,5.4842,5.51478,5.51818,0.0110527,5.40794,5.45284,5.48411,5.51612,5.5394,5.5577,5.64877,5.50231,5.51478,5.51818,0.0110527,5.40794,5.45284,5.48411,5.51612,5.5394,5.5577,5.64877,3.32817,2.7945,3.33702,0.144363,1.96598,2.47346,2.80269,3.13131,3.76628,4.0713,5.26897,3.32817,2.7945,3.33702,0.144363,1.96598,2.47346,2.80269,3.13131,3.76628,4.0713,5.26897,6.64402,6.3906,6.60174,0.0609041,5.98244,6.22031,6.38933,6.59292,6.76722,6.93692,7.32563,7.32563,6.3906,6.60174,0.0609041,5.98244,6.22031,6.38933,6.59292,6.76722,6.93692,7.32563,-9999,-9999
200105,11.337,0.854167,9.658,0.772,0.870968,12.304,2.225,0.844953,11.557,9.507,1.569,12.746,2.284,11.47,0.854167,9.734,0.941,0.870968,12.469,2.266,0.844953,454.404,211.713,0.847446,252.922,222.327,0.847446,316.313,0.854167,305.923,311.497,0.854167,329.413,0.846102,314.366,324.315,0.846102,4.609,0.853495,5.334,5.166,0.853495,89.398,89.398,0.0,3.187,3.903,1.0,1.759,1.989,0.982527,0.475739981737,0.782930107527,120.78958159,0.807795698925,445.963398498,0.836693548387,18.7678952582,0.838037634409,362.634284898,0.838037634409,340.201,0.979167,6.296,6.296,-9999,0.853495,0.853495,-9999,-9999,1.0,71.8862,0.984543,-9999,0.911131,81.7123,0.984543,-9999,1.28209,-9999,-9999,17.6129,30.3871,17.6129,30.3871,-5.03995,-5.00849,0.943548,0.943548,0.115584,0.116867,0.28003,0.280562,-4.9993,-4.9993,0.944892,0.944892,0.116918,0.116918,0.280584,0.280584,-5.19166,-5.19166,0.936694,0.936694,0.0575862,0.0575862,-5.99251,-5.51035,-5.25785,-5.04051,-5.01129,-5.00023,-4.89327,-5.99251,-5.51035,-5.25785,-5.04051,-5.01129,-5.00023,-4.89327,0.886425,0.915995,0.936828,0.952957,0.952285,0.944892,0.959005,0.886425,0.915995,0.936828,0.952957,0.952285,0.944892,0.959005,4.45064,4.4601,2.11564,2.10592,0.928093,0.928093,0.177171,0.179251,0.403644,0.404562,-10.2382,-10.1956,9.57633,9.58106,0.951673,0.951673,0.142862,0.144401,0.29227,0.293025,4.47905,4.47905,2.08802,2.08802,0.931889,0.931889,0.179498,0.179498,0.404671,0.404671,-10.1921,-10.1921,9.58359,9.58359,0.951673,0.951673,0.144394,0.144394,0.293021,0.293021,3.33188,3.73473,4.05084,4.23011,4.43207,4.4601,4.48365,3.33188,3.73473,4.05084,4.23011,4.43207,4.4601,4.48365,0.896834,0.900829,0.946869,0.920304,0.931889,0.928093,0.928093,0.896834,0.900829,0.946869,0.920304,0.931889,0.928093,0.928093,-11.4928,-10.5587,-10.3768,-10.2093,-10.1152,-10.0488,-9.81074,-11.4928,-10.5587,-10.3768,-10.2093,-10.1152,-10.0488,-9.81074,0.888319,0.923979,0.945182,0.953826,0.955979,0.955979,0.965483,0.888319,0.923979,0.945182,0.953826,0.955979,0.955979,0.965483,4.60025,4.69751,4.6276,0.0510606,4.27813,4.31963,4.42581,4.64058,4.68832,4.72071,4.85331,4.60025,4.69751,4.6276,0.0510606,4.27813,4.31963,4.42581,4.64058,4.68832,4.72071,4.85331,9.72199,9.69681,9.81927,0.0907098,9.44279,9.49392,9.5535,9.69751,9.78156,9.80068,10.8139,9.64633,9.69681,9.81927,0.0907098,9.44279,9.49392,9.5535,9.69751,9.78156,9.80068,10.8139,5.72182,5.89431,5.85926,0.101372,4.90902,5.20117,5.46282,5.76669,6.14992,6.41035,6.89219,5.72182,5.89431,5.85926,0.101372,4.90902,5.20117,5.46282,5.76669,6.14992,6.41035,6.89219,11.1962,11.4015,11.2778,0.0940507,10.0938,10.5279,10.848,11.3058,11.4212,11.9853,12.297,10.7998,11.4015,11.2778,0.0940507,10.0938,10.5279,10.848,11.3058,11.4212,11.9853,12.297,-9999,-9999
200106,12.321,1.0,10.18,1.0,1.0,13.413,2.43,1.0,12.616,10.656,1.611,13.626,2.262,12.321,1.0,10.18,1.0,1.0,13.413,2.43,1.0,485.676,284.954,1.0,262.402,284.954,1.0,305.266,1.0,311.334,305.266,1.0,313.741,1.0,320.252,313.741,1.0,6.124,1.0,6.071,6.124,1.0,89.402,89.402,0.0,5.664,2.393,1.0,1.898,2.208,0.999306,0.566496044651,0.878472222222,196.048186028,1.0,548.3804184,1.0,26.363054,1.0,367.696739583,1.0,335.965,1.0,8.749,8.749,-9999,1.0,1.0,-9999,-9999,1.0,66.3661,0.999306,-9999,0.801808,115.954,0.998611,-9999,1.59724,-9999,-9999,16.3333,31.6667,16.3333,31.6667,-5.78846,-5.76481,0.995139,0.995139,0.129353,0.129905,0.223077,0.223397,-5.76481,-5.76481,0.995139,0.995139,0.129905,0.129905,0.223397,0.223397,-5.79249,-5.79249,0.99283,0.99283,0.0400504,0.0400504,-6.36397,-5.97218,-5.87973,-5.76481,-5.63022,-5.60869,-5.4105,-6.36397,-5.97218,-5.87973,-5.76481,-5.63022,-5.60869,-5.4105,0.984722,0.993056,0.99375,0.995139,0.995139,0.995139,0.997917,0.984722,0.993056,0.99375,0.995139,0.995139,0.995139,0.997917,3.99901,4.04978,1.27655,1.28702,1.0,1.0,0.129652,0.131903,0.191366,0.192899,-10.5189,-10.5098,9.54087,9.55471,0.992603,0.992603,0.176714,0.177134,0.288558,0.288815,4.04978,4.04978,1.28702,1.28702,1.0,1.0,0.131903,0.131903,0.192899,0.192899,-10.5098,-10.5098,9.55471,9.55471,0.992603,0.992603,0.177134,0.177134,0.288815,0.288815,3.89092,3.93215,3.99392,4.07547,4.18961,4.21366,4.30364,3.89092,3.93215,3.99392,4.07547,4.18961,4.21366,4.30364,1.0,1.0,0.903431,1.0,1.0,1.0,1.0,1.0,1.0,0.903431,1.0,1.0,1.0,1.0,-11.4039,-10.8635,-10.6005,-10.5098,-10.4287,-10.4072,-10.0648,-11.4039,-10.8635,-10.6005,-10.5098,-10.4287,-10.4072,-10.0648,0.976476,0.989445,0.99052,0.992603,0.992603,0.992603,0.996839,0.976476,0.989445,0.99052,0.992603,0.992603,0.992603,0.996839,4.65432,4.55211,4.52426,0.0351803,4.13985,4.25792,4.32838,4.57661,4.71091,4.75278,4.77771,4.65432,4.55211,4.52426,0.0351803,4.13985,4.25792,4.32838,4.57661,4.71091,4.75278,4.77771,10.4063,10.3169,10.3167,0.0273804,10.0296,10.1513,10.164,10.3307,10.3574,10.3963,10.5911,10.355,10.3169,10.3167,0.0273804,10.0296,10.1513,10.164,10.3307,10.3574,10.3963,10.5911,5.44712,5.28293,5.52368,0.0563955,5.04336,5.13733,5.26644,5.42556,5.75853,5.99299,6.17498,5.44712,5.28293,5.52368,0.0563955,5.04336,5.13733,5.26644,5.42556,5.75853,5.99299,6.17498,11.2077,11.2503,11.4549,0.06382,10.9391,11.1277,11.1947,11.3005,11.6167,11.8683,12.2078,11.6167,11.2503,11.4549,0.06382,10.9391,11.1277,11.1947,11.3005,11.6167,11.8683,12.2078,-9999,-9999
200107,14.915,0.776882,13.069,0.888,0.791271,15.897,2.227,0.768991,14.8,13.018,1.411,15.754,2.033,14.952,0.776882,12.976,1.117,0.791271,16.007,2.216,0.768991,470.611,245.338,0.778226,245.127,250.954,0.778226,327.212,0.776882,330.809,330.281,0.776882,348.248,0.77621,341.434,347.228,0.77621,6.626,0.77621,5.876,6.232,0.77621,89.455,89.455,0.0,5.838,3.665,1.0,1.683,1.938,0.743952,0.538802274182,0.644489247312,178.357632749,0.764112903226,478.656916184,0.760752688172,21.9668528538,0.764784946237,379.550875102,0.764784946237,333.91,0.77621,10.51,10.51,9.008,0.776882,0.776882,0.776882,-9999,1.0,58.9057,0.77621,-9999,0.970889,105.576,0.77621,-9999,1.46714,-9999,-9999,16.7419,31.2581,16.7419,31.2581,-4.9756,-4.91847,0.77621,0.77621,0.123251,0.126919,0.420911,0.421999,-4.91847,-4.91847,0.77621,0.77621,0.126919,0.126919,0.421999,0.421999,-5.14095,-5.14095,0.77416,0.77416,0.0802334,0.0802334,-6.45994,-5.69193,-5.09422,-4.95615,-4.91209,-4.88701,-4.85034,-6.45994,-5.69193,-5.09422,-4.95615,-4.91209,-4.88701,-4.85034,0.748656,0.775538,0.775538,0.77621,0.77621,0.77621,0.77621,0.748656,0.775538,0.775538,0.77621,0.77621,0.77621,0.77621,5.21382,5.27105,2.23248,2.23177,0.791271,0.791271,0.186251,0.196149,0.369391,0.374479,-10.1185,-10.0638,9.28668,9.33415,0.76795,0.76795,0.152685,0.15568,0.379782,0.380996,5.27105,5.27105,2.23177,2.23177,0.791271,0.791271,0.196149,0.196149,0.374479,0.374479,-10.0638,-10.0638,9.33415,9.33415,0.76795,0.76795,0.15568,0.15568,0.380996,0.380996,4.044,4.59621,4.87697,5.09286,5.18928,5.2342,5.24331,4.044,4.59621,4.87697,5.09286,5.18928,5.2342,5.24331,0.745731,0.781784,0.791271,0.791271,0.791271,0.791271,0.791271,0.745731,0.781784,0.791271,0.791271,0.791271,0.791271,0.791271,-11.6852,-10.646,-10.1233,-10.065,-9.96915,-9.95051,-9.77206,-11.6852,-10.646,-10.1233,-10.065,-9.96915,-9.95051,-9.77206,0.750293,0.766909,0.76795,0.76795,0.76795,0.76795,0.76795,0.750293,0.766909,0.76795,0.76795,0.76795,0.76795,0.76795,7.36758,8.13581,7.13332,0.160535,4.90252,5.65956,6.73011,7.43776,7.78193,8.11637,8.13581,7.36758,8.13581,7.13332,0.160535,4.90252,5.65956,6.73011,7.43776,7.78193,8.11637,8.13581,12.3841,13.0543,12.2743,0.108628,11.0367,11.4714,11.6115,12.3738,12.8343,13.0597,13.1114,12.33,13.0543,12.2743,0.108628,11.0367,11.4714,11.6115,12.3738,12.8343,13.0597,13.1114,4.47745,5.00814,4.98346,0.0499242,4.38971,4.71213,4.78805,5.00814,5.10141,5.22901,5.49734,4.47745,5.00814,4.98346,0.0499242,4.38971,4.71213,4.78805,5.00814,5.10141,5.22901,5.49734,10.6394,10.7451,10.8197,0.0496316,10.2029,10.4728,10.6976,10.807,10.9115,11.1112,11.3398,10.2029,10.7451,10.8197,0.0496316,10.2029,10.4728,10.6976,10.807,10.9115,11.1112,11.3398,-9999,-9999
200108,16.568,0.805108,14.544,0.81,0.815412,17.906,2.277,0.798925,15.857,14.196,1.422,16.955,2.195,16.676,0.805108,14.817,0.936,0.815412,17.914,2.301,0.798925,412.882,239.311,0.806452,229.393,235.808,0.806452,328.864,0.805108,333.756,329.641,0.805108,352.264,0.804435,344.64,352.555,0.804435,8.168,0.804435,6.668,8.33,0.804435,89.642,89.642,0.0,4.902,3.852,1.0,1.617,1.925,0.791667,0.489495550282,0.610215053763,155.541178205,0.793682795699,454.749718912,0.793682795699,20.2826269689,0.79435483871,389.308178167,0.79435483871,339.468,0.804435,11.876,11.876,10.478,0.805108,0.805108,0.805108,-9999,1.0,63.6457,0.804435,-9999,0.928052,92.8243,0.804435,-9999,1.25869,-9999,-9999,19.129,28.871,19.129,28.871,-3.79528,-3.79717,0.801075,0.801075,0.119114,0.119017,0.46437,0.464345,-3.80559,-3.80559,0.801075,0.801075,0.118904,0.118904,0.464317,0.464317,-3.91653,-3.91653,0.797211,0.797211,0.0775261,0.0775261,-5.28719,-4.45668,-3.95591,-3.76903,-3.61041,-3.55901,-3.48509,-5.28719,-4.45668,-3.95591,-3.76903,-3.61041,-3.55901,-3.48509,0.769489,0.790995,0.796371,0.800403,0.801747,0.801075,0.804435,0.769489,0.790995,0.796371,0.800403,0.801747,0.801075,0.804435,4.74803,4.74762,1.94477,1.94583,0.815412,0.815412,0.160379,0.159692,0.557172,0.556975,-9.1388,-9.14211,8.25782,8.28199,0.791958,0.791958,0.158514,0.158632,0.407529,0.407575,4.73013,4.73013,1.94959,1.94959,0.815412,0.815412,0.159208,0.159208,0.556837,0.556837,-9.14405,-9.14405,8.27958,8.27958,0.791958,0.791958,0.158628,0.158628,0.407574,0.407574,2.79798,3.96704,4.62549,4.77463,5.00347,5.03422,5.13448,2.79798,3.96704,4.62549,4.77463,5.00347,5.03422,5.13448,0.803952,0.815412,0.815412,0.815412,0.815412,0.815412,0.815412,0.803952,0.815412,0.815412,0.815412,0.815412,0.815412,0.815412,-10.2863,-9.69949,-9.33129,-9.1388,-9.03541,-8.94861,-8.79804,-10.2863,-9.69949,-9.33129,-9.1388,-9.03541,-8.94861,-8.79804,0.746842,0.775108,0.784089,0.791958,0.792041,0.793153,0.797849,0.746842,0.775108,0.784089,0.791958,0.792041,0.793153,0.797849,5.84013,5.39089,5.22632,0.108575,2.9628,4.5819,5.21309,5.4719,5.58374,5.64189,5.75302,5.84013,5.39089,5.22632,0.108575,2.9628,4.5819,5.21309,5.4719,5.58374,5.64189,5.75302,9.2223,9.19649,9.14285,0.0378361,8.24998,9.09195,9.10987,9.17683,9.2223,9.29436,9.39914,9.39914,9.19649,9.14285,0.0378361,8.24998,9.09195,9.10987,9.17683,9.2223,9.29436,9.39914,4.71701,4.97267,4.71014,0.0781065,3.29656,4.08971,4.73088,4.85681,4.91026,5.04025,5.15205,4.71701,4.97267,4.71014,0.0781065,3.29656,4.08971,4.73088,4.85681,4.91026,5.04025,5.15205,9.04648,9.03348,8.88815,0.0666724,7.70077,8.59728,8.83785,8.9779,9.05129,9.14066,9.29625,8.85809,9.03348,8.88815,0.0666724,7.70077,8.59728,8.83785,8.9779,9.05129,9.14066,9.29625,-9999,-9999
200109,8.562,1.0,7.191,1.125,1.0,9.731,1.896,1.0,9.233,8.017,1.364,10.276,2.115,8.562,1.0,7.191,1.125,1.0,9.731,1.896,1.0,327.621,157.243,1.0,152.097,157.243,1.0,297.494,1.0,300.852,297.494,1.0,303.36,1.0,308.852,303.36,1.0,4.249,1.0,4.43,4.249,1.0,89.124,89.124,0.0,5.232,4.653,1.0,1.755,2.029,0.998611,0.462481682981,0.81875,92.6311286409,0.998611111111,290.905658331,0.997222222222,14.0469371354,1.0,347.353434722,1.0,344.306,1.0,7.398,7.398,8.033,1.0,1.0,1.0,-9999,1.0,48.1968,1.0,-9999,0.841363,38.3903,1.0,-9999,1.19728,-9999,-9999,22.1667,25.8333,22.1667,25.8333,-3.88231,-3.8786,0.995139,0.995139,0.0862694,0.0862562,0.145216,0.145208,-3.87904,-3.87904,0.995139,0.995139,0.086304,0.086304,0.145237,0.145237,-3.98522,-3.98522,0.991302,0.991302,0.0425837,0.0425837,-4.44032,-4.08775,-4.00896,-3.91976,-3.88105,-3.85412,-3.80758,-4.44032,-4.08775,-4.00896,-3.91976,-3.88105,-3.85412,-3.80758,0.970833,0.988194,0.996528,0.996528,0.995139,0.995139,0.998611,0.970833,0.988194,0.996528,0.996528,0.995139,0.995139,0.998611,1.99066,1.98808,1.19146,1.18801,1.0,1.0,0.0646535,0.0644024,0.170366,0.170271,-8.67142,-8.66246,7.06941,7.08068,0.991259,0.991259,0.144161,0.144218,0.179296,0.179342,1.98808,1.98808,1.18801,1.18801,1.0,1.0,0.0642991,0.0642991,0.170232,0.170232,-8.66331,-8.66331,7.08101,7.08101,0.991259,0.991259,0.144344,0.144344,0.179443,0.179443,1.16766,1.67827,1.77445,1.90791,1.9716,1.99351,2.00461,1.16766,1.67827,1.77445,1.90791,1.9716,1.99351,2.00461,0.993861,1.0,1.0,1.0,1.0,1.0,1.0,0.993861,1.0,1.0,1.0,1.0,1.0,1.0,-8.96007,-8.83266,-8.75727,-8.67956,-8.65154,-8.61944,-8.36193,-8.96007,-8.83266,-8.75727,-8.67956,-8.65154,-8.61944,-8.36193,0.949998,0.987556,0.987556,0.992494,0.993827,0.993827,0.997531,0.949998,0.987556,0.987556,0.992494,0.993827,0.993827,0.997531,2.26556,2.28617,2.13036,0.0285845,1.68914,1.91232,2.02706,2.2226,2.27936,2.28843,2.3135,2.26556,2.28617,2.13036,0.0285845,1.68914,1.91232,2.02706,2.2226,2.27936,2.28843,2.3135,6.14516,6.16521,6.11557,0.032346,5.82712,5.94971,6.00007,6.14659,6.16908,6.18532,6.24874,6.18532,6.16521,6.11557,0.032346,5.82712,5.94971,6.00007,6.14659,6.16908,6.18532,6.24874,2.29066,2.23738,2.32362,0.0789775,1.81013,1.99571,2.0332,2.16804,2.47171,2.60547,3.11016,2.29066,2.23738,2.32362,0.0789775,1.81013,1.99571,2.0332,2.16804,2.47171,2.60547,3.11016,5.76965,6.1402,6.20036,0.0627105,5.83376,5.96298,5.99337,6.09105,6.21748,6.39739,6.92544,6.11852,6.1402,6.20036,0.0627105,5.83376,5.96298,5.99337,6.09105,6.21748,6.39739,6.92544,-9999,-9999
200110,10.279,0.815188,8.889,0.688,0.822581,11.833,1.897,0.806452,9.181,7.756,1.819,10.784,2.56,10.161,0.815188,8.735,0.967,0.822581,11.759,2.123,0.806452,233.121,125.867,0.81586,122.666,126.292,0.81586,307.031,0.815188,293.897,300.616,0.815188,310.114,0.815188,301.287,310.867,0.815188,4.694,0.815188,3.684,4.745,0.815188,89.898,89.898,0.0,1.24,1.69,1.0,1.323,1.626,0.999328,0.408365662979,0.743279569892,66.4890408887,0.80376344086,246.107010818,0.80376344086,11.0820174448,0.805779569892,358.489463528,0.805779569892,350.791,1.0,7.516,7.516,7.464,0.815188,0.815188,0.815188,-9999,1.0,40.96,0.969758,-9999,0.746634,36.9956,0.971102,-9999,1.05267,-9999,-9999,25.2903,22.7097,25.2903,22.7097,-2.77574,-2.64875,0.908602,0.908602,0.11243,0.112445,0.404438,0.404442,-2.64521,-2.64521,0.908602,0.908602,0.112297,0.112297,0.404401,0.404401,-2.8253,-2.8253,0.908249,0.908249,0.0611068,0.0611068,-3.58236,-3.32057,-3.23447,-2.67404,-2.58181,-2.54357,-2.25487,-3.58236,-3.32057,-3.23447,-2.67404,-2.58181,-2.54357,-2.25487,0.872984,0.884409,0.892473,0.908602,0.929435,0.928763,0.947581,0.872984,0.884409,0.892473,0.908602,0.929435,0.928763,0.947581,2.30975,2.46317,1.11631,1.18325,0.891968,0.891968,0.0845566,0.0860303,0.320495,0.320887,-8.1602,-8.06458,7.03835,7.05173,0.92913,0.92913,0.20874,0.208025,0.529984,0.529703,2.4701,2.4701,1.18583,1.18583,0.891968,0.891968,0.0852359,0.0852359,0.320675,0.320675,-8.06372,-8.06372,7.05929,7.05929,0.92913,0.92913,0.2081,0.2081,0.529732,0.529732,1.8385,1.9199,1.99337,2.43505,2.5119,2.53818,2.56921,1.8385,1.9199,1.99337,2.43505,2.5119,2.53818,2.56921,0.885764,0.889486,0.889486,0.899412,0.900653,0.905523,0.915265,0.885764,0.889486,0.889486,0.899412,0.900653,0.905523,0.915265,-9.39364,-8.89827,-8.57787,-8.096,-8.00128,-7.92398,-7.36306,-9.39364,-8.89827,-8.57787,-8.096,-8.00128,-7.92398,-7.36306,0.872155,0.887917,0.91733,0.942466,0.958595,0.954196,0.983592,0.872155,0.887917,0.91733,0.942466,0.958595,0.954196,0.983592,2.53584,2.54359,2.34608,0.0304581,2.00253,2.10833,2.15677,2.39967,2.49772,2.53795,2.54391,2.53584,2.54359,2.34608,0.0304581,2.00253,2.10833,2.15677,2.39967,2.49772,2.53795,2.54391,5.15325,5.1888,5.17137,0.0469322,4.68948,4.85667,4.96212,5.17758,5.22564,5.3497,5.73557,5.22564,5.1888,5.17137,0.0469322,4.68948,4.85667,4.96212,5.17758,5.22564,5.3497,5.73557,5.22073,3.35674,3.83141,0.148789,2.30409,2.91473,3.27417,3.76931,4.34612,4.59611,5.30484,5.22073,3.35674,3.83141,0.148789,2.30409,2.91473,3.27417,3.76931,4.34612,4.59611,5.30484,5.52228,4.75407,5.50876,0.114597,4.72124,4.82282,4.87044,5.32343,5.89943,6.05094,6.68153,5.66663,4.75407,5.50876,0.114597,4.72124,4.82282,4.87044,5.32343,5.89943,6.05094,6.68153,-9999,-9999
200111,3.554,0.405556,2.221,1.368,0.417778,5.474,2.308,0.387037,2.176,1.195,1.478,3.59,1.821,2.533,0.405556,1.59,1.459,0.417778,3.904,1.828,0.387037,155.033,91.853,0.407639,77.234,80.303,0.407639,240.842,0.405556,256.441,252.66,0.405556,244.795,0.404861,260.549,259.648,0.404861,4.417,0.404861,3.256,3.306,0.404861,89.425,89.425,0.0,0.874,0.987,1.0,1.87,2.01,0.861806,0.449592559387,0.588194444444,-9999,-9999,-9999,-9999,-9999,-9999,-9999,-9999,351.383,0.845833,2.74,2.74,4.879,0.405556,0.405556,0.405556,-9999,1.0,20.2288,0.796528,-9999,0.475681,11.9598,0.799306,-9999,1.15093,-9999,-9999,28.4333,19.5667,28.2,19.4667,-0.92381,-0.886149,0.6375,0.639583,0.0670272,0.0671427,0.147115,0.147167,-0.886149,-0.886149,0.639583,0.639583,0.0677842,0.0677842,0.147461,0.147461,-0.953475,-0.953475,0.63309,0.63309,0.0193872,0.0193872,-1.29207,-1.11474,-0.952263,-0.921562,-0.872062,-0.852821,-0.851129,-1.29207,-1.11474,-0.952263,-0.921562,-0.872062,-0.852821,-0.851129,0.54375,0.428472,0.635417,0.610417,0.666667,0.641667,0.656944,0.54375,0.428472,0.635417,0.610417,0.666667,0.641667,0.656944,1.05706,1.08554,1.54095,1.55259,0.599347,0.602919,0.0639889,0.0642629,0.125711,0.12585,-3.69144,-3.64173,3.47699,3.55702,0.687505,0.687505,0.128006,0.128138,0.205028,0.205111,1.08554,1.08554,1.55259,1.55259,0.602919,0.602919,0.0660783,0.0660783,0.126787,0.126787,-3.64173,-3.64173,3.55702,3.55702,0.687505,0.687505,0.128138,0.128138,0.205111,0.205111,0.870326,0.911279,0.981001,1.06909,1.11868,1.12769,1.13096,0.870326,0.911279,0.981001,1.06909,1.11868,1.12769,1.13096,0.549303,0.557637,0.56478,0.587399,0.627919,0.604109,0.6053,0.549303,0.557637,0.56478,0.587399,0.627919,0.604109,0.6053,-4.25338,-3.94514,-3.79169,-3.65617,-3.64123,-3.62482,-3.60762,-4.25338,-3.94514,-3.79169,-3.65617,-3.64123,-3.62482,-3.60762,0.491209,0.604172,0.685838,0.749444,0.687505,0.690838,0.695838,0.491209,0.604172,0.685838,0.749444,0.687505,0.690838,0.695838,1.25442,1.25025,1.22509,0.0161231,1.07803,1.09532,1.10015,1.25025,1.27104,1.28722,1.39141,1.25442,1.25025,1.22509,0.0161231,1.07803,1.09532,1.10015,1.25025,1.27104,1.28722,1.39141,2.09733,2.1364,2.17857,0.0317438,1.94803,2.01319,2.03528,2.1322,2.1922,2.37141,2.60667,2.10653,2.1364,2.17857,0.0317438,1.94803,2.01319,2.03528,2.1322,2.1922,2.37141,2.60667,2.46147,1.77188,2.15463,0.0831381,1.21609,1.54392,1.77246,2.115,2.51501,2.69234,2.93606,2.46147,1.77188,2.15463,0.0831381,1.21609,1.54392,1.77246,2.115,2.51501,2.69234,2.93606,2.74555,1.46724,2.17798,0.0952985,1.46735,1.48459,1.61993,2.21699,2.54038,2.88975,3.26418,2.53296,1.46724,2.17798,0.0952985,1.46735,1.48459,1.61993,2.21699,2.54038,2.88975,3.26418,-9999,-9999
200112,-2.469,0.367608,-3.293,1.187,0.375269,-1.072,1.939,0.354839,-1.603,-2.415,1.304,-0.226,1.501,-1.968,0.367608,-2.779,1.351,0.375269,-0.594,1.6,0.354839,118.571,68.173,0.369624,61.658,65.677,0.369624,216.164,0.367608,230.669,224.263,0.367608,218.155,0.367608,232.517,224.09,0.367608,2.471,0.367608,2.969,2.737,0.367608,89.372,89.372,0.0,0.244,0.245,1.0,1.931,1.996,0.364919,-9999,-9999,-9999,-9999,-9999,-9999,-9999,-9999,-9999,-9999,350.799,0.36828,0.104,0.104,3.599,0.367608,0.367608,0.159946,-9999,1.0,3.23293,0.367608,-9999,0.235126,3.55809,0.367608,-9999,0.989869,-9999,-9999,30.1935,17.8065,30.1935,17.8065,0.348698,0.331969,0.366935,0.366935,0.0348914,0.0349894,0.0698958,0.0696485,0.331954,0.331969,0.366935,0.366935,0.0349799,0.0349894,0.06994,0.0696485,0.308139,0.308375,0.366045,0.366095,0.00864829,0.00863512,0.206473,0.233688,0.293063,0.328259,0.338026,0.354816,0.37326,0.206505,0.234373,0.293063,0.328747,0.339319,0.354816,0.37326,0.362231,0.362231,0.354167,0.366935,0.366935,0.366935,0.366935,0.362231,0.362231,0.354167,0.366935,0.367608,0.366935,0.366935,0.848579,0.822786,0.620951,0.619323,0.375269,0.375269,0.0315614,0.031785,0.0782053,0.0782958,-0.515975,-0.515975,1.47013,1.47013,0.352941,0.352941,0.073149,0.0731865,0.124818,0.12484,0.822762,0.822786,0.619314,0.619323,0.375269,0.375269,0.0317865,0.031785,0.0782964,0.0782958,-0.515975,-0.515975,1.47013,1.47013,0.352941,0.352941,0.0731539,0.0731865,0.124821,0.12484,0.657631,0.708968,0.750208,0.826695,0.847297,0.852076,0.85253,0.660702,0.708968,0.750208,0.826336,0.847297,0.852076,0.852611,0.375269,0.375269,0.375269,0.375269,0.375269,0.375269,0.375269,0.375269,0.375269,0.375269,0.375269,0.375269,0.375269,0.375269,-0.752047,-0.639072,-0.599097,-0.529632,-0.50184,-0.436797,-0.423905,-0.751955,-0.639072,-0.599084,-0.529696,-0.501822,-0.436797,-0.423866,0.339869,0.343664,0.351044,0.352941,0.352941,0.352941,0.352941,0.339869,0.343664,0.351044,0.352941,0.352941,0.352941,0.352941,1.01774,0.995768,0.997859,0.0138582,0.803494,0.94022,0.94054,1.00092,1.046,1.07451,1.10238,1.01774,0.995768,0.997859,0.0138582,0.803494,0.94022,0.94054,1.00092,1.046,1.07451,1.10238,0.637615,0.663799,0.689483,0.0123851,0.510431,0.63678,0.644075,0.674173,0.722389,0.749573,0.815699,0.644483,0.663814,0.68972,0.0123869,0.510431,0.63678,0.644075,0.674234,0.722389,0.750591,0.815495,0.740764,0.815268,0.882831,0.0376407,0.634757,0.718749,0.745701,0.816128,0.871646,0.921245,1.44146,0.740764,0.815268,0.882831,0.0376407,0.634757,0.718749,0.745701,0.816128,0.871646,0.921245,1.44146,0.443901,0.478778,0.466992,0.0132813,0.256655,0.425026,0.443901,0.477788,0.490233,0.517117,0.547715,0.43402,0.478778,0.466992,0.0132813,0.256655,0.425026,0.443901,0.477788,0.490233,0.517117,0.547715,-9999,-9999
200201,0.849,1.0,-0.274,1.383,1.0,2.603,1.949,1.0,-0.96,-2.242,1.689,1.041,2.374,0.849,1.0,-0.274,1.383,1.0,2.603,1.949,1.0,135.67,74.165,1.0,73.379,74.165,1.0,225.057,1.0,229.896,225.057,1.0,228.219,1.0,231.676,228.219,1.0,4.026,1.0,3.287,4.026,1.0,89.985,89.985,0.0,0.301,0.632,1.0,1.385,1.771,0.959677,0.431200986417,0.58064516129,-20.6502075692,0.995967741935,141.00903095,1.0,10.1884778768,0.998655913978,308.744710379,0.998655913978,356.776,1.0,-0.428,-0.428,-9999,1.0,1.0,-9999,-9999,1.0,7.09598,1.0,-9999,0.337884,1.00982,1.0,-9999,1.12861,-9999,-9999,29.1613,18.8387,29.1613,18.8387,0.32268,0.32268,0.988575,0.988575,0.0325506,0.0325506,0.0450442,0.0597611,0.320669,0.318208,0.988575,0.988575,0.0322244,0.0324322,0.044809,0.0596967,0.320139,0.319643,0.985333,0.983753,0.00948567,0.00913366,0.102667,0.301045,0.311655,0.325256,0.353615,0.363317,0.368053,0.154764,0.261713,0.311655,0.331425,0.352189,0.361949,0.368285,0.946909,0.981183,0.988575,0.991263,0.992608,0.998656,0.995296,0.925403,0.973118,0.988575,0.991263,0.991935,0.995296,0.992608,0.759413,0.759413,0.511519,0.511519,0.998848,0.998848,0.0318424,0.0318424,0.0368457,0.0370551,-0.350519,-0.350519,1.56945,1.56945,0.972977,0.972977,0.0629129,0.0629129,0.113162,0.137234,0.745827,0.752707,0.516294,0.513481,0.998848,0.998848,0.0313734,0.0316828,0.0364411,0.036918,-0.333465,-0.351174,1.56894,1.56927,0.972977,0.972977,0.0624633,0.0627371,0.112912,0.137154,0.74039,0.742853,0.745827,0.755587,0.765336,0.77993,0.790395,0.74039,0.744535,0.750016,0.760085,0.771184,0.782437,0.795571,0.998848,0.998848,0.998848,0.998848,0.998848,0.998848,0.998848,0.998848,0.998848,0.998848,0.998848,0.998848,0.997736,0.998848,-0.850671,-0.437513,-0.354279,-0.333426,-0.273273,-0.24939,-0.233503,-0.82927,-0.503305,-0.362094,-0.33345,-0.283104,-0.259377,-0.238151,0.874024,0.945954,0.968148,0.972977,0.983267,0.98157,0.998302,0.824769,0.937455,0.966355,0.972977,0.98488,0.989889,0.98157,0.989486,1.00886,1.05099,0.0315868,0.847426,0.887232,0.930199,0.995979,1.07212,1.2645,1.48294,0.961294,0.961328,1.01834,0.0251504,0.847543,0.894649,0.929341,0.964735,1.05901,1.0934,1.36451,0.64508,0.690655,0.731346,0.0353406,0.500255,0.541868,0.570574,0.659883,0.74597,0.944649,1.23143,0.61456,0.640659,0.6982,0.0285979,0.500255,0.535503,0.56827,0.64508,0.737313,0.753539,1.09291,1.18663,1.05534,1.25287,0.0804594,0.733994,0.949433,1.0128,1.06879,1.26007,1.73552,2.44594,1.62715,1.48665,1.67777,0.107952,0.546082,1.33304,1.41164,1.50537,1.61937,1.69256,3.32577,0.386989,0.583567,0.671682,0.0350262,0.386989,0.532189,0.544908,0.584983,0.657099,0.928301,1.22295,0.722726,0.626878,0.806293,0.0752059,0.492469,0.573536,0.595033,0.642133,0.713716,1.34568,1.42834,-9999,-9999
200202,1.585,1.0,0.505,1.149,1.0,2.969,1.69,1.0,1.686,0.386,1.643,3.35,2.029,1.585,1.0,0.505,1.149,1.0,2.969,1.69,1.0,198.97,95.076,1.0,91.743,95.076,1.0,247.027,1.0,258.605,247.027,1.0,249.662,1.0,262.902,249.662,1.0,3.256,1.0,3.04,3.256,1.0,89.235,89.235,0.0,2.98,3.807,1.0,1.713,1.795,0.84375,0.454628729582,0.50818452381,18.6500666132,0.999255952381,185.034045893,0.999255952381,10.7885001284,1.0,312.384728423,1.0,356.687,1.0,0.074,0.074,-9999,1.0,1.0,-9999,-9999,1.0,21.9762,1.0,-9999,0.663204,9.66188,1.0,-9999,1.29541,-9999,-9999,26.8214,21.1786,26.8214,21.1786,-0.742143,-0.742143,0.998512,0.998512,0.0546078,0.054576,0.134406,0.189473,-0.699875,-0.742143,0.998512,0.998512,0.0544158,0.0546151,0.134329,0.189484,-0.745875,-0.756977,0.990123,0.988095,0.0238003,0.0254932,-1.10889,-0.846147,-0.791659,-0.741608,-0.624641,-0.600521,-0.576659,-1.1587,-0.965382,-0.802607,-0.741608,-0.641429,-0.602497,-0.547482,0.912202,0.993304,0.998512,0.998512,1.0,0.999256,1.0,0.957589,0.844494,0.997768,0.998512,0.999256,1.0,0.999256,0.479381,0.479381,0.769163,0.769163,1.0,1.0,0.0544517,0.0544381,0.167651,0.167766,-2.28045,-2.28045,2.37241,2.37241,0.996429,0.996429,0.0973084,0.0972356,0.123443,0.19235,0.54907,0.479381,0.760071,0.769163,1.0,1.0,0.0543438,0.0544708,0.167616,0.167776,-2.27435,-2.28045,2.37799,2.37241,0.996429,0.996429,0.0968914,0.0973108,0.123114,0.192388,0.105096,0.382993,0.43336,0.52122,0.69147,0.700117,0.713103,0.105096,0.381756,0.427283,0.52122,0.654109,0.699132,0.713521,0.973952,1.0,1.0,1.0,1.0,1.0,1.0,0.973952,1.0,1.0,1.0,1.0,1.0,1.0,-2.65397,-2.40482,-2.35259,-2.30426,-2.27435,-2.25291,-2.21261,-2.69463,-2.58673,-2.36139,-2.30426,-2.2753,-2.2548,-2.18276,0.95739,0.984014,0.994643,0.994643,0.996429,0.998214,1.0,0.935892,0.971027,0.994643,0.994643,0.996429,0.998214,0.998214,0.883126,0.626632,0.792113,0.0250202,0.566989,0.596465,0.619489,0.793655,0.950799,0.968345,0.995698,0.917991,0.802179,0.804304,0.0239949,0.566989,0.602179,0.626111,0.799181,0.950799,0.96617,0.982257,1.57354,1.36878,1.54909,0.0210015,1.36521,1.37233,1.39934,1.55063,1.59594,1.73341,1.76351,1.57205,1.50205,1.55018,0.0200524,1.36521,1.38699,1.48988,1.54568,1.59529,1.70218,1.78179,1.56236,2.23745,1.52017,0.100382,0.418755,0.826648,0.958423,1.50296,1.9695,2.22622,2.33478,1.56236,2.22622,1.49604,0.0873679,0.513198,0.854763,1.04293,1.51124,1.88807,2.21708,2.30003,1.68751,2.59118,2.17987,0.0712518,1.32398,1.53286,1.79635,2.29816,2.58419,2.60908,2.69071,1.81196,2.58888,2.19486,0.0731343,1.33202,1.63873,1.81196,2.29816,2.58419,2.59878,2.62939,-9999,-9999
200203,4.201,1.0,2.659,1.155,1.0,5.676,2.256,1.0,4.475,2.812,1.815,6.073,2.738,4.201,1.0,2.659,1.155,1.0,5.676,2.256,1.0,289.98,175.07,1.0,173.141,175.07,1.0,249.918,1.0,258.206,249.918,1.0,248.943,1.0,262.468,248.943,1.0,4.196,1.0,3.919,4.196,1.0,89.345,89.345,0.0,1.314,2.303,1.0,1.8,1.833,0.879032,0.477247027285,0.599462365591,88.3835096451,0.992607526882,340.281994493,0.992607526882,13.2210133511,0.992607526882,325.564111595,0.992607526882,354.617,1.0,1.312,1.314,-9999,1.0,1.0,-9999,-9999,1.0,33.6976,1.0,-9999,0.624571,72.87,1.0,-9999,1.53205,-9999,-9999,23.6129,24.3871,23.6129,24.3871,-3.14183,-3.12477,0.991263,0.990591,0.0848522,0.0844681,0.106141,0.107626,-3.14183,-3.14183,0.991263,0.991263,0.0847506,0.0848522,0.10606,0.107928,-3.14031,-3.14803,0.990373,0.989718,0.0399866,0.0406085,-3.68984,-3.15706,-3.14183,-3.1241,-3.07883,-3.02952,-2.94735,-3.76286,-3.1573,-3.13756,-3.12477,-3.07691,-3.02391,-2.96935,0.985215,0.991263,0.991263,0.992608,0.989919,0.987231,0.995296,0.968414,0.991263,0.991935,0.990591,0.990591,0.995296,0.995296,1.55407,1.55407,1.07597,1.07597,0.990591,0.990591,0.0837628,0.0837628,0.12157,0.122786,-7.44631,-7.414,5.76701,5.73717,0.991989,0.990699,0.13901,0.138166,0.172804,0.184895,1.55407,1.55407,1.07597,1.07597,0.990591,0.990591,0.0834018,0.0837628,0.121321,0.122786,-7.44631,-7.44631,5.76701,5.76701,0.991989,0.991989,0.13899,0.13901,0.172788,0.185527,1.07706,1.47465,1.53263,1.55407,1.60856,1.65087,1.86841,0.873967,1.47465,1.51627,1.55277,1.62699,1.65421,1.87565,0.982654,1.0,0.990591,0.990591,0.990591,0.990591,0.986315,0.9474,1.0,0.990591,0.990591,0.990591,0.990591,0.986315,-8.006,-7.51552,-7.47514,-7.43625,-7.41202,-7.31022,-6.99142,-7.95667,-7.55595,-7.49185,-7.42038,-7.40086,-7.31022,-7.03525,0.986828,0.988118,0.991989,0.99328,0.990699,0.997312,1.0,0.985425,0.988118,0.988118,0.989409,0.990699,0.997312,1.0,1.97707,1.95658,1.99004,0.0566454,0.990997,1.90728,1.94267,1.98541,2.0189,2.11282,2.57075,1.99923,1.96822,1.99297,0.0514107,1.60903,1.90728,1.94267,1.97453,2.00602,2.04862,2.51965,5.10081,5.09841,5.13807,0.0342897,4.76195,4.99267,5.0385,5.09966,5.14518,5.23807,5.59986,5.11806,5.11005,5.13328,0.0330531,4.78224,4.99267,5.05074,5.09966,5.12552,5.22167,5.5331,2.12529,2.49282,2.30618,0.0692069,1.59136,1.72696,1.84399,2.44312,2.57591,2.78657,2.89556,2.12529,2.49673,2.33174,0.0658644,1.4344,1.74903,2.04934,2.44748,2.57294,2.73863,2.89556,5.46296,5.75279,5.66787,0.0543897,5.01895,5.21433,5.3847,5.75272,5.83336,6.00019,6.33199,5.33331,5.75461,5.64882,0.063181,4.69856,5.22511,5.38458,5.75272,5.84299,5.93785,6.33199,-9999,-9999
200204,-9999,-9999,-9999,-9999,-9999,-9999,-9999,-9999,5.671,4.107,1.35,6.807,2.143,5.705,0.106944,4.154,1.232,0.126984,6.83,2.072,0.091358,384.099,-9999,-9999,179.456,178.867,0.108333,-9999,-9999,285.156,285.07,0.106944,-9999,-9999,291.78,291.022,0.104167,-9999,-9999,3.529,3.626,0.104167,89.054,89.054,0.0,5.829,5.313,1.0,1.8,1.8,0.0,-9999,-9999,-9999,-9999,-9999,-9999,-9999,-9999,-9999,-9999,-9999,-9999,4.038,-9999,-9999,0.106944,-9999,-9999,-9999,1.0,42.4278,0.104167,-9999,0.971499,121.931,0.104167,-9999,3.62159,-9999,-9999,20.2667,27.7333,8.66667,11.3667,-2.90367,-2.90367,0.104167,0.104167,0.128396,0.128396,0.286327,0.281908,-2.90367,-2.90367,0.104167,0.104167,0.128396,0.128396,0.286327,0.281908,-2.98706,-2.98582,0.104045,0.103941,0.0473503,0.0480379,-3.35914,-3.30175,-3.23833,-2.90367,-2.85141,-2.7899,-2.33614,-3.35914,-3.29111,-3.249,-2.90367,-2.80853,-2.78916,-2.33614,0.104167,0.104167,0.104167,0.104167,0.104167,0.104167,0.104167,0.104167,0.1,0.104167,0.104167,0.104167,0.104167,0.104167,1.56553,1.56553,2.21122,2.21122,0.126984,0.126984,0.161139,0.161139,0.191203,0.194019,-6.00513,-6.00513,5.62759,5.62759,0.0864198,0.0864198,0.180161,0.180161,0.364946,0.372856,1.56553,1.56553,2.21122,2.21122,0.126984,0.126984,0.161139,0.161139,0.191203,0.194019,-6.00513,-6.00513,5.62759,5.62759,0.0864198,0.0864198,0.180161,0.180161,0.364946,0.372856,0.437978,1.56553,1.56553,1.68539,1.72491,1.77137,1.82879,0.345712,1.55695,1.56553,1.70479,1.73039,1.77308,1.82879,0.126984,0.126984,0.126984,0.126984,0.126984,0.126984,0.126984,0.11746,0.126984,0.126984,0.126984,0.126984,0.126984,0.126984,-6.79502,-6.60269,-6.60027,-6.00513,-5.96847,-5.96794,-5.28535,-6.79502,-6.60269,-6.58086,-6.00513,-5.96794,-5.94981,-5.28293,0.0864198,0.0864198,0.0864198,0.0864198,0.0864198,0.0864198,0.0864198,0.0864198,0.0864198,0.0864198,0.0864198,0.0864198,0.0864198,0.0864198,3.58051,3.54536,3.6624,0.139037,0.60333,3.53065,3.55706,3.60391,3.91081,4.56563,4.57913,3.58051,3.55706,3.68738,0.111662,3.49974,3.54285,3.5466,3.58051,3.74295,4.33105,4.57913,6.79773,6.44903,6.64822,0.120934,3.89443,6.35873,6.44677,6.84317,6.89761,6.94525,7.38284,6.82951,6.46073,6.67444,0.097686,6.29182,6.3613,6.44677,6.79008,6.88885,6.92886,7.44364,2.22505,1.98009,1.70496,0.130912,0.182192,0.564381,0.929409,1.96309,2.32117,2.38789,2.85527,2.22505,1.98009,1.93263,0.106909,0.556078,1.13309,1.56583,1.98009,2.32117,2.39601,3.10239,6.32076,6.39657,6.05363,0.103602,4.54497,5.23921,5.57175,6.36983,6.47192,6.63585,6.66682,6.38043,6.39657,6.22028,0.0819796,5.0271,5.6214,6.03944,6.38043,6.45134,6.63585,6.80424,-9999,-9999
200205,-9999,-9999,-9999,-9999,-9999,-9999,-9999,-9999,10.087,8.287,1.336,11.131,1.96,10.087,0.0,8.287,1.336,0.0,11.131,1.96,0.0,454.404,-9999,-9999,216.196,216.196,0.0,-9999,-9999,306.821,306.821,0.0,-9999,-9999,315.344,315.344,0.0,-9999,-9999,4.046,4.046,0.0,89.269,89.269,0.0,6.005,6.005,0.0,1.799,1.799,0.0,-9999,-9999,-9999,-9999,-9999,-9999,-9999,-9999,-9999,-9999,-9999,-9999,6.91,-9999,-9999,0.774866,-9999,-9999,-9999,1.0,42.9996,0.0,-9999,-9999,121.289,0.0,-9999,-9999,-9999,-9999,17.6129,30.3871,0.0,0.0,-2.87692,-2.87692,0.0,0.0,-9999,-9999,-9999,-9999,-2.87692,-2.87692,0.0,0.0,-9999,-9999,-9999,-9999,-3.00461,-3.00997,0.0,0.0,0.0508194,0.051673,-3.50698,-3.37266,-3.26229,-2.87692,-2.83902,-2.79328,-2.34512,-3.50698,-3.37266,-3.27206,-2.87692,-2.82009,-2.79242,-2.34512,0.0,0.0,0.0,0.0,0.0,0.0,0.0,0.0,0.0,0.0,0.0,0.0,0.0,0.0,1.34108,1.34108,2.54382,2.54382,0.0,0.0,-9999,-9999,-9999,-9999,-5.16478,-5.16478,5.93601,5.93601,0.0,0.0,-9999,-9999,-9999,-9999,1.34108,1.34108,2.54382,2.54382,0.0,0.0,-9999,-9999,-9999,-9999,-5.16478,-5.16478,5.93601,5.93601,0.0,0.0,-9999,-9999,-9999,-9999,-0.424172,1.31965,1.34108,1.37252,1.49065,1.50706,1.55397,-0.629182,1.24398,1.34108,1.37289,1.49065,1.50706,1.55397,0.0,0.0,0.0,0.0,0.0,0.0,0.0,0.0,0.0,0.0,0.0,0.0,0.0,0.0,-6.04295,-5.78501,-5.77873,-5.16478,-5.12259,-5.10848,-4.40863,-6.04295,-5.78012,-5.77873,-5.16478,-5.12259,-5.06367,-4.40863,0.0,0.0,0.0,0.0,0.0,0.0,0.0,0.0,0.0,0.0,0.0,0.0,0.0,0.0,4.19815,4.00119,4.38538,0.178322,0.804043,3.91861,4.06682,4.32906,5.10736,5.45293,5.66863,4.19815,4.06682,4.37494,0.148895,3.7447,3.98714,4.00814,4.19815,4.73091,5.37709,5.66863,7.35423,6.87811,7.39535,0.162983,4.25617,6.79111,6.92599,7.50905,7.9305,8.30566,8.73023,7.46044,6.94374,7.37955,0.140005,6.55353,6.85964,6.88506,7.46706,7.74131,8.10376,8.79153,2.67448,2.42121,2.15024,0.161448,0.217314,0.789453,1.30578,2.42121,2.84174,2.87923,3.73943,2.67448,2.42121,2.42463,0.127504,0.789453,1.48397,2.05341,2.42121,2.79369,2.95984,3.75884,6.97783,7.06065,6.69979,0.111117,5.05749,5.78869,6.17092,7.03133,7.18738,7.32923,7.36515,7.04446,7.06065,6.87708,0.0896435,5.59077,6.22207,6.67063,7.04446,7.12008,7.32923,7.50778,-9999,-9999
200206,-9999,-9999,-9999,-9999,-9999,-9999,-9999,-9999,14.502,12.559,1.51,15.494,2.076,14.502,0.0,12.559,1.51,0.0,15.494,2.076,0.0,485.676,-9999,-9999,244.291,244.291,0.0,-9999,-9999,331.575,331.575,0.0,-9999,-9999,342.268,342.268,0.0,-9999,-9999,5.619,5.619,0.0,89.564,89.564,0.0,6.789,6.789,0.0,1.63,1.63,0.0,-9999,-9999,-9999,-9999,-9999,-9999,-9999,-9999,-9999,-9999,-9999,-9999,11.076,-9999,-9999,1.0,-9999,-9999,-9999,1.0,43.1254,0.0,-9999,-9999,121.192,0.0,-9999,-9999,-9999,-9999,16.3333,31.6667,0.0,0.0,-2.88703,-2.88703,0.0,0.0,-9999,-9999,-9999,-9999,-2.88703,-2.88703,0.0,0.0,-9999,-9999,-9999,-9999,-3.0149,-3.02028,0.0,0.0,0.0508705,0.051696,-3.51294,-3.387,-3.2725,-2.88703,-2.85079,-2.80507,-2.35274,-3.51294,-3.387,-3.28412,-2.88703,-2.83091,-2.80421,-2.35274,0.0,0.0,0.0,0.0,0.0,0.0,0.0,0.0,0.0,0.0,0.0,0.0,0.0,0.0,1.18393,1.18393,2.57646,2.57646,0.0,0.0,-9999,-9999,-9999,-9999,-4.8315,-4.8315,6.08131,6.08131,0.0,0.0,-9999,-9999,-9999,-9999,1.18393,1.18393,2.57646,2.57646,0.0,0.0,-9999,-9999,-9999,-9999,-4.8315,-4.8315,6.08131,6.08131,0.0,0.0,-9999,-9999,-9999,-9999,-0.61718,1.16368,1.18393,1.21495,1.34508,1.36959,1.42604,-0.853662,1.09777,1.18393,1.21495,1.34508,1.36959,1.42604,0.0,0.0,0.0,0.0,0.0,0.0,0.0,0.0,0.0,0.0,0.0,0.0,0.0,0.0,-5.68704,-5.43427,-5.4209,-4.8315,-4.79356,-4.77809,-4.09143,-5.68704,-5.42134,-5.4209,-4.8315,-4.79356,-4.74074,-4.09143,0.0,0.0,0.0,0.0,0.0,0.0,0.0,0.0,0.0,0.0,0.0,0.0,0.0,0.0,4.81357,4.43794,5.1398,0.230441,1.0324,4.28404,4.56177,5.05696,6.36553,6.69849,6.84721,4.81357,4.56177,5.08409,0.198712,3.96698,4.4116,4.45099,4.81357,5.5768,6.60845,6.93047,7.89953,7.32498,8.16008,0.21895,4.49081,7.16692,7.44465,8.13949,8.96148,9.81623,10.0239,8.08607,7.44881,8.09899,0.192974,6.79718,7.29448,7.33803,8.13949,8.59548,9.21849,10.1214,3.13391,2.88018,2.63752,0.195953,0.252932,0.981817,1.72229,2.88018,3.38042,3.55272,4.72728,3.13391,2.88018,2.96077,0.153146,0.981817,1.87536,2.4745,2.93463,3.38042,3.67311,4.75181,6.47037,6.51953,6.23798,0.104729,4.96902,5.31003,5.65144,6.51953,6.7476,6.79291,7.01658,6.53661,6.51953,6.39505,0.0888001,5.25859,5.70265,6.125,6.51953,6.63326,6.94994,7.09749,-9999,-9999
200207,-9999,-9999,-9999,-9999,-9999,-9999,-9999,-9999,14.729,13.04,1.286,15.63,1.981,14.729,0.0,13.04,1.286,0.0,15.63,1.981,0.0,470.611,-9999,-9999,237.735,237.735,0.0,-9999,-9999,332.998,332.998,0.0,-9999,-9999,343.815,343.815,0.0,-9999,-9999,5.594,5.594,0.0,89.388,89.388,0.0,7.111,7.111,0.0,1.691,1.691,0.0,-9999,-9999,-9999,-9999,-9999,-9999,-9999,-9999,-9999,-9999,-9999,-9999,12.123,-9999,-9999,1.0,-9999,-9999,-9999,1.0,43.1101,0.0,-9999,-9999,121.216,0.0,-9999,-9999,-9999,-9999,16.7419,31.2581,0.0,0.0,-2.88706,-2.88706,0.0,0.0,-9999,-9999,-9999,-9999,-2.88706,-2.88706,0.0,0.0,-9999,-9999,-9999,-9999,-3.01471,-3.02026,0.0,0.0,0.0507601,0.0516044,-3.50966,-3.38465,-3.27454,-2.88706,-2.85235,-2.80593,-2.35316,-3.50966,-3.38463,-3.28383,-2.88706,-2.83183,-2.80508,-2.35316,0.0,0.0,0.0,0.0,0.0,0.0,0.0,0.0,0.0,0.0,0.0,0.0,0.0,0.0,1.21278,1.21278,2.56901,2.56901,0.0,0.0,-9999,-9999,-9999,-9999,-4.92532,-4.92532,6.05902,6.05902,0.0,0.0,-9999,-9999,-9999,-9999,1.21278,1.21278,2.56901,2.56901,0.0,0.0,-9999,-9999,-9999,-9999,-4.92532,-4.92532,6.05902,6.05902,0.0,0.0,-9999,-9999,-9999,-9999,-0.56195,1.19751,1.21278,1.2415,1.36997,1.39805,1.45627,-0.79421,1.1192,1.21278,1.2415,1.36997,1.39805,1.45627,0.0,0.0,0.0,0.0,0.0,0.0,0.0,0.0,0.0,0.0,0.0,0.0,0.0,0.0,-5.79165,-5.53756,-5.52425,-4.92532,-4.88801,-4.8703,-4.17709,-5.79165,-5.52543,-5.52425,-4.92532,-4.88801,-4.82764,-4.17709,0.0,0.0,0.0,0.0,0.0,0.0,0.0,0.0,0.0,0.0,0.0,0.0,0.0,0.0,4.84759,4.46454,5.17587,0.232484,1.04035,4.30716,4.59098,5.09006,6.41301,6.74746,6.90087,4.84759,4.59098,5.11928,0.200591,3.98218,4.43762,4.47787,4.84759,5.62131,6.6611,6.98585,7.93229,7.3516,8.19612,0.221032,4.4971,7.1902,7.47402,8.17521,9.0124,9.87145,10.0727,8.12212,7.47804,8.13399,0.194843,6.8124,7.32066,7.36493,8.17521,8.63985,9.26751,10.1708,3.15757,2.9026,2.65717,0.197501,0.254809,0.989663,1.73497,2.9026,3.40673,3.58073,4.76457,3.15757,2.9026,2.98276,0.154278,0.989663,1.8903,2.49215,2.95192,3.40673,3.7022,4.7893,6.80751,6.8811,6.56315,0.105708,5.21457,5.62959,6.02371,6.8683,6.98615,7.15648,7.31319,6.87437,6.8811,6.72647,0.0882105,5.53612,6.07227,6.49813,6.8811,6.9481,7.16245,7.31976,-9999,-9999
200208,-9999,-9999,-9999,-9999,-9999,-9999,-9999,-9999,13.583,12.131,1.123,14.549,1.737,13.583,0.0,12.131,1.123,0.0,14.549,1.737,0.0,412.882,-9999,-9999,191.2,191.2,0.0,-9999,-9999,332.086,332.086,0.0,-9999,-9999,342.823,342.823,0.0,-9999,-9999,4.373,4.373,0.0,89.344,89.344,0.0,8.075,8.075,0.0,1.541,1.541,0.0,-9999,-9999,-9999,-9999,-9999,-9999,-9999,-9999,-9999,-9999,-9999,-9999,12.106,-9999,-9999,1.0,-9999,-9999,-9999,1.0,43.2664,0.0,-9999,-9999,121.07,0.0,-9999,-9999,-9999,-9999,19.129,28.871,0.0,0.0,-2.89712,-2.89712,0.0,0.0,-9999,-9999,-9999,-9999,-2.89712,-2.89712,0.0,0.0,-9999,-9999,-9999,-9999,-3.02538,-3.03063,0.0,0.0,0.0510349,0.0518133,-3.52218,-3.40368,-3.28068,-2.89712,-2.86102,-2.81599,-2.35994,-3.52218,-3.39668,-3.29648,-2.89712,-2.84167,-2.81514,-2.35994,0.0,0.0,0.0,0.0,0.0,0.0,0.0,0.0,0.0,0.0,0.0,0.0,0.0,0.0,1.39108,1.39108,2.52658,2.52658,0.0,0.0,-9999,-9999,-9999,-9999,-5.57599,-5.57599,5.86688,5.86688,0.0,0.0,-9999,-9999,-9999,-9999,1.39108,1.39108,2.52658,2.52658,0.0,0.0,-9999,-9999,-9999,-9999,-5.57599,-5.57599,5.86688,5.86688,0.0,0.0,-9999,-9999,-9999,-9999,-0.214195,1.37292,1.39108,1.41702,1.53132,1.54719,1.58815,-0.39056,1.34485,1.39108,1.43474,1.53132,1.54719,1.58815,0.0,0.0,0.0,0.0,0.0,0.0,0.0,0.0,0.0,0.0,0.0,0.0,0.0,0.0,-6.52005,-6.23426,-6.21782,-5.57599,-5.53776,-5.53123,-4.8035,-6.52005,-6.22002,-6.21782,-5.57599,-5.53776,-5.49595,-4.79881,0.0,0.0,0.0,0.0,0.0,0.0,0.0,0.0,0.0,0.0,0.0,0.0,0.0,0.0,4.68854,4.3533,4.97762,0.217762,0.978606,4.21469,4.46428,4.91489,6.17688,6.31387,6.56796,4.68854,4.46428,4.93369,0.186545,3.92674,4.32962,4.36501,4.68854,5.35932,6.30669,6.62262,7.80242,7.25042,8.00824,0.205371,4.44496,7.10779,7.35738,8.03222,8.75257,9.50164,9.74628,7.96923,7.3614,7.95907,0.18005,6.76703,7.22272,7.26214,8.01078,8.42945,9.04136,9.82887,3.03775,2.78214,2.52704,0.188134,0.245545,0.938276,1.6244,2.78214,3.26536,3.42456,4.49902,3.03775,2.78214,2.83978,0.147055,0.938276,1.7854,2.40884,2.78214,3.26536,3.51982,4.52237,6.32886,6.39302,6.06873,0.103276,4.59304,5.19543,5.55149,6.36716,6.511,6.64548,6.75907,6.39059,6.39302,6.23468,0.0833794,5.0974,5.60087,6.02145,6.39059,6.4622,6.64548,6.81092,-9999,-9999
200209,-9999,-9999,-9999,-9999,-9999,-9999,-9999,-9999,9.939,8.761,1.238,10.948,1.916,9.939,0.0,8.761,1.238,0.0,10.948,1.916,0.0,327.621,-9999,-9999,138.657,138.657,0.0,-9999,-9999,310.486,310.486,0.0,-9999,-9999,319.33,319.33,0.0,-9999,-9999,3.871,3.871,0.0,89.42,89.42,0.0,6.823,6.823,0.0,1.641,1.641,0.0,-9999,-9999,-9999,-9999,-9999,-9999,-9999,-9999,-9999,-9999,-9999,-9999,9.924,-9999,-9999,1.0,-9999,-9999,-9999,1.0,43.1254,0.0,-9999,-9999,121.192,0.0,-9999,-9999,-9999,-9999,22.1667,25.8333,0.0,0.0,-2.88703,-2.88703,0.0,0.0,-9999,-9999,-9999,-9999,-2.88703,-2.88703,0.0,0.0,-9999,-9999,-9999,-9999,-3.0149,-3.02028,0.0,0.0,0.0508705,0.051696,-3.51294,-3.387,-3.2725,-2.88703,-2.85079,-2.80507,-2.35274,-3.51294,-3.387,-3.28412,-2.88703,-2.83091,-2.80421,-2.35274,0.0,0.0,0.0,0.0,0.0,0.0,0.0,0.0,0.0,0.0,0.0,0.0,0.0,0.0,1.4585,1.4585,2.41118,2.41118,0.0,0.0,-9999,-9999,-9999,-9999,-6.43187,-6.43187,5.53881,5.53881,0.0,0.0,-9999,-9999,-9999,-9999,1.4585,1.4585,2.41118,2.41118,0.0,0.0,-9999,-9999,-9999,-9999,-6.43187,-6.43187,5.53881,5.53881,0.0,0.0,-9999,-9999,-9999,-9999,0.0800948,1.44386,1.4585,1.519,1.59538,1.63354,1.63354,-0.0625866,1.44386,1.4585,1.5352,1.60485,1.63354,1.63354,0.0,0.0,0.0,0.0,0.0,0.0,0.0,0.0,0.0,0.0,0.0,0.0,0.0,0.0,-7.47925,-7.16823,-7.15452,-6.43187,-6.41931,-6.41449,-5.62945,-7.47925,-7.15543,-7.15452,-6.43187,-6.41449,-6.40265,-5.61198,0.0,0.0,0.0,0.0,0.0,0.0,0.0,0.0,0.0,0.0,0.0,0.0,0.0,0.0,4.1773,3.98536,4.36166,0.176952,0.797843,3.90497,4.04929,4.305,5.06584,5.42337,5.63325,4.1773,4.04929,4.3522,0.147608,3.73585,3.97168,3.99213,4.1773,4.70498,5.34966,5.63325,7.34669,6.8724,7.38194,0.161563,4.25625,6.78785,6.91857,7.49632,7.90626,8.28787,8.69833,7.4498,6.93632,7.3671,0.138598,6.55601,6.85456,6.87916,7.45278,7.72013,8.07449,8.7597,2.65958,2.40676,2.13608,0.160429,0.216143,0.783903,1.29453,2.40676,2.82478,2.86297,3.71181,2.65958,2.40676,2.40894,0.126775,0.783903,1.47301,2.0336,2.40676,2.77804,2.94151,3.73107,5.38109,5.4321,5.13143,0.0934176,3.85093,4.38686,4.67506,5.38109,5.54359,5.64954,5.73054,5.43307,5.4321,5.28437,0.0729934,4.28411,4.72279,5.10266,5.4321,5.49892,5.64954,5.79679,-9999,-9999
200210,-9999,-9999,-9999,-9999,-9999,-9999,-9999,-9999,6.976,5.842,1.494,8.241,2.225,6.976,0.0,5.842,1.494,0.0,8.241,2.225,0.0,233.121,-9999,-9999,107.778,107.778,0.0,-9999,-9999,288.965,288.965,0.0,-9999,-9999,295.923,295.923,0.0,-9999,-9999,3.393,3.393,0.0,89.255,89.255,0.0,2.853,2.853,0.0,1.56,1.56,0.0,-9999,-9999,-9999,-9999,-9999,-9999,-9999,-9999,-9999,-9999,-9999,-9999,7.32,-9999,-9999,1.0,-9999,-9999,-9999,1.0,42.9996,0.0,-9999,-9999,121.289,0.0,-9999,-9999,-9999,-9999,25.2903,22.7097,0.0,0.0,-2.87692,-2.87692,0.0,0.0,-9999,-9999,-9999,-9999,-2.87692,-2.87692,0.0,0.0,-9999,-9999,-9999,-9999,-3.00461,-3.00997,0.0,0.0,0.0508194,0.051673,-3.50698,-3.37266,-3.26229,-2.87692,-2.83902,-2.79328,-2.34512,-3.50698,-3.37266,-3.27206,-2.87692,-2.82009,-2.79242,-2.34512,0.0,0.0,0.0,0.0,0.0,0.0,0.0,0.0,0.0,0.0,0.0,0.0,0.0,0.0,1.1868,1.1868,2.43284,2.43284,0.0,0.0,-9999,-9999,-9999,-9999,-7.18523,-7.18523,5.42322,5.42322,0.0,0.0,-9999,-9999,-9999,-9999,1.1868,1.1868,2.43284,2.43284,0.0,0.0,-9999,-9999,-9999,-9999,-7.18523,-7.18523,5.42322,5.42322,0.0,0.0,-9999,-9999,-9999,-9999,-0.0603431,1.17201,1.1868,1.24481,1.30413,1.33692,1.33747,-0.216002,1.17201,1.1868,1.24481,1.30413,1.33692,1.33747,0.0,0.0,0.0,0.0,0.0,0.0,0.0,0.0,0.0,0.0,0.0,0.0,0.0,0.0,-8.36303,-8.01758,-8.00938,-7.18523,-7.18102,-7.17617,-6.26507,-8.36303,-8.00938,-8.00938,-7.18523,-7.17617,-7.14243,-6.24281,0.0,0.0,0.0,0.0,0.0,0.0,0.0,0.0,0.0,0.0,0.0,0.0,0.0,0.0,3.75994,3.68015,3.86823,0.149043,0.658124,3.64624,3.7069,3.81218,4.11101,4.82116,4.88756,3.75994,3.7069,3.88416,0.121011,3.57395,3.6744,3.68299,3.75994,4.11101,4.67555,4.88756,6.96849,6.55707,6.8782,0.130745,4.11025,6.51874,6.55189,7.04307,7.20082,7.33438,7.80037,7.02223,6.58382,6.88877,0.109371,6.37325,6.52687,6.55189,6.99768,7.14318,7.27251,7.89417,2.35409,2.10571,1.82896,0.139395,0.192313,0.620235,1.02943,2.08763,2.45675,2.52875,3.09875,2.35409,2.10571,2.0699,0.112476,0.620235,1.22972,1.67272,2.10571,2.45675,2.55579,3.36695,4.67736,4.70977,4.43684,0.0865147,3.32912,3.74164,3.99695,4.69145,4.82126,4.91292,5.03233,4.72353,4.70977,4.58066,0.0667356,3.68176,4.04424,4.39923,4.70977,4.78554,4.91292,5.04237,-9999,-9999
200211,-9999,-9999,-9999,-9999,-9999,-9999,-9999,-9999,4.243,3.632,1.044,5.122,1.161,4.243,0.0,3.632,1.044,0.0,5.122,1.161,0.0,155.033,-9999,-9999,48.723,48.723,0.0,-9999,-9999,288.315,288.315,0.0,-9999,-9999,295.215,295.215,0.0,-9999,-9999,2.418,2.418,0.0,88.909,88.909,0.0,8.871,8.871,0.0,1.566,1.566,0.0,-9999,-9999,-9999,-9999,-9999,-9999,-9999,-9999,-9999,-9999,-9999,-9999,4.704,-9999,-9999,0.220833,-9999,-9999,-9999,1.0,43.1254,0.0,-9999,-9999,121.192,0.0,-9999,-9999,-9999,-9999,28.4333,19.5667,0.0,0.0,-2.88703,-2.88703,0.0,0.0,-9999,-9999,-9999,-9999,-2.88703,-2.88703,0.0,0.0,-9999,-9999,-9999,-9999,-3.0149,-3.02028,0.0,0.0,0.0508705,0.051696,-3.51294,-3.387,-3.2725,-2.88703,-2.85079,-2.80507,-2.35274,-3.51294,-3.387,-3.28412,-2.88703,-2.83091,-2.80421,-2.35274,0.0,0.0,0.0,0.0,0.0,0.0,0.0,0.0,0.0,0.0,0.0,0.0,0.0,0.0,0.754108,0.754108,2.7776,2.7776,0.0,0.0,-9999,-9999,-9999,-9999,-7.92257,-7.92257,5.42099,5.42099,0.0,0.0,-9999,-9999,-9999,-9999,0.754108,0.754108,2.7776,2.7776,0.0,0.0,-9999,-9999,-9999,-9999,-7.92257,-7.92257,5.42099,5.42099,0.0,0.0,-9999,-9999,-9999,-9999,-0.359726,0.742831,0.754108,0.791173,0.853991,0.861571,0.887463,-0.52335,0.742599,0.754108,0.791173,0.853991,0.861571,0.887463,0.0,0.0,0.0,0.0,0.0,0.0,0.0,0.0,0.0,0.0,0.0,0.0,0.0,0.0,-9.25377,-8.88816,-8.87814,-7.92257,-7.92257,-7.91269,-6.81039,-9.25377,-8.87814,-8.87814,-7.92257,-7.91269,-7.83133,-6.80149,0.0,0.0,0.0,0.0,0.0,0.0,0.0,0.0,0.0,0.0,0.0,0.0,0.0,0.0,3.37436,3.39091,3.42515,0.128692,0.539732,3.34632,3.36419,3.38522,3.70873,4.20427,4.27036,3.37436,3.38522,3.46074,0.102124,3.31487,3.36359,3.37025,3.38522,3.41502,3.93238,4.27164,6.63664,6.27794,6.44543,0.107944,3.99814,6.24522,6.27733,6.57318,6.6682,6.76771,7.13614,6.64686,6.27225,6.47564,0.0878821,6.18237,6.24522,6.27503,6.55112,6.64255,6.76272,7.13614,2.07651,1.83531,1.56152,0.121361,0.170549,0.508602,0.812773,1.81955,2.15407,2.2117,2.57307,2.07651,1.83531,1.77387,0.100912,0.481093,1.02111,1.44249,1.83531,2.15407,2.22571,2.79577,2.80888,2.79595,2.61993,0.0647891,1.95419,2.08947,2.26881,2.79595,2.90221,2.9498,3.08707,2.83946,2.79595,2.72891,0.0502832,2.08947,2.28936,2.55188,2.79595,2.89033,3.02912,3.1626,-9999,-9999
200212,-9999,-9999,-9999,-9999,-9999,-9999,-9999,-9999,0.915,0.371,0.99,1.835,1.162,0.915,0.0,0.371,0.99,0.0,1.835,1.162,0.0,118.571,-9999,-9999,40.218,40.218,0.0,-9999,-9999,265.556,265.556,0.0,-9999,-9999,270.462,270.462,0.0,-9999,-9999,2.394,2.394,0.0,89.194,89.194,0.0,2.087,2.087,0.0,1.468,1.468,0.0,-9999,-9999,-9999,-9999,-9999,-9999,-9999,-9999,-9999,-9999,-9999,-9999,4.451,-9999,-9999,0.000672043,-9999,-9999,-9999,1.0,43.1101,0.0,-9999,-9999,121.216,0.0,-9999,-9999,-9999,-9999,30.1935,17.8065,0.0,0.0,-2.88706,-2.88706,0.0,0.0,-9999,-9999,-9999,-9999,-2.88706,-2.88706,0.0,0.0,-9999,-9999,-9999,-9999,-3.01471,-3.02026,0.0,0.0,0.0507601,0.0516044,-3.50966,-3.38465,-3.27454,-2.88706,-2.85235,-2.80593,-2.35316,-3.50966,-3.38463,-3.28383,-2.88706,-2.83183,-2.80508,-2.35316,0.0,0.0,0.0,0.0,0.0,0.0,0.0,0.0,0.0,0.0,0.0,0.0,0.0,0.0,0.501903,0.501903,3.0305,3.0305,0.0,0.0,-9999,-9999,-9999,-9999,-8.35326,-8.35326,5.35725,5.35725,0.0,0.0,-9999,-9999,-9999,-9999,0.501903,0.501903,3.0305,3.0305,0.0,0.0,-9999,-9999,-9999,-9999,-8.35326,-8.35326,5.35725,5.35725,0.0,0.0,-9999,-9999,-9999,-9999,-0.58429,0.493384,0.501903,0.533801,0.585054,0.605643,0.626198,-0.740353,0.48211,0.501903,0.533801,0.586522,0.605643,0.626198,0.0,0.0,0.0,0.0,0.0,0.0,0.0,0.0,0.0,0.0,0.0,0.0,0.0,0.0,-9.71864,-9.40679,-9.39616,-8.35326,-8.35326,-8.3428,-7.11543,-9.71864,-9.40679,-9.34176,-8.35326,-8.3428,-8.2372,-7.11543,0.0,0.0,0.0,0.0,0.0,0.0,0.0,0.0,0.0,0.0,0.0,0.0,0.0,0.0,2.90811,3.02889,2.90793,0.110842,0.412242,2.70451,2.8342,2.96051,3.2063,3.39613,3.61389,2.90811,2.98728,2.96167,0.0869785,2.47576,2.82985,2.87819,2.98728,3.12085,3.26045,3.61814,6.2175,5.91594,5.92818,0.088186,3.86899,5.74084,5.87433,6.03165,6.19343,6.22523,6.44365,6.18264,5.87433,5.97637,0.0704818,5.65065,5.77976,5.91147,5.99926,6.18264,6.23483,6.41565,1.74831,1.52051,1.26185,0.101125,0.144636,0.385825,0.590406,1.49907,1.7846,1.82063,2.03732,1.74831,1.52051,1.44099,0.0883764,0.341426,0.790016,1.02251,1.52051,1.7846,1.86842,2.17091,2.58014,2.55962,2.39378,0.063272,1.76471,1.87557,2.05074,2.55962,2.6677,2.70975,2.84678,2.60899,2.55962,2.50016,0.0492782,1.87557,2.0659,2.31966,2.55962,2.6593,2.78831,2.95688,-9999,-9999
