TIMESTAMP,TA_F_MDS,TA_F_MDS_QC,TA_F_MDS_NIGHT,TA_F_MDS_NIGHT_SD,TA_F_MDS_NIGHT_QC,TA_F_MDS_DAY,TA_F_MDS_DAY_SD,TA_F_MDS_DAY_QC,TA_ERA,TA_ERA_NIGHT,TA_ERA_NIGHT_SD,TA_ERA_DAY,TA_ERA_DAY_SD,TA_F,TA_F_QC,TA_F_NIGHT,TA_F_NIGHT_SD,TA_F_NIGHT_QC,TA_F_DAY,TA_F_DAY_SD,TA_F_DAY_QC,SW_IN_POT,SW_IN_F_MDS,SW_IN_F_MDS_QC,SW_IN_ERA,SW_IN_F,SW_IN_F_QC,LW_IN_F_MDS,LW_IN_F_MDS_QC,LW_IN_ERA,LW_IN_F,LW_IN_F_QC,LW_IN_JSB,LW_IN_JSB_QC,LW_IN_JSB_ERA,LW_IN_JSB_F,LW_IN_JSB_F_QC,VPD_F_MDS,VPD_F_MDS_QC,VPD_ERA,VPD_F,VPD_F_QC,PA_ERA,PA_F,PA_F_QC,P_ERA,P_F,P_F_QC,WS_ERA,WS_F,WS_F_QC,USTAR,USTAR_QC,NETRAD,NETRAD_QC,CO2_F_MDS,CO2_F_MDS_QC,TS_F_MDS_1,TS_F_MDS_1_QC,SWC_F_MDS_1,SWC_F_MDS_1_QC,G_F_MDS,G_F_MDS_QC,LE_F_MDS,LE_F_MDS_QC,LE_CORR,LE_RANDUNC,H_F_MDS,H_F_MDS_QC,H_CORR,H_RANDUNC,EBC_CF_N,EBC_CF_METHOD,NIGHT_D,DAY_D,NIGHT_RANDUNC_N,DAY_RANDUNC_N,NEE_CUT_REF,NEE_VUT_REF,NEE_CUT_REF_QC,NEE_VUT_REF_QC,NEE_CUT_REF_RANDUNC,NEE_VUT_REF_RANDUNC,NEE_CUT_REF_JOINTUNC,NEE_VUT_REF_JOINTUNC,NEE_CUT_USTAR50,NEE_VUT_USTAR50,NEE_CUT_USTAR50_QC,NEE_VUT_USTAR50_QC,NEE_CUT_USTAR50_RANDUNC,NEE_VUT_USTAR50_RANDUNC,NEE_CUT_USTAR50_JOINTUNC,NEE_VUT_USTAR50_JOINTUNC,NEE_CUT_MEAN,NEE_VUT_MEAN,NEE_CUT_MEAN_QC,NEE_VUT_MEAN_QC,NEE_CUT_SE,NEE_VUT_SE,NEE_CUT_05,NEE_CUT_16,NEE_CUT_25,NEE_CUT_50,NEE_CUT_75,NEE_CUT_84,NEE_CUT_95,NEE_VUT_05,NEE_VUT_16,NEE_VUT_25,NEE_VUT_50,NEE_VUT_75,NEE_VUT_84,NEE_VUT_95,NEE_CUT_05_QC,NEE_CUT_16_QC,NEE_CUT_25_QC,NEE_CUT_50_QC,NEE_CUT_75_QC,NEE_CUT_84_QC,NEE_CUT_95_QC,NEE_VUT_05_QC,NEE_VUT_16_QC,NEE_VUT_25_QC,NEE_VUT_50_QC,NEE_VUT_75_QC,NEE_VUT_84_QC,NEE_VUT_95_QC,NEE_CUT_REF_NIGHT,NEE_VUT_REF_NIGHT,NEE_CUT_REF_NIGHT_SD,NEE_VUT_REF_NIGHT_SD,NEE_CUT_REF_NIGHT_QC,NEE_VUT_REF_NIGHT_QC,NEE_CUT_REF_NIGHT_RANDUNC,NEE_VUT_REF_NIGHT_RANDUNC,NEE_CUT_REF_NIGHT_JOINTUNC,NEE_VUT_REF_NIGHT_JOINTUNC,NEE_CUT_REF_DAY,NEE_VUT_REF_DAY,NEE_CUT_REF_DAY_SD,NEE_VUT_REF_DAY_SD,NEE_CUT_REF_DAY_QC,NEE_VUT_REF_DAY_QC,NEE_CUT_REF_DAY_RANDUNC,NEE_VUT_REF_DAY_RANDUNC,NEE_CUT_REF_DAY_JOINTUNC,NEE_VUT_REF_DAY_JOINTUNC,NEE_CUT_USTAR50_NIGHT,NEE_VUT_USTAR50_NIGHT,NEE_CUT_USTAR50_NIGHT_SD,NEE_VUT_USTAR50_NIGHT_SD,NEE_CUT_USTAR50_NIGHT_QC,NEE_VUT_USTAR50_NIGHT_QC,NEE_CUT_USTAR50_NIGHT_RANDUNC,NEE_VUT_USTAR50_NIGHT_RANDUNC,NEE_CUT_USTAR50_NIGHT_JOINTUNC,NEE_VUT_USTAR50_NIGHT_JOINTUNC,NEE_CUT_USTAR50_DAY,NEE_VUT_USTAR50_DAY,NEE_CUT_USTAR50_DAY_SD,NEE_VUT_USTAR50_DAY_SD,NEE_CUT_USTAR50_DAY_QC,NEE_VUT_USTAR50_DAY_QC,NEE_CUT_USTAR50_DAY_RANDUNC,NEE_VUT_USTAR50_DAY_RANDUNC,NEE_CUT_USTAR50_DAY_JOINTUNC,NEE_VUT_USTAR50_DAY_JOINTUNC,NEE_CUT_05_NIGHT,NEE_CUT_16_NIGHT,NEE_CUT_25_NIGHT,NEE_CUT_50_NIGHT,NEE_CUT_75_NIGHT,NEE_CUT_84_NIGHT,NEE_CUT_95_NIGHT,NEE_VUT_05_NIGHT,NEE_VUT_16_NIGHT,NEE_VUT_25_NIGHT,NEE_VUT_50_NIGHT,NEE_VUT_75_NIGHT,NEE_VUT_84_NIGHT,NEE_VUT_95_NIGHT,NEE_CUT_05_NIGHT_QC,NEE_CUT_16_NIGHT_QC,NEE_CUT_25_NIGHT_QC,NEE_CUT_50_NIGHT_QC,NEE_CUT_75_NIGHT_QC,NEE_CUT_84_NIGHT_QC,NEE_CUT_95_NIGHT_QC,NEE_VUT_05_NIGHT_QC,NEE_VUT_16_NIGHT_QC,NEE_VUT_25_NIGHT_QC,NEE_VUT_50_NIGHT_QC,NEE_VUT_75_NIGHT_QC,NEE_VUT_84_NIGHT_QC,NEE_VUT_95_NIGHT_QC,NEE_CUT_05_DAY,NEE_CUT_16_DAY,NEE_CUT_25_DAY,NEE_CUT_50_DAY,NEE_CUT_75_DAY,NEE_CUT_84_DAY,NEE_CUT_95_DAY,NEE_VUT_05_DAY,NEE_VUT_16_DAY,NEE_VUT_25_DAY,NEE_VUT_50_DAY,NEE_VUT_75_DAY,NEE_VUT_84_DAY,NEE_VUT_95_DAY,NEE_CUT_05_DAY_QC,NEE_CUT_16_DAY_QC,NEE_CUT_25_DAY_QC,NEE_CUT_50_DAY_QC,NEE_CUT_75_DAY_QC,NEE_CUT_84_DAY_QC,NEE_CUT_95_DAY_QC,NEE_VUT_05_DAY_QC,NEE_VUT_16_DAY_QC,NEE_VUT_25_DAY_QC,NEE_VUT_50_DAY_QC,NEE_VUT_75_DAY_QC,NEE_VUT_84_DAY_QC,NEE_VUT_95_DAY_QC,RECO_NT_VUT_REF,RECO_NT_VUT_USTAR50,RECO_NT_VUT_MEAN,RECO_NT_VUT_SE,RECO_NT_VUT_05,RECO_NT_VUT_16,RECO_NT_VUT_25,RECO_NT_VUT_50,RECO_NT_VUT_75,RECO_NT_VUT_84,RECO_NT_VUT_95,RECO_NT_CUT_REF,RECO_NT_CUT_USTAR50,RECO_NT_CUT_MEAN,RECO_NT_CUT_SE,RECO_NT_CUT_05,RECO_NT_CUT_16,RECO_NT_CUT_25,RECO_NT_CUT_50,RECO_NT_CUT_75,RECO_NT_CUT_84,RECO_NT_CUT_95,GPP_NT_VUT_REF,GPP_NT_VUT_USTAR50,GPP_NT_VUT_MEAN,GPP_NT_VUT_SE,GPP_NT_VUT_05,GPP_NT_VUT_16,GPP_NT_VUT_25,GPP_NT_VUT_50,GPP_NT_VUT_75,GPP_NT_VUT_84,GPP_NT_VUT_95,GPP_NT_CUT_REF,GPP_NT_CUT_USTAR50,GPP_NT_CUT_MEAN,GPP_NT_CUT_SE,GPP_NT_CUT_05,GPP_NT_CUT_16,GPP_NT_CUT_25,GPP_NT_CUT_50,GPP_NT_CUT_75,GPP_NT_CUT_84,GPP_NT_CUT_95,RECO_DT_VUT_REF,RECO_DT_VUT_USTAR50,RECO_DT_VUT_MEAN,RECO_DT_VUT_SE,RECO_DT_VUT_05,RECO_DT_VUT_16,RECO_DT_VUT_25,RECO_DT_VUT_50,RECO_DT_VUT_75,RECO_DT_VUT_84,RECO_DT_VUT_95,RECO_DT_CUT_REF,RECO_DT_CUT_USTAR50,RECO_DT_CUT_MEAN,RECO_DT_CUT_SE,RECO_DT_CUT_05,RECO_DT_CUT_16,RECO_DT_CUT_25,RECO_DT_CUT_50,RECO_DT_CUT_75,RECO_DT_CUT_84,RECO_DT_CUT_95,GPP_DT_VUT_REF,GPP_DT_VUT_USTAR50,GPP_DT_VUT_MEAN,GPP_DT_VUT_SE,GPP_DT_VUT_05,GPP_DT_VUT_16,GPP_DT_VUT_25,GPP_DT_VUT_50,GPP_DT_VUT_75,GPP_DT_VUT_84,GPP_DT_VUT_95,GPP_DT_CUT_REF,GPP_DT_CUT_USTAR50,GPP_DT_CUT_MEAN,GPP_DT_CUT_SE,GPP_DT_CUT_05,GPP_DT_CUT_16,GPP_DT_CUT_25,GPP_DT_CUT_50,GPP_DT_CUT_75,GPP_DT_CUT_84,GPP_DT_CUT_95,RECO_SR,RECO_SR_N
200301,6.236,1,5.489,2.2,1,7.12,2.535,1,6.3,4.735,2.406,8.149,3.267,6.236,1,5.489,2.2,1,7.12,2.535,1,271.029,87.898,1,108.929,87.898,1,294.388,1,294.556,294.388,1,308.824,1,314.334,308.824,1,2.335,1,3.018,2.335,1,101.221,101.24,1,1.843,1.858,1,1.461,1.423,1,0.203250123,0.95766129,36.36532997,1,-9999,-9999,6.089,1,28.2,1,0,1,19.8614,1,19.8614,0.458233,18.6568,1,18.6568,0.534137,-9999,-9999,26,22,25.9677,21.9677,-1.41207,-1.35513,0.936828,0.924731,0.0645008,0.0635606,0.119062,0.112968,-1.34838,-1.34487,0.909274,0.909274,0.0775254,0.0804754,0.126592,0.123281,-1.27875,-1.27576,0.904687,0.89832,0.0157838,0.0140722,-1.41867,-1.36754,-1.3514,-1.32106,-1.18678,-1.16738,-1.13348,-1.40652,-1.35903,-1.35431,-1.30016,-1.18678,-1.17225,-1.13493,0.844086,0.925403,0.915323,0.843414,0.983199,0.974462,0.975806,0.936828,0.801747,0.909946,0.830645,0.983199,0.959677,0.977151,0.69096,0.769172,0.434881,0.477636,0.923077,0.904467,0.0799717,0.0795676,0.155292,0.151984,-3.78547,-3.75819,3.52787,3.44303,0.953079,0.94868,0.0972696,0.0949664,0.122468,0.123576,0.803607,0.806065,0.543426,0.542652,0.889578,0.889578,0.106484,0.110425,0.170467,0.170181,-3.78468,-3.78022,3.34715,3.33637,0.932551,0.932551,0.103588,0.107689,0.127544,0.133602,0.729272,0.75987,0.806065,0.838604,0.990345,1.0261,1.0823,0.737751,0.75987,0.806065,0.855323,0.963201,1.01885,1.06983,0.926799,0.791563,0.889578,0.791563,0.988834,0.996278,0.959057,0.774194,0.791563,0.889578,0.784119,0.959057,0.988834,0.959057,-3.8745,-3.81681,-3.78547,-3.74698,-3.68609,-3.66799,-3.5578,-3.8573,-3.81557,-3.77777,-3.73558,-3.68177,-3.65742,-3.59937,0.920821,0.922287,0.953079,0.837243,0.969208,0.979472,0.98827,0.906158,0.922287,0.932551,0.887097,0.972141,0.979472,0.866569,0.970225,1.22543,1.17434,0.0335818,0.869594,0.944272,0.970225,1.11787,1.38872,1.44053,1.45797,0.920827,1.21417,1.17056,0.0326888,0.87027,0.964623,0.997471,1.11787,1.38285,1.39938,1.45275,2.33345,2.57031,2.45011,0.0398878,2.13748,2.14545,2.20426,2.41888,2.72314,2.74945,2.75316,2.57031,2.56254,2.44932,0.0401714,2.13373,2.14106,2.17659,2.36588,2.70709,2.74045,2.76086,1.07679,1.5789,1.19451,0.0403718,0.857891,0.943872,1.04486,1.11262,1.32865,1.48591,1.59501,1.69619,1.6516,1.2183,0.0424702,0.835756,0.966242,1.01438,1.15974,1.3703,1.53974,1.60248,2.23533,2.45632,2.33555,0.020766,2.14567,2.21508,2.22305,2.32622,2.40756,2.44641,2.58126,2.24419,2.49027,2.32779,0.0212409,2.09702,2.18,2.23711,2.2873,2.42104,2.4431,2.58101,-9999,-9999
200302,10.516,1,9.83,1.799,1,11.248,1.923,1,10.401,9.286,1.982,11.576,2.355,10.516,1,9.83,1.799,1,11.248,1.923,1,321.706,88.552,1,89.912,88.552,1,329.994,1,339.754,329.994,1,343.891,1,370.266,343.891,1,2.831,1,2.835,2.831,1,100.812,100.809,1,2.847,1.811,1,1.643,1.831,0.999256,0.272243913,0.813244048,51.2549628,1,-9999,-9999,9.457,1,27.3,1,0,1,24.3999,0.991071,24.3999,0.404617,16.0728,0.985863,16.0728,0.450757,-9999,-9999,24.7143,23.2857,24.7143,22.8571,-1.55149,-1.64838,0.945685,0.875,0.04056,0.0382656,0.165009,0.199899,-1.56938,-1.56455,0.872024,0.872024,0.0410475,0.0412845,0.16513,0.200499,-1.50039,-1.4733,0.891946,0.887147,0.0227722,0.024735,-1.70652,-1.6849,-1.62038,-1.51026,-1.40497,-1.365,-1.22918,-1.70268,-1.67127,-1.61731,-1.4868,-1.37942,-1.27887,-1.22918,0.944196,0.945685,0.953869,0.863839,0.848958,0.848214,0.832589,0.943452,0.945685,0.957589,0.947173,0.845982,0.834821,0.832589,1.24674,1.14175,0.596784,0.571899,0.948571,0.831905,0.030353,0.0279327,0.231644,0.228207,-4.39896,-4.47998,4.11082,4.06022,0.942994,0.919955,0.074383,0.0705049,0.130422,0.156549,1.14603,1.12684,0.571198,0.622244,0.830357,0.830417,0.0380397,0.0378414,0.232776,0.22963,-4.33088,-4.30329,3.94314,3.93103,0.915284,0.915155,0.0713136,0.0719839,0.128696,0.15722,0.873317,0.90358,1.12684,1.23578,1.34774,1.36287,1.41559,0.858994,0.914936,1.12938,1.24486,1.36287,1.36792,1.43757,0.938571,0.942857,0.830417,0.837976,0.776726,0.82756,0.808214,0.938571,0.942857,0.84756,0.948571,0.82756,0.82756,0.808214,-4.42134,-4.34846,-4.3138,-4.25842,-4.22619,-4.13419,-3.96796,-4.4687,-4.33243,-4.29212,-4.2562,-4.18612,-4.05288,-3.87812,0.918396,0.915284,0.949146,0.885711,0.869006,0.869136,0.857037,0.918396,0.950699,0.949146,0.949211,0.864607,0.861566,0.828828,1.40711,1.50491,1.45804,0.0152512,1.31156,1.33828,1.38782,1.47808,1.52876,1.54809,1.57865,1.40711,1.45352,1.45655,0.0162505,1.23849,1.32622,1.37351,1.47771,1.53344,1.5536,1.58507,2.95999,3.06946,2.93134,0.0154849,2.76555,2.78427,2.87099,2.92727,3.02296,3.04448,3.06362,3.06946,3.02289,2.95694,0.0144692,2.78029,2.86148,2.88598,2.96649,3.03483,3.04567,3.06946,2.1396,2.74519,2.55915,0.0829585,1.76034,2.09918,2.14112,2.49002,2.89391,2.96025,3.54822,2.34749,2.70137,2.57282,0.0839738,1.75971,2.12026,2.13896,2.34749,2.9098,3.03411,3.63892,2.9448,3.15343,3.06066,0.0355349,2.69476,2.88969,2.92188,3.03563,3.15404,3.22025,3.51909,2.96222,3.1061,3.07542,0.0370286,2.69453,2.88969,2.92238,2.99646,3.1921,3.33225,3.51225,-9999,-9999
200303,12.105,1,11.46,2.174,1,12.713,2.214,1,12.561,11.298,2.198,13.758,2.482,12.105,1,11.46,2.174,1,12.713,2.214,1,383.397,98.788,1,113.93,98.788,1,338.796,1,345.385,338.796,1,357.408,1,377.234,357.408,1,3.062,1,3.753,3.062,1,100.64,100.665,1,2.863,3.545,1,1.689,1.947,1,0.299394006,0.83938172,61.94092809,1,-9999,-9999,10.946,1,28.1,1,0,1,34.5175,0.995968,34.5175,0.586564,15.5982,0.992608,15.5982,0.614927,-9999,-9999,23.4516,24.5484,23.4516,22.8387,-1.4695,-1.47145,0.984543,0.979839,0.0568289,0.0569005,0.173576,0.173364,-1.67441,-1.66166,0.960349,0.960349,0.0598143,0.0606731,0.174576,0.174639,-1.58507,-1.58916,0.96339,0.958888,0.0221137,0.0227457,-1.80148,-1.77442,-1.7511,-1.5597,-1.4561,-1.4464,-1.43404,-1.82123,-1.77628,-1.75312,-1.54804,-1.46585,-1.44876,-1.43405,0.94086,0.951613,0.932124,0.899194,0.991263,0.992608,0.991263,0.938172,0.948253,0.93414,0.901882,0.991263,0.991263,0.991263,1.46868,1.50111,0.89087,0.883305,0.990241,0.990241,0.0530783,0.0527855,0.165415,0.17282,-4.13418,-4.16879,4.41164,4.38293,0.97897,0.969884,0.096408,0.096734,0.20278,0.197459,1.26,1.27632,1.00352,1.01419,0.962424,0.962424,0.0576953,0.0599279,0.166954,0.175133,-4.31489,-4.30572,4.32314,4.33736,0.958056,0.958056,0.100691,0.101274,0.204851,0.199722,1.13456,1.17273,1.21776,1.4185,1.46934,1.48606,1.58793,1.11473,1.17199,1.21946,1.42131,1.46859,1.50111,1.5889,0.950327,0.96108,0.96108,1,0.990241,1,0.88961,0.948925,0.96108,0.96108,0.990241,0.990241,0.990241,0.88961,-4.44474,-4.437,-4.42374,-4.30226,-4.09354,-4.0802,-4.04616,-4.45814,-4.43254,-4.42497,-4.30751,-4.09732,-4.08825,-4.05528,0.920037,0.88294,0.938639,0.946224,0.983052,0.984396,0.988218,0.927994,0.932026,0.938639,0.958056,0.983052,0.983052,0.986977,2.04617,2.07477,2.13048,0.0175988,1.97449,1.99516,2.02872,2.12991,2.22616,2.25233,2.31153,2.04617,2.04377,2.12258,0.0162746,1.98281,2.00859,2.03243,2.10992,2.20002,2.22762,2.31153,3.52798,3.73643,3.71964,0.0350358,3.42778,3.46286,3.49604,3.65099,3.93041,3.98159,4.01008,3.73643,3.71818,3.70765,0.0339044,3.44691,3.45603,3.47626,3.64991,3.92544,3.95447,4.0015,2.08696,2.3727,2.17478,0.0635532,1.50096,1.6513,1.90451,2.23659,2.51482,2.59398,2.75496,2.04886,1.96343,2.17108,0.0679821,1.49408,1.5583,1.80238,2.08673,2.55063,2.62797,2.82378,3.12675,3.32132,3.19364,0.0336472,2.8557,2.91345,3.02769,3.15164,3.35473,3.39007,3.53111,3.09221,3.14254,3.19466,0.036104,2.85409,2.8925,3.00479,3.13881,3.39192,3.49464,3.52863,-9999,-9999
200304,19.25,1,18.214,2.034,1,20.084,2.425,1,19.43,17.849,2.015,20.698,2.452,19.25,1,18.214,2.034,1,20.084,2.425,1,434.917,141.653,1,149.617,141.653,1,373.801,1,377.873,373.801,1,413.974,1,417.439,413.974,1,5.368,1,5.617,5.368,1,100.06,100.087,0.938194,6.56,4.593,1,1.724,2.075,1,0.276334702,0.85,101.8696929,1,-9999,-9999,16.677,1,26.7,1,0,1,60.1069,0.992361,60.1069,0.741158,17.9016,0.991667,17.9016,0.487319,-9999,-9999,21.5,26.5,21.5,26.4333,-2.11731,-2.03139,0.972222,0.969444,0.0684328,0.0647211,0.103786,0.108905,-2.01031,-1.95539,0.954167,0.953472,0.0615152,0.0596385,0.0993608,0.105963,-2.06338,-2.06806,0.952396,0.946701,0.0124887,0.0117757,-2.17488,-2.14864,-2.13231,-2.08165,-2.01221,-1.99259,-1.91282,-2.17543,-2.15972,-2.12144,-2.07939,-2.01313,-1.98455,-1.94886,0.975694,0.986111,0.9375,0.984722,0.888889,0.955556,0.945833,0.984722,0.984722,0.984028,0.990972,0.875694,0.875694,0.863194,2.85913,2.97395,1.29451,1.10937,0.984776,0.984776,0.0777178,0.0674804,0.296971,0.284505,-5.99902,-5.93891,6.39052,6.32085,0.962203,0.957217,0.101539,0.0989203,0.162209,0.159785,3.1778,3.27928,0.939407,0.897412,0.972367,0.972367,0.0601889,0.0563701,0.292873,0.282076,-6.06934,-6.05527,6.50031,6.52668,0.939744,0.938509,0.0956996,0.0935874,0.158619,0.15654,2.7409,2.79018,2.85913,3.18877,3.29265,3.36342,3.38122,2.7252,2.79629,2.87212,3.20412,3.29627,3.34906,3.37296,0.998413,0.986291,0.984776,0.978427,0.962843,0.879365,0.888456,0.998413,0.986291,0.986291,0.95974,0.888456,0.972367,0.888456,-6.29222,-6.24559,-6.20348,-6.05527,-5.9991,-5.99259,-5.96413,-6.29104,-6.24563,-6.24035,-6.06995,-6.01267,-5.99466,-5.96748,0.923647,0.888841,0.881481,0.938509,0.97113,0.972412,0.976258,0.924881,0.914815,0.912298,0.97113,0.973694,0.97113,0.976258,3.46822,3.86931,3.68221,0.0434553,3.15457,3.36665,3.45891,3.82801,3.9164,3.93945,3.94461,3.44068,3.77247,3.67546,0.0427421,3.1625,3.34916,3.45697,3.77438,3.9159,3.94282,3.97026,5.63303,5.82469,5.75027,0.03636,5.31148,5.54837,5.56665,5.78637,5.95557,5.97346,5.9928,5.82469,5.78279,5.73884,0.0349157,5.31114,5.5327,5.56124,5.76696,5.94464,5.9701,5.98172,3.15996,3.43888,3.35334,0.0673581,2.80527,3.01615,3.0543,3.28927,3.54188,3.62127,3.86847,3.3589,3.37379,3.34858,0.0717165,2.79146,2.99488,3.10137,3.31789,3.44108,3.53896,3.98992,4.90911,4.8949,4.87885,0.0300846,4.55402,4.70148,4.77645,4.87144,4.93166,4.96307,5.13102,5.00052,4.89302,4.87111,0.0322842,4.55397,4.69041,4.75553,4.87044,4.93011,4.93649,5.05686,-9999,-9999
200305,22.902,1,21.797,1.685,1,23.74,2.137,1,22.712,21.061,1.516,23.959,2.113,22.902,1,21.797,1.685,1,23.74,2.137,1,464.344,150.961,1,156.533,150.961,1,399.767,1,395.046,399.767,1,446.329,1,438.691,446.329,1,5.961,1,6.745,5.961,1,99.67,99.69,0.340726,6.412,6.526,1,1.563,1.774,1,0.246422914,0.938844086,113.2989424,1,-9999,-9999,21.626,1,21.2,1,0,1,68.5479,1,68.5479,0.951616,16.2306,0.987903,16.2306,0.493392,-9999,-9999,20.7742,27.2258,20.7419,27.1935,-3.39212,-3.40443,0.991263,0.989919,0.0954709,0.092707,0.545093,0.540803,-3.58784,-3.62511,0.978495,0.975134,0.0936914,0.0898613,0.544785,0.540322,-3.64027,-3.6617,0.947194,0.934207,0.0729714,0.0733023,-4.30477,-4.18133,-4.10329,-3.59536,-3.2987,-3.10799,-2.97614,-4.31603,-4.20582,-4.09464,-3.62194,-3.34408,-3.14023,-2.97567,0.954301,0.961694,0.908602,0.982527,0.99664,0.99664,0.997312,0.889785,0.951613,0.771505,0.975134,0.991935,0.99664,0.997984,3.09016,3.20182,1.60315,1.70487,1,1,0.100301,0.0953258,0.709276,0.573062,-8.08425,-8.18741,7.58203,7.66515,0.984596,0.98225,0.143054,0.139749,0.484681,0.543784,2.92033,2.84545,1.99238,1.9673,0.990476,0.988863,0.0997783,0.0865968,0.709202,0.571675,-8.28786,-8.30011,7.51582,7.55106,0.969321,0.964542,0.139774,0.137728,0.483723,0.543268,1.77464,1.81667,2.18383,3.00933,3.16328,3.22097,3.44057,1.77553,2.09081,2.22257,3.01516,3.14669,3.22097,3.37363,0.970353,0.978034,0.888556,0.738172,1,1,1,0.970353,0.880876,0.988863,0.738172,1,1,1,-8.97918,-8.80231,-8.64147,-8.30006,-7.93954,-7.87613,-7.54025,-8.97918,-8.92886,-8.80103,-8.32099,-7.96616,-7.87782,-7.58862,0.844129,0.865037,0.924518,0.964542,0.994154,0.994154,0.996501,0.844129,0.868578,0.865037,0.964542,0.988181,0.994154,0.996501,4.34337,4.62687,4.74788,0.105975,3.60248,4.0918,4.14968,4.73848,5.27245,5.63813,5.72582,4.33109,4.3356,4.66535,0.099635,3.61102,4.10296,4.1471,4.35519,5.12026,5.2792,5.72582,7.72068,8.25198,8.40958,0.173051,6.62988,7.13614,7.40148,8.36042,9.41016,9.57244,9.81761,8.25195,7.92344,8.30563,0.166996,6.63899,7.11949,7.39645,7.911,9.30158,9.41722,9.81398,3.80967,3.10704,3.70654,0.12278,2.6999,2.96051,3.10201,3.44606,4.18883,4.67429,5.16898,3.34242,3.03381,3.5545,0.11355,2.76211,2.8863,3.1073,3.41933,3.73688,4.5863,4.81278,6.4213,6.19734,6.23219,0.0409224,5.65912,5.91293,6.10661,6.25992,6.38808,6.40117,6.72528,6.24258,6.25759,6.22088,0.0367595,5.75834,5.95297,6.0946,6.22858,6.38441,6.40117,6.63739,-9999,-9999
200306,26.214,1,24.697,1.615,1,27.288,2.332,1,25.351,23.784,1.354,26.464,1.971,26.214,1,24.697,1.615,1,27.288,2.332,1,474.076,184.094,1,155.109,184.094,1,412.984,1,408.907,412.984,1,473.881,1,455.844,473.881,1,9.625,1,8.842,9.625,1,99.297,99.307,1,5.762,1.853,1,1.811,2.047,0.998611,0.286547768,0.941666667,130.1693833,1,-9999,-9999,24.697,1,17.1,1,0,1,97.9439,0.997222,97.9439,1.24009,9.46406,0.998611,9.46406,0.561485,-9999,-9999,19.9,28.1,19.9,28.1,-1.94211,-2.17211,0.958333,0.947917,0.0853932,0.0820466,0.234348,0.265334,-2.38547,-2.39668,0.95,0.95,0.079745,0.0767738,0.232349,0.263751,-2.07702,-2.02941,0.945868,0.942743,0.0384688,0.0394032,-2.41649,-2.30306,-2.28139,-2.11537,-1.91747,-1.86658,-1.65604,-2.39002,-2.28519,-2.20212,-2.10078,-1.91407,-1.78053,-1.57477,0.95,0.952083,0.993056,0.993056,0.972222,0.972917,0.896528,0.951389,0.902778,0.926389,0.977778,0.9,0.9125,0.904167,6.05636,5.79451,1.40196,1.36986,0.97,0.945,0.0872108,0.0878621,0.489364,0.571984,-7.48448,-7.67837,8.9504,8.84579,0.95,0.95,0.126269,0.119868,0.271828,0.269808,5.45336,5.39078,1.08776,1.10609,0.958333,0.96,0.0848413,0.0827038,0.488948,0.571214,-7.78582,-7.75959,8.70545,8.64458,0.944089,0.942898,0.116709,0.111985,0.267521,0.266399,4.97246,5.40201,5.60509,5.79472,6.05636,6.36507,6.62337,5.05363,5.46536,5.61082,5.79659,6.33911,6.59575,6.65835,1,0.945,0.971667,0.97,0.97,0.854737,0.87807,1,0.958333,0.933333,0.971667,0.86307,0.86807,0.879737,-7.82302,-7.79181,-7.73634,-7.56859,-7.43104,-7.31037,-7.25802,-7.82786,-7.78673,-7.70162,-7.55481,-7.38108,-7.30329,-7.25397,0.939327,0.942898,0.930993,0.934688,0.97619,0.986946,0.972619,0.936946,0.944089,0.934565,0.934688,0.975,0.921716,0.986946,6.19801,5.53537,5.8202,0.0545927,5.27397,5.37213,5.48838,5.86895,6.06664,6.19801,6.23608,6.19801,6.05666,5.77286,0.0537566,5.27466,5.3197,5.4147,5.81705,6.02126,6.1936,6.23198,8.08117,7.93204,7.84961,0.044872,7.41674,7.53344,7.61625,7.86223,7.97412,8.18439,8.28924,7.95185,8.44213,7.84988,0.0423811,7.42474,7.55337,7.61107,7.87558,7.99119,8.06459,8.29327,6.36812,6.95354,6.41407,0.137742,5.16998,5.53668,5.71127,6.33208,6.81853,7.21014,8.35317,6.74664,7.21213,6.29492,0.14507,5.09415,5.30834,5.60459,6.09309,6.88831,7.11311,8.03376,8.56783,8.97617,8.44227,0.0729875,7.74023,7.91229,8.08456,8.37714,8.67123,9.0388,9.1803,8.44759,9.1335,8.39219,0.0777556,7.70454,7.8528,7.9663,8.37164,8.7559,8.97686,9.17657,-9999,-9999
200307,31.787,1,29.87,1.769,1,33.157,3.088,1,31.262,29.309,1.603,32.657,2.915,31.787,1,29.87,1.769,1,33.157,3.088,1,468.02,254.277,1,241.477,254.277,1,420.805,1,422.217,420.805,1,495.939,1,472.314,495.939,1,23.22,1,21.757,23.22,1,99.393,99.377,1,0.099,0.126,1,2.112,2.601,0.999328,0.327393987,0.999327957,167.9849167,1,-9999,-9999,28.368,1,11.3,1,0,1,97.477,0.998656,97.477,1.12036,47.1574,1,47.1574,0.802448,-9999,-9999,20,28,20,28,-0.883991,-0.847462,0.975134,0.972446,0.0626699,0.0622585,0.251171,0.254172,-0.861038,-0.874288,0.96371,0.959005,0.0603367,0.0587894,0.250599,0.253344,-0.917624,-0.894972,0.971925,0.970917,0.0326478,0.0333026,-1.26783,-1.24264,-1.153,-0.863193,-0.79797,-0.756185,-0.641127,-1.28035,-1.1802,-1.01206,-0.847462,-0.783692,-0.687344,-0.583859,1,1,0.997312,0.957661,0.954301,0.962366,0.959005,1,1,0.976478,0.972446,0.951613,0.965726,0.961022,4.26527,4.34907,1.38219,1.34781,0.951613,0.951613,0.0824728,0.0813976,0.530012,0.501472,-4.50695,-4.50646,5.57366,5.6141,0.991935,0.987327,0.0851345,0.0848382,0.0932744,0.0998836,4.36372,4.32256,1.21786,1.13551,0.956452,0.951613,0.0794566,0.0756982,0.529551,0.500579,-4.53935,-4.53183,5.57468,5.52602,0.968894,0.964286,0.0819381,0.0806744,0.0903664,0.096372,3.43765,3.50392,3.74187,4.32468,4.47187,4.55103,4.70185,3.42122,3.66202,3.96166,4.3532,4.49869,4.65167,4.74379,1,1,1,0.953226,0.95,0.975806,0.982258,1,1,0.953226,0.951613,0.95,0.982258,0.985484,-4.57446,-4.56664,-4.54871,-4.51898,-4.50222,-4.49042,-4.41758,-4.57345,-4.56352,-4.54923,-4.51116,-4.495,-4.45809,-4.35294,1,1,0.960829,0.957373,0.952765,0.981567,0.942396,0.993088,1,0.960829,0.971198,0.989631,0.953917,0.943548,4.37936,4.56415,4.56276,0.0678555,3.88952,4.10308,4.15546,4.56415,4.84234,4.93542,5.29872,4.36046,4.53441,4.51731,0.0637968,3.86817,4.0411,4.15831,4.56064,4.7942,4.84564,5.2155,5.28862,5.43844,5.45773,0.0370538,5.14439,5.24122,5.27781,5.43468,5.61333,5.62782,5.88258,5.44403,5.39545,5.43494,0.0341515,5.14986,5.24721,5.27841,5.38722,5.59615,5.6137,5.85662,4.06784,4.74725,4.44273,0.0836497,3.49939,3.86305,3.98441,4.58368,4.83114,4.90527,5.07189,4.37556,4.83073,4.40339,0.0818287,3.49108,3.74631,3.96023,4.57556,4.77634,4.83114,5.02314,5.34325,5.74401,5.55582,0.0417939,5.15362,5.26236,5.30197,5.59343,5.76505,5.80746,5.89158,5.56141,5.77265,5.5393,0.040542,5.14433,5.16599,5.2957,5.59408,5.7429,5.76519,5.891,-9999,-9999
200308,28.871,1,27.138,1.469,1,30.217,2.691,1,28.627,27.274,1.245,29.685,1.987,28.871,1,27.138,1.469,1,30.217,2.691,1,444.911,202.11,1,172.994,202.11,1,427.369,1,426.387,427.369,1,490.304,1,477.476,490.304,1,12.86,1,12.285,12.86,1,99.308,99.326,1,4.437,4.626,1,1.332,1.718,0.998656,0.239412718,0.97311828,143.894037,1,-9999,-9999,27.379,1,12.1,1,0,1,83.091,0.999328,83.091,1.19111,32.2537,0.997312,32.2537,0.662713,-9999,-9999,21.0323,26.9677,21,26.9677,-0.997065,-0.978261,0.986559,0.985215,0.081882,0.0804654,0.431226,0.440624,-1.07263,-1.544,0.982527,0.969758,0.0788358,0.0706486,0.430658,0.438937,-1.17476,-1.18562,0.972345,0.968448,0.0559666,0.056814,-1.64638,-1.58801,-1.544,-1.14416,-0.907377,-0.741246,-0.648964,-1.65115,-1.59291,-1.54473,-1.33291,-0.883564,-0.726485,-0.658502,0.913978,0.915995,0.969758,0.997984,0.997312,0.994624,0.992608,0.913978,0.969758,0.967742,0.938844,0.997984,0.991263,0.992608,4.57303,4.61981,1.60469,1.61377,1,1,0.11175,0.109551,0.606052,0.645671,-5.32071,-5.32824,6.21028,6.21296,0.976483,0.974093,0.110115,0.108374,0.301221,0.306781,4.47269,3.65719,1.61362,1.40344,0.998464,0.980722,0.111759,0.0907393,0.606053,0.642747,-5.37496,-5.5496,6.10467,5.79993,0.970594,0.961335,0.103372,0.0983647,0.298822,0.30339,3.60332,3.66487,3.68459,4.32778,4.67585,4.85619,5.13028,3.60332,3.66451,3.7134,4.25089,4.68197,4.93713,5.11556,0.93126,0.977573,0.980722,0.958909,1,1,1,0.93126,0.979186,0.929647,0.958909,1,1,1,-5.76118,-5.70463,-5.68186,-5.47299,-5.17204,-5.14389,-5.03929,-5.76118,-5.71725,-5.69524,-5.57473,-5.15669,-5.14325,-5.05078,0.923264,0.900295,0.954334,0.964791,0.994108,0.987025,0.987025,0.923264,0.901489,0.930432,0.957918,0.987025,0.987025,0.991719,5.23193,4.55556,4.82716,0.0697574,4.23003,4.36378,4.47331,4.63006,5.32912,5.37033,5.43731,5.18696,5.28738,4.87404,0.0674693,4.22712,4.44885,4.58402,4.63381,5.33626,5.37727,5.47405,6.26218,6.09956,6.01278,0.03363,5.62535,5.80256,5.87273,5.99986,6.1612,6.24181,6.3178,6.09956,6.36001,6.04879,0.0348782,5.61697,5.82365,5.9064,6.07042,6.1833,6.24195,6.37588,5.15538,5.43863,4.8481,0.0735894,4.10362,4.27985,4.49019,4.84368,5.15538,5.39167,5.53562,5.66286,5.40047,4.86591,0.0738482,4.10285,4.32746,4.54904,4.84208,5.1207,5.40413,5.5459,6.12617,6.15116,5.94434,0.0310277,5.53008,5.72867,5.81239,5.94491,6.1229,6.15206,6.26279,6.29195,6.25629,5.94674,0.0315538,5.52967,5.7283,5.85531,5.93898,6.08842,6.15116,6.27088,-9999,-9999
200309,25.397,1,23.732,1.903,1,26.892,3.076,1,25.558,23.884,1.469,27.07,2.251,25.397,1,23.732,1.903,1,26.892,3.076,1,402.451,188.797,1,167.624,188.797,1,397.92,1,399.612,397.92,1,458.093,1,444.341,458.093,1,9.826,1,10.404,9.826,1,99.834,99.863,1,2.27,1.41,1,1.307,1.534,0.998611,0.206620436,0.825,132.1811408,1,-9999,-9999,24.829,1,11.5,1,0,1,65.8636,0.941667,65.8636,1.02866,30.5443,0.944444,30.5443,0.559495,-9999,-9999,22.7667,25.2333,22.7667,25.2333,-1.83695,-1.84209,0.8875,0.881944,0.0872471,0.08871,0.126234,0.119297,-1.85297,-1.82853,0.86875,0.864583,0.0863096,0.0850157,0.125588,0.116576,-1.89372,-1.89175,0.874062,0.868594,0.0134963,0.0134538,-2.10545,-2.01151,-1.94128,-1.86077,-1.84213,-1.82905,-1.81116,-2.1056,-1.99152,-1.94424,-1.86669,-1.84286,-1.83199,-1.79219,0.85625,0.886111,0.866667,0.830556,0.905556,0.9375,0.918056,0.863194,0.900694,0.886111,0.83125,0.875,0.953472,0.872917,4.32837,4.3386,1.05953,1.08117,0.943017,0.927075,0.111344,0.115234,0.206408,0.200068,-7.25506,-7.27436,7.0632,7.02668,0.836359,0.840308,0.124443,0.125034,0.179915,0.18204,4.32501,4.34992,1.05731,1.07639,0.909684,0.905336,0.108273,0.10641,0.204768,0.195119,-7.28041,-7.25825,7.0333,7.00242,0.830974,0.826974,0.124453,0.122646,0.179922,0.180408,3.92288,3.98801,4.03862,4.09688,4.25629,4.33561,4.38269,3.91967,4.00879,4.05344,4.08126,4.16965,4.33588,4.35664,0.866206,0.880698,0.976548,0.951845,0.905336,0.927075,0.905336,0.866206,0.880698,0.829974,0.829974,0.948946,0.927075,0.914032,-7.4255,-7.3182,-7.30563,-7.23905,-7.06801,-7.05832,-7.02959,-7.42057,-7.32136,-7.27754,-7.1419,-7.06694,-7.05675,-7.02522,0.833641,0.823026,0.829641,0.829692,0.868513,0.863179,0.885846,0.830974,0.825641,0.819179,0.825949,0.868513,0.893846,0.899128,4.58727,5.0164,4.46973,0.0595811,3.96857,4.01165,4.05142,4.44178,4.74702,4.89299,5.0164,4.58571,4.90116,4.55316,0.0557617,3.97983,4.01344,4.25427,4.58904,4.84129,4.88609,5.0164,6.477,6.84493,6.36148,0.0579136,5.86671,5.87491,5.90147,6.4566,6.62947,6.69239,6.84458,6.84493,6.75413,6.44687,0.0535596,5.86293,5.8953,6.2748,6.53898,6.6525,6.74176,6.89402,3.05609,3.73033,4.34235,0.153967,3.05609,3.29139,3.4558,3.99198,5.28393,5.39464,5.86488,3.08978,4.01343,4.21708,0.147709,3.0526,3.16719,3.54491,3.79979,5.12947,5.35598,5.77653,5.56895,5.88023,6.2584,0.0910528,5.56895,5.62636,5.71668,5.96608,6.77137,6.89833,7.03964,5.60828,5.96357,6.17912,0.0867937,5.53232,5.63049,5.76389,5.94507,6.72812,6.81242,7.03809,-9999,-9999
200310,19.359,1,18.028,2.565,1,20.7,3.424,1,19.643,17.796,2.282,21.51,3.127,19.359,1,18.028,2.565,1,20.7,3.424,1,343.809,144.452,1,152.636,144.452,1,349.48,1,354.451,349.48,1,397.235,1,388.454,397.235,1,8.78,1,10.161,8.78,1,100.533,100.541,1,0.351,0.458,1,1.606,1.64,0.99664,0.221576565,0.997983871,69.60740591,1,-9999,-9999,19.348,1,10.2,1,0,1,33.8748,1,33.8748,0.642787,28.7527,0.999328,28.7527,0.596728,-9999,-9999,24.0323,23.9677,24,23.9677,-1.32686,-1.41073,0.947581,0.934812,0.0567188,0.0566331,0.102133,0.0947494,-1.44267,-1.48857,0.854839,0.854167,0.0556372,0.0553574,0.101536,0.0939925,-1.40085,-1.39834,0.894943,0.890793,0.0118682,0.0109539,-1.54441,-1.48857,-1.47914,-1.39472,-1.3412,-1.3187,-1.2933,-1.54298,-1.47914,-1.4505,-1.39389,-1.3508,-1.32721,-1.29065,0.828629,0.854167,0.859543,0.981855,0.825941,0.979167,0.987903,0.828629,0.859543,0.813844,0.981855,0.824597,0.947581,0.987903,2.59037,2.46423,0.902515,0.793994,0.928817,0.906075,0.051238,0.0494084,0.0830831,0.0827947,-5.15184,-5.18653,5.09892,5.05847,0.965872,0.963067,0.0966085,0.097374,0.177692,0.14773,2.56235,2.48491,0.731608,0.713396,0.768759,0.764834,0.0434684,0.0414224,0.0785301,0.0782917,-5.35099,-5.3604,5.17223,5.15066,0.942672,0.945414,0.0980765,0.0983751,0.178494,0.148391,2.36447,2.37523,2.38115,2.44526,2.49263,2.50603,2.59037,2.35502,2.37316,2.37951,2.43718,2.49505,2.50603,2.57802,0.690241,0.690241,0.690241,0.998656,0.99328,0.943602,0.928817,0.690241,0.994624,0.690241,0.694165,0.99328,0.943602,0.715671,-5.3609,-5.3344,-5.25304,-5.13943,-5.08926,-5.03613,-4.90219,-5.36385,-5.27351,-5.18653,-5.13765,-5.09047,-5.05132,-4.90866,0.942779,0.942726,0.948156,0.93863,0.98223,0.978086,0.9768,0.945414,0.94536,0.963067,0.975451,0.976741,0.93863,0.9768,2.45224,2.57497,2.54526,0.0337589,2.30737,2.34266,2.40621,2.4887,2.59507,2.74135,3.0166,2.45224,2.49178,2.52363,0.0309395,2.33809,2.35619,2.41292,2.48896,2.54244,2.64662,2.80927,3.81191,4.06354,3.94361,0.0328415,3.66884,3.72893,3.75816,3.94776,4.01186,4.09777,4.3912,4.06354,3.93445,3.92448,0.0317789,3.68881,3.71762,3.74405,3.93842,4.02366,4.06354,4.14018,2.86009,3.54299,2.91332,0.081238,2.2164,2.5836,2.63065,2.78428,3.1182,3.21104,3.61639,3.01124,3.14759,2.93944,0.0793954,2.20959,2.57945,2.62904,2.82493,3.15758,3.39588,3.54299,4.13581,4.60714,4.30346,0.0532953,3.73362,3.97919,4.01002,4.37438,4.48218,4.59121,4.80614,4.14088,4.3882,4.28858,0.0515842,3.72462,3.97813,4.02369,4.33859,4.45441,4.57007,4.73071,-9999,-9999
200311,14.532,1,13.567,2.402,1,15.634,2.916,1,14.791,13.374,2.197,16.418,2.903,14.532,1,13.567,2.402,1,15.634,2.916,1,285.937,107.699,1,117.493,107.699,1,331.485,1,336.664,331.485,1,365.041,1,366.443,365.041,1,5.863,1,6.664,5.863,1,100.836,100.844,1,0.971,0.715,1,1.66,1.711,1,0.225456449,0.982638889,43.07909306,1,-9999,-9999,15.556,1,9.9,1,0,1,20.5901,0.997917,20.5901,0.409817,24.4763,0.996528,24.4763,0.534938,-9999,-9999,25.8,22.2,25.8,22.2,-0.899663,-0.924322,0.960417,0.950694,0.0500355,0.0501447,0.073039,0.0687004,-0.91321,-0.968418,0.917361,0.902778,0.0498543,0.0510094,0.072915,0.0693341,-0.952373,-0.945866,0.926944,0.922726,0.00923841,0.00961509,-1.04367,-1.00608,-0.991255,-0.964825,-0.914865,-0.899659,-0.838569,-1.04117,-0.993612,-0.984224,-0.961015,-0.910849,-0.899691,-0.831209,0.988194,0.897917,0.972917,0.872917,0.944444,0.934028,0.880556,0.99375,0.901389,0.993056,0.870833,0.955556,0.9625,0.892361,1.77085,1.7323,0.471448,0.416323,0.967949,0.953744,0.0368612,0.0365912,0.12644,0.115725,-3.92065,-3.92959,3.95444,3.95126,0.952306,0.94776,0.0950439,0.0954338,0.136882,0.130002,1.84075,1.79106,0.404572,0.416791,0.908513,0.882821,0.0363955,0.0368782,0.126305,0.115817,-4.02949,-4.08822,4.02265,4.00147,0.928261,0.926746,0.0948727,0.0972565,0.136764,0.131346,1.39506,1.54987,1.6259,1.70357,1.77085,1.79176,1.84193,1.40542,1.57219,1.62328,1.70503,1.7745,1.79176,1.84193,1,0.973077,0.971795,0.881436,0.967949,0.870615,0.889231,1,0.974359,0.971795,0.967949,0.825744,0.870615,0.889231,-4.08822,-4.05408,-4.01066,-3.93844,-3.87126,-3.85707,-3.7736,-4.08948,-4.03282,-4.00053,-3.94162,-3.87468,-3.85626,-3.77717,0.926746,0.914625,0.899736,0.949275,0.970158,0.899605,0.890711,0.926746,0.910145,0.904084,0.952306,0.970158,0.973123,0.892161,1.91935,2.2739,2.1239,0.0645495,1.51021,1.59908,1.75495,2.23163,2.43788,2.5912,2.70007,1.91935,2.32198,2.06949,0.0611804,1.50885,1.59269,1.76117,2.17406,2.37817,2.47736,2.64868,2.81905,3.24232,3.06976,0.0591219,2.52854,2.61193,2.72287,3.21124,3.39721,3.49403,3.53864,3.24232,3.23519,3.02186,0.0565492,2.53718,2.58804,2.70073,3.17887,3.35829,3.4202,3.52553,2.50496,2.77969,2.39729,0.0357074,1.9122,2.17143,2.2089,2.42464,2.50829,2.58505,2.74904,2.57101,2.77371,2.41966,0.0369554,1.94791,2.11886,2.25255,2.46255,2.55432,2.629,2.74904,3.08426,3.29337,3.09923,0.0194177,2.81006,3.02015,3.04122,3.09054,3.16414,3.21713,3.28672,3.13942,3.23843,3.10169,0.0200285,2.80136,3.00852,3.04322,3.09266,3.16852,3.22518,3.29337,-9999,-9999
200312,7.672,1,6.634,2.586,1,8.972,3.407,1,7.032,5.427,2.243,9.033,3.481,7.672,1,6.634,2.586,1,8.972,3.407,1,255.682,117.084,1,123.685,117.084,1,273.548,1,282.858,273.548,1,302.643,1,299.857,302.643,1,4.334,1,4.368,4.334,1,101.384,101.375,1,0.361,0.51,1,1.529,1.494,0.999328,0.200443568,0.784946237,30.25209341,1,-9999,-9999,9.071,1,10.6,1,0,1,15.977,0.988575,15.977,0.262078,28.4796,0.985887,28.4796,0.497061,-9999,-9999,26.6774,21.3226,26.6774,21.3226,-1.18394,-1.2136,0.946909,0.943548,0.0438695,0.0444758,0.102267,0.101437,-1.2234,-1.22751,0.917339,0.920027,0.043927,0.0454248,0.102291,0.101857,-1.15028,-1.15052,0.928159,0.923118,0.0129487,0.0127824,-1.24475,-1.22473,-1.21374,-1.17993,-1.13072,-1.03997,-0.981889,-1.23274,-1.22503,-1.21254,-1.18037,-1.12937,-1.04269,-0.98278,0.916667,0.920027,0.936828,0.819892,0.858871,0.985215,0.9375,0.920027,0.9375,0.932124,0.818548,0.858871,0.960349,0.9375,1.21216,1.2357,0.325431,0.320772,0.945042,0.943801,0.0341937,0.0344819,0.108511,0.154703,-4.07948,-4.17305,3.43487,3.46784,0.949099,0.943025,0.085008,0.0862987,0.30026,0.293229,1.23253,1.24114,0.305464,0.312022,0.913197,0.915679,0.0330412,0.0374773,0.108153,0.155398,-4.19042,-4.2109,3.41847,3.40275,0.922287,0.92529,0.085857,0.086669,0.300501,0.293339,1.1728,1.21216,1.22461,1.24837,1.3688,1.41813,1.53747,1.17414,1.21208,1.2243,1.30782,1.36805,1.51371,1.54674,0.997611,0.945042,0.946283,0.942606,0.928867,0.924547,0.755767,0.997611,0.945042,0.984468,0.931716,0.931716,0.811277,0.755767,-4.55767,-4.34118,-4.29321,-4.19385,-3.98357,-3.76523,-3.69378,-4.55767,-4.35188,-4.33472,-4.21297,-4.00148,-3.79139,-3.69536,0.893032,0.939324,0.940511,0.92522,0.947493,0.94868,0.962366,0.893032,0.942117,0.935903,0.92529,0.950496,0.94868,0.953149,1.3228,1.46332,1.42421,0.0193581,1.29122,1.3232,1.34658,1.37397,1.47193,1.50916,1.66325,1.3228,1.43341,1.42219,0.0188339,1.29314,1.3228,1.34623,1.37735,1.47475,1.50916,1.56442,2.50191,2.69083,2.57473,0.0263903,2.3189,2.38875,2.49315,2.56053,2.67014,2.70273,2.86083,2.68982,2.65681,2.57247,0.0260921,2.33463,2.38226,2.47269,2.54079,2.68764,2.71376,2.73477,1.19952,1.48019,1.45241,0.0804504,0.905064,0.988636,1.0178,1.30067,1.53021,2.08719,2.54942,1.24454,1.43817,1.41272,0.0749894,0.905989,0.967212,1.00886,1.28215,1.61707,1.82128,2.39741,2.58831,2.81485,2.72237,0.0393613,2.3613,2.43091,2.4565,2.76754,2.86587,2.95028,3.14018,2.66168,2.78802,2.70988,0.038001,2.35445,2.43046,2.45404,2.74504,2.89542,2.9123,3.12681,-9999,-9999
200401,5.827,1,5.325,1.285,1,6.419,1.574,1,6.452,5.313,1.89,7.798,2.559,5.827,1,5.325,1.285,1,6.419,1.574,1,271.029,59.769,1,91.682,59.769,1,313.235,1,310.237,313.235,1,306.681,1,333.739,306.681,1,1.985,1,3.547,1.985,1,101.158,101.176,1,1.078,1.465,1,1.432,1.363,1,0.186793428,0.984543011,25.11653143,0.999327957,-9999,-9999,8.095,1,11.7,1,0,1,13.2093,0.998656,13.2093,0.31031,15.2589,0.993952,15.2589,0.315662,-9999,-9999,26,22,26,21.9677,-0.629113,-0.604853,0.991263,0.987231,0.0442546,0.0454861,0.0737748,0.0745445,-0.612008,-0.612058,0.980511,0.980511,0.0504151,0.0506361,0.077627,0.0777941,-0.582053,-0.581902,0.971791,0.971858,0.0080407,0.0081761,-0.637735,-0.62998,-0.624036,-0.598662,-0.547901,-0.511925,-0.490604,-0.63776,-0.630309,-0.625221,-0.59956,-0.544055,-0.512192,-0.487348,0.993952,0.991935,0.995968,0.991935,0.978495,0.93414,0.940188,0.993952,0.981183,0.995968,0.980511,0.981183,0.93414,0.935484,0.977259,1.00755,0.38742,0.383469,0.986352,0.980149,0.0480411,0.0508205,0.0861963,0.0938771,-2.47766,-2.46245,2.93083,2.93069,0.997067,0.995601,0.0737444,0.074449,0.0969499,0.0974667,1.04744,1.04744,0.365598,0.365598,0.978908,0.978908,0.0605912,0.0610412,0.0937718,0.0997808,-2.52463,-2.52473,2.90756,2.90748,0.982405,0.982405,0.0781708,0.0783127,0.100358,0.100449,0.937597,0.967844,0.980135,1.02237,1.10285,1.11098,1.15737,0.935715,0.967844,0.980135,1.02144,1.10691,1.12571,1.15787,0.992556,0.988834,0.926799,0.934243,0.975186,0.934243,0.980149,0.992556,0.988834,0.926799,0.934243,0.980149,0.934243,0.980149,-2.53501,-2.51692,-2.48434,-2.46245,-2.42403,-2.39105,-2.34167,-2.53602,-2.51716,-2.49057,-2.46245,-2.42403,-2.39135,-2.33993,0.973607,0.980938,0.950147,0.995601,1,0.939883,0.947214,0.973607,0.980938,0.998534,0.995601,1,1,0.947214,1.24417,1.27794,1.3537,0.0398391,1.04553,1.10851,1.12713,1.33601,1.41742,1.67477,1.83038,1.24417,1.27794,1.3537,0.0398391,1.04553,1.10851,1.12713,1.33601,1.41742,1.67477,1.83038,1.84283,1.89,1.9356,0.0342999,1.67306,1.73306,1.75512,1.90722,1.97438,2.15494,2.31773,1.90704,1.88995,1.93575,0.0343619,1.66788,1.73372,1.75538,1.90704,1.96867,2.15709,2.31686,1.01084,1.17789,1.14041,0.0432517,0.81274,0.969918,0.990758,1.13179,1.2253,1.2573,1.38693,1.01505,1.17789,1.14041,0.0432517,0.81274,0.969918,0.990758,1.13179,1.2253,1.2573,1.38693,1.75668,1.8145,1.77533,0.0180349,1.46837,1.71926,1.74497,1.77637,1.82327,1.85976,1.8872,1.77197,1.8145,1.77533,0.0180349,1.46837,1.71926,1.74497,1.77637,1.82327,1.85976,1.8872,-9999,-9999
200402,10.88,1,9.881,2.628,1,11.928,2.969,1,11.278,9.582,2.322,13.053,3.286,10.88,1,9.881,2.628,1,11.928,2.969,1,322.768,116.564,1,127.737,116.564,1,319.069,1,320.561,319.069,1,336.114,1,346.515,336.114,1,4.559,1,5.474,4.559,1,100.802,100.786,1,1.624,2.421,1,1.554,1.66,1,0.231903654,0.764367816,58.74856913,0.999281609,-9999,-9999,10.097,1,14.6,1,0,1,23.1934,0.984195,23.1934,0.487918,20.932,0.968391,20.932,0.498686,-9999,-9999,24.6897,23.3103,24.6207,23.2414,-1.01713,-1.01034,0.877874,0.844109,0.042952,0.0423026,0.0738035,0.0734274,-1.09771,-1.09771,0.758621,0.758621,0.0419493,0.0419493,0.0732245,0.0732245,-1.06646,-1.06646,0.784608,0.784608,0.0129676,0.0129676,-1.18789,-1.1364,-1.12323,-1.07579,-1.04521,-1.01636,-0.888411,-1.18789,-1.1364,-1.12323,-1.07579,-1.04521,-1.01636,-0.888411,0.961925,0.66092,0.976293,0.95546,0.932471,0.828305,0.625718,0.961925,0.66092,0.976293,0.95546,0.932471,0.828305,0.625718,1.58854,1.6036,0.742701,0.642311,0.865747,0.807356,0.0397942,0.0380443,0.15959,0.159163,-3.66834,-3.67009,3.86116,3.88698,0.888595,0.881287,0.0740809,0.0736397,0.112524,0.112234,1.53537,1.53537,0.575237,0.575237,0.677591,0.677591,0.0403435,0.0403435,0.159728,0.159728,-3.76793,-3.76793,3.82812,3.82812,0.84376,0.84376,0.0714398,0.0714398,0.110803,0.110803,1.28907,1.41512,1.44014,1.51418,1.63904,1.72422,1.88055,1.28907,1.41512,1.44014,1.51418,1.63904,1.72422,1.88055,0.983103,0.959655,0.568731,0.956897,0.78477,0.565336,0.865747,0.983103,0.959655,0.568731,0.956897,0.78477,0.565336,0.865747,-3.88713,-3.82348,-3.80685,-3.73575,-3.67009,-3.65408,-3.59604,-3.88713,-3.82348,-3.80685,-3.73575,-3.67009,-3.65408,-3.59604,0.701922,0.684618,0.726586,0.751624,0.881287,0.906155,0.888595,0.701922,0.684618,0.726586,0.751624,0.881287,0.906155,0.888595,1.88586,1.66292,1.7295,0.0231735,1.54378,1.58455,1.59229,1.69375,1.8258,1.91651,1.98074,1.88586,1.66292,1.7295,0.0231735,1.54378,1.58455,1.59229,1.69375,1.8258,1.91651,1.98074,2.76615,2.76063,2.79596,0.0185098,2.57395,2.70519,2.73076,2.77977,2.85564,2.92688,2.99208,2.72737,2.76063,2.79596,0.0185098,2.57395,2.70519,2.73076,2.77977,2.85564,2.92688,2.99208,1.59114,1.67926,1.73397,0.036224,1.34601,1.54646,1.59114,1.69356,1.82951,1.93771,2.16027,1.97662,1.67926,1.73397,0.0362239,1.34601,1.54646,1.59114,1.69356,1.82951,1.93771,2.16027,2.76819,2.93632,2.88832,0.0197382,2.66088,2.75562,2.77948,2.92077,2.97907,3.0091,3.06421,2.92077,2.93632,2.88832,0.0197381,2.66088,2.75562,2.77948,2.92077,2.97907,3.0091,3.06421,-9999,-9999
200403,12.138,1,11.315,1.888,1,12.937,2.128,1,12.396,11.192,2.334,13.549,2.708,12.138,1,11.315,1.888,1,12.937,2.128,1,385.375,96.054,1,122.046,96.054,1,338.41,1,340.656,338.41,1,349.309,1,371.383,349.309,1,4.252,1,4.827,4.252,1,100.572,100.576,1,3.31,5.09,1,1.505,1.625,1,0.21826814,0.956989247,53.8958582,1,-9999,-9999,12.183,1,15.8,1,0,1,24.784,1,24.784,0.479288,16.732,0.990591,16.732,0.438783,-9999,-9999,23.3871,24.6129,23.2258,24.5161,-0.854873,-0.772743,0.973118,0.96371,0.0433634,0.0420885,0.131282,0.130866,-0.83375,-0.83375,0.959677,0.959677,0.0419544,0.0419544,0.130823,0.130823,-0.93932,-0.93932,0.959745,0.959745,0.0166894,0.0166894,-1.06402,-1.04844,-1.02703,-0.978278,-0.854708,-0.800611,-0.756994,-1.06402,-1.04844,-1.02703,-0.978278,-0.854708,-0.800611,-0.756994,0.988575,0.981855,0.934812,0.94086,0.974462,0.933468,0.941532,0.988575,0.981855,0.934812,0.94086,0.974462,0.933468,0.941532,1.96825,2.1362,0.630323,0.526446,0.975196,0.972263,0.0376388,0.0358275,0.261526,0.261271,-3.49035,-3.49626,4.08121,4.08709,0.970947,0.956059,0.0731851,0.0715657,0.142718,0.141894,2.12019,2.12019,0.533083,0.533083,0.972263,0.972263,0.0380224,0.0380224,0.261581,0.261581,-3.59242,-3.59242,3.98029,3.98029,0.948511,0.948511,0.070007,0.070007,0.141115,0.141115,1.56666,1.61859,1.67505,1.95438,2.05784,2.1362,2.22838,1.56666,1.61859,1.67505,1.95438,2.05784,2.1362,2.22838,0.998656,0.995968,0.983871,0.951735,0.972263,0.972263,0.951735,0.998656,0.995968,0.983871,0.951735,0.972263,0.972263,0.951735,-3.75915,-3.7354,-3.70031,-3.57617,-3.51661,-3.49035,-3.397,-3.75915,-3.7354,-3.70031,-3.57617,-3.51661,-3.49035,-3.397,0.929694,0.930935,0.928453,0.971154,0.979942,0.970947,0.993383,0.929694,0.930935,0.928453,0.971154,0.979942,0.970947,0.993383,2.4314,2.86101,2.32275,0.0560389,1.82209,1.90385,1.96681,2.3413,2.48839,2.85215,2.94117,2.4314,2.86101,2.32275,0.0560389,1.82209,1.90385,1.96681,2.3413,2.48839,2.85215,2.94117,3.28611,3.69476,3.26207,0.0441261,2.88199,2.90941,2.98872,3.28025,3.43429,3.69382,3.7011,3.69486,3.69476,3.26207,0.0441261,2.88199,2.90941,2.98872,3.28025,3.43429,3.69382,3.7011,2.89357,3.22842,2.78737,0.056454,2.25994,2.35641,2.54285,2.69746,3.0981,3.1563,3.4199,2.83733,3.22842,2.78737,0.056454,2.25994,2.35641,2.54285,2.69746,3.0981,3.1563,3.4199,3.24246,3.6605,3.37105,0.0259953,3.15599,3.2029,3.23562,3.32544,3.49665,3.54302,3.63091,3.21512,3.6605,3.37105,0.0259953,3.15599,3.2029,3.23562,3.32544,3.49665,3.54302,3.63091,-9999,-9999
200404,20.146,1,18.936,2.44,1,21.124,3.13,1,19.838,18.081,2.28,21.257,2.812,20.146,1,18.936,2.44,1,21.124,3.13,1,436.243,157.384,1,157.73,157.384,1,370.768,1,371.234,370.768,1,414.977,1,409.222,414.977,1,7.401,1,6.532,7.401,1,99.991,99.982,1,6.665,8.2,1,1.58,1.824,0.999306,0.22395737,0.940277778,101.378241,1,-9999,-9999,18.054,1,19.4,1,0,1,53.8946,0.995833,53.8946,0.854538,23.3436,0.997222,23.3436,0.447965,-9999,-9999,21.4667,26.5333,20.5667,25.9,-1.06564,-1.06727,0.890972,0.889583,0.0505838,0.0505576,0.165856,0.165848,-0.958201,-0.958201,0.907639,0.907639,0.0494234,0.0494234,0.165506,0.165506,-0.997271,-0.997271,0.888038,0.888038,0.0321452,0.0321452,-1.49624,-1.13637,-1.07659,-1.00464,-0.86046,-0.820463,-0.714822,-1.49624,-1.13637,-1.07659,-1.00464,-0.86046,-0.820463,-0.714822,0.984028,0.9125,0.904861,0.900694,0.825,0.839583,0.820833,0.984028,0.9125,0.904861,0.900694,0.825,0.839583,0.820833,3.42942,3.41449,1.1657,1.10182,0.885498,0.883838,0.0549264,0.0525867,0.194016,0.193366,-4.635,-4.62412,6.00403,5.99015,0.895442,0.89416,0.0763574,0.0772409,0.162792,0.163208,3.50256,3.50256,1.00986,1.00986,0.917388,0.917388,0.0507684,0.0507684,0.19288,0.19288,-4.50786,-4.50786,6.103,6.103,0.900047,0.900047,0.075338,0.075338,0.162316,0.162316,2.74569,3.25552,3.37064,3.43658,3.56514,3.62768,4.19048,2.74569,3.25552,3.37064,3.43658,3.56514,3.62768,4.19048,1,0.903752,0.897547,0.903535,0.802453,0.968615,0.808658,1,0.903752,0.897547,0.903535,0.802453,0.968615,0.808658,-4.76502,-4.6966,-4.65112,-4.55399,-4.47415,-4.40905,-4.32564,-4.76502,-4.6966,-4.65112,-4.55399,-4.47415,-4.40905,-4.32564,0.966334,0.906838,0.905508,0.887892,0.95133,0.845062,0.852184,0.966334,0.906838,0.905508,0.887892,0.95133,0.845062,0.852184,3.48237,3.63931,3.61159,0.0523364,3.03012,3.38173,3.42839,3.49449,3.90385,3.97102,4.32402,3.48237,3.63931,3.61159,0.0523364,3.03012,3.38173,3.42839,3.49449,3.90385,3.97102,4.32402,4.60595,4.59751,4.60886,0.0436816,4.20857,4.26162,4.4278,4.55331,4.79924,4.90734,5.14748,4.54939,4.59751,4.60886,0.0436816,4.20857,4.26162,4.4278,4.55331,4.79924,4.90734,5.14748,4.14525,4.90894,4.85362,0.123632,3.85214,4.08953,4.21843,4.70302,5.4297,5.60526,6.58173,4.8503,4.90894,4.85362,0.123632,3.85214,4.08953,4.21843,4.70302,5.4297,5.60526,6.58173,5.28799,5.56772,5.52788,0.056805,5.05896,5.1233,5.25907,5.4418,5.8376,5.92137,6.20133,5.48542,5.56772,5.52788,0.056805,5.05896,5.1233,5.25907,5.4418,5.8376,5.92137,6.20133,-9999,-9999
200405,23.338,1,21.829,2.262,1,24.481,2.937,1,22.838,21.002,1.921,24.235,2.497,23.338,1,21.829,2.262,1,24.481,2.937,1,464.947,181.009,1,170.375,181.009,1,393.87,1,389.849,393.87,1,440.83,1,432.259,440.83,1,9.109,1,8.194,9.109,1,99.65,99.643,1,5.992,6.793,1,1.502,1.764,0.998656,0.230600842,0.989919355,128.4851694,1,-9999,-9999,21.577,1,18,1,0,1,85.4272,0.99664,85.4272,1.43111,17.7819,0.995968,17.7819,0.520226,-9999,-9999,20.7419,27.2581,17.4516,26.0323,-2.04317,-2.24474,0.950269,0.945565,0.0831168,0.0868472,0.281945,0.283067,-2.16218,-2.16218,0.921371,0.921371,0.0810801,0.0810801,0.281351,0.281351,-2.10565,-2.10565,0.920833,0.920833,0.0426414,0.0426414,-2.71464,-2.40232,-2.27554,-2.09397,-1.93103,-1.86349,-1.70193,-2.71464,-2.40232,-2.27554,-2.09397,-1.93103,-1.86349,-1.70193,0.855511,0.866263,0.87164,0.912634,0.974462,0.979839,0.983199,0.855511,0.866263,0.87164,0.912634,0.974462,0.979839,0.983199,3.72403,3.42629,1.59816,1.5876,0.981567,0.975422,0.0971623,0.104306,0.421014,0.42272,-6.28265,-6.40251,7.06406,6.90537,0.927035,0.923494,0.118781,0.122393,0.221616,0.223573,3.58803,3.58803,1.69331,1.69331,0.954839,0.954839,0.0910856,0.0910856,0.419653,0.419653,-6.38144,-6.38144,6.82887,6.82887,0.896228,0.896228,0.115346,0.115346,0.219794,0.219794,2.6791,3.12629,3.28632,3.65685,3.88947,3.94558,4.11032,2.6791,3.12629,3.28632,3.65685,3.88947,3.94558,4.11032,0.891705,0.893241,0.964132,0.954839,1,0.981567,1,0.891705,0.893241,0.964132,0.954839,1,0.981567,1,-6.61566,-6.45275,-6.38552,-6.27984,-6.22073,-6.07856,-6.0088,-6.61566,-6.45275,-6.38552,-6.27984,-6.22073,-6.07856,-6.0088,0.828725,0.91752,0.891534,0.819252,0.955368,0.81729,0.975124,0.828725,0.91752,0.891534,0.819252,0.955368,0.81729,0.975124,5.21065,5.13919,5.09536,0.0438449,4.5072,4.75423,4.91888,5.16125,5.28704,5.31235,5.35784,5.21065,5.13919,5.09536,0.0438449,4.5072,4.75423,4.91888,5.16125,5.28704,5.31235,5.35784,7.15641,7.30136,7.20101,0.0718875,6.46048,6.62494,6.73774,7.27969,7.4907,7.65694,7.9887,7.35791,7.30136,7.20101,0.0718875,6.46048,6.62494,6.73774,7.27969,7.4907,7.65694,7.9887,5.13798,5.37933,4.88339,0.0879672,3.91951,4.32849,4.45352,4.90675,5.24026,5.3609,5.55818,4.33895,5.37933,4.88339,0.0879672,3.91951,4.32849,4.45352,4.90675,5.24026,5.3609,5.55818,6.65079,6.95413,6.58961,0.0570891,5.95557,6.22515,6.3449,6.59133,6.8546,6.92013,7.00448,6.20864,6.95413,6.58961,0.0570891,5.95557,6.22515,6.3449,6.59133,6.8546,6.92013,7.00448,-9999,-9999
200406,25.449,1,23.922,1.734,1,26.522,2.459,1,25.447,23.662,1.562,26.702,2.26,25.449,1,23.922,1.734,1,26.522,2.459,1,474.116,185.784,1,175.758,185.784,1,409.701,1,408.51,409.701,1,465.53,1,455.352,465.53,1,8.225,1,8.723,8.225,1,99.44,99.456,1,4.119,4.398,1,1.273,1.46,1,0.190591081,1,135.9975965,1,-9999,-9999,23.957,1,16.8,1,0,1,87.3027,0.998611,87.3027,1.4502,17.7676,0.996528,17.7676,0.56183,-9999,-9999,19.8667,28.1333,19.8333,28.1,-2.59526,-2.69175,0.881944,0.88125,0.089754,0.0898053,0.168634,0.168661,-2.56771,-2.56771,0.874306,0.874306,0.0864759,0.0864759,0.166912,0.166912,-2.53286,-2.53286,0.893073,0.893073,0.0212433,0.0212433,-2.69175,-2.67614,-2.62567,-2.58682,-2.44767,-2.39062,-2.30454,-2.69175,-2.67614,-2.62567,-2.58682,-2.44767,-2.39062,-2.30454,0.88125,0.8625,0.8875,0.932639,0.84375,0.973611,0.813194,0.88125,0.8625,0.8875,0.932639,0.84375,0.973611,0.813194,4.06276,3.95467,1.34747,1.37072,0.847456,0.854123,0.113907,0.116451,0.451458,0.452106,-7.12507,-7.20748,7.44095,7.42099,0.906158,0.900205,0.123684,0.122602,0.177948,0.177198,4.07751,4.07751,1.33653,1.33653,0.857456,0.857456,0.11169,0.11169,0.450903,0.450903,-7.08954,-7.08954,7.42438,7.42438,0.886002,0.886002,0.118287,0.118287,0.17424,0.17424,3.83824,3.95889,4.00572,4.19818,4.55048,4.83259,4.88971,3.83824,3.95889,4.00572,4.19818,4.55048,4.83259,4.88971,1,1,0.956667,1,0.817456,0.995,0.804123,1,1,0.956667,1,0.817456,0.995,0.804123,-7.38165,-7.35937,-7.31225,-7.21405,-7.11951,-7.10349,-7.03916,-7.38165,-7.35937,-7.31225,-7.21405,-7.11951,-7.10349,-7.03916,0.859934,0.865887,0.871798,0.819828,0.926273,0.903777,0.992857,0.859934,0.865887,0.871798,0.819828,0.926273,0.903777,0.992857,4.29386,4.8485,4.96522,0.0929842,4.16874,4.29386,4.46969,4.87174,5.59244,5.67069,5.70036,4.29386,4.8485,4.96522,0.0929842,4.16874,4.29386,4.46969,4.87174,5.59244,5.67069,5.70036,6.91953,7.41622,7.49808,0.091073,6.63126,6.89053,6.94219,7.43433,8.01635,8.07323,8.31318,7.70909,7.41622,7.49808,0.091073,6.63126,6.89053,6.94219,7.43433,8.01635,8.07323,8.31318,6.66991,6.0426,6.10224,0.117439,4.88329,5.22896,5.46918,6.06819,6.62885,6.66991,7.38292,6.23626,6.0426,6.10224,0.117439,4.88329,5.22896,5.46918,6.06819,6.62885,6.66991,7.38292,7.78718,7.45347,7.85672,0.0608639,7.26157,7.50221,7.55907,7.80683,8.05784,8.24883,8.61297,7.88549,7.45347,7.85672,0.0608639,7.26157,7.50221,7.55907,7.80683,8.05784,8.24883,8.61297,-9999,-9999
200407,27.936,1,26.179,1.44,1,29.191,2.636,1,27.332,25.743,1.127,28.468,1.907,27.936,1,26.179,1.44,1,29.191,2.636,1,467.562,236.15,1,193.06,236.15,1,416,1,414.493,416,1,479.354,1,462.756,479.354,1,12.143,1,9.695,12.143,1,99.35,99.343,1,4.243,3.339,1,1.794,2.077,1,0.280357799,0.989919355,172.8798999,1,-9999,-9999,25.938,1,12.9,1,0,1,125.458,1,125.458,1.58822,18.3134,1,18.3134,0.625128,-9999,-9999,20,28,20,28,-2.36679,-2.27781,0.985887,0.965726,0.0918539,0.0901798,0.144275,0.143215,-2.2377,-2.2377,0.974462,0.974462,0.0875582,0.0875582,0.141579,0.141579,-2.30899,-2.30899,0.973673,0.973673,0.014459,0.014459,-2.50322,-2.43611,-2.35876,-2.28885,-2.25489,-2.21359,-2.19041,-2.50322,-2.43611,-2.35876,-2.28885,-2.25489,-2.21359,-2.19041,0.985215,0.997312,0.994624,0.995968,0.989919,0.971102,0.969758,0.985215,0.997312,0.994624,0.995968,0.989919,0.971102,0.969758,4.94883,5.07258,1.71682,1.63129,0.995161,0.96129,0.109349,0.101574,0.358184,0.355887,-7.44473,-7.38614,8.20077,8.26655,0.979263,0.968894,0.130093,0.130113,0.223405,0.223416,5.21897,5.21897,1.28064,1.28064,0.972581,0.972581,0.0925915,0.0925915,0.353429,0.353429,-7.42443,-7.42443,8.17069,8.17069,0.975806,0.975806,0.128637,0.128637,0.22256,0.22256,4.41823,4.6324,4.75932,5.07614,5.28741,5.31456,5.33372,4.41823,4.6324,4.75932,5.07614,5.28741,5.31456,5.33372,0.998387,0.998387,0.996774,0.998387,0.966129,0.96129,0.96129,0.998387,0.998387,0.996774,0.998387,0.966129,0.96129,0.96129,-7.57743,-7.54532,-7.52036,-7.45071,-7.29227,-7.18208,-7.07211,-7.57743,-7.54532,-7.52036,-7.45071,-7.29227,-7.18208,-7.07211,0.956221,0.974654,0.9447,0.968894,0.93894,0.989631,0.99424,0.956221,0.974654,0.9447,0.968894,0.93894,0.989631,0.99424,5.59417,5.79379,5.65141,0.0482622,4.91314,5.20115,5.47866,5.67877,5.87962,5.93271,5.96702,5.59417,5.79379,5.65141,0.0482622,4.91314,5.20115,5.47866,5.67877,5.87962,5.93271,5.96702,8.13196,8.03148,7.9604,0.044101,7.28379,7.55328,7.77497,8.06286,8.15744,8.20731,8.23569,8.01742,8.03148,7.9604,0.044101,7.28379,7.55328,7.77497,8.06286,8.15744,8.20731,8.23569,5.29792,4.99325,5.51392,0.117761,4.15687,4.7825,5.07853,5.42704,5.93291,6.49136,6.71469,5.69059,4.99325,5.51392,0.117761,4.15687,4.7825,5.07853,5.42704,5.93291,6.49136,6.71469,7.7173,7.73394,7.94663,0.062502,7.27082,7.55325,7.7021,7.94236,8.1475,8.45508,8.56151,8.13379,7.73394,7.94663,0.062502,7.27082,7.55325,7.7021,7.94236,8.1475,8.45508,8.56151,-9999,-9999
200408,27.558,1,25.931,1.63,1,28.819,2.776,1,27.001,25.595,1.122,28.098,1.751,27.558,1,25.931,1.63,1,28.819,2.776,1,443.837,198.25,1,171.731,198.25,1,423.954,1,418.674,423.954,1,479.988,1,467.93,479.988,1,10.023,1,7.353,10.023,1,99.169,99.183,1,5.678,6.365,1,1.259,1.6,0.998656,0.223729593,1,147.3313327,1,-9999,-9999,26.121,1,12.3,1,0,1,100.654,1,100.654,1.35081,20.8928,0.999328,20.8928,0.578219,-9999,-9999,21.0968,26.9032,21.0968,26.9032,-2.23702,-2.21928,0.985215,0.985887,0.102735,0.100789,0.177752,0.176635,-2.08184,-2.08184,0.983199,0.983199,0.0971644,0.0971644,0.174592,0.174592,-2.17069,-2.17069,0.977016,0.977016,0.0219923,0.0219923,-2.40549,-2.32541,-2.2962,-2.12646,-2.06635,-2.0353,-1.96902,-2.40549,-2.32541,-2.2962,-2.12646,-2.06635,-2.0353,-1.96902,0.972446,0.965726,0.984543,0.971774,0.997312,0.991263,0.997312,0.972446,0.965726,0.984543,0.971774,0.997312,0.991263,0.997312,5.06883,5.08934,1.52361,1.50026,0.996928,0.996928,0.120911,0.118217,0.221524,0.220065,-7.82038,-7.80834,8.52874,8.5517,0.976404,0.977556,0.149027,0.146407,0.280951,0.279569,5.51201,5.51201,1.19355,1.19355,0.996928,0.996928,0.113066,0.113066,0.217341,0.217341,-7.90239,-7.90239,8.60762,8.60762,0.972862,0.972862,0.141586,0.141586,0.277075,0.277075,4.9779,5.06883,5.08934,5.18507,5.36273,5.44006,5.63148,4.9779,5.06883,5.08934,5.18507,5.36273,5.44006,5.63148,1,0.996928,0.996928,0.989094,1,0.996928,0.967742,1,0.996928,0.996928,0.989094,1,0.996928,0.967742,-8.12555,-8.05139,-8.02115,-7.93729,-7.70777,-7.57506,-7.41174,-8.12555,-8.05139,-8.02115,-7.93729,-7.70777,-7.57506,-7.41174,0.935858,0.961,0.952722,0.968126,0.984724,0.993045,0.995349,0.935858,0.961,0.952722,0.968126,0.984724,0.993045,0.995349,6.23699,5.97635,5.97761,0.0319621,5.60321,5.81084,5.85521,5.97939,6.07261,6.18929,6.28779,6.23699,5.97635,5.97761,0.0319621,5.60321,5.81084,5.85521,5.97939,6.07261,6.18929,6.28779,8.38247,8.05819,8.1483,0.0365528,7.56319,7.95753,8.10247,8.21451,8.26494,8.31535,8.38864,8.10661,8.05819,8.1483,0.0365528,7.56319,7.95753,8.10247,8.21451,8.26494,8.31535,8.38864,6.29083,6.43821,6.25624,0.1411,5.11366,5.19449,5.34022,6.14963,7.12787,7.24984,7.4617,5.89669,6.43821,6.25624,0.1411,5.11366,5.19449,5.34022,6.14963,7.12787,7.24984,7.4617,8.03939,8.31287,8.06981,0.075479,7.45719,7.56111,7.59981,8.03939,8.43132,8.59262,8.74762,7.9694,8.31287,8.06981,0.075479,7.45719,7.56111,7.59981,8.03939,8.43132,8.59262,8.74762,-9999,-9999
200409,23.739,1,22.341,1.709,1,24.999,2.686,1,23.544,22.108,1.455,24.851,2.003,23.739,1,22.341,1.709,1,24.999,2.686,1,400.733,171.109,1,160.809,171.109,1,393.628,1,392.548,393.628,1,451.344,1,435.599,451.344,1,7.18,1,6.666,7.18,1,99.958,99.975,1,3.384,2.857,1,1.41,1.451,0.998611,0.195720078,0.983333333,113.4718208,0.999305556,-9999,-9999,23.681,1,14.8,1,0,1,76.8404,0.999306,76.8404,1.09715,18.7874,0.999306,18.7874,0.443833,-9999,-9999,22.8,25.2,18.8333,24.9667,-2.77515,-2.72423,0.942361,0.938889,0.0998459,0.0992458,0.525149,0.525035,-2.83344,-2.83344,0.923611,0.923611,0.0932907,0.0932907,0.523942,0.523942,-2.80655,-2.80655,0.902066,0.902066,0.0690868,0.0690868,-3.55672,-3.36403,-3.32154,-2.75101,-2.55606,-2.33289,-2.12982,-3.55672,-3.36403,-3.32154,-2.75101,-2.55606,-2.33289,-2.12982,0.797222,0.798611,0.796528,0.930556,0.979167,0.988889,0.988194,0.797222,0.798611,0.796528,0.930556,0.979167,0.988889,0.988194,3.76765,3.83892,1.9567,1.96674,0.926087,0.924638,0.137039,0.135323,0.599422,0.599032,-8.50238,-8.47229,8.13189,8.12676,0.957333,0.952,0.134609,0.13444,0.423885,0.423831,3.90458,3.90458,2.0379,2.0379,0.904348,0.904348,0.115021,0.115021,0.594774,0.594774,-8.73521,-8.73521,8.10681,8.10681,0.941333,0.941333,0.131702,0.131702,0.422971,0.422971,2.85139,3.0232,3.12548,3.86446,4.03625,4.19029,4.28358,2.85139,3.0232,3.12548,3.86446,4.03625,4.19029,4.28358,0.727536,0.727536,0.775362,0.815942,0.991304,0.815942,0.991304,0.727536,0.727536,0.775362,0.815942,0.991304,0.815942,0.991304,-9.29317,-8.86095,-8.78096,-8.60115,-8.25665,-8.05706,-7.7455,-9.29317,-8.86095,-8.78096,-8.60115,-8.25665,-8.05706,-7.7455,0.814513,0.852205,0.937333,0.914667,0.965333,0.973333,0.986667,0.814513,0.852205,0.937333,0.914667,0.965333,0.973333,0.986667,4.73708,4.9093,5.04011,0.1081,3.94895,4.28422,4.6059,4.86652,5.42408,5.84252,6.35693,4.73708,4.9093,5.04011,0.1081,3.94895,4.28422,4.6059,4.86652,5.42408,5.84252,6.35693,7.53825,7.74274,7.84666,0.139886,6.5945,7.04141,7.20864,7.62012,8.06846,8.46655,9.68818,7.72211,7.74274,7.84666,0.139886,6.5945,7.04141,7.20864,7.62012,8.06846,8.46655,9.68818,4.56496,5.81229,5.25375,0.153435,3.8584,4.07819,4.3838,5.22373,5.98693,6.25328,6.80878,5.34414,5.81229,5.25375,0.153435,3.8584,4.07819,4.3838,5.22373,5.98693,6.25328,6.80878,6.92466,7.42298,7.26842,0.0848466,6.46452,6.54893,6.77769,7.37762,7.6237,7.78731,7.99243,7.21002,7.42298,7.26842,0.0848466,6.46452,6.54893,6.77769,7.37762,7.6237,7.78731,7.99243,-9999,-9999
200410,18.692,1,17.346,2.609,1,20.056,3.704,1,18.694,16.658,2.275,20.755,3.26,18.692,1,17.346,2.609,1,20.056,3.704,1,341.769,168.89,1,180.343,168.89,1,332.001,1,333.279,332.001,1,390.705,1,362.253,390.705,1,8.679,1,9.927,8.679,1,100.698,100.693,1,0.016,0.019,1,1.732,1.504,0.998656,0.189011196,1,78.75511962,1,-9999,-9999,18.538,1,10.3,1,0,1,55.4875,1,55.4875,0.807143,26.2459,1,26.2459,0.589189,-9999,-9999,24.0968,23.9032,23.7419,23.9032,-2.53919,-2.532,0.946237,0.949597,0.0650988,0.064838,0.142014,0.141895,-2.47618,-2.47618,0.899866,0.899866,0.0635695,0.0635695,0.141319,0.141319,-2.43672,-2.43672,0.923572,0.923572,0.020496,0.020496,-2.67228,-2.55854,-2.54135,-2.44215,-2.32531,-2.30611,-2.26251,-2.67228,-2.55854,-2.54135,-2.44215,-2.32531,-2.30611,-2.26251,0.961022,0.985215,0.959677,0.903226,0.882392,0.887097,0.903226,0.961022,0.985215,0.959677,0.903226,0.882392,0.887097,0.903226,2.99606,3.00145,0.839007,0.872734,0.94748,0.950061,0.0467501,0.0464045,0.423682,0.423644,-7.94004,-7.93216,7.14867,7.15225,0.944712,0.948808,0.116363,0.115961,0.230231,0.230027,3.05153,3.05153,0.594996,0.594996,0.86317,0.86317,0.0431207,0.0431207,0.423297,0.423297,-7.86754,-7.86754,7.08328,7.08328,0.936706,0.936706,0.114346,0.114346,0.229217,0.229217,2.23395,2.60588,2.67192,3.07815,3.4042,3.44807,3.46114,2.23395,2.60588,2.67192,3.07815,3.4042,3.44807,3.46114,1,0.997312,0.994624,0.863869,0.844561,0.781388,0.838439,1,0.997312,0.994624,0.863869,0.844561,0.781388,0.838439,-7.98727,-7.9528,-7.93383,-7.84867,-7.73717,-7.55548,-7.21274,-7.98727,-7.9528,-7.93383,-7.84867,-7.73717,-7.55548,-7.21274,0.933668,0.950206,0.9405,0.95564,0.922744,0.928453,0.970075,0.933668,0.950206,0.9405,0.95564,0.922744,0.928453,0.970075,2.94024,3.33475,3.16172,0.0822617,2.30576,2.63118,2.6783,3.18023,3.53722,3.85927,3.91166,2.94024,3.33475,3.16172,0.0822617,2.30576,2.63118,2.6783,3.18023,3.53722,3.85927,3.91166,5.55002,5.81093,5.59844,0.0666897,4.85252,5.0591,5.3046,5.62927,5.78659,6.15962,6.20941,5.65985,5.81093,5.59844,0.0666897,4.85252,5.0591,5.3046,5.62927,5.78659,6.15962,6.20941,3.33988,3.85064,3.78106,0.114011,2.65029,3.03543,3.09671,3.78373,4.26957,4.4312,5.06667,3.6325,3.85064,3.78106,0.114011,2.65029,3.03543,3.09671,3.78373,4.26957,4.4312,5.06667,5.97067,6.18341,6.09313,0.0707423,5.30189,5.46389,5.56406,6.21903,6.42453,6.53565,6.57113,6.19273,6.18341,6.09313,0.0707423,5.30189,5.46389,5.56406,6.21903,6.42453,6.53565,6.57113,-9999,-9999
200411,14.631,1,13.563,2.318,1,15.864,2.92,1,14.646,13.1,2.062,16.444,2.931,14.631,1,13.563,2.318,1,15.864,2.92,1,284.358,108.79,1,117.175,108.79,1,331.647,1,332.632,331.647,1,367.675,1,361.453,367.675,1,4.89,1,5.934,4.89,1,100.961,100.928,1,0.913,1.423,1,1.494,1.447,0.997917,0.176706102,0.905555556,44.24490347,1,-9999,-9999,15.752,1,11.7,1,0,1,29.7269,0.993056,29.7269,0.598214,17.4255,0.996528,17.4255,0.427426,-9999,-9999,25.8333,22.1667,24.1333,21.9,-0.992584,-0.97244,0.922222,0.900694,0.056715,0.0556333,0.194012,0.193698,-0.855468,-0.855468,0.873611,0.873611,0.0535219,0.0535219,0.193102,0.193102,-0.772278,-0.772278,0.867708,0.867708,0.0246257,0.0246257,-0.985135,-0.964991,-0.937706,-0.809093,-0.636446,-0.593918,-0.529669,-0.985135,-0.964991,-0.937706,-0.809093,-0.636446,-0.593918,-0.529669,0.900694,0.965278,0.967361,0.938194,0.785417,0.768056,0.765278,0.900694,0.965278,0.967361,0.938194,0.785417,0.768056,0.765278,2.12976,2.17911,0.558337,0.596945,0.918051,0.889179,0.0395768,0.0382517,0.325133,0.324974,-4.54244,-4.5579,4.69455,4.70106,0.925955,0.912648,0.106376,0.104354,0.114474,0.112598,2.32022,2.32022,0.562756,0.562756,0.850308,0.850308,0.0304562,0.0304562,0.324149,0.324149,-4.48018,-4.48018,4.80375,4.80375,0.899144,0.899144,0.103086,0.103086,0.111424,0.111424,2.1274,2.16175,2.19767,2.40296,2.67454,2.80718,2.82561,2.1274,2.16175,2.19767,2.40296,2.67454,2.80718,2.82561,0.996154,0.887846,1,0.954923,0.737538,0.703487,0.712462,0.996154,0.887846,1,0.954923,0.737538,0.703487,0.712462,-4.56461,-4.54057,-4.51753,-4.49943,-4.47785,-4.45599,-4.315,-4.56461,-4.54057,-4.51753,-4.49943,-4.47785,-4.45599,-4.315,0.903689,0.854611,0.881423,0.93498,0.936627,0.85,0.947233,0.903689,0.854611,0.881423,0.93498,0.936627,0.85,0.947233,2.39439,2.62833,2.60611,0.0500653,2.17904,2.24452,2.29644,2.6217,2.85832,2.89925,3.10634,2.39439,2.62833,2.60611,0.0500653,2.17904,2.24452,2.29644,2.6217,2.85832,2.89925,3.10634,3.20348,3.4838,3.37839,0.0281441,3.13811,3.16345,3.20358,3.46077,3.5052,3.51087,3.636,3.46077,3.4838,3.37839,0.0281441,3.13811,3.16345,3.20358,3.46077,3.5052,3.51087,3.636,2.8917,2.9461,3.07902,0.144951,1.75874,2.01805,2.42028,2.98541,3.47404,3.65907,4.55638,2.85883,2.9461,3.07902,0.144951,1.75874,2.01805,2.42028,2.98541,3.47404,3.65907,4.55638,3.62736,3.77929,3.76089,0.081921,3.03945,3.05919,3.45266,3.72686,3.93849,4.07075,4.96095,3.41584,3.77929,3.76089,0.081921,3.03945,3.05919,3.45266,3.72686,3.93849,4.07075,4.96095,-9999,-9999
200412,8.806,1,8.018,2.248,1,9.798,2.786,1,8.477,7.041,2.069,10.284,3.03,8.806,1,8.018,2.248,1,9.798,2.786,1,255.417,93.32,1,101.557,93.32,1,298.695,1,301.507,298.695,1,319.345,1,322.936,319.345,1,3.73,1,4.093,3.73,1,101.116,101.095,1,0.745,1.068,1,1.605,1.473,1,0.205051303,0.899193548,26.95061223,1,-9999,-9999,10.846,1,12.1,1,0,1,21.6503,0.999328,21.6503,0.462643,14.3282,0.991263,14.3282,0.48728,-9999,-9999,26.6774,21.3226,24.8387,21.2581,-0.832944,-1.02266,0.961022,0.922043,0.0837146,0.082197,0.131381,0.130701,-0.892979,-0.88777,0.875672,0.875672,0.0889021,0.0882457,0.134746,0.134587,-0.795021,-0.794406,0.905864,0.905763,0.0154882,0.0154426,-1.02568,-0.883461,-0.832944,-0.792019,-0.756273,-0.680949,-0.646473,-1.02266,-0.884323,-0.83269,-0.793498,-0.756273,-0.681085,-0.646034,0.922043,0.978495,0.961022,0.987231,0.817876,0.811156,0.838038,0.922043,0.978495,0.961022,0.987231,0.817876,0.831989,0.838038,1.76581,1.51166,0.667868,0.658938,0.970775,0.908326,0.115975,0.112132,0.376195,0.373409,-4.01671,-4.1097,3.59737,3.55924,0.94882,0.939603,0.110165,0.11073,0.289997,0.289692,1.75105,1.75276,0.743959,0.743045,0.837193,0.837193,0.124509,0.12292,0.378913,0.376789,-4.13132,-4.12212,3.59879,3.59466,0.924522,0.924522,0.115525,0.11565,0.292075,0.291608,1.37385,1.50827,1.55122,1.76581,2.06474,2.22401,2.25129,1.3761,1.51166,1.54953,1.76544,2.06474,2.22401,2.25129,0.998805,0.908326,0.988972,0.970775,0.804016,0.776537,0.776537,0.998805,0.908326,0.988972,0.977943,0.804016,0.776537,0.776537,-4.34504,-4.28458,-4.20709,-4.11773,-3.83465,-3.74807,-3.59826,-4.34592,-4.28346,-4.20616,-4.11773,-3.83305,-3.74807,-3.5966,0.92124,0.902737,0.916562,0.924452,0.969767,0.966764,0.975911,0.92124,0.902737,0.916562,0.924452,0.966834,0.966764,0.975911,1.94512,1.96726,2.02573,0.058541,1.45536,1.55728,1.6776,1.98602,2.37374,2.43664,2.47625,1.94512,1.96726,2.02573,0.058541,1.45536,1.55728,1.6776,1.98602,2.37374,2.43664,2.47625,2.75563,2.85503,2.82013,0.0505687,2.26325,2.44015,2.52519,2.87476,3.10259,3.15339,3.17602,2.85716,2.86024,2.82075,0.0504409,2.26484,2.43983,2.52519,2.87476,3.10259,3.15339,3.17602,2.14722,2.18084,2.01181,0.0628702,1.39638,1.57119,1.76484,1.95872,2.32445,2.4282,2.69839,1.67781,2.18084,2.01181,0.0628702,1.39638,1.57119,1.76484,1.95872,2.32445,2.4282,2.69839,3.02289,2.93092,2.97999,0.0539024,2.4752,2.69609,2.74427,2.87865,3.1541,3.39241,3.58549,2.78624,2.93092,2.97999,0.0539024,2.4752,2.69609,2.74427,2.87865,3.1541,3.39241,3.58549,-9999,-9999
200501,3.387,1,3.048,1.16,1,3.789,1.222,1,4.463,3.366,1.836,5.76,2.351,3.387,1,3.048,1.16,1,3.789,1.222,1,271.029,43.64,1,84.161,43.64,1,311.991,1,303.178,311.991,1,292.62,1,325.004,292.62,1,1.09,1,2.57,1.09,1,101.11,101.125,1,1.113,1.542,1,1.416,1.196,0.999328,0.171365597,0.694892473,20.19569624,1,-9999,-9999,6.553,1,18.4,1,0,1,10.6973,0.998656,10.6973,0.350715,4.5162,0.97043,4.5162,0.202775,-9999,-9999,26,22,26,21.9355,-0.126761,-0.128168,0.928091,0.928091,0.0310393,0.0300316,0.0567614,0.0670492,-0.0550423,-0.0975611,0.91129,0.919355,0.0381041,0.0349795,0.0609126,0.0694065,-0.0907364,-0.0808866,0.897245,0.921035,0.00723679,0.00886377,-0.173604,-0.145846,-0.123556,-0.0941606,-0.0602027,-0.0508006,-0.013974,-0.16986,-0.135138,-0.125182,-0.0963864,-0.0515365,-0.0152435,0.0196148,0.929435,0.995296,0.946909,0.910618,0.887097,0.985215,0.698253,0.929435,0.910618,0.910618,0.922043,0.981855,0.985215,0.894489,0.813358,0.823617,0.238238,0.236683,0.933002,0.933002,0.0327889,0.0317505,0.0893815,0.0960142,-1.22776,-1.24284,1.55432,1.59049,0.922287,0.922287,0.0525324,0.050804,0.0833087,0.0752239,0.894641,0.884208,0.194436,0.199095,0.94665,0.940447,0.0461373,0.0382181,0.0950925,0.0983425,-1.17303,-1.2501,1.5206,1.5812,0.869501,0.894428,0.0587207,0.058086,0.0873431,0.0803217,0.813358,0.841734,0.877341,0.902026,0.969492,1.00803,1.05343,0.806549,0.847753,0.861595,0.894641,0.999528,1.02898,1.0721,0.933002,0.933002,0.945409,0.945409,0.439206,1,0.944169,0.933002,0.945409,0.945409,0.94665,1,1,0.944169,-1.46293,-1.34556,-1.30105,-1.27349,-1.23483,-1.21625,-1.19445,-1.39732,-1.31045,-1.30214,-1.27019,-1.21622,-1.1995,-1.17051,0.73607,0.928152,0.928152,0.832845,0.869501,0.869501,0.891496,0.741935,0.94868,0.938416,0.869501,0.869501,0.894428,0.872434,0.981052,0.986102,1.10334,0.0167812,0.969101,0.990763,1.00267,1.07387,1.19669,1.22489,1.2789,1.01661,1.02349,1.09601,0.0164399,0.96328,1.00196,1.01023,1.07387,1.18615,1.20486,1.2651,1.17807,1.08366,1.18422,0.012692,1.06326,1.08395,1.1106,1.19507,1.24225,1.2541,1.31272,1.08879,1.07854,1.18675,0.0136733,1.06265,1.08758,1.09612,1.2074,1.25936,1.26496,1.31609,0.982753,0.835335,1.19029,0.0619374,0.883251,0.918979,0.970009,1.0817,1.14474,1.33216,2.36038,0.93688,1.0817,1.20652,0.0779256,0.787064,0.907486,0.93688,1.047,1.16743,1.49786,2.36096,1.36087,1.40103,1.44207,0.0226479,1.1928,1.30938,1.33978,1.42539,1.53055,1.54431,1.75217,1.4273,1.57474,1.44978,0.0261222,1.12852,1.30938,1.34225,1.43281,1.53055,1.62226,1.77211,-9999,-9999
200502,5.21,1,4.907,1.099,1,5.528,1.126,1,5.795,4.935,1.772,6.706,1.947,5.21,1,4.907,1.099,1,5.528,1.126,1,321.706,47.539,1,72.368,47.539,1,327.48,1,325.88,327.48,1,305.634,1,353.097,305.634,1,1.308,1,1.811,1.308,1,100.945,100.918,0.998512,3.544,4.807,1,1.6,1.574,0.999256,0.231954709,0.617559524,31.1627381,1,-9999,-9999,7.425,1,21,1,0,1,19.1765,0.998512,19.1765,0.494401,8.7855,0.983631,8.7855,0.26101,-9999,-9999,24.7143,23.2857,24.6786,23.0357,-0.715864,-0.701435,0.985119,0.985863,0.0315032,0.0312722,0.064921,0.0549332,-0.695536,-0.693357,0.977679,0.977679,0.0313659,0.0312822,0.0648545,0.0549388,-0.630248,-0.628177,0.935956,0.95785,0.0124381,0.0117066,-0.720444,-0.702019,-0.685288,-0.648471,-0.618121,-0.588489,-0.456269,-0.702638,-0.6875,-0.677513,-0.645072,-0.627154,-0.597174,-0.455007,0.793899,0.991815,0.977679,0.968006,0.979167,0.759673,0.915923,0.787202,0.991815,0.991815,0.970238,0.967262,0.991815,0.915923,0.478734,0.506404,0.468886,0.457206,0.977289,0.978663,0.0347205,0.0336994,0.111073,0.0775198,-1.91931,-1.92046,1.89829,1.91606,0.993918,0.993918,0.0506778,0.0508968,0.0773017,0.0710122,0.538067,0.542521,0.439014,0.439405,0.970256,0.970256,0.0351463,0.0344467,0.111207,0.0778475,-1.94401,-1.94425,1.89711,1.89226,0.986478,0.986478,0.050019,0.0503674,0.0768715,0.0706337,0.446435,0.478734,0.513741,0.552874,0.592727,0.689748,0.837903,0.469587,0.493459,0.498283,0.543439,0.591035,0.633083,0.843904,0.974263,0.977289,0.978663,0.989821,0.972775,0.630417,0.914739,0.989821,0.734762,0.989821,0.989821,0.989821,0.972775,0.914739,-1.95938,-1.91709,-1.90287,-1.85961,-1.83133,-1.80034,-1.78728,-1.92046,-1.90287,-1.89036,-1.85961,-1.83934,-1.80383,-1.78326,0.864824,0.993918,0.849226,0.974438,0.993983,0.916014,0.917502,0.993918,0.849226,0.993983,0.974438,0.993983,0.993983,0.917502,0.900387,0.755325,0.852392,0.0174137,0.717521,0.749628,0.774535,0.833301,0.900387,0.920043,1.0939,0.885911,0.774535,0.878158,0.0200484,0.717345,0.750013,0.773934,0.873993,0.919404,0.981199,1.09444,1.57977,1.44868,1.48057,0.0182407,1.34348,1.37327,1.39624,1.45096,1.50451,1.57977,1.75735,1.37383,1.47007,1.50841,0.022076,1.34314,1.37228,1.41936,1.45973,1.55974,1.60922,1.81489,0.928058,0.699952,0.990802,0.0509946,0.63675,0.727337,0.769924,0.867339,1.04872,1.31793,1.76307,1.01823,0.765977,1.03766,0.0586074,0.636264,0.712226,0.777979,0.888448,1.09298,1.62117,1.77027,1.46722,1.36632,1.40642,0.0158274,1.18982,1.30388,1.34867,1.41216,1.48345,1.50487,1.53195,1.42954,1.38839,1.41441,0.0154285,1.18982,1.31862,1.34441,1.44118,1.47638,1.49653,1.53265,-9999,-9999
200503,10.999,1,10.178,2.282,1,11.797,2.372,1,11.663,10.215,2.368,13.067,2.66,10.999,1,10.178,2.282,1,11.797,2.372,1,383.397,86.928,1,119.387,86.928,1,341.476,1,339.436,341.476,1,343.03,1,369.872,343.03,1,3.62,1,4.101,3.62,1,100.811,100.792,1,3.93,2.548,1,1.614,1.621,0.999328,0.220291227,0.919354839,53.87964583,1,-9999,-9999,10.754,1,20.1,1,0,1,27.8266,0.997984,27.8266,0.517736,19.4326,0.989919,19.4326,0.33891,-9999,-9999,23.4516,24.5484,23.4194,24.5161,-1.17569,-1.10621,0.965726,0.965726,0.0567266,0.0549219,0.194392,0.179261,-1.28925,-1.25821,0.920699,0.933468,0.0529225,0.057711,0.193316,0.180136,-1.18228,-1.1762,0.906485,0.917305,0.0285775,0.0235812,-1.42462,-1.38089,-1.34163,-1.24301,-1.02872,-1.00903,-0.97634,-1.40183,-1.3411,-1.30268,-1.20966,-1.0295,-0.999822,-0.990289,0.813844,0.819892,0.916667,0.96371,0.992608,0.969086,0.981183,0.815188,0.916667,0.83871,0.829973,0.992608,0.971774,0.971774,1.22875,1.3165,0.937827,0.924744,0.962366,0.962366,0.0649217,0.0611242,0.296063,0.18147,-3.38581,-3.3389,3.61841,3.64171,0.969454,0.969454,0.0870237,0.0854069,0.198447,0.193641,1.12414,1.18484,0.945373,0.98977,0.899194,0.922043,0.0621656,0.0664231,0.295471,0.183323,-3.4954,-3.4965,3.56322,3.59634,0.940815,0.943503,0.0801042,0.0882783,0.195512,0.194924,0.707322,0.818111,1.05004,1.16256,1.36471,1.39582,1.44708,0.818111,1.0383,1.11534,1.17888,1.3165,1.38003,1.43343,0.811584,0.806207,0.899194,0.962366,0.982527,0.982527,0.962366,0.806207,0.821237,0.896505,0.931574,0.962366,0.982527,0.966398,-3.53493,-3.52095,-3.45763,-3.34197,-3.25952,-3.16425,-3.08733,-3.53533,-3.50372,-3.47769,-3.37132,-3.23064,-3.15614,-3.09543,0.862242,0.885815,0.887159,0.813081,0.977204,0.985269,0.986613,0.871237,0.943503,0.940815,0.849677,0.977204,0.985269,0.985269,1.75119,1.88652,1.71431,0.0336282,1.33082,1.42676,1.61356,1.6815,1.84087,2.01284,2.04383,1.7552,1.6815,1.75022,0.0328558,1.33798,1.58772,1.64579,1.73161,1.8953,2.02093,2.04383,2.78071,3.14473,2.89051,0.0518451,2.36032,2.46154,2.61062,2.92367,3.13271,3.25587,3.36728,2.98742,2.97075,2.9325,0.0521474,2.3667,2.54713,2.64052,2.9215,3.24339,3.34652,3.41285,2.10178,1.89914,2.2297,0.0519654,1.83606,1.95951,2.01431,2.13539,2.37079,2.50772,2.77119,1.81525,2.85603,2.26104,0.0537763,1.80061,1.90957,2.03873,2.14554,2.38048,2.6908,2.7773,2.78856,2.63344,2.79763,0.0210298,2.62271,2.66055,2.72099,2.76696,2.84474,2.91178,3.03872,2.66887,3.0167,2.82053,0.0209987,2.60666,2.67747,2.73479,2.795,2.86259,2.98438,3.03495,-9999,-9999
200504,20.158,1,18.729,2.208,1,21.323,2.899,1,19.585,17.711,1.832,21.115,2.565,20.158,1,18.729,2.208,1,21.323,2.899,1,434.917,161.693,1,163.318,161.693,1,366.749,1,369.349,366.749,1,412.61,1,406.89,412.61,1,8.559,1,6.801,8.559,1,100.174,100.123,1,2.92,2.153,1,1.655,2.001,0.997917,0.265785323,0.970138889,100.5983993,1,-9999,-9999,17.171,1,19.9,1,0,1,53.9431,0.995833,53.9431,0.746948,21.6601,0.994444,21.6601,0.550336,-9999,-9999,21.5,26.5,21.5,26.4333,-1.23354,-1.26915,0.958333,0.964583,0.0571701,0.0570805,0.17867,0.158291,-1.32061,-1.6153,0.913194,0.933333,0.0530077,0.0565711,0.177382,0.158108,-1.25981,-1.30684,0.934618,0.939497,0.0301898,0.0256605,-1.62204,-1.40567,-1.37056,-1.31548,-1.16457,-1.06711,-0.900367,-1.61313,-1.45985,-1.38081,-1.33271,-1.24867,-1.16457,-0.989452,0.932639,0.972917,0.969444,0.9875,0.907639,0.893056,0.888889,0.931944,0.890278,0.909722,0.9875,0.957639,0.907639,0.890972,3.14408,3.02782,1.23323,1.1737,0.975541,0.986147,0.0550701,0.0550569,0.218065,0.237037,-4.68567,-4.65474,5.21113,5.1806,0.944682,0.947151,0.0892543,0.0890847,0.183847,0.142615,2.90472,2.4757,1.08609,1.30244,0.906782,0.923737,0.0547571,0.0594475,0.217986,0.238095,-4.64839,-4.81817,5.25249,5.10389,0.918708,0.940931,0.081218,0.0862225,0.180083,0.140844,2.45969,2.75328,2.83988,2.91917,3.15817,3.17527,3.22224,2.45969,2.69707,2.80902,2.8859,3.12512,3.15817,3.21202,0.923737,0.998413,0.995238,0.995238,0.926046,0.919697,0.919697,0.923737,0.89899,0.903752,0.906782,0.975541,0.926046,0.919697,-4.80506,-4.75377,-4.71672,-4.66442,-4.57554,-4.43232,-4.16708,-4.80135,-4.75706,-4.71682,-4.67639,-4.59224,-4.53432,-4.31623,0.9434,0.898908,0.955888,0.974454,0.89359,0.872365,0.864957,0.938414,0.903846,0.958357,0.914957,0.980817,0.89359,0.868708,3.1918,2.82857,3.17363,0.0499996,2.63356,2.6889,2.95192,3.20767,3.47306,3.50713,3.56862,3.35597,2.97281,3.25831,0.0499227,2.63379,2.81876,3.08274,3.27633,3.52581,3.54342,3.56862,4.58348,4.44388,4.48048,0.034377,4.0182,4.19919,4.31062,4.53584,4.61598,4.73319,4.75611,4.29609,4.29342,4.51812,0.0339884,4.01868,4.29425,4.42791,4.56462,4.64225,4.73594,4.78408,3.08689,3.83261,3.61886,0.119499,2.80087,3.01495,3.0715,3.34566,3.78386,4.50107,5.03087,3.26875,3.72283,3.75412,0.130019,2.88796,3.03329,3.07128,3.36141,4.39376,4.74369,5.03087,4.44308,4.74868,4.70459,0.0598377,4.23581,4.40152,4.43349,4.56332,4.75211,5.13522,5.38123,4.48814,4.7708,4.76642,0.0638011,4.27697,4.40124,4.43515,4.67523,4.98444,5.23125,5.38123,-9999,-9999
200505,22.923,1,22.014,1.489,1,23.615,1.952,1,23.756,22.471,1.245,24.733,1.704,22.923,1,22.014,1.489,1,23.615,1.952,1,464.344,134.311,1,137.872,134.311,1,410.502,1,409.079,410.502,1,451.196,1,456.057,451.196,1,5.322,1,5.385,5.322,1,99.468,99.482,1,7.578,13.248,1,1.446,1.611,0.997984,0.237403236,0.962365591,102.2438453,0.999327957,-9999,-9999,21.812,1,23.4,1,0,1,39.6167,0.997312,39.6167,0.641371,14.5091,0.997312,14.5091,0.424525,-9999,-9999,20.7742,27.2258,19.129,22.8387,-0.98263,-1.29362,0.938844,0.982527,0.0782198,0.0735029,0.498616,0.493855,-0.773833,-0.876898,0.880376,0.880376,0.0617222,0.064961,0.496296,0.492657,-0.969019,-1.04418,0.894456,0.903763,0.062114,0.0620548,-1.59604,-1.56585,-1.30535,-0.924593,-0.621355,-0.580968,-0.533249,-1.63438,-1.57594,-1.52661,-1.03783,-0.681769,-0.599228,-0.578281,0.994624,0.994624,0.982527,0.883065,0.774866,0.807124,0.803091,0.994624,0.99328,0.994624,0.811156,0.860887,0.858199,0.811828,4.76739,4.1702,0.900329,0.952632,0.900461,0.990783,0.10565,0.0825285,0.67938,0.707623,-5.29986,-5.38375,6.74798,6.72115,0.965992,0.976361,0.104949,0.104627,0.339716,0.316021,4.91713,4.85126,1.04733,1.02404,0.794393,0.792857,0.0729722,0.0739288,0.67507,0.706672,-5.06272,-5.19039,6.72026,6.6499,0.944487,0.945725,0.0906089,0.0944443,0.335563,0.312797,3.51383,3.61413,4.06873,4.776,4.89503,4.95636,4.97407,3.38534,3.54651,3.65937,4.47996,4.85126,4.9521,4.97407,0.996928,1,0.996928,0.815975,0.792857,0.728418,0.725192,1,0.998464,0.998464,0.762135,0.792857,0.728418,0.725192,-5.42558,-5.38107,-5.29986,-5.18306,-4.77699,-4.73487,-4.67048,-5.39381,-5.38132,-5.35973,-5.21895,-4.80888,-4.78493,-4.71561,0.991637,0.990442,0.965992,0.990442,0.887651,0.826592,0.829152,0.990442,0.991637,0.990442,0.944444,0.820789,0.888804,0.826592,4.59764,5.238,4.58316,0.0614455,3.67256,4.13335,4.27922,4.69244,4.7614,4.92084,5.20559,4.82794,5.22336,4.63113,0.0568088,4.08243,4.20901,4.35888,4.68298,4.7614,5.0335,5.21892,5.78834,6.1149,5.62734,0.0477614,5.20048,5.30344,5.34955,5.6369,5.78834,5.99944,6.10929,5.93823,5.99719,5.60015,0.050204,5.1126,5.23559,5.33365,5.59886,5.80506,6.00588,6.11388,5.53252,5.52086,5.50191,0.0844682,4.36867,5.05132,5.20559,5.53252,5.88285,5.99667,6.19235,5.47955,6.22399,5.56912,0.0806159,4.39994,5.08874,5.15572,5.66441,5.87893,6.05869,6.32732,6.17233,6.17316,6.06875,0.0297388,5.63849,5.90754,5.98083,6.092,6.17417,6.20212,6.37232,5.89249,6.41382,6.1018,0.0291514,5.65788,5.94278,5.99895,6.092,6.17537,6.2862,6.42878,-9999,-9999
200506,26.449,1,25.039,1.297,1,27.451,2.027,1,26.073,24.738,1.006,27.023,1.617,26.449,1,25.039,1.297,1,27.451,2.027,1,474.076,177.823,1,152.106,177.823,1,422.748,1,418.346,422.748,1,475.815,1,467.524,475.815,1,9.101,1,6.906,9.101,1,99.126,99.123,1,9.988,6.1,1,1.542,1.657,1,0.231336309,0.982638889,134.7848312,0.999305556,-9999,-9999,24.394,1,17.2,1,0,1,52.3768,0.999306,52.3768,0.602014,15.2728,0.998611,15.2728,0.444724,-9999,-9999,19.9667,28.0333,19.9667,28.0333,-2.36772,-2.35497,0.94375,0.950694,0.0713034,0.0716355,0.416196,0.414498,-2.5069,-2.49453,0.913194,0.927083,0.066282,0.0693476,0.415365,0.414108,-2.05838,-2.12933,0.902691,0.912066,0.0684893,0.0591977,-2.50695,-2.43541,-2.42516,-2.36271,-1.67108,-1.61532,-1.27945,-2.48206,-2.44463,-2.42048,-2.35946,-1.70454,-1.62811,-1.60584,0.913194,0.961111,0.9625,0.964583,0.822222,0.850694,0.81875,0.913194,0.965972,0.991667,0.94375,0.84375,0.854861,0.856944,4.06605,4.09163,1.14867,1.20207,0.906667,0.92,0.0825788,0.0837257,0.565185,0.552274,-6.80082,-6.798,7.30928,7.29222,0.97032,0.972701,0.101856,0.102016,0.366209,0.342376,3.6808,3.72299,1.15884,1.15288,0.888158,0.894825,0.0760457,0.0785827,0.564267,0.551518,-6.75682,-6.76638,7.20829,7.20792,0.931034,0.950082,0.0950113,0.0998003,0.364365,0.341722,3.64104,3.69996,3.74745,4.05852,4.77364,4.8182,5.09421,3.62652,3.69852,3.72943,3.96627,4.58379,4.7903,4.81922,1,0.886491,0.948333,0.85614,0.827807,0.827807,0.83307,1,1,0.867719,0.94,0.836404,0.842807,0.827807,-6.80224,-6.752,-6.74,-6.60572,-6.0946,-6.04849,-5.8147,-6.80952,-6.74825,-6.71582,-6.61319,-6.14175,-6.0946,-6.05038,0.97032,0.967898,0.970238,0.985714,0.866749,0.880993,0.792898,0.96913,0.972619,0.931034,0.923851,0.841749,0.866749,0.816708,4.32104,4.48611,4.66347,0.065862,4.13067,4.23542,4.29649,4.54942,5.03628,5.20829,5.32719,4.57317,4.44086,4.7114,0.0669637,4.16428,4.28686,4.32022,4.54335,5.09865,5.3104,5.32966,6.69904,6.98064,6.79281,0.0246662,6.46656,6.59383,6.70074,6.81696,6.91625,6.94463,7.01142,6.8711,6.94776,6.76979,0.02571,6.44206,6.55253,6.68055,6.77179,6.90599,6.93767,6.95289,5.23144,5.21964,5.39012,0.118857,4.32101,4.64969,4.7627,5.21241,6.03309,6.19435,6.65498,5.10185,4.59141,5.38399,0.118106,4.18377,4.73803,4.82671,5.21572,6.03309,6.15,6.64265,6.74258,6.92773,7.0143,0.0488755,6.48081,6.72534,6.82045,6.89639,7.21754,7.29856,7.51896,6.89796,6.76434,7.00314,0.0438267,6.50219,6.74867,6.79884,6.92186,7.18647,7.30319,7.51455,-9999,-9999
200507,28.97,1,27.168,1.432,1,30.256,2.647,1,28.414,26.802,1.276,29.566,2.102,28.97,1,27.168,1.432,1,30.256,2.647,1,468.02,234.305,1,198.944,234.305,1,421.908,1,418.468,421.908,1,485.384,1,467.676,485.384,1,14.83,1,12.635,14.83,1,99.316,99.301,1,2.821,1.7,1,2.052,2.173,0.999328,0.296548529,1,170.9292513,1,-9999,-9999,26.186,1,11.2,1,0,1,71.6706,1,71.6706,0.842911,20.9024,1,20.9024,0.555294,-9999,-9999,20,28,20,28,-2.52182,-2.54744,0.987903,0.987903,0.0765565,0.076347,0.148315,0.161859,-2.32195,-2.30758,0.982527,0.982527,0.0706338,0.0717604,0.145347,0.159747,-2.50981,-2.50374,0.963407,0.970884,0.0181378,0.0194202,-2.70168,-2.60434,-2.58225,-2.54737,-2.42447,-2.35028,-2.29899,-2.70084,-2.62614,-2.59335,-2.54171,-2.40217,-2.3407,-2.29969,0.99664,0.916667,0.917339,0.995968,0.995968,0.981855,0.982527,0.99664,0.99664,0.99664,0.91129,0.995968,0.978495,0.982527,4.36439,4.32094,1.44002,1.42145,0.995161,0.995161,0.091602,0.0906041,0.318494,0.346982,-7.28337,-7.29467,7.29432,7.27931,0.982719,0.982719,0.108228,0.108252,0.120107,0.120181,4.75481,4.82313,1.04021,1.0555,0.995161,0.995161,0.0798371,0.0799046,0.315312,0.344344,-7.23207,-7.25714,7.31538,7.39235,0.973502,0.973502,0.1018,0.103902,0.11435,0.116278,3.8888,4.18656,4.2267,4.28785,4.36581,4.79663,4.81304,3.92172,4.13157,4.21626,4.29439,4.41669,4.80145,4.8211,1,1,1,1,0.879032,0.995161,0.995161,1,1,1,0.883871,1,0.993548,0.995161,-7.32354,-7.31376,-7.30162,-7.27769,-7.24079,-7.20959,-7.1295,-7.34973,-7.31399,-7.29467,-7.26625,-7.23205,-7.20959,-7.12308,0.941244,0.967742,0.93894,0.928571,0.99424,0.993088,0.990783,0.967742,0.97235,0.982719,0.930876,0.973502,0.993088,0.993088,4.70706,5.01563,4.78393,0.0265494,4.44831,4.61615,4.65868,4.79633,4.89387,4.98308,5.03605,4.60911,5.01625,4.78546,0.0251201,4.45092,4.60911,4.67883,4.78312,4.87927,4.98293,5.01814,7.14306,7.32321,7.28767,0.0146773,7.1402,7.19446,7.2137,7.30124,7.35618,7.38102,7.41773,7.32437,7.3382,7.29527,0.016673,7.12033,7.16528,7.20463,7.30429,7.38248,7.40945,7.45109,5.41716,5.56916,5.02414,0.0889439,4.23231,4.32463,4.50512,5.01093,5.40082,5.51257,5.70182,4.95674,5.70858,5.22652,0.122887,4.24894,4.40575,4.52356,5.09716,5.55903,5.80706,6.68773,7.5517,7.66121,7.44915,0.0571189,6.92824,7.03329,7.12561,7.54729,7.67669,7.74062,7.87657,7.36218,7.75648,7.56469,0.0748281,6.96801,7.04324,7.15153,7.58789,7.74395,7.9146,8.5672,-9999,-9999
200508,27.122,1,25.694,1.355,1,28.237,2.292,1,27.217,25.827,1.308,28.304,2.005,27.122,1,25.694,1.355,1,28.237,2.292,1,444.911,190.829,1,172.278,190.829,1,419.561,1,418.655,419.561,1,474.97,1,467.906,474.97,1,10.69,1,10.306,10.69,1,99.282,99.292,1,4.069,3.323,1,1.507,1.64,0.999328,0.220471998,0.997311828,137.5820605,0.999327957,-9999,-9999,25.714,1,11.1,1,0,1,56.0641,1,56.0641,0.762043,23.7801,0.995296,23.7801,0.557112,-9999,-9999,21.0323,26.9677,20.7742,26.9677,-2.15171,-2.13078,0.979839,0.979839,0.0958524,0.094394,0.20656,0.205925,-2.07134,-2.06596,0.975134,0.977151,0.0984443,0.0976133,0.207776,0.207421,-2.2813,-2.28166,0.957594,0.967288,0.0322633,0.0281018,-2.70779,-2.48455,-2.37556,-2.28244,-2.15437,-2.1186,-2.00296,-2.68764,-2.4806,-2.3721,-2.28244,-2.15325,-2.11457,-2.06169,0.939516,0.950941,0.955645,0.983199,0.981183,0.971102,0.979839,0.938172,0.951613,0.999328,0.983199,0.981183,0.971102,0.975134,4.64539,4.69088,1.20694,1.21157,0.989247,0.989247,0.12853,0.123612,0.351355,0.33061,-7.33885,-7.34087,7.33909,7.33844,0.972721,0.972721,0.130311,0.129995,0.309911,0.322811,4.8579,4.81024,1.15307,1.10457,0.981567,0.981567,0.132897,0.130997,0.352975,0.333442,-7.36507,-7.3195,7.31823,7.32626,0.970023,0.973745,0.133133,0.13262,0.311109,0.323877,4.01479,4.12058,4.2532,4.45678,4.64834,4.77458,4.8579,4.03209,4.12073,4.26328,4.44314,4.57818,4.73399,4.8579,0.952451,0.995392,0.753938,0.967044,0.758979,0.922846,0.981567,0.952451,0.990783,0.995392,0.969976,0.989247,0.989247,0.981567,-7.83164,-7.75491,-7.73844,-7.3673,-7.23838,-7.19254,-7.13989,-7.82353,-7.76852,-7.5653,-7.34087,-7.22708,-7.17756,-7.0957,0.93057,0.939252,0.899543,0.970023,0.977549,0.975114,0.983352,0.927029,0.938011,0.953461,0.972721,0.975114,0.978659,0.996367,5.27415,5.64575,5.22613,0.0634403,4.56613,4.74136,4.8834,5.2508,5.42123,5.68226,5.7735,5.72893,5.75257,5.30976,0.0632171,4.5355,4.82472,5.09861,5.25754,5.59447,5.72893,5.77279,7.40506,7.71171,7.50779,0.0607628,6.80559,7.04017,7.16606,7.57653,7.81304,7.82773,7.90426,7.70652,7.82391,7.59106,0.0571896,6.78928,7.08848,7.38985,7.65936,7.84748,7.90183,8.02014,5.34445,6.07743,5.44337,0.0867243,4.53102,5.07717,5.13609,5.37271,5.55815,5.83583,6.50701,5.73049,5.47461,5.51134,0.102901,4.49336,5.10942,5.18195,5.34687,5.62622,5.78244,6.49518,7.21228,7.56891,7.26964,0.0574143,6.59697,6.91626,6.97841,7.29135,7.41939,7.63383,7.87474,7.32702,7.34888,7.36031,0.0628541,6.59741,6.94883,7.15409,7.32702,7.49937,7.67189,7.86857,-9999,-9999
200509,25.418,1,24.12,1.662,1,26.603,2.454,1,25.517,24.142,1.395,26.764,1.885,25.418,1,24.12,1.662,1,26.603,2.454,1,402.452,156,1,154.626,156,1,411.521,1,407.507,411.521,1,468.381,1,454.111,468.381,1,8.096,1,7.691,8.096,1,99.856,99.872,1,3.608,3.147,1,1.317,1.419,0.998611,0.192341549,0.999305556,107.0294055,0.999305556,-9999,-9999,24.529,1,12.4,1,0,1,41.3192,1,41.3192,0.646766,18.2108,0.999306,18.2108,0.465596,-9999,-9999,22.7667,25.2333,22.7333,25.2,-1.76299,-1.68579,0.963889,0.970139,0.0865574,0.0854144,0.198872,0.163123,-1.70926,-1.74662,0.948611,0.95625,0.0828007,0.0867928,0.197266,0.163849,-1.60162,-1.6279,0.944965,0.953906,0.0284891,0.0223698,-1.82488,-1.78685,-1.74428,-1.64023,-1.50728,-1.42875,-1.31193,-1.86564,-1.77086,-1.74301,-1.64159,-1.54567,-1.49291,-1.39758,0.981944,0.963889,0.947222,0.98125,0.939583,0.840972,0.909028,0.975,0.989583,0.948611,0.986111,0.98125,0.938194,0.91875,3.64609,3.80208,0.998508,1.07678,0.963768,0.975362,0.0852303,0.0802769,0.579454,0.466998,-6.54858,-6.54922,6.78078,6.77681,0.964256,0.96559,0.138845,0.138873,0.255603,0.259178,3.81957,3.71461,1.0358,1.06936,0.944928,0.947826,0.076244,0.0821891,0.578201,0.467331,-6.61322,-6.58332,6.69584,6.68748,0.952154,0.964205,0.135291,0.140687,0.25369,0.260154,3.43631,3.59343,3.64609,3.8829,4.47003,4.73973,4.80336,3.29953,3.54993,3.66243,3.80208,4.31928,4.47003,4.73973,0.989855,0.982609,0.963768,0.988406,0.928788,0.927273,0.925758,1,0.963768,0.988406,0.975362,0.934783,0.928788,0.927273,-6.96514,-6.91624,-6.83683,-6.59076,-6.5111,-6.48703,-6.41784,-6.93659,-6.9136,-6.81629,-6.58789,-6.49673,-6.47593,-6.40847,0.92159,0.922923,0.912256,0.940205,0.97359,0.974821,0.993333,0.92159,0.912256,0.922923,0.941538,0.97359,0.972154,0.984051,3.90676,4.09735,4.4243,0.0918587,3.57196,3.78419,3.89697,4.20006,5.00901,5.1334,5.14962,3.97943,4.25615,4.48013,0.092201,3.73176,3.85616,3.89697,4.22323,5.12223,5.14084,5.16119,5.67243,5.84398,6.0522,0.0743803,5.34282,5.5403,5.63956,5.94306,6.45713,6.60543,6.70273,6.39206,5.96541,6.08175,0.0710214,5.41978,5.6112,5.67935,5.96751,6.48196,6.60685,6.70192,4.57013,5.13984,5.2544,0.191374,3.83104,4.17962,4.2318,4.93294,6.08251,6.91168,7.18327,4.72285,5.13334,5.36461,0.196941,3.76332,4.14442,4.40676,4.92991,6.36262,7.09645,7.40733,6.28912,6.40452,6.41406,0.109163,5.52759,5.70514,5.80126,6.28912,6.83456,7.33663,7.49035,6.10548,6.29154,6.46775,0.108563,5.58276,5.71557,5.89657,6.25146,6.84383,7.39982,7.6592,-9999,-9999
200510,18.8,1,17.884,1.897,1,19.72,2.413,1,19.613,18.16,1.864,21.075,2.519,18.8,1,17.884,1.897,1,19.72,2.413,1,343.809,120.645,1,147.682,120.645,1,363.609,1,364.017,363.609,1,405.669,1,400.292,405.669,1,5.925,1,7.82,5.925,1,100.599,100.597,0.999328,1.45,1.732,1,1.668,1.568,0.999328,0.215873945,0.98655914,64.06477352,1,-9999,-9999,19.853,1,11.4,1,0,1,27.9619,0.999328,27.9619,0.435351,18.4508,0.997312,18.4508,0.414719,-9999,-9999,24.0323,23.9677,24.0323,23.9677,-1.25338,-1.26099,0.951613,0.952285,0.0731208,0.0726127,0.14994,0.150841,-1.53819,-1.54544,0.932796,0.936828,0.0738956,0.0742148,0.150319,0.151619,-1.30919,-1.32797,0.919758,0.936542,0.0199688,0.0207593,-1.52636,-1.4596,-1.44543,-1.25969,-1.22634,-1.1978,-1.11705,-1.56621,-1.46581,-1.45273,-1.2737,-1.22756,-1.20138,-1.13198,0.932124,0.922043,0.925403,0.995296,0.774866,0.987903,0.989919,0.945565,0.922043,0.903898,0.950269,0.993952,1,0.985887,3.40728,3.39233,1.0455,1.03864,0.973974,0.973974,0.0552308,0.0556593,0.199375,0.186534,-5.83202,-5.83149,6.05406,6.05137,0.93068,0.932024,0.129651,0.128401,0.163266,0.171698,2.99334,2.96034,0.756764,0.747095,0.954404,0.963436,0.0503118,0.0502084,0.198069,0.184981,-5.9667,-5.94837,5.97964,5.95815,0.913149,0.911805,0.133389,0.134087,0.16625,0.17599,2.95486,3.15604,3.18501,3.30816,3.49944,3.53918,3.6147,2.89947,3.14901,3.17393,3.27875,3.41951,3.50508,3.57456,0.963436,1,0.997312,0.993329,0.799357,0.798013,0.997307,0.967468,0.953172,0.94914,0.907468,0.997312,0.799357,0.990587,-6.04641,-5.97885,-5.95899,-5.90109,-5.80938,-5.7804,-5.62529,-6.04539,-5.99625,-5.97366,-5.90544,-5.8025,-5.76827,-5.5979,0.872992,0.808413,0.858261,0.913149,0.986384,0.982352,0.993221,0.872992,0.89719,0.792113,0.813848,0.987786,0.981007,0.993221,3.62315,3.40184,3.59566,0.0351239,3.28817,3.43583,3.47599,3.54809,3.62315,3.71769,4.15263,3.6766,3.47637,3.67157,0.045178,3.25481,3.47402,3.49029,3.57353,3.73785,4.12342,4.23066,4.87379,4.94729,4.92364,0.033442,4.5631,4.76548,4.78563,4.89171,5.00009,5.03603,5.38724,4.94279,5.01455,4.98076,0.0400421,4.63077,4.77589,4.82949,4.91157,5.03621,5.36805,5.457,3.14585,3.35782,3.46914,0.0495271,2.9511,3.16426,3.23322,3.42592,3.64011,3.76989,4.03017,3.22456,3.37492,3.57182,0.0552119,3.11309,3.22456,3.31792,3.51072,3.74567,3.8594,4.15781,4.74506,4.93466,4.97487,0.0377845,4.63314,4.71276,4.78451,4.94185,5.16477,5.24194,5.32128,4.89591,4.97304,5.0287,0.0370691,4.69009,4.71427,4.87016,5.00088,5.1565,5.30163,5.36461,-9999,-9999
200511,15.515,1,14.743,1.59,1,16.401,2.138,1,15.733,14.543,1.766,17.11,2.368,15.515,1,14.743,1.59,1,16.401,2.138,1,285.937,85.646,1,100.415,85.646,1,356.122,1,352.614,356.122,1,382.9,1,386.181,382.9,1,3.955,1,4.846,3.955,1,100.696,100.659,1,1.247,2.597,1,1.448,1.48,1,0.197237469,0.953472222,41.36992366,0.999305556,-9999,-9999,16.898,1,14.2,1,0,1,18.5388,0.997222,18.5388,0.340708,14.3085,0.995833,14.3085,0.426488,-9999,-9999,25.8,22.2,25.8,22.2,-0.791355,-0.791215,0.978472,0.978472,0.0538155,0.0537733,0.127218,0.0948783,-0.814982,-0.80033,0.975,0.977778,0.0530285,0.0524107,0.126887,0.0941127,-0.712514,-0.729129,0.976372,0.97849,0.0167218,0.0143123,-0.85098,-0.821397,-0.80395,-0.72596,-0.661881,-0.590846,-0.518345,-0.85223,-0.818218,-0.800614,-0.742856,-0.691826,-0.661881,-0.533808,0.981944,0.975,0.977778,0.990278,0.968056,0.963889,0.961806,0.979167,0.986806,0.984028,0.971528,0.972222,0.968056,0.961806,2.25233,2.2522,0.782871,0.782457,0.976051,0.976051,0.0465007,0.0461594,0.261032,0.16171,-4.24304,-4.24261,4.63717,4.63753,0.980435,0.980435,0.0983042,0.0984217,0.151603,0.156843,2.19869,2.20619,0.671275,0.71414,0.974769,0.978718,0.0422511,0.0427254,0.260308,0.160764,-4.23466,-4.21191,4.64996,4.6561,0.974374,0.975889,0.0989775,0.0972591,0.15204,0.156116,2.13473,2.17355,2.19078,2.26112,2.47482,2.68727,2.78339,2.13708,2.16948,2.17732,2.22921,2.4454,2.47944,2.75942,0.998667,0.981385,0.990667,0.976051,0.977436,0.977436,0.976154,0.998667,0.981385,0.997333,0.978718,0.977436,0.977436,0.977436,-4.37174,-4.33048,-4.29087,-4.25007,-4.21403,-4.09966,-4.05517,-4.34505,-4.32555,-4.28828,-4.23708,-4.20194,-4.08132,-4.0424,0.938538,0.947563,0.965349,0.98195,0.975889,0.983465,0.983465,0.97892,0.943017,0.957839,0.975889,0.98195,0.984914,0.98195,2.3336,2.31894,2.56882,0.0607417,2.14788,2.17838,2.32426,2.39397,2.90391,2.95277,3.37737,2.35993,2.17838,2.65651,0.0697412,2.15353,2.31561,2.33125,2.39795,2.95033,3.21205,3.42201,3.15947,3.11927,3.29795,0.0501325,2.86981,2.9519,3.0978,3.18797,3.58733,3.65098,3.84255,2.87242,2.99336,3.36903,0.0558648,2.86672,2.99694,3.14907,3.19337,3.63779,3.8029,3.96893,3.86501,3.44249,3.52363,0.0568286,2.8947,3.14207,3.29529,3.45473,3.81461,3.92169,4.11711,3.6619,3.41897,3.54954,0.0624135,2.91385,3.14336,3.26561,3.45473,3.81046,3.92962,4.21328,3.77431,3.57893,3.67017,0.0236928,3.33226,3.52322,3.57306,3.6743,3.78056,3.8365,3.8656,3.86898,3.59583,3.68835,0.0244375,3.3744,3.5414,3.57884,3.67279,3.80945,3.85738,3.90046,-9999,-9999
200512,6.561,1,5.896,1.701,1,7.406,2.033,1,6.227,5.164,1.784,7.572,2.384,6.561,1,5.896,1.701,1,7.406,2.033,1,255.682,84.602,1,94.448,84.602,1,297.223,1,298.629,297.223,1,299.492,1,319.374,299.492,1,3.284,1,3.752,3.284,1,101.396,101.374,0.999328,0.69,0.919,0.999328,1.706,1.451,0.998656,0.202961698,0.915994624,27.88531931,0.999327957,-9999,-9999,9.55,1,15.3,1,0,1,14.1805,0.998656,14.1805,0.29185,23.0485,0.998656,23.0485,0.463409,-9999,-9999,26.6774,21.3226,26.6452,21.3226,-0.822162,-0.787312,0.975134,0.97379,0.0435955,0.0434992,0.163033,0.17977,-0.897985,-0.884613,0.93414,0.960349,0.0441478,0.0439774,0.163182,0.179886,-0.863331,-0.856457,0.91539,0.93498,0.0266791,0.0287652,-1.17921,-1.00689,-0.935322,-0.892561,-0.741639,-0.692698,-0.622397,-1.21511,-1.01379,-0.926946,-0.884944,-0.730624,-0.664937,-0.622397,0.90793,0.906586,0.744624,0.936156,0.995296,0.991935,0.997312,0.914651,0.907258,0.768145,0.918011,0.995968,0.997312,0.997312,1.1356,1.18949,0.528333,0.52951,0.981436,0.980195,0.0377207,0.0374797,0.125641,0.155755,-3.20817,-3.2007,3.02778,3.03863,0.966625,0.965158,0.0819647,0.0818972,0.234651,0.220683,1.0784,1.07358,0.516836,0.500998,0.926431,0.96232,0.0368364,0.037895,0.125378,0.155855,-3.30364,-3.26726,2.93986,2.9365,0.943513,0.957338,0.0839084,0.0827438,0.235337,0.220998,0.721023,1.01027,1.07561,1.19012,1.22677,1.24996,1.2961,0.721023,0.978477,1.04897,1.14482,1.2053,1.28083,1.32114,0.886224,0.925834,0.926431,1,0.701314,1,1,0.886224,0.89955,0.967099,1,1,0.997519,1,-3.61115,-3.51243,-3.47264,-3.33536,-3.12951,-3.07269,-2.97343,-3.55883,-3.47264,-3.45285,-3.2993,-3.07936,-3.06279,-2.91033,0.805265,0.856445,0.859447,0.966625,0.989247,0.989317,0.993925,0.951054,0.859447,0.941838,0.966625,0.986245,0.989247,0.992669,1.6606,1.70022,1.51132,0.0290841,1.22257,1.25731,1.28786,1.60831,1.63823,1.66508,1.70161,1.84367,1.70626,1.53855,0.0274823,1.24312,1.26992,1.31951,1.60831,1.6502,1.67785,1.70275,2.39049,2.58484,2.36778,0.0518458,1.90382,1.9528,1.98482,2.47568,2.58275,2.64234,2.81011,2.57112,2.60425,2.40188,0.0479965,1.90382,1.95392,1.99575,2.48826,2.58456,2.62952,2.80585,0.858294,0.980312,0.880828,0.0420121,0.594463,0.681468,0.744878,0.851666,0.910479,0.924594,1.28594,0.825731,0.556202,0.938524,0.0516622,0.674872,0.68584,0.792973,0.833868,0.924594,1.06917,1.42969,1.76034,1.78271,1.82304,0.0186679,1.69064,1.7408,1.75876,1.78481,1.85468,1.87815,2.0031,1.71585,1.82193,1.85529,0.0244951,1.69026,1.72806,1.75955,1.82732,1.90466,1.93841,2.18479,-9999,-9999
