TIMESTAMP,TA_F_MDS,TA_F_MDS_QC,TA_F_MDS_NIGHT,TA_F_MDS_NIGHT_SD,TA_F_MDS_NIGHT_QC,TA_F_MDS_DAY,TA_F_MDS_DAY_SD,TA_F_MDS_DAY_QC,TA_ERA,TA_ERA_NIGHT,TA_ERA_NIGHT_SD,TA_ERA_DAY,TA_ERA_DAY_SD,TA_F,TA_F_QC,TA_F_NIGHT,TA_F_NIGHT_SD,TA_F_NIGHT_QC,TA_F_DAY,TA_F_DAY_SD,TA_F_DAY_QC,SW_IN_POT,SW_IN_F_MDS,SW_IN_F_MDS_QC,SW_IN_ERA,SW_IN_F,SW_IN_F_QC,LW_IN_F_MDS,LW_IN_F_MDS_QC,LW_IN_ERA,LW_IN_F,LW_IN_F_QC,LW_IN_JSB,LW_IN_JSB_QC,LW_IN_JSB_ERA,LW_IN_JSB_F,LW_IN_JSB_F_QC,VPD_F_MDS,VPD_F_MDS_QC,VPD_ERA,VPD_F,VPD_F_QC,PA_ERA,PA_F,PA_F_QC,P_ERA,P_F,P_F_QC,WS_ERA,WS_F,WS_F_QC,USTAR,USTAR_QC,NETRAD,NETRAD_QC,PPFD_IN,PPFD_IN_QC,PPFD_OUT,PPFD_OUT_QC,SW_OUT,SW_OUT_QC,LW_OUT,LW_OUT_QC,CO2_F_MDS,CO2_F_MDS_QC,TS_F_MDS_1,TS_F_MDS_2,TS_F_MDS_3,TS_F_MDS_4,TS_F_MDS_5,TS_F_MDS_1_QC,TS_F_MDS_2_QC,TS_F_MDS_3_QC,TS_F_MDS_4_QC,TS_F_MDS_5_QC,G_F_MDS,G_F_MDS_QC,LE_F_MDS,LE_F_MDS_QC,LE_CORR,LE_RANDUNC,H_F_MDS,H_F_MDS_QC,H_CORR,H_RANDUNC,EBC_CF_N,EBC_CF_METHOD,NIGHT_D,DAY_D,NIGHT_RANDUNC_N,DAY_RANDUNC_N,NEE_VUT_REF,NEE_VUT_REF_QC,NEE_VUT_REF_RANDUNC,NEE_VUT_REF_JOINTUNC,NEE_VUT_USTAR50,NEE_VUT_USTAR50_QC,NEE_VUT_USTAR50_RANDUNC,NEE_VUT_USTAR50_JOINTUNC,NEE_VUT_MEAN,NEE_VUT_MEAN_QC,NEE_VUT_SE,NEE_VUT_05,NEE_VUT_16,NEE_VUT_25,NEE_VUT_50,NEE_VUT_75,NEE_VUT_84,NEE_VUT_95,NEE_VUT_05_QC,NEE_VUT_16_QC,NEE_VUT_25_QC,NEE_VUT_50_QC,NEE_VUT_75_QC,NEE_VUT_84_QC,NEE_VUT_95_QC,NEE_VUT_REF_NIGHT,NEE_VUT_REF_NIGHT_SD,NEE_VUT_REF_NIGHT_QC,NEE_VUT_REF_NIGHT_RANDUNC,NEE_VUT_REF_NIGHT_JOINTUNC,NEE_VUT_REF_DAY,NEE_VUT_REF_DAY_SD,NEE_VUT_REF_DAY_QC,NEE_VUT_REF_DAY_RANDUNC,NEE_VUT_REF_DAY_JOINTUNC,NEE_VUT_USTAR50_NIGHT,NEE_VUT_USTAR50_NIGHT_SD,NEE_VUT_USTAR50_NIGHT_QC,NEE_VUT_USTAR50_NIGHT_RANDUNC,NEE_VUT_USTAR50_NIGHT_JOINTUNC,NEE_VUT_USTAR50_DAY,NEE_VUT_USTAR50_DAY_SD,NEE_VUT_USTAR50_DAY_QC,NEE_VUT_USTAR50_DAY_RANDUNC,NEE_VUT_USTAR50_DAY_JOINTUNC,NEE_VUT_05_NIGHT,NEE_VUT_16_NIGHT,NEE_VUT_25_NIGHT,NEE_VUT_50_NIGHT,NEE_VUT_75_NIGHT,NEE_VUT_84_NIGHT,NEE_VUT_95_NIGHT,NEE_VUT_05_NIGHT_QC,NEE_VUT_16_NIGHT_QC,NEE_VUT_25_NIGHT_QC,NEE_VUT_50_NIGHT_QC,NEE_VUT_75_NIGHT_QC,NEE_VUT_84_NIGHT_QC,NEE_VUT_95_NIGHT_QC,NEE_VUT_05_DAY,NEE_VUT_16_DAY,NEE_VUT_25_DAY,NEE_VUT_50_DAY,NEE_VUT_75_DAY,NEE_VUT_84_DAY,NEE_VUT_95_DAY,NEE_VUT_05_DAY_QC,NEE_VUT_16_DAY_QC,NEE_VUT_25_DAY_QC,NEE_VUT_50_DAY_QC,NEE_VUT_75_DAY_QC,NEE_VUT_84_DAY_QC,NEE_VUT_95_DAY_QC,RECO_NT_VUT_REF,RECO_NT_VUT_USTAR50,RECO_NT_VUT_MEAN,RECO_NT_VUT_SE,RECO_NT_VUT_05,RECO_NT_VUT_16,RECO_NT_VUT_25,RECO_NT_VUT_50,RECO_NT_VUT_75,RECO_NT_VUT_84,RECO_NT_VUT_95,GPP_NT_VUT_REF,GPP_NT_VUT_USTAR50,GPP_NT_VUT_MEAN,GPP_NT_VUT_SE,GPP_NT_VUT_05,GPP_NT_VUT_16,GPP_NT_VUT_25,GPP_NT_VUT_50,GPP_NT_VUT_75,GPP_NT_VUT_84,GPP_NT_VUT_95,RECO_DT_VUT_REF,RECO_DT_VUT_USTAR50,RECO_DT_VUT_MEAN,RECO_DT_VUT_SE,RECO_DT_VUT_05,RECO_DT_VUT_16,RECO_DT_VUT_25,RECO_DT_VUT_50,RECO_DT_VUT_75,RECO_DT_VUT_84,RECO_DT_VUT_95,GPP_DT_VUT_REF,GPP_DT_VUT_USTAR50,GPP_DT_VUT_MEAN,GPP_DT_VUT_SE,GPP_DT_VUT_05,GPP_DT_VUT_16,GPP_DT_VUT_25,GPP_DT_VUT_50,GPP_DT_VUT_75,GPP_DT_VUT_84,GPP_DT_VUT_95,RECO_SR,RECO_SR_N
201301,-9999,-9999,-9999,-9999,-9999,-9999,-9999,-9999,-0.253,-0.453,0.926,0.112,0.659,-0.253,0.0,-0.453,0.926,0.0,0.112,0.659,0.0,80.2405,-9999,-9999,20.874,20.874,0.0,-9999,-9999,297.051,297.051,0.0,-9999,-9999,299.04,299.04,0.0,-9999,-9999,0.351,0.351,0.0,101.177,101.177,0.0,2.458,2.458,0.0,3.029,3.029,0.0,-9999,-9999,-9999,-9999,-9999,-9999,-9999,-9999,-9999,-9999,-9999,-9999,-9999,-9999,-9999,-9999,-9999,-9999,-9999,-9999,-9999,-9999,-9999,-9999,-9999,1.0,91.9715,0.0,108.311,-9999,14.782,0.0,17.4081,-9999,1.0,3,31.5161,16.4839,0.0,0.0,-0.693284,0.0,-9999,-9999,-0.693284,0.0,-9999,-9999,-0.844019,0.0,0.0368176,-1.23058,-1.15986,-1.15019,-0.693284,-0.693284,-0.693284,-0.617209,0.0,0.0,0.0,0.0,0.0,0.0,0.0,1.64826,2.63053,0.0,-9999,-9999,-5.09287,1.76755,0.0,-9999,-9999,1.64826,2.63053,0.0,-9999,-9999,-5.09287,1.76755,0.0,-9999,-9999,1.25083,1.26368,1.27184,1.64826,1.64826,1.64826,1.76017,0.0,0.0,0.0,0.0,0.0,0.0,0.0,-5.83516,-5.65198,-5.65198,-5.09287,-5.09287,-5.09287,-5.09287,0.0,0.0,0.0,0.0,0.0,0.0,0.0,1.45259,1.48824,1.39483,0.0256524,1.04553,1.17217,1.39843,1.43913,1.48824,1.494,1.50666,2.18153,2.18153,2.23885,0.0340499,2.02386,2.11212,2.12179,2.15307,2.28654,2.36745,2.65406,1.81237,1.81237,2.35376,0.125669,1.71435,1.81237,1.81237,1.81237,3.43733,3.51298,3.57519,0.475256,0.475256,0.626914,0.035106,0.446056,0.475256,0.475256,0.475256,0.925074,0.930714,0.986721,-9999,-9999
201302,-9999,-9999,-9999,-9999,-9999,-9999,-9999,-9999,-1.021,-1.562,0.938,-0.269,0.849,-1.021,0.0,-1.562,0.938,0.0,-0.269,0.849,0.0,143.184,-9999,-9999,47.762,47.762,0.0,-9999,-9999,289.84,289.84,0.0,-9999,-9999,290.496,290.496,0.0,-9999,-9999,0.307,0.307,0.0,101.455,101.455,0.0,1.419,1.419,0.0,2.585,2.585,0.0,-9999,-9999,-9999,-9999,-9999,-9999,-9999,-9999,-9999,-9999,-9999,-9999,-9999,-9999,-9999,-9999,-9999,-9999,-9999,-9999,-9999,-9999,-9999,-9999,-9999,1.0,90.6384,0.0,135.467,-9999,14.8897,0.0,22.254,-9999,2.0,3,28.0,20.0,0.0,0.0,-0.676942,0.0,-9999,-9999,-0.676942,0.0,-9999,-9999,-0.828242,0.0,0.0369933,-1.21744,-1.14548,-1.13626,-0.676942,-0.676942,-0.676942,-0.601991,0.0,0.0,0.0,0.0,0.0,0.0,0.0,2.21669,2.07473,0.0,-9999,-9999,-4.66522,1.96219,0.0,-9999,-9999,2.21669,2.07473,0.0,-9999,-9999,-4.66522,1.96219,0.0,-9999,-9999,1.94107,1.94743,1.95668,2.21669,2.21669,2.21669,2.34072,0.0,0.0,0.0,0.0,0.0,0.0,0.0,-5.52718,-5.36979,-5.36979,-4.66522,-4.66522,-4.66522,-4.66522,0.0,0.0,0.0,0.0,0.0,0.0,0.0,1.3564,1.39442,1.29463,0.0268415,0.930592,1.05835,1.30089,1.34204,1.38866,1.39835,1.40831,2.07136,2.07136,2.12287,0.0348513,1.88844,1.99736,2.00315,2.04101,2.16811,2.24869,2.5485,1.78522,1.78522,2.31831,0.123754,1.68867,1.78522,1.78522,1.78522,3.38584,3.46035,3.52163,0.991832,0.991832,1.26081,0.0623079,0.941313,0.991832,0.991832,0.991832,1.79459,1.80308,1.8953,-9999,-9999
201303,-9999,-9999,-9999,-9999,-9999,-9999,-9999,-9999,-1.744,-2.741,1.108,-0.766,1.654,-1.744,0.0,-2.741,1.108,0.0,-0.766,1.654,0.0,241.508,-9999,-9999,112.924,112.924,0.0,-9999,-9999,267.473,267.473,0.0,-9999,-9999,263.991,263.991,0.0,-9999,-9999,1.077,1.077,0.0,101.275,101.275,0.0,0.936,0.936,0.0,3.1,3.1,0.0,-9999,-9999,-9999,-9999,-9999,-9999,-9999,-9999,-9999,-9999,-9999,-9999,-9999,-9999,-9999,-9999,-9999,-9999,-9999,-9999,-9999,-9999,-9999,-9999,-15.9303,0.696909,91.6475,0.0,166.022,-9999,14.8721,0.0,26.9412,-9999,1.0,3,23.7742,24.2258,0.0,0.0,-0.699783,0.0,-9999,-9999,-0.699783,0.0,-9999,-9999,-0.846089,0.0,0.0359885,-1.22475,-1.15463,-1.14506,-0.699783,-0.699783,-0.699783,-0.622182,0.0,0.0,0.0,0.0,0.0,0.0,0.0,2.88464,1.18827,0.0,-9999,-9999,-4.16842,2.24896,0.0,-9999,-9999,2.88464,1.18827,0.0,-9999,-9999,-4.16842,2.24896,0.0,-9999,-9999,2.69194,2.70179,2.7129,2.88464,2.88464,2.88464,3.03634,0.0,0.0,0.0,0.0,0.0,0.0,0.0,-4.98419,-4.85941,-4.8568,-4.16842,-4.16842,-4.16842,-4.16842,0.0,0.0,0.0,0.0,0.0,0.0,0.0,1.294,1.33171,1.23346,0.0263355,0.878071,1.00122,1.23962,1.27977,1.32534,1.33408,1.34594,2.03149,2.03149,2.07955,0.0341039,1.85293,1.95817,1.96291,2.00138,2.12655,2.20071,2.49526,1.7508,1.7508,2.27345,0.121341,1.65612,1.7508,1.7508,1.7508,3.32056,3.39364,3.45374,1.95967,1.95967,2.36419,0.0937956,1.89518,1.95967,1.95967,1.95967,3.17846,3.18764,3.3127,-9999,-9999
201304,-9999,-9999,-9999,-9999,-9999,-9999,-9999,-9999,6.121,4.824,1.493,7.011,1.996,6.121,0.0,4.824,1.493,0.0,7.011,1.996,0.0,351.365,-9999,-9999,179.623,179.623,0.0,-9999,-9999,298.228,298.228,0.0,-9999,-9999,300.435,300.435,0.0,-9999,-9999,2.435,2.435,0.0,101.469,101.469,0.0,0.909,0.909,0.0,2.509,2.509,0.0,-9999,-9999,-9999,-9999,-9999,-9999,-9999,-9999,-9999,-9999,-9999,-9999,-9999,-9999,-9999,-9999,-9999,-9999,-9999,-9999,-9999,-9999,-9999,-9999,-15.7153,0.0,91.4451,0.0,154.949,4.44464,14.8465,0.0,25.1566,3.55352,2.0,3,19.5,28.5,0.3,0.0666667,-0.690438,0.0,0.458922,0.514039,-0.690438,0.0,0.458922,0.514039,-0.839823,0.0,0.0365863,-1.22448,-1.15359,-1.14409,-0.690438,-0.690438,-0.690438,-0.614187,0.0,0.0,0.0,0.0,0.0,0.0,0.0,3.15589,0.70546,0.0,0.485257,0.485728,-3.29314,3.05844,0.0,1.07134,1.13179,3.15589,0.70546,0.0,0.485257,0.485728,-3.29314,3.05844,0.0,1.07134,1.13179,3.11194,3.1244,3.14071,3.15589,3.15589,3.16716,3.33762,0.0,0.0,0.0,0.0,0.0,0.0,0.0,-4.14406,-4.02296,-4.01619,-3.29314,-3.29314,-3.29314,-3.29314,0.0,0.0,0.0,0.0,0.0,0.0,0.0,2.13758,2.16315,2.09507,0.0220558,1.78813,1.92142,2.08565,2.12668,2.16261,2.18732,2.24386,2.85359,2.85359,2.93489,0.0311218,2.76009,2.8068,2.81567,2.8493,2.96008,3.0795,3.31059,2.0717,2.0717,2.69209,0.143908,1.95966,2.0717,2.0717,2.0717,3.92917,4.01565,4.08676,2.8147,2.8147,3.31918,0.117006,2.74781,2.8147,2.8147,2.8147,4.33895,4.34345,4.49981,-9999,-9999
201305,14.644,0.572581,12.887,1.668,0.582661,15.499,2.467,0.56754,12.65,11.251,1.343,13.341,1.998,13.117,0.572581,11.47,1.498,0.582661,13.918,2.307,0.56754,439.619,211.381,0.572581,208.32,202.161,0.572581,342.288,0.572581,335.212,335.846,0.572581,349.005,0.571237,344.259,343.477,0.571237,5.036,0.572581,3.514,3.758,0.572581,100.907,100.914,0.56586,2.765,2.765,0.0,2.236,2.196,0.565188,0.233520058035,0.516129032258,121.560699851,0.565188172043,329.399561292,0.548387096774,20.0325940527,0.548387096774,14.1043418121,0.565860215054,398.887713408,0.565860215054,389.595,0.572581,-9999,-9999,-9999,-9999,-9999,-9999,-9999,-9999,-9999,-9999,-10.135,0.0,69.3434,0.571237,111.514,0.677901,16.6263,0.571909,26.7373,0.300204,3.0,3,15.5806,32.4194,15.5806,32.1613,-0.683246,0.56922,0.0464414,0.132017,-0.683246,0.56922,0.0464419,0.132018,-0.761195,0.567524,0.0193395,-0.974155,-0.922242,-0.91557,-0.681697,-0.681642,-0.675084,-0.643742,0.563172,0.563844,0.563844,0.56922,0.56922,0.56922,0.56922,2.74531,0.879708,0.582661,0.0669684,0.0851517,-2.30306,3.31078,0.5625,0.0579733,0.203743,2.74531,0.879708,0.582661,0.0669711,0.0851538,-2.30306,3.31078,0.5625,0.0579735,0.203743,2.71045,2.74527,2.74531,2.74582,2.84201,2.85046,2.86579,0.582661,0.582661,0.582661,0.582661,0.582661,0.582661,0.582661,-2.78885,-2.69023,-2.68881,-2.30088,-2.30079,-2.29959,-2.29603,0.553427,0.554435,0.554435,0.5625,0.5625,0.5625,0.5625,2.88723,2.87968,2.89271,0.00599586,2.82909,2.87234,2.87562,2.87826,2.89219,2.94706,2.97389,3.56138,3.56293,3.6539,0.0197891,3.5539,3.55766,3.55887,3.56289,3.78842,3.81662,3.86635,2.69585,2.69815,3.04341,0.078387,2.69399,2.69558,2.69585,2.70756,3.73893,3.77769,3.80701,3.58431,3.54048,3.81981,0.0642441,3.53347,3.53456,3.53474,3.54855,4.37881,4.38763,4.47936,-9999,-9999
201306,15.975,1.0,12.924,1.665,1.0,17.161,2.947,1.0,15.922,14.309,1.176,16.546,1.988,15.975,1.0,12.924,1.665,1.0,17.161,2.947,1.0,481.281,248.79,1.0,241.055,248.79,1.0,345.3,1.0,345.417,345.3,1.0,362.591,1.0,356.352,362.591,1.0,5.078,1.0,4.96,5.078,1.0,101.487,101.503,1.0,1.591,1.591,0.0,2.426,2.456,1.0,0.239361170843,0.865277777778,159.222299509,1.0,428.916770629,0.999305555556,30.9424447413,1.0,25.7144332561,1.0,408.701681944,1.0,405.083,1.0,-9999,-9999,-9999,-9999,-9999,-9999,-9999,-9999,-9999,-9999,-6.01084,0.470139,83.7113,0.998611,107.613,0.905145,23.1787,1.0,29.7967,0.34115,1.0,2,13.3333,34.6667,13.3333,34.6667,0.0249989,0.972917,0.0595868,0.421252,0.0432036,0.974306,0.059769,0.421277,-0.0662339,0.968177,0.0564137,-0.562857,-0.551255,-0.518041,0.0432036,0.278123,0.282777,0.2977,0.950694,0.95,0.951389,0.974306,0.980556,0.980556,0.980556,4.36094,1.87492,0.973626,0.125193,0.847695,-1.66202,3.09495,0.972969,0.0632662,0.238295,4.37578,1.88351,0.973626,0.126072,0.847826,-1.64297,3.09955,0.97493,0.0633139,0.238307,3.00773,3.04479,3.11955,4.37578,4.70802,4.72159,4.74868,0.932234,0.932234,0.932234,0.973626,0.97619,0.97619,0.97619,-1.92296,-1.92013,-1.90417,-1.64297,-1.46128,-1.46064,-1.43588,0.957675,0.958627,0.962437,0.97493,0.982549,0.982549,0.984482,4.43354,4.79471,4.57462,0.063752,3.95975,4.04752,4.0683,4.79474,4.9257,4.95536,4.9761,4.75151,4.75151,4.64085,0.0146758,4.48481,4.52801,4.58119,4.6327,4.68736,4.75151,4.77182,4.4407,4.68149,4.15213,0.0842745,3.03997,3.61464,3.74072,4.39621,4.54105,4.60607,4.67873,4.60802,4.79047,4.49342,0.0452736,3.85493,4.23351,4.30172,4.60802,4.70011,4.74652,4.78829,-9999,-9999
201307,18.727,0.94086,15.043,1.613,0.952688,20.298,3.215,0.935484,18.804,17.076,1.073,19.535,2.0,18.693,0.94086,15.061,1.617,0.952688,20.241,3.241,0.935484,461.841,244.471,0.942204,243.182,249.921,0.942204,359.105,0.94086,356.109,357.51,0.94086,384.927,0.94086,369.021,382.858,0.94086,6.13,0.94086,5.904,6.306,0.94086,101.787,101.775,0.9375,1.424,1.424,0.0,2.036,2.014,0.932124,0.23907254196,0.548387096774,154.91359561,0.935483870968,443.444593761,0.935483870968,36.2404207459,0.935483870968,33.1414606731,0.935483870968,422.193323994,0.935483870968,413.933,0.797043,18.114,17.019,16.2,15.392,14.79,0.94086,0.94086,0.94086,0.94086,0.94086,-7.24873,0.94086,98.8249,0.796371,127.042,0.697302,29.4591,0.799731,37.8703,0.323858,0.763441,1,14.2903,33.7097,14.2903,33.7097,0.430835,0.790995,0.0516411,0.227597,0.437779,0.791667,0.0515693,0.227581,0.362361,0.786257,0.0306208,0.0621283,0.0850118,0.113952,0.446859,0.50254,0.528334,0.588412,0.773522,0.773522,0.771505,0.793683,0.793683,0.793683,0.794355,4.69678,1.17531,0.812903,0.0957675,0.448311,-1.39312,3.75245,0.781315,0.0580768,0.136057,4.70524,1.18101,0.812903,0.0957862,0.448315,-1.38709,3.76168,0.782237,0.0579509,0.136004,3.91538,3.99742,4.04676,4.70524,4.81515,4.87334,5.04041,0.785443,0.789744,0.783292,0.812903,0.812903,0.812903,0.812903,-1.592,-1.5793,-1.56566,-1.38517,-1.3432,-1.33323,-1.31926,0.766291,0.768246,0.768246,0.780423,0.785002,0.785002,0.785924,6.36589,6.29148,6.03345,0.0897766,5.00932,5.21228,5.25382,6.32214,6.38802,6.48944,6.57266,5.85495,5.8537,5.67109,0.0617919,4.92617,5.13987,5.16144,5.86675,5.91525,5.93774,5.98425,5.52102,5.46274,5.38898,0.035444,4.91449,5.06405,5.18526,5.48011,5.5398,5.57,5.605,4.90524,4.88389,4.92589,0.0129621,4.74729,4.87313,4.88584,4.92389,4.94844,4.97303,5.05136,-9999,-9999
201308,17.793,0.990591,14.682,1.77,1.0,19.652,3.151,0.986315,18.594,17.137,1.162,19.455,1.896,17.76,0.990591,14.682,1.77,1.0,19.604,3.133,0.986315,388.233,191.043,0.991263,187.661,189.952,0.991263,353.763,0.990591,354.866,353.747,0.990591,384.936,0.990591,367.548,384.742,0.990591,5.699,0.990591,6.543,5.665,0.990591,101.663,101.647,0.984543,1.444,1.444,0.0,2.21,2.015,0.984543,-9999,-9999,107.000391574,0.983198924731,327.485291221,0.983870967742,27.1951497191,0.984543010753,21.9164651992,0.984543010753,414.359973737,0.984543010753,403.556,0.975806,18.56,17.871,17.288,16.649,16.118,0.990591,0.990591,0.990591,0.990591,0.990591,-3.96744,0.989247,74.7268,0.973118,96.446,0.771915,12.2293,0.975806,15.7837,0.248301,0.930108,1,17.8065,30.1935,17.8065,30.1935,0.11749,0.956989,0.0505988,0.168754,0.105155,0.959005,0.0503867,0.16869,0.047195,0.937567,0.0205331,-0.138831,-0.133906,-0.117695,0.0852493,0.11749,0.188072,0.206669,0.893817,0.895833,0.895161,0.948925,0.956989,0.958333,0.962366,3.31865,0.940325,0.989225,0.0716909,0.165237,-1.78685,3.37413,0.939479,0.0649694,0.164503,3.29353,0.980414,0.989225,0.0714369,0.165127,-1.78977,3.37152,0.942742,0.0646793,0.164389,3.04527,3.04913,3.08342,3.21796,3.31865,3.34688,3.42533,0.891652,0.895048,0.901839,0.988826,0.989225,0.989225,0.988826,-2.01394,-2.01331,-2.00897,-1.78685,-1.72712,-1.71105,-1.68343,0.896889,0.900083,0.899042,0.939479,0.941701,0.941701,0.941701,4.65155,4.63106,4.49791,0.024075,4.17604,4.34002,4.4306,4.46702,4.63106,4.65212,4.7479,4.52425,4.5259,4.45071,0.017212,4.30321,4.35571,4.36623,4.42782,4.53081,4.55492,4.61734,3.44423,3.30364,3.43372,0.0447432,2.89075,3.10642,3.253,3.44201,3.60491,3.65691,3.81736,3.35867,3.28374,3.43004,0.0294361,3.19693,3.28454,3.30269,3.35867,3.53939,3.58553,3.82147,-9999,-9999
201309,12.631,1.0,10.752,2.018,1.0,14.241,2.55,1.0,13.337,12.43,1.162,14.106,1.647,12.631,1.0,10.752,2.018,1.0,14.241,2.55,1.0,285.741,114.316,1.0,108.428,114.316,1.0,338.697,1.0,336.202,338.697,1.0,352.278,1.0,345.432,352.278,1.0,2.894,1.0,3.46,2.894,1.0,101.333,101.342,1.0,1.598,1.598,0.0,2.409,2.086,0.997222,0.210883610914,0.861805555556,55.9644184718,0.997916666667,191.319624591,1.0,16.6379085778,1.0,11.2989505545,1.0,383.829175,1.0,402.839,1.0,15.476,15.416,15.36,15.19,15.018,1.0,1.0,1.0,1.0,1.0,1.12965,1.0,30.044,1.0,50.0657,0.461761,3.30596,1.0,5.50908,0.267506,0.995139,1,21.9,26.1,21.9,26.1,0.782646,0.992361,0.0509742,0.195328,0.838273,0.992361,0.0510319,0.195343,0.805222,0.976649,0.0271704,0.579622,0.608742,0.613,0.788757,0.979122,0.985861,1.01412,0.945139,0.938889,0.939583,0.992361,0.995139,0.995139,0.995833,3.05999,1.45748,0.99697,0.0761037,0.316471,-1.17283,2.75837,0.988402,0.0638997,0.0915827,3.17028,1.55334,0.99697,0.0763156,0.316522,-1.16762,2.76694,0.988402,0.0638663,0.0915594,2.75644,2.81357,2.81872,3.07215,3.41771,3.42794,3.4639,0.930556,0.924495,0.924495,0.99697,1.0,1.0,1.0,-1.26382,-1.26066,-1.25717,-1.17211,-1.13401,-1.12944,-1.10801,0.957574,0.951057,0.951057,0.988402,0.990919,0.990919,0.992201,3.30654,3.46777,3.45777,0.0281971,3.18678,3.25884,3.2819,3.44149,3.6386,3.64505,3.69837,2.62949,2.62949,2.65255,0.00536647,2.60044,2.61515,2.62428,2.65716,2.67149,2.67434,2.68425,2.03896,2.11207,2.09422,0.0239057,1.87398,1.99782,2.01197,2.06741,2.11207,2.17209,2.26754,2.06768,2.1471,2.15325,0.0142231,2.02538,2.068,2.09705,2.12067,2.20777,2.24921,2.27733,-9999,-9999
201310,10.871,1.0,9.743,1.952,1.0,12.182,1.936,1.0,10.963,10.409,1.189,11.618,1.227,10.871,1.0,9.743,1.952,1.0,12.182,1.936,1.0,180.076,73.106,1.0,63.767,73.106,1.0,324.703,1.0,329.681,324.703,1.0,338.234,1.0,337.705,338.234,1.0,2.36,1.0,2.194,2.36,1.0,101.418,101.417,1.0,1.446,1.446,0.0,3.006,2.741,1.0,0.219269435472,0.852150537634,19.725916662,1.0,121.071489657,1.0,28.7218280887,1.0,9.12724630558,1.0,367.642898522,1.0,398.823,1.0,11.885,12.042,12.326,12.444,12.587,1.0,1.0,1.0,1.0,1.0,1.87465,1.0,11.6905,1.0,18.757,0.300775,-6.24148,1.0,-10.0143,0.276483,2.0,2,26.1613,21.8387,26.0968,21.8387,0.8161,0.999328,0.0252515,0.15593,0.824188,0.999328,0.0252424,0.155928,0.827273,0.99286,0.0200309,0.687361,0.688986,0.700504,0.808919,0.990352,0.996729,1.01206,0.983199,0.983199,0.983199,0.999328,0.999328,1.0,1.0,1.4995,0.816889,1.0,0.031465,0.242917,-0.0127395,1.07727,0.998534,0.0379391,0.0539052,1.5111,0.824419,1.0,0.0314607,0.242916,-0.00989894,1.07985,0.998534,0.0379125,0.0538865,1.29684,1.30777,1.3224,1.4846,1.78497,1.78951,1.81537,0.976473,0.976473,0.977667,1.0,1.0,1.0,1.0,-0.0614003,-0.0587319,-0.0555182,-0.0127395,0.00978016,0.0178552,0.0206034,0.991185,0.991185,0.986646,0.998534,0.998534,1.0,1.0,1.36286,1.37798,1.37823,0.00758138,1.30758,1.3302,1.33525,1.36695,1.41709,1.42161,1.45986,0.553795,0.553795,0.550954,0.0129588,0.424111,0.441987,0.447624,0.553845,0.622222,0.641103,0.64748,1.06256,1.08764,1.09692,0.00926865,1.03419,1.04452,1.05423,1.07936,1.10694,1.18275,1.21207,0.574004,0.629671,0.636705,0.00722487,0.572631,0.576417,0.61008,0.616459,0.673722,0.698187,0.711229,-9999,-9999
201311,5.575,1.0,5.058,1.157,1.0,6.465,1.037,1.0,5.54,5.255,0.785,6.022,0.645,5.575,1.0,5.058,1.157,1.0,6.465,1.037,1.0,99.3822,30.329,1.0,24.779,30.329,1.0,309.865,1.0,312.77,309.865,1.0,300.958,1.0,317.666,300.958,1.0,1.17,1.0,0.93,1.17,1.0,101.164,101.203,1.0,2.124,2.124,0.0,2.942,2.9,0.995139,0.19954935175,0.842361111111,-5.28868853248,0.999305555556,47.5379215565,0.999305555556,27.5573092634,0.999305555556,5.08965969721,0.999305555556,339.2655093,0.998611111111,393.447,1.0,7.854,8.605,9.4,9.922,10.396,1.0,1.0,1.0,1.0,1.0,5.91541,1.0,2.18742,1.0,3.37414,0.117467,-9.44209,1.0,-14.5646,0.269894,0.994444,1,30.2667,17.7333,30.2667,17.7333,0.715732,0.997917,0.0128409,0.0348668,0.711284,0.997917,0.0128879,0.0348841,0.73395,0.997552,0.00519645,0.709158,0.71039,0.71166,0.714179,0.768448,0.775222,0.795546,1.0,1.0,1.0,0.999306,0.994444,0.994444,0.994444,0.769398,0.346028,1.0,0.0151257,0.0413076,0.545836,0.375898,0.994118,0.0213393,0.0282159,0.768959,0.346441,1.0,0.0151,0.0412982,0.534252,0.38032,0.994118,0.021584,0.0284014,0.766953,0.768543,0.769046,0.771865,0.835747,0.845421,0.870631,1.0,1.0,1.0,1.0,1.0,1.0,1.0,0.529372,0.532841,0.533408,0.537633,0.568669,0.569762,0.578475,1.0,0.994118,0.998039,0.998039,0.983701,0.983701,0.983701,0.773984,0.77485,0.785567,0.00300393,0.770363,0.773881,0.774307,0.77527,0.793069,0.807239,0.828371,0.0635657,0.0635657,0.0516168,0.00253449,0.0188185,0.0244505,0.0379327,0.0612348,0.0625841,0.0635465,0.0647224,0.869807,0.865276,0.91644,0.00931609,0.858101,0.867023,0.875153,0.884163,0.986114,0.995842,1.01179,0.141361,0.126454,0.137191,0.00191651,0.118854,0.123838,0.128098,0.138565,0.144271,0.150065,0.158222,-9999,-9999
201312,4.734,1.0,4.515,1.226,1.0,5.191,0.774,1.0,4.222,4.159,1.005,4.351,0.515,4.734,1.0,4.515,1.226,1.0,5.191,0.774,1.0,64.3224,15.707,1.0,12.958,15.707,1.0,309.233,1.0,311.667,309.233,1.0,298.418,1.0,316.359,298.418,1.0,1.369,1.0,1.001,1.369,1.0,101.454,101.491,1.0,1.753,1.753,0.0,3.533,3.805,0.995968,0.241426611408,0.819892473118,-11.2853725028,1.0,24.886733213,1.0,8.4114468459,1.0,2.69804237451,1.0,332.564422043,1.0,409.958,1.0,5.372,5.952,6.702,7.295,7.873,1.0,1.0,1.0,1.0,1.0,3.73439,1.0,2.81169,1.0,3.31121,0.148783,-15.5298,1.0,-18.2887,0.402983,0.978495,1,32.4516,15.5484,32.4516,15.5484,0.798494,0.999328,0.0175822,0.0657947,0.793092,0.999328,0.0176506,0.065813,0.83335,0.997833,0.00975097,0.785225,0.789187,0.790462,0.793092,0.894147,0.915991,0.945189,0.999328,0.999328,0.999328,0.999328,0.993952,0.993952,0.995296,0.795974,0.444861,1.0,0.0209402,0.0722425,0.715367,0.440606,0.997984,0.0287353,0.0532496,0.790535,0.450961,1.0,0.0210501,0.0722745,0.710964,0.441038,0.997984,0.0287571,0.0532613,0.779912,0.785106,0.785732,0.789681,0.899925,0.923388,0.957142,1.0,1.0,1.0,1.0,0.995968,0.995968,0.997984,0.70973,0.710725,0.710948,0.713686,0.784017,0.800387,0.817217,0.997984,0.997984,0.997984,0.997984,0.989919,0.989919,0.989919,0.840792,0.837045,0.870995,0.00899828,0.822079,0.828911,0.829705,0.836706,0.928245,0.940824,0.977739,0.0439535,0.0439535,0.0376444,0.0011496,0.0160979,0.0318215,0.0368542,0.0394243,0.0424668,0.0431721,0.0443494,0.904147,0.90763,1.00259,0.0333048,0.87815,0.879409,0.880711,0.904746,1.02647,1.05699,1.43468,0.0588531,0.0704805,0.0774182,0.00402,0.0587424,0.0588428,0.0612806,0.0704805,0.0802394,0.0840956,0.117855,-9999,-9999
201401,0.096,0.998656,-0.146,1.158,1.0,0.552,0.832,0.995699,0.038,-0.163,0.954,0.392,0.64,0.098,0.998656,-0.146,1.158,1.0,0.556,0.831,0.995699,80.2405,22.62,0.998656,19.31,22.589,0.998656,289.496,0.998656,295.006,289.5,0.998656,268.017,0.998656,296.617,268.047,0.998656,0.873,0.998656,0.509,0.872,0.998656,100.959,100.99,0.997312,1.576,1.576,0.0,3.503,3.489,0.997312,0.254175445874,0.674731182796,-13.6723961322,0.997311827957,36.4271087254,0.997311827957,15.1193115146,0.997311827957,8.11418227972,0.997311827957,316.449898644,0.997311827957,411.599,0.964382,4.514,5.101,5.83,6.412,6.952,0.998656,0.998656,0.998656,0.998656,0.998656,3.91321,0.998656,0.800953,0.959005,0.943247,0.0636796,-0.245544,0.997312,-0.289166,0.261478,1.0,2,31.5161,16.4839,31.5161,16.4839,0.484862,0.952285,0.0133037,0.0247339,0.484804,0.952285,0.0133035,0.0247338,0.498227,0.948656,0.00311821,0.482617,0.483658,0.4842,0.485551,0.519342,0.525361,0.531929,0.952285,0.952285,0.952285,0.952285,0.941532,0.941532,0.941532,0.500035,0.311115,0.969892,0.0163713,0.0282126,0.404024,0.258874,0.921189,0.0203437,0.0242295,0.499899,0.311254,0.969892,0.016373,0.0282136,0.4041,0.258557,0.921189,0.0203378,0.0242245,0.497576,0.498986,0.499664,0.50149,0.538189,0.54494,0.553244,0.969892,0.969892,0.969892,0.969892,0.958065,0.958065,0.958065,0.401514,0.402758,0.403114,0.403286,0.424216,0.429079,0.430193,0.921189,0.921189,0.921189,0.921189,0.912229,0.912229,0.912229,0.559432,0.55711,0.571188,0.00363328,0.549825,0.553232,0.554883,0.559089,0.592428,0.601993,0.610914,0.0729109,0.0723063,0.072961,0.000683233,0.0664762,0.0682092,0.0709979,0.0730858,0.0736334,0.076433,0.0789856,0.494651,0.494004,0.511573,0.0039181,0.490942,0.49287,0.494004,0.494876,0.545703,0.547469,0.549492,0.0390503,0.0381608,0.0406591,0.000468995,0.0375375,0.0380427,0.0388252,0.0390503,0.0432346,0.0453341,0.0457713,-9999,-9999
201402,4.227,1.0,3.436,1.398,1.0,5.324,1.904,1.0,3.235,2.675,1.194,4.012,1.41,4.227,1.0,3.436,1.398,1.0,5.324,1.904,1.0,143.184,64.147,1.0,56.075,64.147,1.0,291.206,1.0,291.322,291.206,1.0,288.518,1.0,292.251,288.518,1.0,1.601,1.0,1.024,1.601,1.0,100.588,100.597,1.0,0.975,0.975,0.0,2.921,2.843,1.0,0.178263856389,0.59375,15.4183940327,1.0,103.273456451,1.0,18.6173992105,1.0,11.8661237201,1.0,326.870779018,1.0,410.231,0.99628,4.937,5.139,5.604,6.005,6.407,1.0,1.0,1.0,1.0,1.0,0.695528,1.0,2.42779,0.994792,2.23239,0.170755,-17.0848,0.999256,-15.7098,0.371569,1.0,3,28.0,20.0,28.0,20.0,0.332019,0.976935,0.0095673,0.0392808,0.331863,0.976935,0.00957951,0.0392837,0.362578,0.964249,0.00616687,0.332019,0.336424,0.336651,0.33832,0.40795,0.41262,0.432174,0.976935,0.976935,0.976935,0.976935,0.942708,0.938988,0.934524,0.326359,0.159365,0.97534,0.012285,0.0487804,0.305541,0.184694,0.978582,0.0139208,0.0282433,0.326075,0.159213,0.97534,0.0123007,0.0487843,0.305515,0.184732,0.978582,0.0139386,0.0282521,0.326359,0.332015,0.333661,0.335708,0.42018,0.426432,0.455191,0.97534,0.963192,0.97534,0.97534,0.928448,0.928448,0.922373,0.305515,0.305698,0.305802,0.30641,0.35243,0.354846,0.3602,0.978582,0.978582,0.978582,0.978582,0.953935,0.953935,0.953935,0.415469,0.415757,0.421387,0.00316917,0.394568,0.401459,0.405935,0.415989,0.430853,0.44168,0.457918,0.0838932,0.0838932,0.0588092,0.00365138,0.0193156,0.0281993,0.0345282,0.0646711,0.080859,0.0820577,0.0833749,0.431656,0.375193,0.49565,0.0179618,0.374761,0.430814,0.43149,0.431997,0.548274,0.632328,0.693519,0.0581806,0.0317934,0.0715623,0.00727943,0.0317934,0.0378924,0.0571907,0.0579295,0.0648562,0.0796346,0.177037,-9999,-9999
201403,6.434,0.995968,4.691,1.904,1.0,8.132,2.728,0.992556,5.562,4.548,1.385,6.548,1.966,6.433,0.995968,4.691,1.904,1.0,8.129,2.725,0.992556,241.508,112.945,0.99664,112.639,113.043,0.99664,297.255,0.995968,296.848,297.161,0.995968,297.811,0.995968,298.8,297.652,0.995968,2.284,0.995968,1.655,2.281,0.995968,101.48,101.502,0.992608,0.786,0.786,0.0,2.585,2.735,0.991263,0.221461545692,0.728494623656,47.741202236,0.991935483871,182.748179124,0.992607526882,14.5189932717,0.992607526882,10.5947290125,0.992607526882,350.227373311,0.992607526882,417.999,0.995296,7.867,7.63,7.701,7.695,7.742,0.995968,0.995968,0.995968,0.995968,0.995968,-1.49052,0.995968,19.5525,0.993952,35.42,0.35951,1.28932,0.994624,2.33564,0.345431,1.0,2,23.7742,24.2258,23.7742,24.2258,0.775722,0.977823,0.0208688,0.0317622,0.806164,0.979839,0.0209885,0.031841,0.80446,0.957006,0.00488659,0.739066,0.774749,0.793312,0.804133,0.81959,0.822637,0.853106,0.973118,0.977823,0.922715,0.979839,0.980511,0.980511,0.981183,0.9561,0.502454,0.997366,0.0278067,0.052239,0.557435,0.667135,0.95883,0.0290344,0.0336623,1.01112,0.565593,1.0,0.0280951,0.0523931,0.560022,0.669375,0.960175,0.0290817,0.0337031,0.886796,0.952399,0.954621,0.999609,1.03594,1.04085,1.09901,0.997469,0.976032,0.997366,0.936374,1.0,1.0,1.0,0.553358,0.558126,0.56202,0.563168,0.58134,0.592193,0.598781,0.960175,0.960175,0.965848,0.961641,0.905539,0.867618,0.856627,0.977857,0.999212,1.02776,0.00487044,0.977857,0.993034,1.004,1.02568,1.04864,1.05995,1.08235,0.193938,0.193047,0.223299,0.00380754,0.195998,0.200176,0.203018,0.212919,0.244448,0.253247,0.258806,0.747578,0.866641,0.84059,0.0228295,0.728594,0.732714,0.73711,0.79449,0.855282,0.933742,1.09176,0.182348,0.233326,0.222401,0.00908574,0.179431,0.181593,0.182348,0.207704,0.2222,0.27297,0.341225,-9999,-9999
201404,9.711,0.963889,7.253,1.857,0.977193,11.322,2.809,0.955172,9.275,8.006,1.347,10.129,1.979,9.68,0.963889,7.26,1.853,0.977193,11.267,2.815,0.955172,351.365,172.791,0.965278,173.834,174.032,0.965278,317.699,0.963889,316.88,317.408,0.963889,321.055,0.963889,322.536,320.804,0.963889,3.137,0.963889,2.749,3.101,0.963889,101.353,101.354,0.958333,1.372,1.372,0.0,2.584,2.691,0.958333,0.249999808742,0.818055555556,103.082518214,0.93125,278.55446865,0.933333333333,17.6708435893,0.933333333333,11.869623468,0.933333333333,374.712554315,0.933333333333,418.194,0.9625,11.578,10.744,10.357,9.912,9.654,0.963889,0.963889,0.963889,0.963889,0.963889,-5.56169,0.963889,44.137,0.9625,79.9554,0.696563,15.8901,0.961806,28.7853,0.307448,0.955556,1,19.5,28.5,19.5,28.5,0.0172048,0.948611,0.0340185,0.138618,0.0789176,0.95,0.0348256,0.138818,0.0160642,0.947257,0.0193208,-0.134373,-0.131528,-0.130514,0.0776712,0.11873,0.13723,0.164305,0.942361,0.940972,0.94375,0.95,0.949306,0.949306,0.954167,1.49436,0.904778,0.955,0.0430792,0.244288,-0.957954,1.78961,0.944487,0.0466852,0.0784222,1.61201,0.953904,0.958596,0.0454023,0.244708,-0.934922,1.8504,0.944487,0.0472191,0.0787412,1.20029,1.2055,1.22524,1.60978,1.65155,1.68642,1.74857,0.943889,0.943889,0.943889,0.958596,0.958596,0.95693,0.965526,-1.04131,-1.01764,-1.01399,-0.93538,-0.89751,-0.891613,-0.889542,0.939966,0.941157,0.939887,0.944487,0.944487,0.944487,0.946868,1.5301,1.71393,1.69465,0.0240035,1.48646,1.52425,1.53591,1.70782,1.79036,1.84378,1.93857,1.63501,1.63501,1.67858,0.00859155,1.59239,1.62083,1.63447,1.67223,1.70718,1.7484,1.7741,1.32065,1.31767,1.32636,0.0155669,1.03418,1.25952,1.3009,1.34031,1.34955,1.37984,1.43738,1.55781,1.54913,1.56469,0.0100738,1.41436,1.51164,1.54894,1.55869,1.57869,1.61041,1.64936,-9999,-9999
201405,12.665,1.0,10.105,1.664,1.0,13.885,2.415,1.0,12.401,11.032,1.188,13.056,1.76,12.665,1.0,10.105,1.664,1.0,13.885,2.415,1.0,439.619,197.057,0.999328,212.542,197.158,0.999328,335.276,1.0,332.126,335.276,1.0,343.114,0.999328,340.603,343.077,0.999328,3.948,1.0,3.657,3.948,1.0,101.369,101.366,1.0,1.787,1.787,0.0,2.646,2.678,1.0,0.257010730946,0.899865591398,125.987324351,0.998655913978,319.947466713,1.0,18.2678021981,1.0,12.8710458533,1.0,392.097715726,1.0,415.911,1.0,15.093,14.207,13.637,12.937,12.375,1.0,1.0,1.0,1.0,1.0,-5.24371,1.0,61.5894,0.999328,97.149,0.691856,21.7807,1.0,34.3561,0.318563,0.997984,1,15.5806,32.4194,15.5806,32.3548,-0.392146,0.991263,0.053905,0.275328,-0.369436,0.991935,0.054025,0.275351,-0.51375,0.992221,0.0390191,-0.903791,-0.838113,-0.825589,-0.372004,-0.304093,-0.298115,-0.278574,0.983199,0.988575,0.988575,0.991935,0.995296,0.995296,0.998656,2.90918,1.3965,0.98055,0.0964403,0.494464,-1.93852,2.95738,0.996943,0.061368,0.168585,2.96233,1.47654,0.982448,0.0970357,0.49458,-1.93374,2.95839,0.996943,0.0613654,0.168584,2.0408,2.10277,2.12327,2.96233,3.06439,3.07271,3.1183,0.982211,0.982211,0.982211,0.982448,0.991935,0.991935,1.0,-2.24681,-2.19824,-2.18061,-1.93745,-1.89186,-1.8842,-1.88129,0.983823,0.991867,0.991867,0.996943,0.996943,0.997951,0.997951,3.44171,3.5313,3.38651,0.0470735,2.89657,2.97992,3.05033,3.52946,3.64988,3.65571,3.66813,3.89788,3.90073,3.90026,0.0103601,3.71377,3.8297,3.88041,3.91167,3.94336,3.95604,3.9652,3.18677,3.22408,2.8601,0.0543595,2.32277,2.38453,2.40022,3.07518,3.12269,3.15967,3.1897,3.56184,3.66832,3.45765,0.0247973,3.18874,3.22448,3.26462,3.53624,3.56184,3.6023,3.63218,-9999,-9999
201406,15.337,1.0,12.123,1.659,1.0,16.583,3.053,1.0,15.723,14.169,1.132,16.328,1.921,15.337,1.0,12.123,1.659,1.0,16.583,3.053,1.0,481.281,229.695,1.0,234.66,229.695,1.0,343.566,1.0,343.408,343.566,1.0,363.137,1.0,353.971,363.137,1.0,4.702,1.0,4.84,4.702,1.0,101.478,101.458,1.0,2.168,2.168,0.0,2.087,2.136,1.0,0.222296793021,0.875,143.594999486,0.997916666667,374.791253517,1.0,21.8866168613,1.0,18.8322239611,1.0,408.392151389,1.0,431.818,1.0,16.727,15.912,15.404,14.774,14.231,1.0,1.0,1.0,1.0,1.0,-4.69907,1.0,79.9189,1.0,114.724,0.925868,23.6895,1.0,34.0066,0.326469,0.997917,1,13.3667,34.6333,13.3667,34.6333,-0.167678,0.9875,0.0633281,0.346419,-0.161471,0.9875,0.0634363,0.346439,-0.353754,0.981719,0.0493595,-0.806409,-0.785504,-0.772666,-0.167678,-0.108703,-0.104341,-0.0671516,0.972222,0.973611,0.972222,0.9875,0.984722,0.984722,0.985417,4.024,1.57802,0.976923,0.119457,0.647745,-1.77348,3.79201,0.991345,0.0709083,0.221611,4.03136,1.58182,0.976923,0.119711,0.647792,-1.76804,3.79963,0.991345,0.0710169,0.221645,2.88477,2.92258,2.94049,4.024,4.18582,4.19585,4.24108,0.95989,0.95989,0.965018,0.976923,0.971795,0.971795,0.971795,-2.20882,-2.17296,-2.15879,-1.77348,-1.75667,-1.75304,-1.72337,0.974734,0.978627,0.978627,0.991345,0.992325,0.989468,0.99042,4.73855,5.00636,4.6991,0.100712,3.66252,3.83425,3.9269,4.97814,5.2404,5.28258,5.30204,5.15901,5.16784,5.05285,0.0525821,4.46362,4.63561,4.70744,5.14581,5.37118,5.38692,5.41038,4.14919,4.11505,3.82918,0.0670522,3.16151,3.26741,3.33129,4.06686,4.16604,4.18601,4.21042,4.76037,4.71172,4.54927,0.0367243,4.14759,4.2296,4.29738,4.67336,4.74014,4.75697,4.76122,-9999,-9999
201407,20.331,0.858199,16.779,1.339,0.884946,21.846,3.172,0.847088,20.239,18.579,1.175,20.944,1.985,19.901,0.858199,16.654,1.341,0.884946,21.284,3.034,0.847088,461.841,252.874,0.855511,236.676,239.705,0.855511,367.316,0.858199,365.096,366.518,0.858199,400.105,0.852823,379.67,395.825,0.852823,6.387,0.858199,6.729,6.133,0.858199,101.298,101.261,0.841398,1.463,1.463,0.0,2.418,2.287,0.841398,-9999,-9999,159.378867616,0.827284946237,417.349018351,0.827284946237,29.2964926333,0.827284946237,26.3518307245,0.827284946237,433.101054694,0.827284946237,424.222,0.782258,18.718,17.589,16.847,16.057,15.385,0.858199,0.858199,0.858199,0.858199,0.858199,-5.75826,0.858199,92.3373,0.780914,141.328,1.05618,12.4499,0.777554,19.0553,0.253774,0.768817,1,14.2903,33.7097,14.2903,33.7097,0.487522,0.764785,0.0660901,0.491273,0.601161,0.770833,0.0667795,0.491366,0.288905,0.748975,0.0687071,-0.347332,-0.318218,-0.283117,0.554835,0.65232,0.655397,0.656428,0.718414,0.694892,0.700941,0.770833,0.770833,0.772177,0.770833,5.27988,1.60874,0.813978,0.131957,0.699408,-1.56761,3.7319,0.744365,0.0713774,0.383571,5.49807,1.78782,0.831183,0.135373,0.700061,-1.50774,3.83739,0.745343,0.0714359,0.383582,4.03487,4.27979,4.38715,5.46423,5.6474,5.65349,5.65831,0.727295,0.671381,0.731596,0.831183,0.831183,0.831183,0.831183,-2.2641,-2.24673,-2.21294,-1.55712,-1.50328,-1.49299,-1.49166,0.709677,0.709677,0.716408,0.745343,0.745343,0.747298,0.745343,5.55219,5.92753,5.63401,0.0865792,4.57969,5.01138,5.0981,5.91673,6.13118,6.16072,6.16317,5.32538,5.32637,5.34511,0.0276949,4.93927,5.10538,5.2746,5.38819,5.50395,5.50812,5.52292,3.98051,3.60793,3.7503,0.0576216,2.93447,3.36944,3.4646,3.76604,4.05477,4.08088,4.16865,4.55479,4.33826,4.49065,0.0260508,3.99455,4.37231,4.46301,4.52949,4.55661,4.59949,4.64746,-9999,-9999
201408,16.462,0.989919,13.964,1.637,1.0,17.931,2.625,0.984391,17.125,15.839,1.056,17.885,1.66,16.463,0.989919,13.964,1.637,1.0,17.933,2.599,0.984391,388.233,180.924,0.990591,178.093,180.771,0.990591,351.185,0.989919,349.096,351.122,0.989919,377.808,0.989919,360.711,377.405,0.989919,4.565,0.989919,5.374,4.585,0.989919,101.007,100.972,0.983199,2.847,2.847,0.0,2.508,2.418,0.983199,0.201177305634,0.662634408602,106.14375496,0.963037634409,292.663681572,0.967741935484,18.0297890943,0.967741935484,15.7019504371,0.967741935484,407.006208333,0.967741935484,432.499,0.989247,17.741,17.372,17.119,16.684,16.232,0.989919,0.989919,0.989919,0.989919,0.989919,-0.691884,0.989919,73.2666,0.989247,94.9138,0.87315,8.8777,0.988575,11.5007,0.263914,0.977823,1,17.8065,30.1935,17.8065,30.1935,-0.157647,0.986559,0.0467825,0.222397,-0.154126,0.986559,0.0474542,0.222539,-0.255481,0.983501,0.0312059,-0.576846,-0.530939,-0.501053,-0.157647,-0.102,-0.0960975,-0.0642806,0.969758,0.975134,0.979167,0.986559,0.988575,0.987903,0.988575,2.62114,0.892171,1.0,0.0717103,0.38321,-1.77132,2.71673,0.97918,0.0578607,0.117922,2.62579,0.94638,1.0,0.0740358,0.383652,-1.7679,2.72174,0.97918,0.0581254,0.118052,1.92156,1.9799,1.99502,2.62114,2.7265,2.73278,2.80166,0.982669,0.988615,0.988615,1.0,1.0,1.0,1.0,-1.98879,-1.95277,-1.91031,-1.77095,-1.75034,-1.74727,-1.7416,0.962528,0.967407,0.970496,0.981261,0.981261,0.982373,0.982373,2.78245,2.89177,2.83524,0.0364936,2.51208,2.56057,2.56178,2.84712,3.02998,3.08134,3.1315,3.0459,3.0459,3.09072,0.0119329,2.96897,3.0375,3.05363,3.08224,3.13218,3.17912,3.19516,2.95926,2.83197,2.74182,0.037844,2.3796,2.40283,2.52774,2.81181,2.96946,2.99739,3.00877,3.21418,3.15727,3.14066,0.0195524,2.88549,2.94998,3.09129,3.19807,3.21664,3.23937,3.26441,-9999,-9999
201409,14.99,1.0,12.754,1.643,1.0,16.838,2.661,1.0,15.582,14.647,1.027,16.366,1.727,14.99,1.0,12.754,1.643,1.0,16.838,2.661,1.0,285.741,135.413,0.985417,130.266,135.369,0.985417,344.809,1.0,345.445,344.809,1.0,367.426,0.985417,356.384,366.951,0.985417,3.075,1.0,3.738,3.075,1.0,101.697,101.665,1.0,1.597,1.597,0.0,2.476,1.843,1.0,0.214558609331,0.845138888889,65.3551966586,0.994444444444,213.897139948,1.0,16.0536085167,1.0,14.053952737,1.0,397.913983333,1.0,428.243,1.0,15.854,15.585,15.476,15.21,14.97,1.0,1.0,1.0,1.0,1.0,-0.533153,1.0,42.3482,0.999306,58.2844,0.751997,6.78231,0.997917,9.33458,0.244339,0.991667,1,21.9667,26.0333,21.9667,26.0333,0.33104,0.992361,0.0478521,0.133298,0.353407,0.99375,0.0508688,0.134411,0.296088,0.982396,0.0180674,0.134939,0.157127,0.168789,0.333876,0.393314,0.405954,0.422124,0.984722,0.94375,0.94375,0.99375,0.996528,0.997222,0.996528,2.66371,1.31243,1.0,0.0735423,0.178536,-1.61042,2.62378,0.986593,0.0581205,0.100483,2.66783,1.43418,1.0,0.0795154,0.181078,-1.57807,2.64228,0.989062,0.0605576,0.101912,2.38574,2.43016,2.43912,2.66371,2.72532,2.75553,2.78128,0.991984,0.910093,0.991984,1.0,1.0,1.0,1.0,-1.73634,-1.71938,-1.71573,-1.58026,-1.5574,-1.55544,-1.55404,0.978873,0.969104,0.970294,0.989062,0.995058,0.993868,0.995058,2.71903,2.84113,2.76751,0.0353218,2.43464,2.52905,2.54663,2.77185,2.98196,3.00611,3.02586,2.50158,2.48772,2.47143,0.0177279,2.29981,2.35536,2.36404,2.4418,2.57729,2.58791,2.61291,2.74009,2.73079,2.50574,0.0652587,1.79329,1.91605,2.08054,2.69667,2.81749,2.86294,2.94521,2.50198,2.4858,2.38725,0.0236847,2.1585,2.1915,2.20814,2.46885,2.49691,2.51876,2.54605,-9999,-9999
201410,11.915,1.0,10.95,1.545,1.0,13.024,1.704,1.0,12.092,11.603,1.029,12.668,1.312,11.915,1.0,10.95,1.545,1.0,13.024,1.704,1.0,180.076,63.755,1.0,61.907,63.755,1.0,341.611,1.0,338.956,341.611,1.0,351.259,1.0,348.695,351.259,1.0,1.52,1.0,1.701,1.52,1.0,101.483,101.46,1.0,1.904,1.904,0.0,2.298,2.113,1.0,0.177858228286,0.690860215054,20.4213461295,1.0,98.6119842107,1.0,8.80073678427,1.0,8.05011509644,1.0,375.907977151,1.0,434.899,0.998656,13.031,13.171,13.43,13.487,13.532,1.0,1.0,1.0,1.0,1.0,1.40479,1.0,10.0401,0.998656,20.3547,0.293369,-0.747245,0.99664,-1.51492,0.223186,0.995968,1,26.1613,21.8387,26.1613,21.8387,0.902208,0.992608,0.0290533,0.177521,0.919119,0.992608,0.0303084,0.177731,0.899004,0.991935,0.0235921,0.701262,0.714475,0.717955,0.906184,1.06265,1.06473,1.07736,0.995296,0.99664,0.99664,0.992608,0.981183,0.981183,0.982527,1.63271,0.783066,0.995008,0.0408466,0.263718,-0.00684835,1.12221,0.989803,0.0373142,0.0650992,1.65236,0.825409,0.995008,0.0422959,0.263946,0.00352092,1.15082,0.989803,0.0394168,0.0663267,1.34856,1.36846,1.37449,1.63271,1.8854,1.88953,1.91685,1.0,0.998656,1.0,0.995008,0.976575,0.976575,0.977919,-0.0884476,-0.0853234,-0.0829898,0.00229138,0.0193861,0.0213641,0.0226213,0.989803,0.991147,0.99276,0.989803,0.989534,0.991147,0.98819,1.68889,1.73164,1.71205,0.0206903,1.53825,1.54741,1.56349,1.71931,1.81256,1.82198,1.89262,0.826302,0.812524,0.813044,0.00545938,0.742411,0.747828,0.805648,0.826302,0.836613,0.839349,0.844301,1.97268,1.96484,1.87297,0.022697,1.52227,1.69788,1.73394,1.95026,1.97931,1.99221,2.01896,1.01167,0.979927,0.963247,0.00586655,0.863389,0.91927,0.937879,0.974352,0.996357,0.999001,1.00164,-9999,-9999
201411,6.703,1.0,6.373,0.968,1.0,7.252,0.982,1.0,6.858,6.599,0.857,7.3,0.729,6.703,1.0,6.373,0.968,1.0,7.252,0.982,1.0,99.3822,27.638,1.0,29.168,27.638,1.0,322.63,1.0,321.533,322.63,1.0,315.156,1.0,328.051,315.156,1.0,0.811,1.0,0.977,0.811,1.0,101.425,101.409,1.0,0.761,0.761,0.0,2.587,2.336,1.0,0.216998592483,0.869444444444,-2.55083473729,1.0,41.5538220099,1.0,4.07169986929,1.0,4.17595621879,1.0,347.750890278,1.0,422.528,1.0,9.163,9.767,10.451,10.88,11.277,1.0,1.0,1.0,1.0,1.0,3.21734,1.0,4.41289,0.998611,6.50209,0.159265,-3.06539,1.0,-4.51665,0.218957,2.0,2,30.2667,17.7333,30.2667,17.7333,0.794326,0.991667,0.0159151,0.028233,0.804923,0.991667,0.0165089,0.0285719,0.816023,0.991858,0.00324128,0.787044,0.794326,0.799105,0.812085,0.833765,0.840965,0.849409,0.991667,0.991667,0.990972,0.997917,0.991667,0.991667,0.991667,0.928447,0.494403,0.989655,0.0210392,0.0470587,0.501756,0.375895,0.994737,0.0208284,0.0360749,0.945244,0.533978,0.989655,0.0220967,0.0475408,0.501951,0.377166,0.994737,0.0207832,0.0360489,0.898779,0.899762,0.905374,0.930462,0.973759,0.983949,0.997346,0.987356,0.987356,0.987356,0.989655,0.989655,0.989655,0.989655,0.501622,0.502416,0.503605,0.528691,0.55597,0.561325,0.582174,0.994737,0.994737,0.994737,0.994737,0.994825,0.994825,0.998333,0.956284,0.970531,0.964573,0.00439258,0.92697,0.931527,0.934377,0.964403,0.981322,0.989763,1.00733,0.165607,0.165607,0.14855,0.00262673,0.120134,0.126274,0.132127,0.152847,0.161742,0.165607,0.168803,0.793945,0.796843,0.842967,0.0126654,0.783412,0.79156,0.79214,0.796196,0.881365,0.916962,1.02058,0.123951,0.123704,0.139852,0.00432252,0.119292,0.121655,0.121859,0.123659,0.156001,0.168888,0.200309,-9999,-9999
201412,2.614,1.0,2.458,1.217,1.0,2.943,0.779,1.0,2.245,2.063,0.978,2.631,0.52,2.614,1.0,2.458,1.217,1.0,2.943,0.779,1.0,64.3224,14.386,0.99664,13.785,14.42,0.99664,302.889,1.0,300.471,302.889,1.0,287.97,0.99664,303.092,287.854,0.99664,0.644,1.0,0.501,0.644,1.0,101.269,101.296,1.0,2.796,2.796,0.0,3.504,3.742,0.997984,0.274280170113,0.624327956989,-10.9978239023,1.0,21.9834735222,1.0,5.05869442524,1.0,3.36686035293,1.0,324.727799938,0.993951612903,410.191,0.974462,5.514,6.21,7.065,7.73,8.386,1.0,1.0,1.0,1.0,1.0,3.08403,1.0,1.63138,0.974462,1.50008,0.178843,-18.0184,0.974462,-16.5683,0.35368,0.974462,1,32.4516,15.5484,32.4516,15.5484,0.583579,0.957661,0.0110379,0.0246529,0.58208,0.957661,0.0110321,0.0246503,0.596045,0.958585,0.00319209,0.580992,0.581295,0.581343,0.582533,0.619409,0.625382,0.62864,0.957661,0.957661,0.957661,0.957661,0.960349,0.960349,0.960349,0.562529,0.25172,0.978495,0.0129498,0.0249628,0.561973,0.261074,0.912097,0.0186477,0.028468,0.560613,0.252623,0.978495,0.01294,0.0249577,0.561523,0.260975,0.912097,0.0186471,0.0284676,0.559568,0.559878,0.560306,0.562026,0.597713,0.602561,0.60717,0.978495,0.978495,0.978495,0.978495,0.982405,0.982405,0.982405,0.55985,0.559869,0.559884,0.561523,0.594955,0.602889,0.603577,0.912097,0.912097,0.912097,0.912097,0.912097,0.912097,0.912097,0.530316,0.52794,0.531824,0.0022972,0.514181,0.514537,0.515921,0.529991,0.544847,0.550734,0.554295,-0.0541401,-0.0541401,-0.0642211,0.00148563,-0.0791837,-0.0757235,-0.0719835,-0.0658835,-0.0551009,-0.0535063,-0.0504507,0.557847,0.557685,0.570604,0.00278728,0.556428,0.557656,0.557847,0.559075,0.591576,0.596228,0.599049,0.0130786,0.0123401,0.0132502,0.000124137,0.012372,0.0124244,0.0124812,0.0130786,0.0138228,0.0142235,0.0145615,-9999,-9999
