TIMESTAMP,TA_F_MDS,TA_F_MDS_QC,TA_F_MDS_NIGHT,TA_F_MDS_NIGHT_SD,TA_F_MDS_NIGHT_QC,TA_F_MDS_DAY,TA_F_MDS_DAY_SD,TA_F_MDS_DAY_QC,TA_ERA,TA_ERA_NIGHT,TA_ERA_NIGHT_SD,TA_ERA_DAY,TA_ERA_DAY_SD,TA_F,TA_F_QC,TA_F_NIGHT,TA_F_NIGHT_SD,TA_F_NIGHT_QC,TA_F_DAY,TA_F_DAY_SD,TA_F_DAY_QC,SW_IN_POT,SW_IN_F_MDS,SW_IN_F_MDS_QC,SW_IN_ERA,SW_IN_F,SW_IN_F_QC,LW_IN_F_MDS,LW_IN_F_MDS_QC,LW_IN_ERA,LW_IN_F,LW_IN_F_QC,LW_IN_JSB,LW_IN_JSB_QC,LW_IN_JSB_ERA,LW_IN_JSB_F,LW_IN_JSB_F_QC,VPD_F_MDS,VPD_F_MDS_QC,VPD_ERA,VPD_F,VPD_F_QC,PA_ERA,PA_F,PA_F_QC,P_ERA,P_F,P_F_QC,WS_ERA,WS_F,WS_F_QC,USTAR,USTAR_QC,NETRAD,NETRAD_QC,PPFD_IN,PPFD_IN_QC,PPFD_DIF,PPFD_DIF_QC,SW_OUT,SW_OUT_QC,CO2_F_MDS,CO2_F_MDS_QC,TS_F_MDS_1,TS_F_MDS_2,TS_F_MDS_1_QC,TS_F_MDS_2_QC,SWC_F_MDS_1,SWC_F_MDS_1_QC,G_F_MDS,G_F_MDS_QC,LE_F_MDS,LE_F_MDS_QC,LE_CORR,LE_RANDUNC,H_F_MDS,H_F_MDS_QC,H_CORR,H_RANDUNC,EBC_CF_N,EBC_CF_METHOD,NIGHT_D,DAY_D,NIGHT_RANDUNC_N,DAY_RANDUNC_N,NEE_CUT_REF,NEE_VUT_REF,NEE_CUT_REF_QC,NEE_VUT_REF_QC,NEE_CUT_REF_RANDUNC,NEE_VUT_REF_RANDUNC,NEE_CUT_REF_JOINTUNC,NEE_VUT_REF_JOINTUNC,NEE_CUT_USTAR50,NEE_VUT_USTAR50,NEE_CUT_USTAR50_QC,NEE_VUT_USTAR50_QC,NEE_CUT_USTAR50_RANDUNC,NEE_VUT_USTAR50_RANDUNC,NEE_CUT_USTAR50_JOINTUNC,NEE_VUT_USTAR50_JOINTUNC,NEE_CUT_MEAN,NEE_VUT_MEAN,NEE_CUT_MEAN_QC,NEE_VUT_MEAN_QC,NEE_CUT_SE,NEE_VUT_SE,NEE_CUT_05,NEE_CUT_16,NEE_CUT_25,NEE_CUT_50,NEE_CUT_75,NEE_CUT_84,NEE_CUT_95,NEE_VUT_05,NEE_VUT_16,NEE_VUT_25,NEE_VUT_50,NEE_VUT_75,NEE_VUT_84,NEE_VUT_95,NEE_CUT_05_QC,NEE_CUT_16_QC,NEE_CUT_25_QC,NEE_CUT_50_QC,NEE_CUT_75_QC,NEE_CUT_84_QC,NEE_CUT_95_QC,NEE_VUT_05_QC,NEE_VUT_16_QC,NEE_VUT_25_QC,NEE_VUT_50_QC,NEE_VUT_75_QC,NEE_VUT_84_QC,NEE_VUT_95_QC,NEE_CUT_REF_NIGHT,NEE_VUT_REF_NIGHT,NEE_CUT_REF_NIGHT_SD,NEE_VUT_REF_NIGHT_SD,NEE_CUT_REF_NIGHT_QC,NEE_VUT_REF_NIGHT_QC,NEE_CUT_REF_NIGHT_RANDUNC,NEE_VUT_REF_NIGHT_RANDUNC,NEE_CUT_REF_NIGHT_JOINTUNC,NEE_VUT_REF_NIGHT_JOINTUNC,NEE_CUT_REF_DAY,NEE_VUT_REF_DAY,NEE_CUT_REF_DAY_SD,NEE_VUT_REF_DAY_SD,NEE_CUT_REF_DAY_QC,NEE_VUT_REF_DAY_QC,NEE_CUT_REF_DAY_RANDUNC,NEE_VUT_REF_DAY_RANDUNC,NEE_CUT_REF_DAY_JOINTUNC,NEE_VUT_REF_DAY_JOINTUNC,NEE_CUT_USTAR50_NIGHT,NEE_VUT_USTAR50_NIGHT,NEE_CUT_USTAR50_NIGHT_SD,NEE_VUT_USTAR50_NIGHT_SD,NEE_CUT_USTAR50_NIGHT_QC,NEE_VUT_USTAR50_NIGHT_QC,NEE_CUT_USTAR50_NIGHT_RANDUNC,NEE_VUT_USTAR50_NIGHT_RANDUNC,NEE_CUT_USTAR50_NIGHT_JOINTUNC,NEE_VUT_USTAR50_NIGHT_JOINTUNC,NEE_CUT_USTAR50_DAY,NEE_VUT_USTAR50_DAY,NEE_CUT_USTAR50_DAY_SD,NEE_VUT_USTAR50_DAY_SD,NEE_CUT_USTAR50_DAY_QC,NEE_VUT_USTAR50_DAY_QC,NEE_CUT_USTAR50_DAY_RANDUNC,NEE_VUT_USTAR50_DAY_RANDUNC,NEE_CUT_USTAR50_DAY_JOINTUNC,NEE_VUT_USTAR50_DAY_JOINTUNC,NEE_CUT_05_NIGHT,NEE_CUT_16_NIGHT,NEE_CUT_25_NIGHT,NEE_CUT_50_NIGHT,NEE_CUT_75_NIGHT,NEE_CUT_84_NIGHT,NEE_CUT_95_NIGHT,NEE_VUT_05_NIGHT,NEE_VUT_16_NIGHT,NEE_VUT_25_NIGHT,NEE_VUT_50_NIGHT,NEE_VUT_75_NIGHT,NEE_VUT_84_NIGHT,NEE_VUT_95_NIGHT,NEE_CUT_05_NIGHT_QC,NEE_CUT_16_NIGHT_QC,NEE_CUT_25_NIGHT_QC,NEE_CUT_50_NIGHT_QC,NEE_CUT_75_NIGHT_QC,NEE_CUT_84_NIGHT_QC,NEE_CUT_95_NIGHT_QC,NEE_VUT_05_NIGHT_QC,NEE_VUT_16_NIGHT_QC,NEE_VUT_25_NIGHT_QC,NEE_VUT_50_NIGHT_QC,NEE_VUT_75_NIGHT_QC,NEE_VUT_84_NIGHT_QC,NEE_VUT_95_NIGHT_QC,NEE_CUT_05_DAY,NEE_CUT_16_DAY,NEE_CUT_25_DAY,NEE_CUT_50_DAY,NEE_CUT_75_DAY,NEE_CUT_84_DAY,NEE_CUT_95_DAY,NEE_VUT_05_DAY,NEE_VUT_16_DAY,NEE_VUT_25_DAY,NEE_VUT_50_DAY,NEE_VUT_75_DAY,NEE_VUT_84_DAY,NEE_VUT_95_DAY,NEE_CUT_05_DAY_QC,NEE_CUT_16_DAY_QC,NEE_CUT_25_DAY_QC,NEE_CUT_50_DAY_QC,NEE_CUT_75_DAY_QC,NEE_CUT_84_DAY_QC,NEE_CUT_95_DAY_QC,NEE_VUT_05_DAY_QC,NEE_VUT_16_DAY_QC,NEE_VUT_25_DAY_QC,NEE_VUT_50_DAY_QC,NEE_VUT_75_DAY_QC,NEE_VUT_84_DAY_QC,NEE_VUT_95_DAY_QC,RECO_NT_VUT_REF,RECO_NT_VUT_USTAR50,RECO_NT_VUT_MEAN,RECO_NT_VUT_SE,RECO_NT_VUT_05,RECO_NT_VUT_16,RECO_NT_VUT_25,RECO_NT_VUT_50,RECO_NT_VUT_75,RECO_NT_VUT_84,RECO_NT_VUT_95,RECO_NT_CUT_REF,RECO_NT_CUT_USTAR50,RECO_NT_CUT_MEAN,RECO_NT_CUT_SE,RECO_NT_CUT_05,RECO_NT_CUT_16,RECO_NT_CUT_25,RECO_NT_CUT_50,RECO_NT_CUT_75,RECO_NT_CUT_84,RECO_NT_CUT_95,GPP_NT_VUT_REF,GPP_NT_VUT_USTAR50,GPP_NT_VUT_MEAN,GPP_NT_VUT_SE,GPP_NT_VUT_05,GPP_NT_VUT_16,GPP_NT_VUT_25,GPP_NT_VUT_50,GPP_NT_VUT_75,GPP_NT_VUT_84,GPP_NT_VUT_95,GPP_NT_CUT_REF,GPP_NT_CUT_USTAR50,GPP_NT_CUT_MEAN,GPP_NT_CUT_SE,GPP_NT_CUT_05,GPP_NT_CUT_16,GPP_NT_CUT_25,GPP_NT_CUT_50,GPP_NT_CUT_75,GPP_NT_CUT_84,GPP_NT_CUT_95,RECO_DT_VUT_REF,RECO_DT_VUT_USTAR50,RECO_DT_VUT_MEAN,RECO_DT_VUT_SE,RECO_DT_VUT_05,RECO_DT_VUT_16,RECO_DT_VUT_25,RECO_DT_VUT_50,RECO_DT_VUT_75,RECO_DT_VUT_84,RECO_DT_VUT_95,RECO_DT_CUT_REF,RECO_DT_CUT_USTAR50,RECO_DT_CUT_MEAN,RECO_DT_CUT_SE,RECO_DT_CUT_05,RECO_DT_CUT_16,RECO_DT_CUT_25,RECO_DT_CUT_50,RECO_DT_CUT_75,RECO_DT_CUT_84,RECO_DT_CUT_95,GPP_DT_VUT_REF,GPP_DT_VUT_USTAR50,GPP_DT_VUT_MEAN,GPP_DT_VUT_SE,GPP_DT_VUT_05,GPP_DT_VUT_16,GPP_DT_VUT_25,GPP_DT_VUT_50,GPP_DT_VUT_75,GPP_DT_VUT_84,GPP_DT_VUT_95,GPP_DT_CUT_REF,GPP_DT_CUT_USTAR50,GPP_DT_CUT_MEAN,GPP_DT_CUT_SE,GPP_DT_CUT_05,GPP_DT_CUT_16,GPP_DT_CUT_25,GPP_DT_CUT_50,GPP_DT_CUT_75,GPP_DT_CUT_84,GPP_DT_CUT_95,RECO_SR,RECO_SR_N
200201,-9999,-9999,-9999,-9999,-9999,-9999,-9999,-9999,-7.508,-8.09,2.066,-6.375,1.325,-7.508,0.0,-8.09,2.066,0.0,-6.375,1.325,0.0,74.527,-9999,-9999,27.448,27.448,0.0,-9999,-9999,220.382,220.382,0.0,-9999,-9999,223.648,223.648,0.0,-9999,-9999,1.559,1.559,0.0,96.308,96.308,0.0,0.351,0.351,0.0,4.83,4.83,0.0,-9999,-9999,-9999,-9999,-9999,-9999,-9999,-9999,-9999,-9999,-9999,-9999,-9999,-9999,-9999,-9999,-9999,-9999,-9999,1.0,59.5852,0.0,67.6271,-9999,35.2101,0.0,39.9622,-9999,2.0,3,31.7419,16.2581,0.0,0.0,-1.44277,-1.44277,0.0,0.0,-9999,-9999,-9999,-9999,-1.43779,-1.44277,0.0,0.0,-9999,-9999,-9999,-9999,-1.42431,-1.4085,0.0,0.0,0.0115457,0.0126767,-1.54403,-1.5016,-1.4658,-1.44277,-1.37224,-1.35685,-1.27973,-1.51579,-1.5016,-1.45067,-1.4423,-1.35905,-1.31675,-1.27764,0.0,0.0,0.0,0.0,0.0,0.0,0.0,0.0,0.0,0.0,0.0,0.0,0.0,0.0,-0.247696,-0.247696,2.33124,2.33124,0.0,0.0,-9999,-9999,-9999,-9999,-3.61618,-3.61618,0.477473,0.477473,0.0,0.0,-9999,-9999,-9999,-9999,-0.240426,-0.247696,2.41575,2.33124,0.0,0.0,-9999,-9999,-9999,-9999,-3.61618,-3.61618,0.477473,0.477473,0.0,0.0,-9999,-9999,-9999,-9999,-0.354175,-0.319851,-0.255601,-0.235792,-0.165644,-0.131765,-0.0292898,-0.354175,-0.319851,-0.255601,-0.240426,-0.131765,-0.0701104,-0.0292898,0.0,0.0,0.0,0.0,0.0,0.0,0.0,0.0,0.0,0.0,0.0,0.0,0.0,0.0,-3.70343,-3.69776,-3.69684,-3.61618,-3.60805,-3.57977,-3.57363,-3.69776,-3.64265,-3.62059,-3.61618,-3.60491,-3.57363,-3.57363,0.0,0.0,0.0,0.0,0.0,0.0,0.0,0.0,0.0,0.0,0.0,0.0,0.0,0.0,0.391098,0.331144,0.386794,0.00725487,0.33183,0.336203,0.341267,0.391098,0.399708,0.411058,0.433368,0.333047,0.360082,0.400325,0.0102537,0.333047,0.337978,0.365153,0.391098,0.405503,0.416157,0.582089,1.75355,1.77391,1.79529,0.0150527,1.67364,1.67554,1.70785,1.77897,1.83905,1.92111,1.93497,1.78689,1.79787,1.82464,0.0163966,1.67365,1.69973,1.75958,1.80872,1.86061,1.92621,2.01272,0.470057,1.91762,0.707501,0.10723,0.0901452,0.216418,0.311522,0.406781,0.767437,1.80552,2.1247,0.282342,0.63675,0.922413,0.122277,0.095758,0.118571,0.239626,0.918119,1.73497,1.9547,2.2699,1.04482,1.16546,1.0817,0.0181469,0.873356,0.984221,1.03233,1.07551,1.16697,1.19599,1.21675,1.06287,1.48034,1.09797,0.0363784,0.881429,0.910369,0.940041,1.00644,1.2579,1.37337,1.51857,-9999,-9999
200202,-9999,-9999,-9999,-9999,-9999,-9999,-9999,-9999,-6.715,-7.685,1.666,-5.383,1.971,-6.715,0.0,-7.685,1.666,0.0,-5.383,1.971,0.0,137.145,-9999,-9999,64.766,64.766,0.0,-9999,-9999,221.898,221.898,0.0,-9999,-9999,225.532,225.532,0.0,-9999,-9999,1.674,1.674,0.0,96.602,96.602,0.0,0.399,0.399,0.0,3.716,3.716,0.0,-9999,-9999,-9999,-9999,-9999,-9999,-9999,-9999,-9999,-9999,-9999,-9999,-9999,-9999,-9999,-9999,-9999,-9999,-9999,1.0,59.2812,0.0,67.308,-9999,34.8779,0.0,39.6004,-9999,2.0,3,28.1071,19.8929,0.0,0.0,-1.43975,-1.43975,0.0,0.0,-9999,-9999,-9999,-9999,-1.43519,-1.43975,0.0,0.0,-9999,-9999,-9999,-9999,-1.42158,-1.40561,0.0,0.0,0.0115032,0.0126414,-1.5394,-1.49775,-1.46363,-1.43975,-1.36962,-1.3538,-1.27706,-1.51323,-1.49775,-1.44801,-1.43966,-1.35719,-1.31376,-1.27494,0.0,0.0,0.0,0.0,0.0,0.0,0.0,0.0,0.0,0.0,0.0,0.0,0.0,0.0,0.226519,0.226519,2.02701,2.02701,0.0,0.0,-9999,-9999,-9999,-9999,-3.66072,-3.66072,0.530013,0.530013,0.0,0.0,-9999,-9999,-9999,-9999,0.23532,0.226519,2.13302,2.02701,0.0,0.0,-9999,-9999,-9999,-9999,-3.66237,-3.66072,0.52751,0.530013,0.0,0.0,-9999,-9999,-9999,-9999,0.116241,0.146083,0.218003,0.246377,0.320333,0.377081,0.400214,0.107936,0.143326,0.218003,0.227951,0.320333,0.391912,0.400214,0.0,0.0,0.0,0.0,0.0,0.0,0.0,0.0,0.0,0.0,0.0,0.0,0.0,0.0,-3.80095,-3.7897,-3.77883,-3.66237,-3.60521,-3.55603,-3.52493,-3.77883,-3.67843,-3.66512,-3.66237,-3.60157,-3.52493,-3.52493,0.0,0.0,0.0,0.0,0.0,0.0,0.0,0.0,0.0,0.0,0.0,0.0,0.0,0.0,0.424425,0.361356,0.419908,0.00758566,0.362082,0.366703,0.372049,0.424425,0.433433,0.445858,0.469172,0.363367,0.392302,0.434079,0.0106772,0.363367,0.368577,0.397648,0.424425,0.440042,0.451192,0.622895,1.78518,1.80111,1.82552,0.0152228,1.70421,1.70666,1.73818,1.80645,1.86939,1.95331,1.96692,1.81454,1.82749,1.85565,0.0167078,1.70422,1.72868,1.78984,1.8386,1.89274,1.95864,2.04535,0.51011,1.98313,0.747199,0.109297,0.099989,0.239155,0.34093,0.443763,0.825065,1.86218,2.18278,0.31047,0.692836,0.959509,0.125212,0.106215,0.13161,0.264529,0.943218,1.7824,2.00814,2.33195,1.86667,2.0522,1.92663,0.0251164,1.68454,1.77355,1.85124,1.91605,2.05705,2.09323,2.12491,1.85373,2.44246,1.9079,0.0472353,1.59409,1.63278,1.70143,1.81352,2.1493,2.29939,2.38035,-9999,-9999
200203,-9999,-9999,-9999,-9999,-9999,-9999,-9999,-9999,-2.993,-4.331,2.233,-1.661,2.381,-2.993,0.0,-4.331,2.233,0.0,-1.661,2.381,0.0,236.031,-9999,-9999,109.999,109.999,0.0,-9999,-9999,240.356,240.356,0.0,-9999,-9999,248.465,248.465,0.0,-9999,-9999,2.191,2.191,0.0,95.967,95.967,0.0,0.673,0.673,0.0,4.639,4.639,0.0,-9999,-9999,-9999,-9999,-9999,-9999,-9999,-9999,-9999,-9999,-9999,-9999,-9999,-9999,-9999,-9999,-9999,-9999,2.85666,0.960349,59.1892,0.0,70.0571,-9999,34.7132,0.0,41.087,-9999,1.0,3,23.7742,24.2258,0.0,0.0,-1.43433,-1.43433,0.0,0.0,-9999,-9999,-9999,-9999,-1.42924,-1.43433,0.0,0.0,-9999,-9999,-9999,-9999,-1.4161,-1.39942,0.0,0.0,0.0116923,0.0128373,-1.53452,-1.49248,-1.46007,-1.43433,-1.36343,-1.34786,-1.26808,-1.50825,-1.49248,-1.44258,-1.43374,-1.3494,-1.30614,-1.26655,0.0,0.0,0.0,0.0,0.0,0.0,0.0,0.0,0.0,0.0,0.0,0.0,0.0,0.0,0.848816,0.848816,1.45694,1.45694,0.0,0.0,-9999,-9999,-9999,-9999,-3.56363,-3.56363,0.635533,0.635533,0.0,0.0,-9999,-9999,-9999,-9999,0.869805,0.848816,1.59477,1.45694,0.0,0.0,-9999,-9999,-9999,-9999,-3.57387,-3.56363,0.619636,0.635533,0.0,0.0,-9999,-9999,-9999,-9999,0.730141,0.75246,0.844851,0.869805,0.950172,0.950172,0.993251,0.727719,0.743262,0.759873,0.861028,0.918631,0.932447,0.950172,0.0,0.0,0.0,0.0,0.0,0.0,0.0,0.0,0.0,0.0,0.0,0.0,0.0,0.0,-3.71089,-3.70152,-3.68988,-3.57387,-3.44969,-3.33896,-3.31582,-3.69114,-3.58764,-3.58054,-3.57297,-3.40492,-3.31582,-3.31582,0.0,0.0,0.0,0.0,0.0,0.0,0.0,0.0,0.0,0.0,0.0,0.0,0.0,0.0,0.627242,0.556271,0.623055,0.00848536,0.557104,0.562399,0.568505,0.627242,0.637159,0.656602,0.682243,0.558579,0.596431,0.639534,0.0117306,0.558579,0.564542,0.602523,0.627664,0.650156,0.662497,0.844401,1.98058,1.9906,2.02248,0.0162042,1.89618,1.90145,1.93338,1.99672,2.06664,2.15815,2.17472,2.005,2.02568,2.05563,0.0179241,1.8962,1.91698,1.98314,2.03792,2.10418,2.16405,2.2618,0.753851,2.27876,0.981866,0.114501,0.213146,0.419588,0.53751,0.681536,1.1487,2.115,2.43787,0.512136,1.04333,1.16547,0.134398,0.226417,0.26144,0.457191,1.05504,1.99069,2.24281,2.60446,2.71969,2.96907,2.80403,0.0315057,2.55011,2.6064,2.68078,2.78858,2.97764,3.02182,3.06212,2.66963,3.42661,2.747,0.0581714,2.33644,2.38342,2.4687,2.66963,3.06519,3.24026,3.24801,-9999,-9999
200204,-9999,-9999,-9999,-9999,-9999,-9999,-9999,-9999,-0.951,-3.354,2.257,0.662,3.176,-0.951,0.0,-3.354,2.257,0.0,0.662,3.176,0.0,347.511,-9999,-9999,206.291,206.291,0.0,-9999,-9999,236.32,236.32,0.0,-9999,-9999,243.451,243.451,0.0,-9999,-9999,2.765,2.765,0.0,96.428,96.428,0.0,0.517,0.517,0.0,3.082,3.082,0.0,-9999,-9999,-9999,-9999,-9999,-9999,-9999,-9999,-9999,-9999,-9999,-9999,-9999,-9999,-9999,-9999,-9999,-9999,4.94949,0.0,59.3542,0.0,70.2524,-9999,34.9356,0.0,41.3502,-9999,1.0,3,19.3667,28.6333,0.0,0.0,-1.43892,-1.43892,0.0,0.0,-9999,-9999,-9999,-9999,-1.43404,-1.43892,0.0,0.0,-9999,-9999,-9999,-9999,-1.42063,-1.40447,0.0,0.0,0.011582,0.0127208,-1.53931,-1.49726,-1.46315,-1.43892,-1.36839,-1.3528,-1.27489,-1.51239,-1.49726,-1.44706,-1.43853,-1.35515,-1.31217,-1.27298,0.0,0.0,0.0,0.0,0.0,0.0,0.0,0.0,0.0,0.0,0.0,0.0,0.0,0.0,1.40694,1.40694,0.717988,0.717988,0.0,0.0,-9999,-9999,-9999,-9999,-3.27624,-3.27624,1.00672,1.00672,0.0,0.0,-9999,-9999,-9999,-9999,1.48675,1.40694,0.723211,0.717988,0.0,0.0,-9999,-9999,-9999,-9999,-3.32094,-3.27624,0.970244,1.00672,0.0,0.0,-9999,-9999,-9999,-9999,1.1715,1.37497,1.3938,1.41541,1.56298,1.57706,1.62432,1.16617,1.36008,1.38255,1.40694,1.47597,1.48675,1.56298,0.0,0.0,0.0,0.0,0.0,0.0,0.0,0.0,0.0,0.0,0.0,0.0,0.0,0.0,-3.44115,-3.42982,-3.42158,-3.33366,-3.18035,-3.0195,-2.9996,-3.43577,-3.3604,-3.35118,-3.2835,-3.0775,-2.9996,-2.9991,0.0,0.0,0.0,0.0,0.0,0.0,0.0,0.0,0.0,0.0,0.0,0.0,0.0,0.0,0.773482,0.70436,0.770694,0.00842597,0.705178,0.710375,0.716358,0.772622,0.78347,0.807872,0.832708,0.706626,0.749069,0.787836,0.0115262,0.706626,0.712476,0.755058,0.772722,0.801608,0.813593,0.987196,2.13243,2.14328,2.17517,0.0163457,2.04569,2.0541,2.08565,2.1493,2.21772,2.31418,2.32997,2.15748,2.18311,2.20847,0.0178916,2.0457,2.07066,2.13154,2.195,2.25774,2.31991,2.41036,0.929593,2.43155,1.14978,0.113611,0.343222,0.581455,0.699818,0.86165,1.36473,2.24358,2.56463,0.679451,1.30223,1.30641,0.135903,0.364593,0.397791,0.642496,1.11157,2.0942,2.35944,2.73989,3.85486,4.16413,3.97069,0.0345014,3.67829,3.77315,3.8447,3.94006,4.14082,4.22443,4.26954,3.71807,4.59591,3.8321,0.0643258,3.33502,3.38167,3.47425,3.83564,4.20793,4.22762,4.39887,-9999,-9999
200205,-9999,-9999,-9999,-9999,-9999,-9999,-9999,-9999,11.718,7.954,2.424,13.493,3.832,11.718,0.0,7.954,2.424,0.0,13.493,3.832,0.0,437.781,-9999,-9999,247.702,247.702,0.0,-9999,-9999,282.87,282.87,0.0,-9999,-9999,301.289,301.289,0.0,-9999,-9999,7.229,7.229,0.0,96.136,96.136,0.0,0.876,0.876,0.0,3.605,3.605,0.0,-9999,-9999,-9999,-9999,-9999,-9999,-9999,-9999,-9999,-9999,-9999,-9999,-9999,-9999,-9999,-9999,-9999,-9999,5.01365,0.0,59.5852,0.0,68.3667,-9999,35.2101,0.0,40.3993,-9999,2.0,3,15.3226,32.6774,0.0,0.0,-1.44277,-1.44277,0.0,0.0,-9999,-9999,-9999,-9999,-1.43779,-1.44277,0.0,0.0,-9999,-9999,-9999,-9999,-1.42431,-1.4085,0.0,0.0,0.0115457,0.0126767,-1.54403,-1.5016,-1.4658,-1.44277,-1.37224,-1.35685,-1.27973,-1.51579,-1.5016,-1.45067,-1.4423,-1.35905,-1.31675,-1.27764,0.0,0.0,0.0,0.0,0.0,0.0,0.0,0.0,0.0,0.0,0.0,0.0,0.0,0.0,1.65219,1.65219,0.282897,0.282897,0.0,0.0,-9999,-9999,-9999,-9999,-2.82065,-2.82065,1.59974,1.59974,0.0,0.0,-9999,-9999,-9999,-9999,1.73172,1.65219,0.167117,0.282897,0.0,0.0,-9999,-9999,-9999,-9999,-2.85242,-2.82065,1.62343,1.59974,0.0,0.0,-9999,-9999,-9999,-9999,1.41971,1.64465,1.65266,1.70219,1.74427,1.75458,1.75867,1.41971,1.64465,1.65219,1.67969,1.71802,1.73172,1.74427,0.0,0.0,0.0,0.0,0.0,0.0,0.0,0.0,0.0,0.0,0.0,0.0,0.0,0.0,-2.99739,-2.93553,-2.9032,-2.85242,-2.72346,-2.60967,-2.58953,-2.93676,-2.92875,-2.88309,-2.82681,-2.65454,-2.60924,-2.58654,0.0,0.0,0.0,0.0,0.0,0.0,0.0,0.0,0.0,0.0,0.0,0.0,0.0,0.0,1.86942,1.86975,1.88657,0.00636337,1.83549,1.83549,1.86941,1.8696,1.93336,1.93682,1.93916,1.86969,1.93225,1.90267,0.00674305,1.83549,1.83549,1.86951,1.93265,1.93627,1.93734,1.9575,3.22853,3.31252,3.29507,0.0178559,3.11314,3.14542,3.19233,3.31236,3.37622,3.43496,3.44739,3.3193,3.37004,3.32698,0.0169976,3.11314,3.18635,3.22965,3.34566,3.39978,3.43506,3.45311,2.24658,3.31245,2.46541,0.0824101,1.83765,1.93932,2.08695,2.25903,2.84807,2.97734,3.40073,2.11496,3.2862,2.42012,0.150718,1.27634,1.4351,1.54079,2.18587,2.72622,3.50153,3.86625,4.20456,4.51459,4.37797,0.035501,4.07918,4.17448,4.20245,4.3537,4.57065,4.63999,4.70265,3.68106,4.85992,3.83939,0.149475,2.36308,2.42602,2.50064,4.21736,4.62013,4.7067,4.80539,-9999,-9999
200206,-9999,-9999,-9999,-9999,-9999,-9999,-9999,-9999,16.606,13.665,1.535,17.76,2.716,16.72,0.0743056,13.675,1.558,0.0769231,17.912,2.775,0.0733333,480.664,-9999,-9999,223.572,224.794,0.0743056,-9999,-9999,325.307,325.307,0.0,-9999,-9999,354.017,355.564,0.0743056,-9999,-9999,6.826,7.068,0.0743056,95.543,95.544,0.0736111,2.688,2.419,0.0736111,3.301,3.28,0.0729167,-9999,-9999,-9999,-9999,-9999,-9999,-9999,-9999,-9999,-9999,-9999,-9999,-9999,-9999,-9999,-9999,-9999,-9999,4.90716,0.0743056,59.3045,0.074306,63.2718,0.649259,34.82,0.073611,37.1494,0.690401,1.0,2,13.5,34.5,7.13333,18.3,-1.42957,-1.42957,0.0729167,0.0729167,0.0347889,0.0346249,0.0729084,0.0908099,-1.42467,-1.42938,0.0708333,0.0736111,0.0352724,0.034701,0.0731403,0.090839,-1.41104,-1.39642,0.0693229,0.0715972,0.0107697,0.011871,-1.51928,-1.47891,-1.44868,-1.42957,-1.36689,-1.35076,-1.27292,-1.49556,-1.47891,-1.43871,-1.42855,-1.35107,-1.31101,-1.27152,0.0666667,0.0701389,0.0625,0.0729167,0.0736111,0.0736111,0.0736111,0.0708333,0.0701389,0.0736111,0.0708333,0.0736111,0.0736111,0.0736111,1.68307,1.68307,0.199127,0.199127,0.0769231,0.0769231,0.051819,0.049151,0.0666753,0.0551581,-2.57652,-2.57652,1.87303,1.87303,0.0714286,0.0714286,0.0425763,0.0422396,0.138475,0.137481,1.72981,1.68298,0.148337,0.19918,0.0769231,0.0769231,0.051819,0.0484637,0.0666753,0.0545465,-2.58831,-2.57624,1.93409,1.87332,0.0685714,0.072381,0.0427033,0.0424722,0.138514,0.137552,1.43761,1.67974,1.68068,1.71694,1.76096,1.76366,1.77872,1.43761,1.67974,1.68051,1.70286,1.71806,1.72981,1.76096,0.0769231,0.0769231,0.0769231,0.0769231,0.0615385,0.0615385,0.0615385,0.0769231,0.0769231,0.0769231,0.0769231,0.074359,0.0769231,0.0615385,-2.71939,-2.66021,-2.63496,-2.58845,-2.48109,-2.39667,-2.36568,-2.66658,-2.6572,-2.6126,-2.58657,-2.42679,-2.39554,-2.36374,0.0685714,0.0666667,0.0609524,0.0685714,0.072381,0.072381,0.072381,0.0685714,0.0685714,0.0685714,0.072381,0.072381,0.072381,0.072381,2.37154,2.41991,2.39858,0.00815266,2.32007,2.32163,2.36472,2.41414,2.43793,2.44989,2.47746,2.4184,2.48219,2.41166,0.00830909,2.32008,2.32816,2.36479,2.41745,2.45828,2.4664,2.47746,3.72006,3.84929,3.795,0.0186239,3.59159,3.63552,3.68258,3.84494,3.90589,3.91309,3.93923,3.85222,3.90686,3.8227,0.0173648,3.5916,3.6758,3.76674,3.84813,3.91213,3.91937,3.93923,2.85933,3.63071,3.09971,0.0653479,2.52763,2.74797,2.82658,2.97782,3.52957,3.55397,3.66009,2.85123,4.23086,2.95984,0.178386,1.37369,1.54456,1.65831,2.91549,3.74912,3.76479,4.78975,4.18998,4.51703,4.36484,0.0377903,4.06015,4.15276,4.18876,4.32098,4.58401,4.64996,4.71788,3.68639,4.93948,3.86112,0.150366,2.40068,2.46766,2.54635,4.20093,4.60589,4.77821,4.9523,-9999,-9999
200207,18.395,1.0,15.619,1.412,1.0,19.542,2.845,1.0,18.139,15.641,1.603,19.169,2.526,18.395,1.0,15.619,1.412,1.0,19.542,2.845,1.0,460.706,210.95,1.0,191.085,210.95,1.0,-9999,-9999,347.306,347.306,0.0,384.945,1.0,381.35,384.945,1.0,6.481,1.0,5.801,6.481,1.0,95.793,95.805,1.0,2.987,3.19,1.0,2.747,3.108,0.994624,0.210969782436,0.797043010753,117.620459334,0.999327956989,405.327476478,1.0,201.439538306,1.0,-9999,-9999,364.703,1.0,20.695,20.052,1.0,1.0,25.821,1.0,6.508,1.0,61.0331,0.943548,65.116,0.597339,40.6424,0.942204,43.3613,0.524523,0.938844,1,14.1613,33.8387,14.1613,33.8387,-0.661039,-0.665883,0.905914,0.905914,0.0256764,0.0255792,0.0353324,0.0356378,-0.625765,-0.664231,0.898522,0.905914,0.0255878,0.025775,0.0352681,0.0357786,-0.631349,-0.640132,0.894052,0.90877,0.00482624,0.00383615,-0.665883,-0.658399,-0.656484,-0.645764,-0.612636,-0.609856,-0.5799,-0.670118,-0.662265,-0.658372,-0.648976,-0.617029,-0.612636,-0.609725,0.905914,0.93414,0.907258,0.934812,0.893145,0.891801,0.849462,0.916667,0.93414,0.93414,0.846774,0.893817,0.893145,0.891801,2.16307,2.1454,0.462511,0.450083,0.964247,0.964247,0.0374069,0.0367881,0.0669467,0.0599825,-1.80642,-1.80566,2.20962,2.2055,0.879929,0.879929,0.0316197,0.031393,0.0380807,0.0362226,2.20911,2.16202,0.420705,0.461993,0.951478,0.964247,0.0372924,0.0371638,0.0668828,0.0602136,-1.77907,-1.81038,2.20102,2.21154,0.874978,0.879929,0.0313018,0.031614,0.0378171,0.0364143,2.10365,2.15036,2.15761,2.17519,2.24266,2.26141,2.2954,2.1454,2.15543,2.15619,2.17374,2.21936,2.25018,2.27153,0.819316,0.997984,0.997984,0.997984,0.940726,0.842704,0.940726,0.964247,0.964247,0.964247,0.968548,0.819182,0.940726,0.940726,-1.81368,-1.80956,-1.8051,-1.78278,-1.77366,-1.76711,-1.74401,-1.81948,-1.8116,-1.80956,-1.79157,-1.78002,-1.77546,-1.76865,0.903131,0.879929,0.879929,0.872993,0.872993,0.859729,0.840664,0.88772,0.905028,0.879929,0.878921,0.87023,0.872993,0.869308,2.52668,2.55147,2.60616,0.017673,2.51462,2.5166,2.52472,2.54321,2.71866,2.75398,2.78416,2.56176,2.7858,2.64186,0.0188019,2.51462,2.51947,2.52954,2.60473,2.74258,2.76017,2.7858,3.16063,3.2157,3.24629,0.0146928,3.16063,3.16941,3.17571,3.20586,3.33233,3.36993,3.39389,3.18711,3.41156,3.27321,0.0155243,3.16198,3.17339,3.17863,3.22482,3.35485,3.37101,3.41769,3.2281,3.27498,3.17551,0.0283801,2.71581,3.00735,3.1462,3.2281,3.28197,3.2985,3.32894,3.16258,3.86296,2.91071,0.152503,1.40244,1.57689,1.69302,3.12942,3.47516,3.61239,4.26455,3.65916,3.699,3.63783,0.0177113,3.3712,3.53523,3.58616,3.66231,3.70018,3.71998,3.74241,3.31671,4.01841,3.23665,0.1119,2.10827,2.17628,2.24127,3.42918,3.75138,3.8872,4.06321,-9999,-9999
200208,16.613,1.0,13.829,2.012,1.0,18.181,3.617,1.0,16.595,14.261,1.884,17.91,2.773,16.613,1.0,13.829,2.012,1.0,18.181,3.617,1.0,385.274,190.241,1.0,173.896,190.241,1.0,-9999,-9999,331.463,331.463,0.0,370.113,1.0,361.666,370.113,1.0,6.394,1.0,5.837,6.394,1.0,95.753,95.738,0.997984,2.15,0.209,0.997984,2.892,3.063,0.925403,0.188263199458,0.788306451613,101.803937455,0.997983870968,368.027734543,0.997983870968,162.212611738,0.997983870968,-9999,-9999,360.631,0.993952,19.061,18.389,1.0,1.0,23.393,1.0,3.70751,1.0,50.4026,0.982527,56.4843,0.479273,36.9129,0.989247,41.3668,0.450053,0.979839,1,17.5806,30.4194,17.5806,30.4194,-0.71778,-0.725742,0.910618,0.910618,0.0221023,0.021804,0.0393301,0.0354734,-0.706553,-0.718289,0.907258,0.910618,0.0210869,0.0221609,0.0387686,0.0356939,-0.713932,-0.706321,0.909677,0.923185,0.00549757,0.00397582,-0.765155,-0.745444,-0.737517,-0.712721,-0.692978,-0.68038,-0.653002,-0.74493,-0.737506,-0.730649,-0.705518,-0.692014,-0.681544,-0.66599,0.880376,0.925403,0.889785,0.910618,0.947581,0.977823,0.96707,0.889785,0.889785,0.938172,0.907258,0.954973,0.979839,0.965054,1.86698,1.86303,0.398687,0.399381,0.902646,0.902646,0.0308313,0.0318155,0.0621004,0.0606272,-2.16414,-2.17447,2.373,2.36901,0.911299,0.911299,0.0270322,0.0275887,0.0480448,0.03999,1.88617,1.86698,0.395788,0.398687,0.890786,0.902646,0.0305537,0.0317847,0.061963,0.060611,-2.15763,-2.16491,2.37851,2.37366,0.91234,0.911299,0.0267638,0.0282501,0.0478943,0.0404492,1.84319,1.86698,1.87814,1.90477,1.963,1.97479,2.066,1.84432,1.86698,1.87348,1.90149,1.96431,1.9702,1.98431,0.913715,0.902646,0.885199,0.890323,0.964658,0.942824,0.832066,0.913715,0.902646,0.902646,0.890323,0.960745,0.942824,0.942824,-2.26818,-2.23241,-2.21522,-2.19131,-2.1638,-2.15297,-2.14172,-2.23075,-2.20962,-2.20059,-2.17613,-2.15887,-2.15172,-2.1376,0.866975,0.884102,0.849966,0.829903,0.960733,0.911299,0.966913,0.885984,0.893722,0.940371,0.959724,0.960798,0.908039,0.906964,2.28277,2.22745,2.24771,0.00519645,2.17813,2.21484,2.22426,2.24993,2.2792,2.28277,2.28803,2.22795,2.24537,2.24473,0.00623258,2.16288,2.20821,2.22113,2.2558,2.27342,2.28277,2.28755,2.97283,2.94573,2.95403,0.00413256,2.89971,2.92954,2.93827,2.95089,2.97347,2.97777,2.99075,2.93853,2.95193,2.95866,0.00625997,2.89688,2.9193,2.93802,2.95312,2.97788,3.00448,3.02003,3.00404,2.7516,2.75348,0.0340742,2.36593,2.46242,2.65742,2.78611,2.84085,2.85879,3.10928,2.80175,2.73468,2.41348,0.0923812,1.46572,1.62008,1.80451,2.65726,2.79638,2.82563,2.98868,3.13809,3.20575,3.14183,0.0207665,2.86662,2.98989,3.10523,3.14875,3.18465,3.21742,3.3922,3.09818,3.15281,2.82771,0.0816989,1.95587,1.99686,2.10607,3.09818,3.14501,3.15563,3.21774,-9999,-9999
200209,9.958,1.0,7.999,2.283,1.0,11.559,3.059,1.0,10.137,8.342,2.222,11.614,2.663,9.958,1.0,7.999,2.283,1.0,11.559,3.059,1.0,280.925,108.922,1.0,114.081,108.922,1.0,-9999,-9999,298.481,298.481,0.0,323.919,1.0,320.686,323.919,1.0,4.414,1.0,4.558,4.414,1.0,96.33,96.418,1.0,1.057,0.823,1.0,3.791,3.655,1.0,0.231443818669,0.881944444444,48.5178666667,1.0,209.537795833,1.0,105.664041667,1.0,-9999,-9999,355.612,1.0,10.581,10.407,1.0,1.0,28.516,1.0,-1.44029,0.825694,33.2885,1.0,36.7385,0.375807,10.5574,1.0,11.6516,0.397253,0.591667,1,21.8,26.2,21.8,26.2,-0.0498537,-0.0486694,0.988889,0.988889,0.0200514,0.0201271,0.0524067,0.0346404,-0.0441651,-0.0511157,0.989583,0.988889,0.0200775,0.0200666,0.0524168,0.0346053,-0.0416333,-0.0598243,0.986198,0.988576,0.00690018,0.00538272,-0.110839,-0.0922441,-0.082491,-0.0431063,-0.0267879,0.00459405,0.0379913,-0.10992,-0.09317,-0.089423,-0.051877,-0.0414548,-0.0367836,-0.0115048,0.989583,0.989583,0.989583,0.989583,0.988194,0.983333,0.971528,0.989583,0.989583,0.989583,0.988889,0.989583,0.989583,0.983333,1.56002,1.56035,0.478187,0.476887,0.99552,0.99552,0.026027,0.0256119,0.087214,0.0610875,-1.33665,-1.33521,1.89747,1.89817,0.982912,0.982912,0.0280039,0.028434,0.0337008,0.0296915,1.57178,1.55855,0.466672,0.479202,0.99552,0.99552,0.026001,0.0256585,0.0872062,0.061107,-1.33638,-1.33774,1.90861,1.89751,0.984245,0.982912,0.028078,0.0282713,0.0337625,0.0295357,1.46274,1.47241,1.48857,1.57112,1.60006,1.63889,1.66388,1.46274,1.47157,1.47935,1.55573,1.57178,1.58249,1.61385,0.997036,0.997036,0.997036,0.99552,0.99552,0.99552,0.99552,0.997036,0.997036,0.997036,0.99552,0.99552,0.99552,0.99552,-1.3628,-1.34475,-1.3389,-1.3334,-1.32691,-1.30726,-1.26982,-1.36128,-1.34675,-1.34141,-1.33552,-1.33233,-1.32965,-1.31262,0.982912,0.982912,0.982912,0.984245,0.981729,0.972648,0.95082,0.982912,0.982912,0.982912,0.984245,0.984245,0.981729,0.972648,1.78364,1.9173,1.85868,0.0121054,1.74796,1.75721,1.77483,1.8936,1.91484,1.9173,1.95387,1.9181,1.91484,1.8881,0.0126194,1.74796,1.75891,1.79956,1.91465,1.92486,1.9782,1.98582,1.87166,1.96841,1.91851,0.00735266,1.84945,1.85687,1.86209,1.93612,1.96152,1.96317,1.96841,1.97406,1.95901,1.92974,0.00694105,1.85051,1.86166,1.88205,1.94159,1.96302,1.96795,1.9772,1.72507,1.8217,1.78253,0.00991419,1.68327,1.70756,1.72565,1.80252,1.81729,1.82349,1.85231,1.73011,1.81137,1.81819,0.0150388,1.70364,1.7248,1.73117,1.80823,1.83883,1.87626,2.01365,1.87447,1.95533,1.91715,0.00625292,1.84831,1.86393,1.87447,1.93443,1.94671,1.94841,1.95533,1.93676,1.94452,1.93436,0.00786217,1.8602,1.87447,1.88059,1.94002,1.94763,1.96119,2.01931,-9999,-9999
200210,-0.843,0.975134,-2.127,1.685,0.988053,0.741,2.202,0.958525,-1.511,-2.434,1.683,-0.376,1.736,-0.935,0.975134,-2.207,1.769,0.988053,0.634,2.226,0.958525,174.222,71.49,0.977151,63.598,69.475,0.977151,-9999,-9999,249.238,249.238,0.0,250.225,0.975134,259.501,250.41,0.975134,1.756,0.975134,1.981,1.754,0.975134,96.651,96.684,0.949597,0.831,0.515,0.962366,3.563,4.168,0.966398,0.257661212983,0.846774193548,17.2672850575,0.948924731183,142.022257534,0.949596774194,87.8605206418,0.949596774194,-9999,-9999,372.698,1.0,0.981,1.231,0.975134,0.975134,27.296,0.975134,-0.825141,0.975134,12.606,1.0,13.9124,0.233726,5.80258,0.998656,6.40395,0.360003,1.0,2,26.3226,21.6774,26.3226,21.6774,0.0608536,0.060778,0.985215,0.985215,0.00870705,0.0086931,0.0186102,0.0176502,0.0685,0.0599105,0.984543,0.985215,0.00867136,0.00870972,0.0185935,0.0176583,0.0641249,0.0589086,0.983333,0.985803,0.00216716,0.00203482,0.0401425,0.0439056,0.0528381,0.0665383,0.0762088,0.0768009,0.0796848,0.0387569,0.0435064,0.0476925,0.060778,0.0688362,0.0742282,0.0769848,0.991263,0.991263,0.986559,0.984543,0.977823,0.975134,0.979839,0.991263,0.991263,0.988575,0.985215,0.984543,0.983199,0.977823,0.342608,0.341854,0.197949,0.197994,0.986858,0.986858,0.010474,0.0104185,0.0158277,0.0139948,-0.27697,-0.276121,0.490024,0.489298,0.982864,0.982864,0.0135664,0.0135656,0.026583,0.0238026,0.348092,0.341294,0.200668,0.198599,0.985706,0.986858,0.0104654,0.0104455,0.015822,0.0140149,-0.267419,-0.27736,0.49155,0.48982,0.982864,0.982864,0.0134485,0.0135835,0.026523,0.0238129,0.332572,0.335557,0.338087,0.34787,0.353211,0.359289,0.360995,0.331657,0.334827,0.336733,0.341854,0.349142,0.353514,0.358598,0.989247,0.989247,0.986858,0.985706,0.981049,0.984511,0.984511,0.989247,0.989247,0.988053,0.986858,0.985706,0.981049,0.980022,-0.309866,-0.305122,-0.289049,-0.271079,-0.265438,-0.259401,-0.254085,-0.311752,-0.306269,-0.298263,-0.27697,-0.269929,-0.267152,-0.260164,0.993532,0.993532,0.985613,0.982864,0.975184,0.97381,0.97381,0.993532,0.993532,0.988685,0.982864,0.981328,0.982864,0.97381,0.352191,0.344772,0.351858,0.00090252,0.34355,0.345675,0.346954,0.352191,0.35317,0.356636,0.362597,0.345449,0.352318,0.353944,0.00121681,0.34355,0.346435,0.348174,0.352785,0.356636,0.362636,0.367712,0.299875,0.284862,0.29295,0.00179278,0.278043,0.282772,0.283874,0.287394,0.304408,0.309232,0.310166,0.28547,0.283818,0.289819,0.00178245,0.275444,0.277036,0.282783,0.286533,0.293903,0.304431,0.310121,0.417918,0.457734,0.455628,0.00657597,0.417322,0.418308,0.428821,0.449986,0.465747,0.467205,0.497848,0.417588,0.434281,0.48908,0.0162894,0.417505,0.428733,0.435205,0.455402,0.482906,0.528194,0.783677,0.34464,0.3526,0.356843,0.00217629,0.344625,0.345707,0.348858,0.35387,0.357895,0.362359,0.378061,0.350089,0.349736,0.370231,0.00658379,0.344984,0.348645,0.350089,0.356166,0.367354,0.378372,0.490778,-9999,-9999
200211,-6.63,1.0,-7.264,1.858,1.0,-5.578,1.331,1.0,-6.355,-7.023,2.014,-5.236,1.397,-6.63,1.0,-7.264,1.858,1.0,-5.578,1.331,1.0,93.5335,31.355,1.0,26.58,31.355,1.0,-9999,-9999,243.706,243.706,0.0,220.753,1.0,252.628,220.753,1.0,0.836,1.0,1.336,0.836,1.0,96.414,96.225,1.0,0.79,0.046,1.0,3.277,3.686,0.999306,0.186617145981,0.790277777778,-7.17513472222,1.0,62.67899375,1.0,52.2026319444,1.0,-9999,-9999,380.756,1.0,-3.098,-2.853,1.0,1.0,17.343,1.0,3.04299,1.0,4.99656,0.999306,5.64678,0.21102,-8.47477,1.0,-9.57764,0.318369,1.0,3,30.4,17.6,30.4,17.6,0.205485,0.207104,0.975,0.975,0.00783432,0.00771762,0.037335,0.0309847,0.224388,0.205485,0.970139,0.975,0.00745179,0.00783489,0.0372566,0.0310141,0.221728,0.205729,0.970538,0.973681,0.00617218,0.00482887,0.164445,0.178862,0.188426,0.22262,0.240577,0.25187,0.287336,0.149747,0.176892,0.184362,0.204938,0.233695,0.236908,0.247695,0.976389,0.978472,0.979861,0.970139,0.96875,0.963194,0.959722,0.98125,0.979861,0.977778,0.975,0.969444,0.964583,0.963194,0.281103,0.283987,0.142985,0.142881,0.990251,0.990251,0.00909175,0.00927099,0.0308542,0.0288629,0.058187,0.0573595,0.228416,0.228229,0.947168,0.947168,0.011965,0.0124484,0.0487916,0.034496,0.29628,0.281103,0.138987,0.142985,0.989176,0.990251,0.00900121,0.00942549,0.0308276,0.0289129,0.0826959,0.058187,0.226763,0.228416,0.935403,0.947168,0.0119087,0.0126072,0.0487778,0.0345536,0.239131,0.257732,0.269752,0.29526,0.314755,0.316701,0.360907,0.226409,0.256141,0.265967,0.280322,0.308215,0.310808,0.316701,0.982688,0.988065,0.990251,0.989176,0.986022,0.989176,0.983871,0.982688,0.988065,0.990251,0.990251,0.989176,0.983871,0.989176,0.0226959,0.028372,0.0298877,0.0795202,0.0946119,0.122976,0.138734,0.00804418,0.0260299,0.0284287,0.0560166,0.0867847,0.0903731,0.117367,0.964815,0.960893,0.960893,0.935403,0.925599,0.925599,0.915795,0.978638,0.964815,0.956972,0.943246,0.933442,0.931481,0.925599,0.247012,0.255632,0.262972,0.00536296,0.205451,0.232827,0.23556,0.259052,0.285824,0.294925,0.305633,0.255714,0.273756,0.278231,0.00747798,0.219067,0.233048,0.247012,0.266624,0.294925,0.30243,0.373948,0.0602477,0.0501478,0.0572428,0.00136213,0.0405806,0.0497731,0.052515,0.0557529,0.0603902,0.0630907,0.0704254,0.0541139,0.0493678,0.0565033,0.00274853,0.0110898,0.0412738,0.0495042,0.054737,0.0616795,0.0655581,0.0898275,0.478217,0.401268,0.429177,0.00849486,0.362079,0.368444,0.396728,0.419752,0.45013,0.476472,0.481872,0.475089,0.370873,0.420942,0.00562572,0.362509,0.375377,0.396728,0.418745,0.444172,0.455784,0.478195,0.153329,0.117723,0.130861,0.00356895,0.101828,0.107986,0.112991,0.124109,0.144509,0.152628,0.154465,0.108063,0.109022,0.124758,0.0026552,0.105204,0.107986,0.110637,0.11927,0.139649,0.144549,0.153263,-9999,-9999
200212,-19.002,1.0,-19.373,1.738,1.0,-18.157,1.132,1.0,-19.234,-19.618,1.917,-18.363,1.616,-19.002,1.0,-19.373,1.738,1.0,-18.157,1.132,1.0,58.8403,26.109,1.0,22.268,26.109,1.0,-9999,-9999,177.945,177.945,0.0,147.882,1.0,170.92,147.882,1.0,0.531,1.0,1.059,0.531,1.0,96.92,96.397,1.0,0.224,0.0,1.0,3.253,3.505,1.0,0.145948583814,0.713709677419,-18.9248642473,1.0,52.5162983871,1.0,49.0330954301,1.0,-9999,-9999,386.375,1.0,-10.958,-9.699,1.0,1.0,14.474,1.0,5.90116,1.0,2.99153,1.0,3.38083,0.158322,-8.90785,1.0,-10.0671,0.294251,1.0,3,33.129,14.871,33.129,14.871,0.20669,0.209784,0.969086,0.969086,0.00857107,0.00849363,0.0729064,0.0395818,0.217816,0.207794,0.966398,0.969086,0.0082978,0.00859851,0.0728747,0.0396044,0.242937,0.217632,0.944271,0.962584,0.01194,0.00863806,0.167196,0.170648,0.185702,0.216339,0.28297,0.31545,0.371736,0.16702,0.170628,0.174928,0.207928,0.230208,0.247948,0.310793,0.977823,0.977151,0.971102,0.966398,0.918011,0.883737,0.876344,0.977823,0.977823,0.97379,0.97043,0.969086,0.952285,0.922043,0.251762,0.255273,0.152162,0.152254,0.990512,0.990512,0.00978943,0.00998023,0.0572516,0.0318778,0.0799584,0.0817514,0.1724,0.177296,0.921505,0.921505,0.0139892,0.0142696,0.0965988,0.052374,0.262352,0.253403,0.156379,0.152262,0.986602,0.990512,0.00975289,0.0101012,0.0572454,0.0319159,0.0906218,0.0797128,0.174926,0.172802,0.921505,0.921505,0.013931,0.0144537,0.0965904,0.0524245,0.218368,0.225207,0.231519,0.260528,0.311705,0.338024,0.386483,0.219057,0.22439,0.22687,0.253733,0.270253,0.284941,0.332117,0.990512,0.990512,0.990512,0.986602,0.943678,0.929993,0.922172,0.990512,0.990512,0.990512,0.990512,0.986602,0.978782,0.943678,0.0197747,0.0343548,0.0606465,0.0900632,0.18442,0.225516,0.294661,0.0121109,0.0342831,0.0418327,0.0817514,0.111817,0.135068,0.225387,0.954071,0.947619,0.934716,0.921505,0.859754,0.778648,0.773425,0.966974,0.947619,0.93702,0.921505,0.92596,0.892012,0.87404,0.160708,0.161348,0.181091,0.00577565,0.148391,0.157384,0.15987,0.163921,0.193298,0.212494,0.253921,0.161601,0.167393,0.201867,0.00751188,0.155255,0.159366,0.161374,0.167656,0.251493,0.254044,0.285949,-0.0258036,-0.0464462,-0.0365413,0.0042611,-0.0831879,-0.0533444,-0.0492308,-0.0358584,-0.0144739,-0.011765,-0.00851717,-0.0450381,-0.0504225,-0.0410699,0.00629367,-0.130511,-0.0620861,-0.0489267,-0.0368252,-0.0149451,-0.0110259,-0.00600476,0.185998,0.144272,0.208578,0.0116431,0.131122,0.144991,0.149222,0.173023,0.290171,0.314509,0.333848,0.185531,0.145377,0.236509,0.0130822,0.131122,0.144272,0.151395,0.207513,0.313934,0.33204,0.347662,0.0174458,0.0124547,0.0169693,0.00146632,0.00724539,0.00841336,0.0117485,0.0148855,0.017248,0.0257971,0.0335852,0.0152271,0.0162874,0.0145487,0.00113757,0.0074477,0.0081961,0.0083472,0.0130953,0.0168615,0.0186829,0.029439,-9999,-9999
200301,-17.989,0.184812,-18.841,1.321,0.191593,-16.349,1.779,0.169892,-13.245,-13.884,2.573,-12.013,1.852,-13.28,0.184812,-13.933,2.398,0.191593,-12.015,1.777,0.169892,74.527,30.587,0.186156,30.686,31.256,0.186156,-9999,-9999,201.557,201.557,0.0,153.469,0.184812,200.258,193.645,0.184812,0.427,0.184812,1.299,1.192,0.184812,96.601,96.517,0.176075,0.247,0.238,0.163306,3.768,3.886,0.173387,-9999,-9999,-9999,-9999,-9999,-9999,-9999,-9999,-9999,-9999,403.202,0.18414,-11.333,-12.806,1.0,0.184812,13.281,0.184812,4.77483,0.18414,-0.161519,0.18414,-0.203988,0.0578857,-11.0796,0.18414,-13.9928,0.340088,1.0,3,31.7097,16.2903,18.3871,9.16129,0.0608818,0.065979,0.18414,0.18414,0.00927325,0.00994635,0.040503,0.039342,0.0603727,0.0603702,0.18414,0.18414,0.00941108,0.00941568,0.0405348,0.0392112,0.0957919,0.095241,0.183417,0.182997,0.0110867,0.0109576,0.0526996,0.0583867,0.0608818,0.0700047,0.0980455,0.137241,0.172545,0.0529877,0.0587732,0.0611232,0.0708905,0.0971687,0.134901,0.172397,0.18414,0.18414,0.18414,0.182796,0.18414,0.18414,0.178091,0.18414,0.18414,0.18414,0.182796,0.182796,0.182796,0.178091,0.0803973,0.070155,0.119643,0.129314,0.191593,0.191593,0.0110427,0.011648,0.0296433,0.0289898,0.0172032,0.0513574,0.127632,0.157499,0.167742,0.167742,0.0158897,0.0168624,0.0605922,0.05834,0.0813156,0.0813156,0.120691,0.120691,0.191593,0.191593,0.0110427,0.011047,0.0296433,0.0287536,0.0140294,0.0140216,0.136661,0.136642,0.167742,0.167742,0.0158897,0.0159006,0.0605922,0.0580693,0.0500657,0.0578462,0.0779287,0.0879789,0.108173,0.112866,0.130732,0.050545,0.0590496,0.0776708,0.0875037,0.107977,0.112143,0.130732,0.191593,0.190616,0.191593,0.191593,0.191593,0.191593,0.191593,0.191593,0.190616,0.191593,0.191593,0.191593,0.190616,0.191593,0.0116137,0.0139995,0.0153335,0.0476596,0.0860415,0.130943,0.279433,0.0108943,0.0144915,0.0153622,0.0476596,0.0861347,0.126191,0.279012,0.167742,0.167742,0.167742,0.167742,0.165591,0.167742,0.148925,0.167742,0.167742,0.167742,0.167742,0.165591,0.165591,0.148925,0.105403,0.104023,0.234534,0.041907,0.0338376,0.0458205,0.0526354,0.101955,0.626051,0.660086,0.671795,0.103989,0.104023,0.234534,0.041907,0.0338376,0.0458205,0.0526354,0.101955,0.626051,0.660086,0.671795,0.0420188,0.0436525,0.139293,0.0446997,-0.174432,-0.0822656,-0.0330039,0.0295042,0.48881,0.581326,0.594054,0.0422534,0.0436499,0.138742,0.044782,-0.182074,-0.0846409,-0.0342893,0.0295015,0.48881,0.581578,0.594054,0.101843,0.203072,0.207906,0.0290026,0.0526742,0.0630912,0.0761557,0.129346,0.266612,0.415342,0.596451,0.101843,0.203072,0.207906,0.0290026,0.0526742,0.0630912,0.0761557,0.129346,0.266612,0.415342,0.596451,0.192517,0.0205761,0.208965,0.042144,0.0195351,0.0198735,0.0205761,0.0576554,0.207745,0.54932,0.694499,0.0228414,0.0205761,0.208965,0.042144,0.0195351,0.0198735,0.0205761,0.0576554,0.207745,0.54932,0.694499,-9999,-9999
200302,-17.903,0.0,-18.936,1.151,0.0,-16.44,1.961,0.0,-11.733,-12.777,1.932,-10.281,2.311,-11.733,0.0,-12.777,1.932,0.0,-10.281,2.311,0.0,137.145,31.229,0.0,70.694,70.694,0.0,-9999,-9999,200.732,200.732,0.0,163.555,0.0,199.233,199.233,0.0,0.417,0.0,1.439,1.439,0.0,96.533,96.533,0.0,0.165,0.165,0.0,3.667,3.667,0.0,-9999,-9999,-9999,-9999,-9999,-9999,-9999,-9999,-9999,-9999,406.385,0.0,-11.143,-12.755,1.0,0.0,13.299,0.0,4.94391,0.0,-0.318279,0.0,-9999,-9999,-11.4818,0.0,-9999,-9999,-9999,-9999,28.1071,19.8929,0.0,0.0,0.0506269,0.0542077,0.0,0.0,-9999,-9999,-9999,-9999,0.0486106,0.0486106,0.0,0.0,-9999,-9999,-9999,-9999,0.0860373,0.0859807,0.0,0.0,0.0109594,0.0109396,0.0377319,0.0477283,0.0506269,0.0628345,0.0931049,0.12128,0.156566,0.0377319,0.0477283,0.0506269,0.0628345,0.0931049,0.12054,0.156566,0.0,0.0,0.0,0.0,0.0,0.0,0.0,0.0,0.0,0.0,0.0,0.0,0.0,0.0,0.0839422,0.0757295,0.125012,0.133148,0.0,0.0,-9999,-9999,-9999,-9999,-0.000892145,0.0193249,0.0975049,0.135598,0.0,0.0,-9999,-9999,-9999,-9999,0.0851044,0.0851044,0.124665,0.124665,0.0,0.0,-9999,-9999,-9999,-9999,-0.00720213,-0.00720213,0.106931,0.106931,0.0,0.0,-9999,-9999,-9999,-9999,0.049191,0.0496272,0.0830036,0.101339,0.112216,0.127979,0.143448,0.049191,0.0496272,0.0830036,0.101339,0.111954,0.12763,0.143448,0.0,0.0,0.0,0.0,0.0,0.0,0.0,0.0,0.0,0.0,0.0,0.0,0.0,0.0,-0.00720213,-0.000892145,0.00417854,0.0213691,0.0642229,0.0888638,0.213852,-0.00720213,-0.000892145,0.00417854,0.0213691,0.0642229,0.0884793,0.213852,0.0,0.0,0.0,0.0,0.0,0.0,0.0,0.0,0.0,0.0,0.0,0.0,0.0,0.0,0.133969,0.133047,0.2549,0.034553,0.076722,0.0895943,0.106024,0.133026,0.559701,0.607398,0.614117,0.132805,0.133047,0.2549,0.034553,0.076722,0.0895943,0.106024,0.133026,0.559701,0.607398,0.614117,0.07957,0.0844367,0.168919,0.0356259,-0.058391,0.00617088,0.0316057,0.0695271,0.412076,0.526736,0.5433,0.07957,0.0844367,0.168863,0.0356347,-0.058453,0.00627631,0.0315174,0.0695271,0.412076,0.526736,0.5433,0.0947074,0.171455,0.172456,0.0194042,0.057582,0.0674699,0.082673,0.134005,0.189395,0.30757,0.395247,0.0947074,0.171455,0.172456,0.0194042,0.057582,0.0674699,0.082673,0.134005,0.189395,0.30757,0.395247,0.364306,0.12515,0.448932,0.0770237,0.117322,0.118649,0.125145,0.1349,0.390892,1.19142,1.2838,0.134873,0.12515,0.448932,0.0770237,0.117322,0.118649,0.125145,0.1349,0.390892,1.19142,1.2838,-9999,-9999
200303,1.17,0.0,-2.26,2.61,0.0,4.5,3.647,0.0,-7.22,-9.011,2.245,-5.504,3.003,-7.22,0.0,-9.011,2.245,0.0,-5.504,3.003,0.0,236.031,196.41,0.0,134.157,134.157,0.0,-9999,-9999,211.453,211.453,0.0,216.65,0.0,212.554,212.554,0.0,4.408,0.0,1.897,1.897,0.0,96.632,96.632,0.0,0.177,0.177,0.0,3.681,3.681,0.0,-9999,-9999,-9999,-9999,-9999,-9999,-9999,-9999,-9999,-9999,386.773,0.0,-8.903,0.78,1.0,0.0,30.21,0.0,2.89199,0.0,25.872,0.0,-9999,-9999,49.6442,0.0,-9999,-9999,-9999,-9999,23.7742,24.2258,0.0,0.0,0.0519371,0.0595441,0.0,0.0,-9999,-9999,-9999,-9999,0.0553983,0.0553983,0.0,0.0,-9999,-9999,-9999,-9999,0.0903979,0.0903889,0.0,0.0,0.0148357,0.0148334,-0.0193396,0.0035916,0.0140376,0.0595441,0.144704,0.212356,0.248246,-0.0193396,0.0035916,0.0140376,0.0595441,0.144695,0.21234,0.248246,0.0,0.0,0.0,0.0,0.0,0.0,0.0,0.0,0.0,0.0,0.0,0.0,0.0,0.0,0.564478,0.572234,0.32694,0.333501,0.0,0.0,-9999,-9999,-9999,-9999,-0.441168,-0.434045,0.39276,0.388714,0.0,0.0,-9999,-9999,-9999,-9999,0.565208,0.565208,0.326758,0.326758,0.0,0.0,-9999,-9999,-9999,-9999,-0.435504,-0.435504,0.386657,0.386657,0.0,0.0,-9999,-9999,-9999,-9999,0.442756,0.480951,0.518243,0.564986,0.593931,0.721792,0.760405,0.442756,0.480951,0.518243,0.564986,0.593931,0.721764,0.760405,0.0,0.0,0.0,0.0,0.0,0.0,0.0,0.0,0.0,0.0,0.0,0.0,0.0,0.0,-0.496336,-0.44988,-0.444086,-0.400924,-0.286307,-0.281269,-0.250917,-0.496336,-0.44988,-0.444086,-0.400924,-0.286307,-0.281269,-0.250917,0.0,0.0,0.0,0.0,0.0,0.0,0.0,0.0,0.0,0.0,0.0,0.0,0.0,0.0,0.218492,0.217857,0.333647,0.0278284,0.14639,0.170004,0.194948,0.218919,0.531927,0.595709,0.6143,0.217519,0.217857,0.333647,0.0278284,0.14639,0.170004,0.194948,0.218919,0.531927,0.595709,0.6143,0.165222,0.162458,0.243258,0.0363419,-0.00439388,0.052151,0.0949079,0.152791,0.56902,0.596192,0.604624,0.165222,0.162458,0.243249,0.0363429,-0.0044099,0.052151,0.0948919,0.152791,0.56902,0.596192,0.604624,0.199602,0.387409,0.324668,0.0320156,0.108589,0.120649,0.174383,0.238676,0.387409,0.60685,0.705972,0.199602,0.387409,0.324668,0.0320156,0.108589,0.120649,0.174383,0.238676,0.387409,0.60685,0.705972,0.582124,0.34733,0.818478,0.120934,0.28109,0.321006,0.326567,0.365708,0.621877,2.07563,2.15519,0.364388,0.34733,0.818478,0.120934,0.28109,0.321006,0.326567,0.365708,0.621877,2.07563,2.15519,-9999,-9999
200304,3.911,0.0,-0.229,2.071,0.0,6.72,4.122,0.0,-0.342,-2.698,2.068,1.229,2.798,-0.342,0.0,-2.698,2.068,0.0,1.229,2.798,0.0,347.511,223.22,0.0,185.632,185.632,0.0,-9999,-9999,249.232,249.232,0.0,238.12,0.0,259.494,259.494,0.0,4.924,0.0,2.759,2.759,0.0,96.352,96.352,0.0,0.866,0.866,0.0,4.064,4.064,0.0,-9999,-9999,-9999,-9999,-9999,-9999,-9999,-9999,-9999,-9999,383.576,0.0,0.048,2.768,1.0,0.0,32.798,0.0,2.5927,0.0,29.5697,0.0,34.9991,0.398168,58.8057,0.0,69.6032,0.695015,1.0,2,19.3667,28.6333,6.23333,10.6,0.0777253,0.0887036,0.0,0.0,0.0221448,0.0227333,0.146918,0.147008,0.0830678,0.0830678,0.0,0.0,0.0222376,0.0222376,0.146932,0.146932,0.128453,0.128453,0.0,0.0,0.0202885,0.0202885,-0.0238452,0.000242738,0.00841961,0.0887036,0.226111,0.290721,0.343728,-0.0238452,0.000242738,0.00841961,0.0887036,0.226111,0.290721,0.343728,0.0,0.0,0.0,0.0,0.0,0.0,0.0,0.0,0.0,0.0,0.0,0.0,0.0,0.0,0.806016,0.81954,0.291638,0.294023,0.0,0.0,0.0336557,0.0343942,0.261181,0.261277,-0.420532,-0.411831,0.484498,0.474894,0.0,0.0,0.0276838,0.0283058,0.0830738,0.0832831,0.806016,0.806016,0.291638,0.291638,0.0,0.0,0.0336557,0.0336557,0.261181,0.261181,-0.411831,-0.411831,0.474894,0.474894,0.0,0.0,0.0276838,0.0276838,0.0830738,0.0830738,0.4924,0.566018,0.647728,0.806016,0.937796,1.08403,1.15563,0.4924,0.566018,0.647728,0.806016,0.937796,1.08403,1.15563,0.0,0.0,0.0,0.0,0.0,0.0,0.0,0.0,0.0,0.0,0.0,0.0,0.0,0.0,-0.476865,-0.420532,-0.411831,-0.374391,-0.269624,-0.263881,-0.22626,-0.476865,-0.420532,-0.411831,-0.374391,-0.269624,-0.263881,-0.22626,0.0,0.0,0.0,0.0,0.0,0.0,0.0,0.0,0.0,0.0,0.0,0.0,0.0,0.0,0.369519,0.369281,0.462145,0.0225612,0.270602,0.336757,0.353987,0.370234,0.584081,0.599062,0.682912,0.368969,0.369281,0.462145,0.0225612,0.270602,0.336757,0.353987,0.370234,0.584081,0.599062,0.682912,0.292806,0.286213,0.333692,0.0267858,0.0461557,0.181032,0.227947,0.292084,0.520409,0.545129,0.582961,0.292806,0.286213,0.333692,0.0267858,0.0461557,0.181032,0.227947,0.292084,0.520409,0.545129,0.582961,0.442176,0.677881,0.531943,0.0358006,0.174381,0.237541,0.37745,0.508931,0.67788,0.787162,0.887307,0.442176,0.677881,0.531943,0.0358006,0.174381,0.237541,0.37745,0.508931,0.67788,0.787162,0.887307,0.72869,0.628149,1.14802,0.146892,0.478214,0.575842,0.587995,0.649817,0.776808,2.64168,2.88892,0.649817,0.628149,1.14802,0.146892,0.478214,0.575842,0.587995,0.649817,0.776808,2.64168,2.88892,-9999,-9999
200305,11.325,0.979167,7.934,2.543,0.982079,12.932,4.212,0.977419,10.775,7.008,2.098,12.555,3.964,11.273,0.979167,7.952,2.534,0.982079,12.836,4.167,0.977419,437.781,210.421,0.979167,235.634,210.729,0.979167,-9999,-9999,282.595,282.595,0.0,315.761,0.979167,300.948,315.567,0.979167,7.09,0.979167,6.444,7.067,0.979167,96.272,96.351,0.977823,1.303,1.936,0.977151,3.215,3.248,0.975806,0.202678791528,0.866935483871,113.4401,0.967741935484,401.9432125,0.967741935484,-9999,-9999,-9999,-9999,381.635,0.979167,10.028,10.175,1.0,0.979839,28.014,0.979839,3.5638,0.979839,40.3366,0.979167,47.7429,0.338404,52.1689,0.976478,61.7477,0.408297,0.974462,1,15.3226,32.6774,15.3226,32.6774,-0.498197,-0.513173,0.948925,0.943548,0.0187652,0.0192055,0.0386932,0.0389086,-0.513533,-0.513533,0.94422,0.94422,0.0186101,0.0186101,0.0386182,0.0386182,-0.489556,-0.489556,0.933871,0.933871,0.00512995,0.00512995,-0.531013,-0.516692,-0.513173,-0.497274,-0.470921,-0.449015,-0.437982,-0.531013,-0.516692,-0.513173,-0.497274,-0.470921,-0.449015,-0.437982,0.965726,0.94422,0.943548,0.956989,0.922715,0.905242,0.891801,0.965726,0.94422,0.943548,0.956989,0.922715,0.905242,0.891801,1.08156,1.08112,0.231661,0.23619,0.969982,0.969982,0.0234532,0.0252093,0.0987633,0.099195,-1.17377,-1.1944,1.39382,1.39418,0.938284,0.930516,0.0237556,0.024481,0.0288375,0.0294379,1.07653,1.07653,0.234884,0.234884,0.969982,0.969982,0.023686,0.023686,0.0988189,0.0988189,-1.19272,-1.19272,1.39525,1.39525,0.931465,0.931465,0.023887,0.023887,0.0289458,0.0289458,0.958049,0.990755,1.042,1.08205,1.12805,1.18263,1.2436,0.958049,0.990755,1.042,1.08205,1.12805,1.18263,1.2436,0.972094,0.967486,0.969982,0.969982,0.96309,0.929717,0.83269,0.972094,0.967486,0.969982,0.969982,0.96309,0.929717,0.83269,-1.19518,-1.18677,-1.17383,-1.16283,-1.15778,-1.15407,-1.15236,-1.19518,-1.18677,-1.17383,-1.16283,-1.15778,-1.15407,-1.15236,0.931465,0.932414,0.861673,0.926633,0.958725,0.950383,0.894574,0.931465,0.932414,0.861673,0.926633,0.958725,0.950383,0.894574,1.27914,1.28242,1.26075,0.00830277,1.19699,1.23622,1.24992,1.27473,1.28241,1.28478,1.30083,1.27671,1.28242,1.26075,0.00830277,1.19699,1.23622,1.24992,1.27473,1.28241,1.28478,1.30083,1.77025,1.79595,1.75031,0.00632938,1.70257,1.72275,1.72604,1.75224,1.77277,1.78031,1.79757,1.77025,1.79595,1.75031,0.00632938,1.70257,1.72275,1.72604,1.75224,1.77277,1.78031,1.79757,0.805797,1.3924,0.7523,0.0496961,0.232732,0.578971,0.609024,0.674627,0.805797,1.1828,1.37576,0.805797,1.3924,0.7523,0.0496961,0.232732,0.578971,0.609024,0.674627,0.805797,1.1828,1.37576,1.45419,1.7018,1.90175,0.105731,1.32662,1.3596,1.44222,1.65879,1.7225,2.83656,3.2377,1.69877,1.7018,1.90175,0.105731,1.32662,1.3596,1.44222,1.65879,1.7225,2.83656,3.2377,-9999,-9999
200306,17.938,1.0,14.472,1.721,1.0,19.291,3.542,1.0,18.119,14.804,1.647,19.419,3.065,17.938,1.0,14.472,1.721,1.0,19.291,3.542,1.0,480.664,237.2,1.0,230.649,237.2,1.0,-9999,-9999,333.891,333.891,0.0,382.811,1.0,364.683,382.811,1.0,7.321,1.0,7.404,7.321,1.0,95.856,95.86,1.0,3.02,3.774,1.0,2.767,2.918,1.0,0.200131199508,0.876388888889,139.612820139,1.0,456.154760417,1.0,-9999,-9999,-9999,-9999,371.807,1.0,18.31,18.223,1.0,1.0,30.738,1.0,5.76851,0.709722,81.0825,1.0,90.0941,0.563493,39.5678,0.999306,43.9654,0.349199,0.507639,1,13.5,34.5,13.5,34.4667,-1.20211,-1.17056,0.989583,0.978472,0.0277291,0.0263722,0.0539587,0.0532741,-1.21078,-1.21078,0.982639,0.982639,0.0259609,0.0259609,0.0530717,0.0530717,-1.16611,-1.16611,0.973802,0.973802,0.00637362,0.00637362,-1.22664,-1.20856,-1.20211,-1.17056,-1.12742,-1.11598,-1.11067,-1.22664,-1.20856,-1.20211,-1.17056,-1.12742,-1.11598,-1.11067,0.995833,0.995833,0.989583,0.978472,0.965278,0.959028,0.95625,0.995833,0.995833,0.989583,0.978472,0.965278,0.959028,0.95625,2.57813,2.69051,0.561538,0.520403,0.994872,0.992308,0.0479294,0.0438628,0.094684,0.0926919,-2.61965,-2.62028,3.05058,3.06477,0.987535,0.973221,0.0310741,0.0309144,0.0473736,0.047269,2.5659,2.5659,0.574771,0.574771,0.994872,0.994872,0.0428907,0.0428907,0.0922359,0.0922359,-2.62693,-2.62693,3.05286,3.05286,0.977955,0.977955,0.0304946,0.0304946,0.0469955,0.0469955,2.44522,2.53004,2.55223,2.57978,2.68586,2.69335,2.71625,2.44522,2.53004,2.55223,2.57978,2.68586,2.69335,2.71625,1.0,1.0,1.0,0.994872,0.95641,0.974359,0.992308,1.0,1.0,1.0,0.994872,0.95641,0.974359,0.992308,-2.62894,-2.61965,-2.60747,-2.58229,-2.55564,-2.54813,-2.54043,-2.62894,-2.61965,-2.60747,-2.58229,-2.55564,-2.54813,-2.54043,0.981765,0.987535,0.99619,0.993249,0.953109,0.93493,0.959832,0.981765,0.987535,0.99619,0.993249,0.953109,0.93493,0.959832,3.4259,3.52512,3.53533,0.0350072,3.14207,3.30936,3.36865,3.44833,3.73031,3.7525,3.78921,3.43095,3.52512,3.53533,0.0350072,3.14207,3.30936,3.36865,3.44833,3.73031,3.7525,3.78921,4.6253,4.7359,4.70144,0.0297749,4.34873,4.49894,4.53648,4.66819,4.85812,4.87539,4.90488,4.6253,4.7359,4.70144,0.0297749,4.34873,4.49894,4.53648,4.66819,4.85812,4.87539,4.90488,4.34144,3.34601,4.41692,0.160001,3.17054,3.30436,3.53234,4.12552,5.53554,5.78814,6.12401,4.34144,3.34601,4.41692,0.160001,3.17054,3.30436,3.53234,4.12552,5.53554,5.78814,6.12401,4.87038,4.5447,5.23593,0.101696,4.41952,4.51292,4.65144,5.08617,5.90766,6.07586,6.34035,4.73123,4.5447,5.23593,0.101696,4.41952,4.51292,4.65144,5.08617,5.90766,6.07586,6.34035,-9999,-9999
200307,17.444,1.0,14.143,1.788,1.0,18.807,3.668,1.0,17.942,15.379,1.48,19.003,2.67,17.444,1.0,14.143,1.788,1.0,18.807,3.668,1.0,460.706,214.897,1.0,194.9,214.897,1.0,-9999,-9999,339.864,339.864,0.0,381.119,1.0,372.104,381.119,1.0,6.976,1.0,7.336,6.976,1.0,95.62,95.613,1.0,2.033,3.216,1.0,2.416,2.281,0.99664,0.166050775079,0.881048387097,122.128008551,0.997311827957,413.264112231,1.0,-9999,-9999,-9999,-9999,372.018,1.0,19.737,19.562,1.0,1.0,28.255,1.0,5.32328,0.948253,71.315,1.0,78.0015,0.489429,36.7648,1.0,40.2118,0.324391,0.825269,1,14.1613,33.8387,14.129,33.8065,-0.768326,-0.731024,0.954301,0.936156,0.0275453,0.0289518,0.0628056,0.0634351,-0.752185,-0.752185,0.94086,0.94086,0.0287825,0.0287825,0.063358,0.063358,-0.739991,-0.739991,0.934308,0.934308,0.00838211,0.00838211,-0.821278,-0.800377,-0.783591,-0.748966,-0.691298,-0.687491,-0.670998,-0.821278,-0.800377,-0.783591,-0.748966,-0.691298,-0.687491,-0.670998,0.985887,0.969758,0.979167,0.945565,0.870296,0.90793,0.914651,0.985887,0.969758,0.979167,0.945565,0.870296,0.90793,0.914651,2.95757,3.0496,0.706445,0.625201,0.953563,0.928749,0.0480889,0.0507708,0.17376,0.174522,-2.29213,-2.27766,3.05807,3.04073,0.953795,0.937575,0.0331127,0.0333871,0.0392603,0.0394921,2.97833,2.97833,0.70883,0.70883,0.943637,0.943637,0.0494977,0.0494977,0.174156,0.174156,-2.27943,-2.27943,3.0295,3.0295,0.938497,0.938497,0.0334477,0.0334477,0.0395434,0.0395434,2.67393,2.80384,2.83223,2.97828,3.12919,3.13779,3.2119,2.67393,2.80384,2.83223,2.97828,3.12919,3.13779,3.2119,1.0,1.0,1.0,0.943637,0.889578,0.889578,0.868065,1.0,1.0,1.0,0.943637,0.889578,0.889578,0.868065,-2.29213,-2.28749,-2.28003,-2.26091,-2.25161,-2.24531,-2.24325,-2.29213,-2.28749,-2.28003,-2.26091,-2.25161,-2.24531,-2.24325,0.953795,0.947152,0.957592,0.973509,0.909741,0.977277,0.977277,0.953795,0.947152,0.957592,0.973509,0.909741,0.977277,0.977277,3.56624,3.64858,3.54073,0.0153417,3.34163,3.45885,3.50179,3.54467,3.58191,3.59023,3.65299,3.56901,3.64858,3.54073,0.0153417,3.34163,3.45885,3.50179,3.54467,3.58191,3.59023,3.65299,4.32532,4.40076,4.28072,0.0137577,4.16291,4.1946,4.23003,4.27612,4.32532,4.34569,4.40547,4.32532,4.40076,4.28072,0.0137577,4.16291,4.1946,4.23003,4.27612,4.32532,4.34569,4.40547,4.46819,4.44735,4.68661,0.0639853,4.14834,4.3367,4.40236,4.62903,4.81382,5.05933,5.37899,4.46819,4.44735,4.68661,0.0639853,4.14834,4.3367,4.40236,4.62903,4.81382,5.05933,5.37899,4.92362,4.81601,5.04176,0.0456165,4.72543,4.77481,4.82867,4.9733,5.17413,5.32417,5.58505,4.77766,4.81601,5.04176,0.0456165,4.72543,4.77481,4.82867,4.9733,5.17413,5.32417,5.58505,-9999,-9999
200308,15.242,1.0,12.294,1.835,1.0,16.989,3.611,1.0,14.976,12.663,1.406,16.345,2.665,15.242,1.0,12.294,1.835,1.0,16.989,3.611,1.0,385.274,190.982,1.0,164.777,190.982,1.0,-9999,-9999,323.649,323.649,0.0,363.301,1.0,351.957,363.301,1.0,5.568,1.0,5.166,5.568,1.0,96.129,96.183,1.0,1.849,2.009,1.0,2.681,2.316,0.997312,0.169115468796,0.870967741935,106.446004669,0.994623655914,367.273221102,1.0,-9999,-9999,-9999,-9999,374.512,1.0,17.062,16.849,1.0,1.0,31.102,1.0,2.42845,1.0,58.173,1.0,66.9524,0.460708,34.0467,1.0,39.1849,0.348348,0.994624,1,17.5806,30.4194,17.5806,30.4194,-0.725269,-0.749832,0.975134,0.956317,0.0301543,0.0286235,0.0602248,0.0594731,-0.775581,-0.775581,0.97043,0.97043,0.0285883,0.0285883,0.0594561,0.0594561,-0.682402,-0.682402,0.966163,0.966163,0.00980125,0.00980125,-0.772797,-0.746027,-0.725269,-0.686738,-0.665582,-0.641763,-0.564635,-0.772797,-0.746027,-0.725269,-0.686738,-0.665582,-0.641763,-0.564635,0.97379,0.953629,0.975134,0.94422,0.94422,0.997984,0.938172,0.97379,0.953629,0.975134,0.94422,0.94422,0.997984,0.938172,2.36823,2.37419,0.60205,0.590321,0.966686,0.95083,0.0393844,0.0393375,0.144907,0.144894,-2.46642,-2.50786,2.87343,2.8594,0.981273,0.960573,0.037,0.0371147,0.0726293,0.0726877,2.29293,2.29293,0.621658,0.621658,0.966686,0.966686,0.0392799,0.0392799,0.144878,0.144878,-2.49983,-2.49983,2.84485,2.84485,0.974008,0.974008,0.0370722,0.0370722,0.072666,0.072666,2.29708,2.34079,2.37419,2.4706,2.59708,2.61969,2.8959,2.29708,2.34079,2.37419,2.4706,2.59708,2.61969,2.8959,0.966686,1.0,0.95083,1.0,0.930598,0.945105,0.928976,0.966686,1.0,0.95083,1.0,0.930598,0.945105,0.928976,-2.56045,-2.5367,-2.53035,-2.50191,-2.43752,-2.41171,-2.40305,-2.56045,-2.5367,-2.53035,-2.50191,-2.43752,-2.41171,-2.40305,0.947863,0.946624,0.943131,0.974008,0.995613,0.997773,0.997773,0.947863,0.946624,0.943131,0.974008,0.995613,0.997773,0.997773,2.85325,2.74221,2.86026,0.0203225,2.70513,2.74413,2.79896,2.84093,2.88326,2.89598,3.12777,2.84656,2.74221,2.86026,0.0203225,2.70513,2.74413,2.79896,2.84093,2.88326,2.89598,3.12777,3.57973,3.51779,3.54266,0.0134025,3.40241,3.48103,3.49402,3.54251,3.57325,3.58114,3.67178,3.57973,3.51779,3.54266,0.0134025,3.40241,3.48103,3.49402,3.54251,3.57325,3.58114,3.67178,4.15663,4.00913,4.63469,0.139623,3.7158,3.86404,3.97747,4.15663,5.22044,5.54014,6.31167,4.15663,4.00913,4.63469,0.139623,3.7158,3.86404,3.97747,4.15663,5.22044,5.54014,6.31167,4.24273,4.35149,4.64309,0.0706608,4.12922,4.25938,4.32256,4.3982,4.95476,5.04088,5.4576,4.53263,4.35149,4.64309,0.0706608,4.12922,4.25938,4.32256,4.3982,4.95476,5.04088,5.4576,-9999,-9999
200309,9.476,1.0,7.356,2.042,1.0,11.206,3.129,1.0,9.36,7.629,1.857,10.783,2.352,9.476,1.0,7.356,2.042,1.0,11.206,3.129,1.0,280.925,119.863,1.0,115.78,119.863,1.0,-9999,-9999,297.205,297.205,0.0,323.419,1.0,319.101,323.419,1.0,4.149,1.0,4.172,4.149,1.0,96.285,96.42,0.999306,1.228,1.32,1.0,3.263,2.932,0.99375,0.206753239813,0.872916666667,60.5767069444,1.0,230.505036111,1.0,-9999,-9999,-9999,-9999,377.17,1.0,11.174,10.991,1.0,1.0,28.756,1.0,1.03039,1.0,32.5304,1.0,37.0779,0.337107,19.7127,1.0,22.4684,0.365111,1.0,1,21.8333,26.1667,21.8333,26.1667,-0.346774,-0.328031,0.964583,0.959722,0.0216107,0.0209341,0.0262122,0.0256572,-0.323545,-0.323545,0.959722,0.959722,0.0209164,0.0209164,0.0256427,0.0256427,-0.346969,-0.346969,0.958611,0.958611,0.00211931,0.00211931,-0.3733,-0.360963,-0.356288,-0.346774,-0.338354,-0.331295,-0.327244,-0.3733,-0.360963,-0.356288,-0.346774,-0.338354,-0.331295,-0.327244,0.979167,0.974306,0.968056,0.964583,0.941667,0.954167,0.959722,0.979167,0.974306,0.968056,0.964583,0.941667,0.954167,0.959722,1.34268,1.35793,0.434841,0.411178,0.945942,0.939928,0.0244734,0.0241642,0.0289991,0.0287387,-1.67988,-1.65999,2.01884,2.01244,0.978905,0.975048,0.030767,0.0310303,0.0340724,0.0343103,1.36402,1.36402,0.412633,0.412633,0.939928,0.939928,0.0245455,0.0245455,0.02906,0.02906,-1.65715,-1.65715,2.01071,2.01071,0.975048,0.975048,0.0307835,0.0307835,0.0340873,0.0340873,1.29922,1.32728,1.33598,1.34304,1.35655,1.35839,1.36356,1.29922,1.32728,1.33598,1.34304,1.35655,1.35839,1.36356,0.914928,0.963406,0.949275,0.938261,0.916594,0.954275,0.939928,0.914928,0.963406,0.949275,0.938261,0.916594,0.954275,0.939928,-1.69922,-1.69455,-1.69116,-1.68283,-1.67231,-1.66527,-1.65999,-1.69922,-1.69455,-1.69116,-1.68283,-1.67231,-1.66527,-1.65999,0.978905,0.981286,0.967905,0.948337,0.961524,0.976238,0.975048,0.978905,0.981286,0.967905,0.948337,0.961524,0.976238,0.975048,1.5562,1.56257,1.59173,0.00982719,1.51879,1.53586,1.55369,1.56662,1.65442,1.68082,1.6919,1.56898,1.56257,1.59173,0.00982719,1.51879,1.53586,1.55369,1.56662,1.65442,1.68082,1.6919,1.91588,1.88612,1.9387,0.00965785,1.87692,1.88781,1.89591,1.91249,1.99756,2.02309,2.05052,1.91588,1.88612,1.9387,0.00965785,1.87692,1.88781,1.89591,1.91249,1.99756,2.02309,2.05052,1.61626,1.60508,1.63923,0.0115077,1.56969,1.58279,1.59255,1.61626,1.64487,1.67566,1.81018,1.61626,1.60508,1.63923,0.0115077,1.56969,1.58279,1.59255,1.61626,1.64487,1.67566,1.81018,1.93677,1.90431,1.91999,0.00711579,1.8452,1.88351,1.88608,1.91788,1.93677,1.94209,2.01314,1.91871,1.90431,1.91999,0.00711579,1.8452,1.88351,1.88608,1.91788,1.93677,1.94209,2.01314,-9999,-9999
200310,1.851,0.889785,0.154,2.044,0.897465,3.932,2.931,0.879032,1.335,0.379,1.449,2.479,1.764,1.356,0.889785,-0.131,1.913,0.897465,3.128,2.432,0.879032,174.222,64.241,0.891129,65.506,65.765,0.891129,-9999,-9999,258.964,258.964,0.0,269.585,0.889785,271.587,269.879,0.889785,2.787,0.889785,2.744,2.647,0.889785,96.724,96.832,0.883737,0.626,0.322,0.883737,3.824,3.436,0.744624,0.220289343861,0.615591397849,21.0376828704,0.870967741935,133.661685185,0.870967741935,-9999,-9999,-9999,-9999,379.96,0.888441,2.25,2.056,0.889785,0.870296,28.382,0.889113,2.05553,0.870296,10.2249,0.888441,11.5555,0.160969,3.54471,0.888441,4.006,0.355909,0.762097,1,26.3226,21.6774,26.3226,21.6774,0.244056,0.245443,0.88172,0.88172,0.00968626,0.00956431,0.0232542,0.0232037,0.245193,0.245193,0.88172,0.88172,0.0095941,0.0095941,0.023216,0.023216,0.249296,0.249296,0.881015,0.881015,0.002942,0.002942,0.218964,0.227696,0.237848,0.245443,0.262608,0.269977,0.279432,0.218964,0.227696,0.237848,0.245443,0.262608,0.269977,0.279432,0.884409,0.883737,0.88172,0.88172,0.881048,0.87836,0.877016,0.884409,0.883737,0.88172,0.88172,0.881048,0.87836,0.877016,0.509993,0.510588,0.178271,0.178116,0.897465,0.897465,0.012466,0.0125182,0.0366318,0.0366496,-0.0778716,-0.075618,0.522778,0.51936,0.861424,0.861424,0.0136548,0.0136175,0.0142057,0.0141699,0.510315,0.510315,0.178395,0.178395,0.897465,0.897465,0.0125294,0.0125294,0.0366534,0.0366534,-0.075819,-0.075819,0.519256,0.519256,0.861424,0.861424,0.0136975,0.0136975,0.0142468,0.0142468,0.469568,0.481537,0.499564,0.510588,0.537955,0.550428,0.564457,0.469568,0.481537,0.499564,0.510588,0.537955,0.550428,0.564457,0.897465,0.897465,0.897465,0.897465,0.897465,0.892641,0.892641,0.897465,0.897465,0.897465,0.897465,0.897465,0.892641,0.892641,-0.0816118,-0.0789432,-0.0781502,-0.0763724,-0.072524,-0.0711074,-0.0697559,-0.0816118,-0.0789432,-0.0781502,-0.0763724,-0.072524,-0.0711074,-0.0697559,0.867051,0.859888,0.864112,0.861424,0.859888,0.859696,0.856949,0.867051,0.859888,0.864112,0.861424,0.859888,0.859696,0.856949,0.538097,0.539156,0.548086,0.00452862,0.516153,0.520297,0.527282,0.539156,0.556342,0.575726,0.588061,0.538712,0.539156,0.548086,0.00452862,0.516153,0.520297,0.527282,0.539156,0.556342,0.575726,0.588061,0.294361,0.293963,0.29879,0.00206214,0.289886,0.291525,0.292819,0.294361,0.29826,0.304406,0.310346,0.294361,0.293963,0.29879,0.00206214,0.289886,0.291525,0.292819,0.294361,0.29826,0.304406,0.310346,0.923622,0.86904,0.908627,0.0079028,0.806469,0.870969,0.878381,0.891718,0.928007,0.967876,0.996594,0.923622,0.86904,0.908627,0.0079028,0.806469,0.870969,0.878381,0.891718,0.928007,0.967876,0.996594,0.510977,0.491682,0.503502,0.00211155,0.471767,0.49263,0.494433,0.503345,0.513369,0.51751,0.521724,0.49263,0.491682,0.503502,0.00211155,0.471767,0.49263,0.494433,0.503345,0.513369,0.51751,0.521724,-9999,-9999
200311,2.197,0.0,0.818,1.714,0.0,4.581,1.8,0.0,-10.102,-10.439,2.359,-9.535,1.218,-10.102,0.0,-10.439,2.359,0.0,-9.535,1.218,0.0,93.5335,33.457,0.0,28.888,28.888,0.0,-9999,-9999,223.116,223.116,0.0,252.267,0.0,227.045,227.045,0.0,2.474,0.0,1.446,1.446,0.0,96.641,96.641,0.0,0.477,0.477,0.0,3.947,3.947,0.0,-9999,-9999,-9999,-9999,-9999,-9999,-9999,-9999,-9999,-9999,380.685,0.0,1.068,1.03,0.0,0.0,28.544,0.0,1.03029,0.0,9.92529,0.0,11.2169,0.292906,-8.54723,0.0,-9.65952,0.752891,1.0,2,30.3667,17.6333,10.0,6.33333,0.348127,0.353363,0.0,0.0,0.0175496,0.0180939,0.0442454,0.0444641,0.353363,0.353363,0.0,0.0,0.0180939,0.0180939,0.0444641,0.0444641,0.359487,0.359487,0.0,0.0,0.00547445,0.00547445,0.290856,0.315824,0.329292,0.353363,0.395285,0.397056,0.4035,0.290856,0.315824,0.329292,0.353363,0.395285,0.397056,0.4035,0.0,0.0,0.0,0.0,0.0,0.0,0.0,0.0,0.0,0.0,0.0,0.0,0.0,0.0,0.387071,0.395049,0.184755,0.186775,0.0,0.0,0.0224652,0.0224652,0.060108,0.060108,0.246452,0.246452,0.217203,0.217203,0.0,0.0,0.027637,0.027637,0.0295126,0.0295126,0.395049,0.395049,0.186775,0.186775,0.0,0.0,0.0224652,0.0224652,0.060108,0.060108,0.246452,0.246452,0.217203,0.217203,0.0,0.0,0.027637,0.027637,0.0295126,0.0295126,0.299788,0.337849,0.358369,0.395049,0.447331,0.449353,0.454427,0.299788,0.337849,0.358369,0.395049,0.447331,0.449353,0.454427,0.0,0.0,0.0,0.0,0.0,0.0,0.0,0.0,0.0,0.0,0.0,0.0,0.0,0.0,0.246452,0.246452,0.246452,0.246452,0.265987,0.267159,0.27522,0.246452,0.246452,0.246452,0.246452,0.265987,0.267159,0.27522,0.0,0.0,0.0,0.0,0.0,0.0,0.0,0.0,0.0,0.0,0.0,0.0,0.0,0.0,0.166227,0.169114,0.191239,0.0107467,0.134207,0.13898,0.141452,0.169518,0.214346,0.21927,0.254095,0.166211,0.169114,0.191239,0.0107467,0.134207,0.13898,0.141452,0.169518,0.214346,0.21927,0.254095,-0.181477,-0.18425,-0.168247,0.00764742,-0.198115,-0.19216,-0.187163,-0.181477,-0.171328,-0.158069,-0.147277,-0.181477,-0.18425,-0.168247,0.00764742,-0.198115,-0.19216,-0.187163,-0.181477,-0.171328,-0.158069,-0.147277,0.882779,0.615557,0.668953,0.0164181,0.500695,0.581321,0.615134,0.638301,0.705121,0.834078,0.876975,0.882779,0.615557,0.668953,0.0164181,0.500695,0.581321,0.615134,0.638301,0.705121,0.834078,0.876975,0.467043,0.379323,0.412245,0.00646397,0.362849,0.364768,0.379323,0.402243,0.441892,0.467595,0.482482,0.379323,0.379323,0.412245,0.00646397,0.362849,0.364768,0.379323,0.402243,0.441892,0.467595,0.482482,-9999,-9999
200312,2.158,0.0,0.883,1.848,0.0,5.008,1.22,0.0,-11.171,-11.445,2.213,-10.566,1.283,-11.171,0.0,-11.445,2.213,0.0,-10.566,1.283,0.0,58.8403,33.671,0.0,20.589,20.589,0.0,-9999,-9999,211.069,211.069,0.0,239.83,0.0,212.077,212.077,0.0,2.463,0.0,1.48,1.48,0.0,96.78,96.78,0.0,0.241,0.241,0.0,4.059,4.059,0.0,-9999,-9999,-9999,-9999,-9999,-9999,-9999,-9999,-9999,-9999,380.67,0.0,1.063,1.027,0.0,0.0,28.538,0.0,1.02705,0.0,10.0092,0.0,-9999,-9999,-8.51253,0.0,-9999,-9999,-9999,-9999,33.1613,14.8387,0.0,0.0,0.343921,0.349008,0.0,0.0,-9999,-9999,-9999,-9999,0.349008,0.349008,0.0,0.0,-9999,-9999,-9999,-9999,0.355288,0.355288,0.0,0.0,0.0054148,0.0054148,0.287696,0.312377,0.325514,0.349008,0.390897,0.392622,0.398996,0.287696,0.312377,0.325514,0.349008,0.390897,0.392622,0.398996,0.0,0.0,0.0,0.0,0.0,0.0,0.0,0.0,0.0,0.0,0.0,0.0,0.0,0.0,0.380856,0.387946,0.18466,0.186492,0.0,0.0,-9999,-9999,-9999,-9999,0.220929,0.220929,0.220594,0.220594,0.0,0.0,-9999,-9999,-9999,-9999,0.387946,0.387946,0.186492,0.186492,0.0,0.0,-9999,-9999,-9999,-9999,0.220929,0.220929,0.220594,0.220594,0.0,0.0,-9999,-9999,-9999,-9999,0.30247,0.336888,0.355199,0.387946,0.441569,0.443375,0.449196,0.30247,0.336888,0.355199,0.387946,0.441569,0.443375,0.449196,0.0,0.0,0.0,0.0,0.0,0.0,0.0,0.0,0.0,0.0,0.0,0.0,0.0,0.0,0.220929,0.220929,0.220929,0.220929,0.231588,0.232933,0.239797,0.220929,0.220929,0.220929,0.220929,0.231588,0.232933,0.239797,0.0,0.0,0.0,0.0,0.0,0.0,0.0,0.0,0.0,0.0,0.0,0.0,0.0,0.0,0.158218,0.160956,0.181913,0.0101984,0.127672,0.132274,0.13459,0.161334,0.203868,0.208492,0.241319,0.158203,0.160956,0.181913,0.0101984,0.127672,0.132274,0.13459,0.161334,0.203868,0.208492,0.241319,-0.185307,-0.188052,-0.173375,0.00718092,-0.203153,-0.195092,-0.192866,-0.185307,-0.174592,-0.163198,-0.155545,-0.185307,-0.188052,-0.173375,0.00718092,-0.203153,-0.195092,-0.192866,-0.185307,-0.174592,-0.163198,-0.155545,0.838451,0.584745,0.635521,0.0155676,0.476357,0.552326,0.584342,0.606405,0.669943,0.792121,0.832938,0.838451,0.584745,0.635521,0.0155676,0.476357,0.552326,0.584342,0.606405,0.669943,0.792121,0.832938,0.398477,0.321375,0.350386,0.0056681,0.306944,0.31009,0.321375,0.341296,0.376862,0.398975,0.411861,0.321375,0.321375,0.350386,0.0056681,0.306944,0.31009,0.321375,0.341296,0.376862,0.398975,0.411861,-9999,-9999
200401,2.362,0.0,1.326,2.068,0.0,4.435,1.49,0.0,-15.806,-16.516,1.903,-14.436,2.238,-15.806,0.0,-16.516,1.903,0.0,-14.436,2.238,0.0,74.527,51.875,0.0,31.438,31.438,0.0,-9999,-9999,188.725,188.725,0.0,238.314,0.0,184.315,184.315,0.0,2.633,0.0,1.168,1.168,0.0,97.002,97.002,0.0,0.291,0.291,0.0,3.24,3.24,0.0,-9999,-9999,-9999,-9999,-9999,-9999,-9999,-9999,-9999,-9999,381.306,0.0,1.445,1.449,0.0,0.0,29.874,0.0,1.11194,0.129704,15.0297,0.0,-9999,-9999,0.316215,0.0,-9999,-9999,-9999,-9999,31.7097,16.2903,0.0,0.0,0.304298,0.310403,0.0,0.0,-9999,-9999,-9999,-9999,0.310403,0.308763,0.0,0.0,-9999,-9999,-9999,-9999,0.314839,0.314629,0.0,0.0,0.00478048,0.00489718,0.256174,0.279343,0.290542,0.310403,0.34598,0.347498,0.352339,0.243331,0.279343,0.290802,0.308763,0.34598,0.347498,0.352339,0.0,0.0,0.0,0.0,0.0,0.0,0.0,0.0,0.0,0.0,0.0,0.0,0.0,0.0,0.384119,0.393055,0.200789,0.204636,0.0,0.0,-9999,-9999,-9999,-9999,0.121317,0.121317,0.242126,0.242126,0.0,0.0,-9999,-9999,-9999,-9999,0.393055,0.390607,0.204636,0.20227,0.0,0.0,-9999,-9999,-9999,-9999,0.121317,0.121317,0.242126,0.242126,0.0,0.0,-9999,-9999,-9999,-9999,0.314202,0.34797,0.364241,0.393055,0.440831,0.442572,0.447104,0.295039,0.34797,0.364628,0.390607,0.440831,0.442572,0.447104,0.0,0.0,0.0,0.0,0.0,0.0,0.0,0.0,0.0,0.0,0.0,0.0,0.0,0.0,0.121317,0.121317,0.121317,0.121317,0.129123,0.130042,0.134968,0.121317,0.121317,0.121317,0.121317,0.129123,0.130042,0.134968,0.0,0.0,0.0,0.0,0.0,0.0,0.0,0.0,0.0,0.0,0.0,0.0,0.0,0.0,0.110139,0.12612,0.125741,0.00259485,0.0911122,0.110523,0.114202,0.127202,0.140256,0.143642,0.147504,0.1314,0.141138,0.127755,0.0024349,0.0956957,0.110523,0.114606,0.1314,0.140532,0.143666,0.147504,-0.194482,-0.182643,-0.188888,0.00295953,-0.215334,-0.211144,-0.202048,-0.193634,-0.176259,-0.169679,-0.160269,-0.182894,-0.169265,-0.187084,0.00327342,-0.218347,-0.212796,-0.206889,-0.182894,-0.172569,-0.169265,-0.161513,0.452651,0.432698,0.439247,0.00151022,0.43152,0.43152,0.432698,0.435821,0.452651,0.452651,0.452651,0.452651,0.433724,0.43725,0.00134857,0.43152,0.432698,0.432698,0.435281,0.435821,0.452651,0.452651,0.163653,0.157483,0.159639,0.000469348,0.157122,0.157122,0.157483,0.158836,0.163653,0.163653,0.163653,0.157798,0.157798,0.159012,0.00042453,0.157122,0.157483,0.157483,0.15867,0.158836,0.163653,0.163653,-9999,-9999
200402,2.474,0.0,3.107,3.381,0.0,1.583,3.122,0.0,-10.305,-11.252,2.53,-8.997,2.116,-10.305,0.0,-11.252,2.53,0.0,-8.997,2.116,0.0,138.683,140.599,0.0,61.933,61.933,0.0,-9999,-9999,216.089,216.089,0.0,225.502,0.0,218.315,218.315,0.0,3.204,0.0,1.357,1.357,0.0,96.408,96.408,0.0,0.439,0.439,0.0,4.307,4.307,0.0,-9999,-9999,-9999,-9999,-9999,-9999,-9999,-9999,-9999,-9999,384.119,0.0,3.024,2.814,0.0,0.0,35.986,0.0,1.35767,0.0,39.3488,0.0,-9999,-9999,42.1465,0.0,-9999,-9999,-9999,-9999,28.0345,19.9655,0.0,0.0,0.0791611,0.0882995,0.0,0.0,-9999,-9999,-9999,-9999,0.0882995,0.0791611,0.0,0.0,-9999,-9999,-9999,-9999,0.0882718,0.0870536,0.0,0.0,0.00236868,0.00326195,0.0783068,0.0791611,0.0791611,0.0904777,0.0999456,0.0999456,0.0999456,0.0102738,0.0783068,0.0791611,0.0916008,0.0999456,0.0999456,0.0999456,0.0,0.0,0.0,0.0,0.0,0.0,0.0,0.0,0.0,0.0,0.0,0.0,0.0,0.0,0.408546,0.423659,0.213061,0.227247,0.0,0.0,-9999,-9999,-9999,-9999,-0.391828,-0.391828,0.400898,0.400898,0.0,0.0,-9999,-9999,-9999,-9999,0.423659,0.408546,0.227247,0.213061,0.0,0.0,-9999,-9999,-9999,-9999,-0.391828,-0.391828,0.400898,0.400898,0.0,0.0,-9999,-9999,-9999,-9999,0.407132,0.408546,0.408546,0.427256,0.442888,0.442888,0.442888,0.294663,0.407132,0.408546,0.429089,0.442888,0.442888,0.442888,0.0,0.0,0.0,0.0,0.0,0.0,0.0,0.0,0.0,0.0,0.0,0.0,0.0,0.0,-0.391828,-0.391828,-0.391828,-0.391828,-0.391828,-0.391828,-0.391828,-0.391828,-0.391828,-0.391828,-0.391828,-0.391828,-0.391828,-0.391828,0.0,0.0,0.0,0.0,0.0,0.0,0.0,0.0,0.0,0.0,0.0,0.0,0.0,0.0,0.224104,0.242155,0.248159,0.00435164,0.183924,0.224553,0.230042,0.246863,0.273907,0.278697,0.282347,0.247856,0.266377,0.250986,0.00380109,0.216598,0.225681,0.232209,0.248207,0.274129,0.27872,0.282347,0.145253,0.162994,0.161105,0.00259839,0.137285,0.139785,0.143837,0.162556,0.176419,0.179083,0.182401,0.157797,0.178077,0.162714,0.00262981,0.13408,0.140406,0.146247,0.167219,0.177664,0.178957,0.182401,0.583239,0.557531,0.565968,0.00194591,0.556012,0.556012,0.557531,0.561554,0.583239,0.583239,0.583239,0.583239,0.558852,0.563395,0.00173762,0.556012,0.557531,0.557531,0.560859,0.561554,0.583239,0.583239,0.302559,0.292951,0.296301,0.000716601,0.292386,0.292386,0.292951,0.294952,0.302559,0.302559,0.302559,0.293443,0.293443,0.295327,0.000645016,0.292386,0.292951,0.292951,0.294694,0.294952,0.302559,0.302559,-9999,-9999
200403,2.379,0.0,2.928,2.871,0.0,1.851,3.458,0.0,-7.215,-8.761,2.327,-5.727,2.58,-7.215,0.0,-8.761,2.327,0.0,-5.727,2.58,0.0,239.704,141.568,0.0,131.258,131.258,0.0,-9999,-9999,214.434,214.434,0.0,237.108,0.0,216.257,216.257,0.0,3.185,0.0,1.955,1.955,0.0,96.353,96.353,0.0,0.382,0.382,0.0,4.412,4.412,0.0,-9999,-9999,-9999,-9999,-9999,-9999,-9999,-9999,-9999,-9999,384.129,0.0,2.966,2.768,0.0,0.0,35.981,0.0,1.30343,0.0,39.3022,0.0,-9999,-9999,42.5215,0.0,-9999,-9999,-9999,-9999,23.6452,24.3548,0.0,0.0,0.0728744,0.0818731,0.0,0.0,-9999,-9999,-9999,-9999,0.0818731,0.0728744,0.0,0.0,-9999,-9999,-9999,-9999,0.0820086,0.0808639,0.0,0.0,0.00234593,0.00322275,0.071999,0.0728744,0.0728744,0.0842263,0.0934447,0.0934447,0.0934447,0.00483149,0.071999,0.0728744,0.0857925,0.0934447,0.0934447,0.0934447,0.0,0.0,0.0,0.0,0.0,0.0,0.0,0.0,0.0,0.0,0.0,0.0,0.0,0.0,0.464759,0.482428,0.106325,0.127631,0.0,0.0,-9999,-9999,-9999,-9999,-0.314583,-0.314583,0.438743,0.438743,0.0,0.0,-9999,-9999,-9999,-9999,0.482428,0.464759,0.127631,0.106325,0.0,0.0,-9999,-9999,-9999,-9999,-0.314583,-0.314583,0.438743,0.438743,0.0,0.0,-9999,-9999,-9999,-9999,0.463038,0.464759,0.464759,0.486079,0.504145,0.504145,0.504145,0.332362,0.463038,0.464759,0.490083,0.504145,0.504145,0.504145,0.0,0.0,0.0,0.0,0.0,0.0,0.0,0.0,0.0,0.0,0.0,0.0,0.0,0.0,-0.315559,-0.314583,-0.314583,-0.314583,-0.313731,-0.313731,-0.313731,-0.315559,-0.314583,-0.314583,-0.314583,-0.313731,-0.313731,-0.313731,0.0,0.0,0.0,0.0,0.0,0.0,0.0,0.0,0.0,0.0,0.0,0.0,0.0,0.0,0.313188,0.328627,0.341594,0.00553353,0.256006,0.313581,0.319852,0.333647,0.377574,0.380223,0.382578,0.333358,0.358373,0.344738,0.00464721,0.311509,0.319346,0.322708,0.336964,0.377275,0.380237,0.382578,0.240712,0.255752,0.26073,0.00339093,0.233036,0.235921,0.237196,0.259665,0.283687,0.286778,0.289133,0.251381,0.2765,0.26273,0.00317521,0.234059,0.236899,0.241582,0.260773,0.28383,0.286792,0.289133,0.651468,0.622752,0.632176,0.00217355,0.621055,0.621055,0.622752,0.627246,0.651468,0.651468,0.651468,0.651468,0.624228,0.629303,0.0019409,0.621055,0.622752,0.622752,0.626469,0.627246,0.651468,0.651468,0.583509,0.569856,0.574599,0.000978211,0.56905,0.56905,0.569856,0.572348,0.583509,0.583509,0.583509,0.570556,0.570556,0.573224,0.000871161,0.56905,0.569856,0.569856,0.57198,0.572348,0.583509,0.583509,-9999,-9999
200404,2.238,0.176389,2.611,2.625,0.17963,1.978,3.577,0.174444,1.215,-0.85,2.234,2.59,2.716,1.121,0.176389,-0.909,2.282,0.17963,2.475,2.722,0.174444,350.969,139.063,0.176389,187.104,176.65,0.176389,-9999,-9999,253.983,253.983,0.0,259.969,0.176389,265.398,264.587,0.176389,3.114,0.176389,3.223,3.073,0.176389,96.077,96.082,0.175694,1.14,0.939,0.175694,3.872,4.01,0.175694,-9999,-9999,-9999,-9999,-9999,-9999,-9999,-9999,-9999,-9999,384.191,0.176389,2.746,2.564,0.176389,0.176389,35.702,0.176389,1.30479,0.176389,38.4318,0.176389,-9999,0.499521,40.6752,0.176389,-9999,0.618332,-9999,-9999,19.2333,28.7667,11.6,18.6667,0.0796755,0.0896917,0.175694,0.175,0.0125788,0.0134161,0.0171762,0.0181139,0.0896607,0.0796755,0.175,0.175694,0.0134365,0.0125835,0.0178139,0.0175062,0.0898732,0.0888005,0.175104,0.175122,0.0023341,0.00313034,0.0787264,0.0796755,0.0796755,0.0915016,0.102973,0.103067,0.103296,0.0175396,0.0787264,0.0796755,0.0921974,0.102973,0.103067,0.103306,0.175694,0.175694,0.175694,0.175694,0.174306,0.174306,0.174306,0.175694,0.175694,0.175694,0.175,0.174306,0.174306,0.174306,0.501101,0.518571,0.0985966,0.11958,0.17963,0.17963,0.0194268,0.0193945,0.0300249,0.0308741,-0.207759,-0.203402,0.522399,0.528337,0.173333,0.172222,0.0171762,0.0171513,0.0175403,0.017516,0.518571,0.501101,0.11958,0.0985966,0.17963,0.17963,0.0194268,0.0182521,0.0300249,0.0301696,-0.20345,-0.207759,0.528252,0.522399,0.172222,0.173333,0.0171762,0.0160932,0.0175403,0.0164812,0.498842,0.501101,0.501101,0.52105,0.54667,0.546887,0.547461,0.365065,0.498842,0.501101,0.529181,0.54667,0.546887,0.547475,0.17963,0.17963,0.17963,0.17963,0.177778,0.177778,0.177778,0.17963,0.17963,0.17963,0.17963,0.177778,0.177778,0.177778,-0.215568,-0.207795,-0.207759,-0.20345,-0.2007,-0.200684,-0.200676,-0.215968,-0.207795,-0.207759,-0.207504,-0.2007,-0.200684,-0.200669,0.173333,0.173333,0.173333,0.172222,0.172222,0.172222,0.172222,0.173333,0.173333,0.173333,0.173333,0.172222,0.172222,0.172222,0.605615,0.603035,0.642477,0.00890918,0.497448,0.603977,0.605846,0.618267,0.697096,0.701419,0.707138,0.601897,0.645907,0.645851,0.00724537,0.601823,0.603977,0.60584,0.64633,0.696301,0.701181,0.706309,0.526954,0.52336,0.553676,0.00626014,0.479908,0.522112,0.525117,0.537773,0.594123,0.598351,0.603844,0.524301,0.556246,0.555978,0.00527942,0.521949,0.523635,0.525879,0.556669,0.593328,0.598113,0.603016,0.775051,0.740981,0.75168,0.00251596,0.738885,0.739093,0.741059,0.745056,0.772967,0.774304,0.775051,0.774983,0.743043,0.748436,0.00223305,0.738885,0.740419,0.74105,0.744466,0.745358,0.773783,0.775051,0.719683,0.705536,0.709971,0.000995125,0.704673,0.704779,0.705576,0.706771,0.718687,0.719341,0.719683,0.706182,0.706426,0.708647,0.000871352,0.704673,0.705287,0.705569,0.706461,0.706857,0.719104,0.719683,-9999,-9999
200405,13.436,1.0,10.131,2.468,1.0,14.964,4.231,1.0,13.431,9.812,2.749,15.1,3.982,13.436,1.0,10.131,2.468,1.0,14.964,4.231,1.0,440.063,212.426,1.0,230.51,212.426,1.0,-9999,-9999,300.092,300.092,0.0,327.544,1.0,322.688,327.544,1.0,9.501,1.0,9.167,9.501,1.0,96.071,96.147,1.0,1.11,1.547,1.0,3.882,4.518,0.998656,0.238175074504,0.905913978495,112.286024866,1.0,374.233829301,1.0,301.992214382,1.0,-9999,-9999,378.898,1.0,11.409,10.252,1.0,1.0,34.166,1.0,5.28622,1.0,49.0597,0.999328,55.961,0.466722,30.6477,0.992608,34.9589,0.40568,1.0,2,15.1935,32.8065,15.1935,32.8065,-0.588828,-0.602603,0.971774,0.963038,0.0185102,0.0185096,0.0528692,0.0587038,-0.584485,-0.589233,0.965054,0.97043,0.0184753,0.0182866,0.0528571,0.0586339,-0.602664,-0.598926,0.961139,0.963038,0.00748265,0.0088451,-0.681459,-0.644117,-0.640609,-0.604532,-0.572115,-0.545071,-0.526751,-0.684044,-0.651056,-0.643365,-0.604136,-0.543689,-0.539637,-0.525898,0.938172,0.942876,0.941532,0.963038,0.978495,0.983871,0.989919,0.936828,0.942204,0.94086,0.973118,0.988575,0.988575,0.992608,1.07464,1.06733,0.443856,0.474492,0.990937,0.982469,0.0277597,0.0277117,0.0484549,0.0481419,-1.27493,-1.29155,1.53287,1.53477,0.962942,0.954288,0.0227864,0.0227236,0.0597771,0.0694448,1.07399,1.06513,0.478515,0.445293,0.982469,0.990937,0.0273994,0.0270685,0.0482494,0.0477746,-1.2688,-1.27144,1.52276,1.53056,0.957192,0.961045,0.0227494,0.0225302,0.059763,0.0693818,0.96394,0.985572,0.993719,1.03228,1.06141,1.065,1.06721,0.950667,0.985572,0.990069,1.03211,1.05468,1.06431,1.06721,0.954608,0.958909,0.958909,1.0,0.982469,1.0,0.990937,0.952592,0.958909,0.958909,0.952707,1.0,1.0,0.990937,-1.36301,-1.31706,-1.31273,-1.28267,-1.23888,-1.20653,-1.17169,-1.36356,-1.32829,-1.31388,-1.27636,-1.207,-1.19704,-1.16076,0.930724,0.935764,0.932831,0.942729,0.970561,0.982237,0.985112,0.928826,0.934756,0.932831,0.963891,0.974532,0.983186,0.985112,1.31417,1.30636,1.27556,0.0074437,1.21241,1.22222,1.23217,1.28773,1.30665,1.31363,1.31969,1.31127,1.30143,1.27928,0.00768705,1.21713,1.22756,1.23786,1.28667,1.30665,1.31363,1.35566,1.85199,1.89559,1.87449,0.00819536,1.81953,1.84628,1.85206,1.86453,1.88085,1.89533,1.90968,1.88437,1.88592,1.88195,0.00761318,1.82729,1.8521,1.85894,1.86865,1.89072,1.89607,1.97512,1.41716,2.46437,1.71872,0.0784626,1.29312,1.35087,1.39255,1.52027,1.67596,2.37327,2.80597,1.38797,1.27495,1.8219,0.0872377,1.2608,1.35077,1.38797,1.59369,2.36711,2.57151,2.80659,1.98828,2.68564,2.20352,0.0509433,1.89026,1.94498,1.99585,2.1333,2.21035,2.6334,2.8722,2.06578,1.90335,2.26642,0.0564338,1.89026,1.9382,1.99186,2.1333,2.62866,2.78878,2.87223,-9999,-9999
200406,17.187,1.0,14.115,1.782,1.0,18.384,3.256,1.0,17.409,14.104,1.737,18.701,3.07,17.187,1.0,14.115,1.782,1.0,18.384,3.256,1.0,481.029,224.065,0.999306,211.853,223.997,0.999306,-9999,-9999,335.415,335.415,0.0,370.515,0.999306,366.576,370.52,0.999306,7.222,1.0,7.653,7.222,1.0,95.933,95.998,1.0,2.198,3.011,1.0,2.858,3.046,0.998611,0.209718454815,0.934027777778,131.893032639,1.0,426.232159028,1.0,286.927850694,1.0,-9999,-9999,376.882,1.0,18.325,17.524,1.0,1.0,38.747,1.0,7.61877,1.0,85.5837,1.0,97.6228,0.677085,23.3687,0.998611,26.656,0.37624,0.998611,1,13.4667,34.5333,13.4667,34.5333,-2.09875,-2.09384,0.985417,0.980556,0.0399156,0.0386901,0.050227,0.053235,-2.08665,-2.08722,0.980556,0.984722,0.038887,0.0396305,0.0494136,0.0539223,-2.09911,-2.10406,0.980104,0.980608,0.00468665,0.00532434,-2.14557,-2.13505,-2.12273,-2.09496,-2.07774,-2.07407,-2.05948,-2.16882,-2.1423,-2.12792,-2.09849,-2.07621,-2.06917,-2.05765,0.991667,0.992361,0.985417,0.984722,0.972222,0.975,0.9625,0.99375,0.991667,0.991667,0.975694,0.980556,0.973611,0.970833,3.24587,3.262,0.690209,0.634021,0.992857,0.992857,0.0471142,0.047333,0.152002,0.164494,-4.07136,-4.07098,4.121,4.10057,0.982521,0.975742,0.0486354,0.0484241,0.0521491,0.0530832,3.29046,3.26426,0.62845,0.660986,0.992857,0.992857,0.0472294,0.0490919,0.152038,0.165009,-4.07221,-4.06298,4.10668,4.11289,0.975742,0.981541,0.0487216,0.0495101,0.0522294,0.0540756,3.04127,3.07341,3.12997,3.29103,3.31505,3.36244,3.39135,2.98675,3.04737,3.09843,3.24141,3.31505,3.36244,3.39216,0.992857,0.992857,0.992857,0.992857,0.990476,0.990476,0.990476,0.992857,0.992857,0.992857,0.992857,0.990476,0.990476,0.990476,-4.09793,-4.09264,-4.07908,-4.07075,-4.06217,-4.05501,-4.05045,-4.09597,-4.09392,-4.07645,-4.066,-4.05501,-4.05042,-4.04194,0.968039,0.967059,0.975742,0.989384,0.991345,0.992297,0.991345,0.967059,0.968039,0.963165,0.986443,0.992297,0.991345,0.992297,3.72989,3.85369,3.84177,0.0261348,3.60677,3.62577,3.6799,3.81239,3.98809,4.01959,4.06843,3.81119,3.91372,3.86817,0.0233337,3.61433,3.65742,3.72989,3.88836,3.97587,4.00904,4.05507,5.8571,5.94091,5.94583,0.021263,5.75107,5.78721,5.8049,5.93247,6.06878,6.10149,6.12609,5.92349,6.00036,5.96728,0.0191289,5.75749,5.79246,5.85347,5.97729,6.06612,6.08773,6.13282,5.06396,5.40122,5.02264,0.0709842,4.22444,4.40026,4.6204,5.11566,5.29462,5.3723,5.5101,4.68864,4.59728,4.76775,0.0345411,4.38706,4.5954,4.68252,4.74235,4.81496,4.96388,5.14215,6.73997,6.99075,6.73374,0.0476166,6.15162,6.32964,6.41483,6.80569,6.93612,6.97867,7.02116,6.60183,6.43881,6.62128,0.0256015,6.3669,6.45206,6.51091,6.60183,6.69744,6.75681,6.91027,-9999,-9999
200407,17.635,1.0,14.302,1.519,1.0,19.061,3.326,1.0,17.939,14.979,1.397,19.204,2.861,17.635,1.0,14.302,1.519,1.0,19.061,3.326,1.0,459.032,226.671,1.0,217.053,226.671,1.0,-9999,-9999,336.146,336.146,0.0,375.623,1.0,367.485,375.623,1.0,6.707,1.0,7.298,6.707,1.0,95.65,95.682,1.0,1.55,1.932,1.0,2.901,2.587,0.949597,0.201370837973,0.849462365591,118.790988575,1.0,427.716242608,1.0,214.314453629,1.0,-9999,-9999,377.128,0.997312,20.472,19.82,1.0,1.0,34.411,1.0,4.86618,1.0,73.8792,0.997984,79.3614,0.741335,32.2168,0.997984,34.6075,0.420646,0.997984,1,14.2581,33.7419,14.2581,33.7419,-1.23328,-1.28,0.969758,0.96371,0.0325513,0.0326219,0.0492159,0.0482735,-1.2741,-1.24572,0.965054,0.968414,0.0323534,0.0327291,0.0490852,0.048346,-1.27905,-1.28464,0.947883,0.945615,0.00615074,0.00627625,-1.37648,-1.31293,-1.2988,-1.27967,-1.25185,-1.2391,-1.23328,-1.40384,-1.31743,-1.31132,-1.28327,-1.25448,-1.24627,-1.23663,0.990591,0.954301,0.977823,0.96371,0.968414,0.975806,0.969758,0.879704,0.877016,0.882392,0.979167,0.976478,0.968414,0.975134,3.62795,3.51784,0.477012,0.482068,0.986943,0.97861,0.0494983,0.0495359,0.118011,0.11678,-3.21651,-3.23454,3.86153,3.85195,0.962231,0.957427,0.0389635,0.0395183,0.0528164,0.0554655,3.51802,3.55344,0.481785,0.477425,0.97861,0.986943,0.0495353,0.0491804,0.118026,0.11663,-3.22635,-3.20288,3.8494,3.8445,0.959353,0.960246,0.0391015,0.0397634,0.0529182,0.0556404,3.43694,3.47821,3.4975,3.54038,3.62795,3.69247,3.7152,3.43827,3.48253,3.49577,3.55477,3.63047,3.69404,3.7152,0.974443,0.97861,0.997696,0.986943,0.986943,0.873061,0.844919,0.995392,0.995392,0.997696,1.0,0.807344,0.873061,0.844919,-3.32349,-3.29054,-3.26683,-3.25005,-3.22169,-3.21923,-3.20559,-3.33067,-3.29864,-3.2837,-3.25937,-3.23765,-3.2208,-3.21541,0.914457,0.926163,0.97003,0.946987,0.959353,0.966089,0.960246,0.912559,0.90125,0.926163,0.979839,0.97003,0.966087,0.966089,4.21044,4.1022,4.43629,0.0431688,4.07817,4.17155,4.2075,4.29911,4.70212,4.75333,4.76592,4.2318,4.07871,4.43644,0.0436563,4.07817,4.09245,4.21044,4.30612,4.68341,4.75103,4.77217,5.50141,5.34793,5.72093,0.0429629,5.34449,5.45937,5.48868,5.58578,5.97779,6.04066,6.09266,5.48505,5.35281,5.71549,0.0443562,5.34436,5.35784,5.47193,5.58817,5.98013,6.02769,6.08675,4.7824,5.06296,5.21787,0.0808267,4.71072,4.7372,4.81126,5.00676,5.69133,5.73687,6.14866,4.70808,4.8407,5.13945,0.0549889,4.68225,4.71438,4.84246,5.12826,5.30549,5.48235,5.79714,5.91517,6.06903,6.25646,0.0558975,5.91517,5.93662,5.97174,6.07339,6.60197,6.64773,6.87399,6.12692,5.9909,6.23229,0.0394046,5.92198,5.96146,6.05956,6.14987,6.35195,6.52599,6.70936,-9999,-9999
200408,15.315,1.0,12.245,2.412,1.0,17.143,4.057,1.0,15.405,12.702,2.206,17.018,3.288,15.315,1.0,12.245,2.412,1.0,17.143,4.057,1.0,382.179,186.892,1.0,180.819,186.892,1.0,-9999,-9999,316.394,316.394,0.0,354.566,1.0,342.942,354.566,1.0,6.571,1.0,6.321,6.571,1.0,95.85,95.909,1.0,1.699,2.106,1.0,2.713,2.404,0.995296,0.198500661105,0.865591397849,98.1555676075,1.0,363.296880578,1.0,133.321199395,1.0,-9999,-9999,374.57,1.0,17.293,17.038,1.0,1.0,32.516,1.0,3.08878,1.0,54.7996,1.0,62.2608,0.462149,28.8628,0.998656,32.7925,0.394386,0.998656,1,17.7097,30.2903,17.7097,30.2903,-0.546286,-0.503537,0.983199,0.978495,0.0238346,0.0236947,0.0791406,0.0824183,-0.507137,-0.526665,0.979167,0.981183,0.0235089,0.0238615,0.0790431,0.0824664,-0.529314,-0.545435,0.973404,0.973303,0.0108717,0.0120465,-0.649553,-0.623597,-0.598373,-0.509153,-0.476102,-0.472665,-0.458772,-0.680423,-0.630543,-0.616372,-0.532021,-0.476694,-0.472665,-0.47001,0.995968,0.991935,0.989247,0.979167,0.958333,0.96707,0.972446,0.998656,0.989247,0.991935,0.981183,0.954301,0.96707,0.958333,2.26934,2.32037,0.539513,0.510099,0.998208,0.998208,0.0382981,0.0385355,0.13848,0.142215,-2.1646,-2.12785,2.51234,2.53924,0.974913,0.967295,0.0280719,0.0283127,0.0485576,0.0481764,2.3159,2.29643,0.511744,0.511904,0.998208,0.998208,0.0382947,0.0385707,0.138479,0.142224,-2.13077,-2.14998,2.54157,2.52682,0.968303,0.971496,0.0280621,0.0286213,0.0485519,0.0483584,2.10137,2.14679,2.18238,2.3175,2.41142,2.41295,2.41617,2.04069,2.1397,2.15945,2.28239,2.40968,2.41349,2.41447,1.0,0.998208,0.998208,0.998208,0.998208,0.998208,1.0,1.0,0.991756,0.998208,0.998208,1.0,1.0,1.0,-2.21245,-2.20698,-2.19204,-2.14428,-2.13473,-2.12774,-2.11242,-2.21884,-2.21221,-2.20577,-2.15605,-2.13683,-2.13425,-2.12357,0.990695,0.988679,0.984647,0.907936,0.96827,0.967295,0.967295,0.993787,0.99784,0.988679,0.899593,0.920541,0.936698,0.945087,2.46647,2.5258,2.52633,0.0168432,2.34458,2.40878,2.43853,2.5049,2.61375,2.61689,2.64247,2.49275,2.55672,2.54654,0.0155177,2.38732,2.42641,2.46647,2.55672,2.61689,2.63125,2.66265,3.06859,3.05246,3.07177,0.0057002,3.02332,3.03538,3.04043,3.07604,3.0922,3.09976,3.11511,3.03425,3.06385,3.07585,0.00558855,3.03345,3.03904,3.04438,3.07604,3.09299,3.11148,3.13054,2.67697,2.95693,2.90232,0.0692659,2.52269,2.58758,2.65443,2.78161,3.00273,3.09725,3.23392,2.5668,3.01008,2.86106,0.0526913,2.50019,2.60857,2.6734,2.83744,2.95094,2.98677,3.10857,3.35531,3.45256,3.48588,0.041264,3.28151,3.32815,3.34987,3.40772,3.49273,3.58841,3.95895,3.43106,3.49357,3.43875,0.0259529,3.2634,3.34005,3.36392,3.44111,3.46852,3.49235,3.52197,-9999,-9999
200409,9.496,1.0,7.707,1.919,1.0,10.995,2.993,1.0,9.577,8.016,1.59,10.864,2.326,9.496,1.0,7.707,1.919,1.0,10.995,2.993,1.0,277.306,119.223,1.0,121.815,119.223,1.0,-9999,-9999,298.6,298.6,0.0,318.649,1.0,320.834,318.649,1.0,4.577,1.0,4.522,4.577,1.0,96.248,96.389,1.0,1.6,1.585,1.0,3.95,3.468,0.984722,0.271505344882,0.883333333333,53.5076427521,0.999305555556,233.833981343,0.999305555556,118.17308375,1.0,-9999,-9999,379.689,0.990278,11.068,11.394,1.0,1.0,34.373,1.0,-1.069,1.0,29.1946,0.999306,36.8707,0.366215,14.0307,0.998611,17.7198,0.443367,0.997917,1,21.9667,26.0333,21.9667,26.0333,-0.0256419,-0.0228493,0.979167,0.977778,0.0170897,0.016916,0.0363504,0.0391975,-0.0209918,-0.0257822,0.977778,0.977778,0.0168629,0.0170174,0.0362443,0.0392414,-0.0263129,-0.0296214,0.978924,0.979462,0.00380995,0.00438668,-0.0650111,-0.0614246,-0.0424926,-0.026234,-0.00526152,0.00274046,0.0099175,-0.0687972,-0.0644226,-0.0553324,-0.0286551,-0.00437137,0.00629633,0.00741356,0.982639,0.982639,0.980556,0.977778,0.977083,0.977083,0.977083,0.984028,0.982639,0.982639,0.980556,0.977083,0.977083,0.977083,1.38617,1.38635,0.409146,0.403762,1.0,1.0,0.0215906,0.0216885,0.0561392,0.0562372,-1.17671,-1.17312,1.60552,1.60121,0.9615,0.958936,0.0237907,0.0238418,0.0295347,0.0309585,1.38972,1.38602,0.404124,0.408421,1.0,1.0,0.0215856,0.0217254,0.0561372,0.0562514,-1.17234,-1.17688,1.60088,1.6075,0.958936,0.958936,0.0237896,0.0240449,0.0295338,0.0311151,1.33484,1.34298,1.37069,1.38457,1.42573,1.44662,1.45018,1.33324,1.34192,1.35485,1.38003,1.42977,1.4457,1.44915,1.0,1.0,1.0,1.0,1.0,1.0,1.0,1.0,1.0,1.0,1.0,1.0,1.0,1.0,-1.20937,-1.20487,-1.19358,-1.17627,-1.17162,-1.16987,-1.16598,-1.21075,-1.20937,-1.20356,-1.18112,-1.17246,-1.16987,-1.16602,0.968079,0.968079,0.964079,0.958936,0.957603,0.957603,0.957603,0.968079,0.968079,0.968079,0.964079,0.958936,0.957603,0.957603,1.53853,1.5778,1.5767,0.00866893,1.50644,1.51276,1.53112,1.57556,1.62034,1.64306,1.65935,1.57921,1.57873,1.57981,0.0074607,1.50826,1.51456,1.54289,1.57527,1.61461,1.64173,1.65459,1.58638,1.60359,1.60633,0.00446891,1.573,1.57719,1.58577,1.60258,1.62162,1.6377,1.66256,1.60406,1.59972,1.60612,0.00385988,1.573,1.57722,1.58837,1.60179,1.61962,1.6337,1.64416,1.58151,1.56065,1.58314,0.00573977,1.51258,1.53552,1.5616,1.58276,1.60069,1.62691,1.63619,1.58061,1.58391,1.58395,0.00535008,1.51189,1.55546,1.56262,1.58541,1.59813,1.6267,1.634,1.62924,1.61892,1.62846,0.00302394,1.58929,1.6034,1.61804,1.62924,1.6438,1.64809,1.65094,1.6438,1.64447,1.63035,0.00294644,1.58923,1.61104,1.61885,1.63508,1.64409,1.64809,1.64978,-9999,-9999
200410,3.472,1.0,2.066,2.248,1.0,5.205,2.498,1.0,3.092,2.017,1.958,4.415,1.775,3.472,1.0,2.066,2.248,1.0,5.205,2.498,1.0,171.017,63.722,1.0,63.195,63.722,1.0,-9999,-9999,264.951,264.951,0.0,273.174,1.0,279.025,273.174,1.0,4.018,1.0,3.588,4.018,1.0,96.429,96.513,1.0,0.598,0.039,1.0,4.284,4.291,0.997312,0.329290912079,0.872983870968,9.04263709677,1.0,115.906027554,1.0,102.594681452,1.0,-9999,-9999,380.797,1.0,3.492,4.028,1.0,1.0,29.636,1.0,-2.68333,1.0,10.3635,0.999328,13.0883,0.150934,-6.24409,0.997984,-7.88586,0.358256,1.0,2,26.4839,21.5161,26.4839,21.5161,0.317104,0.319556,0.994624,0.99328,0.0100888,0.0100342,0.0115363,0.0116781,0.319232,0.318854,0.99328,0.994624,0.01005,0.0101004,0.0115024,0.0117351,0.319822,0.319298,0.994153,0.994456,0.000981378,0.00109633,0.30767,0.314784,0.316732,0.319318,0.325025,0.325973,0.326586,0.305288,0.314485,0.315383,0.319326,0.325781,0.326434,0.326672,0.99664,0.99664,0.99664,0.994624,0.991935,0.991935,0.991935,0.997312,0.99664,0.995968,0.994624,0.991935,0.991935,0.991935,0.489214,0.488234,0.280717,0.28069,1.0,1.0,0.0126166,0.0125863,0.012893,0.0128264,0.0785311,0.0853826,0.489649,0.478333,0.987227,0.984155,0.015041,0.0150104,0.0195202,0.0195463,0.487568,0.488585,0.281492,0.280906,1.0,1.0,0.0126098,0.0126052,0.0128864,0.012845,0.0854149,0.0832246,0.47836,0.485131,0.984155,0.987227,0.0150293,0.0151906,0.0195112,0.0196851,0.476609,0.485591,0.487415,0.488702,0.490531,0.490902,0.492748,0.474695,0.485851,0.487796,0.488702,0.490017,0.490792,0.492039,1.0,1.0,1.0,1.0,1.0,1.0,1.0,1.0,1.0,1.0,1.0,1.0,1.0,1.0,0.0728715,0.0753661,0.0756146,0.0852916,0.0976897,0.10025,0.1014,0.0699425,0.0752877,0.075509,0.0834002,0.1001,0.100327,0.1014,0.992159,0.992159,0.992159,0.984155,0.981083,0.981083,0.981083,0.993695,0.992159,0.990623,0.987227,0.981083,0.981083,0.981083,0.526164,0.525014,0.52436,0.000414971,0.52043,0.52238,0.523532,0.52478,0.525982,0.526164,0.527288,0.525205,0.522917,0.524371,0.000380079,0.520537,0.522338,0.522967,0.524735,0.525545,0.526164,0.527288,0.209149,0.20616,0.205062,0.000916273,0.196381,0.198297,0.198922,0.20522,0.209384,0.209765,0.213704,0.208748,0.203685,0.204549,0.000841182,0.197187,0.198822,0.199136,0.204229,0.209123,0.209571,0.212897,0.540814,0.529253,0.529802,0.00218115,0.508186,0.513452,0.515624,0.530992,0.542297,0.543836,0.549565,0.536677,0.522373,0.527868,0.00199324,0.508186,0.513485,0.518007,0.524219,0.541191,0.542422,0.547661,0.236563,0.222706,0.226543,0.00176353,0.210942,0.212238,0.216801,0.224501,0.237529,0.23899,0.240063,0.217186,0.218889,0.225474,0.00166848,0.210899,0.212257,0.217498,0.223018,0.236473,0.238975,0.240012,-9999,-9999
200411,-4.545,1.0,-5.446,1.971,1.0,-2.995,2.084,1.0,-4.759,-5.268,1.83,-3.877,1.531,-4.545,1.0,-5.446,1.971,1.0,-2.995,2.084,1.0,91.6099,38.576,1.0,35.439,38.576,1.0,-9999,-9999,231.607,231.607,0.0,229.586,1.0,237.595,229.586,1.0,1.453,1.0,1.621,1.453,1.0,96.533,96.491,1.0,0.432,0.458,1.0,4.044,4.05,1.0,0.294743921582,0.890277777778,-7.84994861111,1.0,55.5467027778,1.0,67.1838256944,1.0,-9999,-9999,377.605,1.0,-3.893,-3.071,1.0,1.0,19.406,1.0,-5.92856,1.0,3.70439,1.0,-9999,0.129536,-11.426,1.0,-9999,0.349536,-9999,-9999,30.4667,17.5333,30.4667,17.5333,0.0918006,0.100474,0.982639,0.979861,0.00976002,0.00965056,0.0165638,0.0181833,0.100269,0.0929595,0.980556,0.980556,0.00962008,0.00977597,0.0164817,0.0182502,0.0943164,0.0922166,0.982552,0.983229,0.00220319,0.00254926,0.0580668,0.0784096,0.0881742,0.0987124,0.103933,0.105175,0.108504,0.0582615,0.0746415,0.0825416,0.0929693,0.104479,0.105464,0.111201,0.988889,0.985417,0.983333,0.980556,0.98125,0.98125,0.98125,0.988889,0.985417,0.984722,0.980556,0.98125,0.98125,0.981944,0.1823,0.193082,0.219662,0.205999,0.991398,0.991398,0.011232,0.0111362,0.0167101,0.0189614,-0.0697885,-0.0653836,0.38338,0.379016,0.967905,0.960475,0.0165522,0.0165448,0.0219656,0.022675,0.192554,0.183428,0.205756,0.220286,0.991398,0.991398,0.0110891,0.0113552,0.0166144,0.0190908,-0.0651531,-0.0687423,0.377368,0.380635,0.962229,0.962229,0.0165166,0.0166075,0.0219389,0.0227208,0.156681,0.170061,0.18023,0.190645,0.193246,0.194806,0.196778,0.156681,0.165765,0.173123,0.183241,0.193488,0.196459,0.199873,0.993548,0.993548,0.992473,0.991398,0.991398,0.991398,0.991398,0.993548,0.993548,0.993548,0.991398,0.991398,0.991398,0.991398,-0.108213,-0.0839248,-0.0771414,-0.0660943,-0.0564417,-0.0550447,-0.0543424,-0.11432,-0.0859734,-0.0780993,-0.0679334,-0.0560312,-0.0549621,-0.0507518,0.981424,0.97162,0.969866,0.960475,0.963983,0.963983,0.963983,0.983385,0.97162,0.969866,0.967905,0.963983,0.963983,0.963983,0.215206,0.218726,0.219038,0.00186841,0.196979,0.204459,0.213763,0.219685,0.229532,0.230283,0.231384,0.219452,0.223246,0.220024,0.00160283,0.196979,0.210789,0.214553,0.219878,0.228608,0.229655,0.231392,0.126391,0.125767,0.126821,0.000811186,0.11993,0.121954,0.123817,0.12592,0.129127,0.130221,0.138039,0.126739,0.122977,0.125708,0.000816371,0.117198,0.121174,0.121954,0.12539,0.126739,0.129362,0.132803,0.362683,0.352367,0.323492,0.00573226,0.271276,0.276591,0.289692,0.327506,0.356035,0.362368,0.370685,0.363998,0.320722,0.321248,0.00551691,0.271276,0.278122,0.281939,0.320138,0.352271,0.358611,0.370685,0.193596,0.186542,0.176556,0.00254261,0.155575,0.157695,0.160253,0.176784,0.192031,0.193784,0.195593,0.173352,0.173866,0.175285,0.00233873,0.155702,0.159976,0.160661,0.173676,0.189828,0.193602,0.194612,-9999,-9999
200412,-9999,-9999,-9999,-9999,-9999,-9999,-9999,-9999,-14.78,-14.999,1.983,-14.295,1.162,-15.778,0.392473,-16.055,2.158,0.394917,-15.164,1.426,0.387097,58.5401,-9999,-9999,17.418,16.62,0.393145,-9999,-9999,212.233,212.233,0.0,-9999,-9999,213.523,197.383,0.392473,-9999,-9999,1.09,0.921,0.392473,96.832,96.717,0.376344,0.588,0.249,0.376344,2.782,2.507,0.376344,-9999,-9999,-9999,-9999,-9999,-9999,-9999,-9999,-9999,-9999,-9999,-9999,-9999,-9999,-9999,-9999,-9999,-9999,-4.6504,0.392473,1.85076,0.391801,-9999,0.138768,-3.88949,0.392473,-9999,0.32327,-9999,-9999,33.1613,14.8387,27.1613,12.0,0.140508,0.112123,0.377688,0.377688,0.0121357,0.0137923,0.168896,0.169063,0.119499,0.14128,0.377688,0.377688,0.0120967,0.0121515,0.168893,0.168938,0.15538,0.13965,0.381838,0.381536,0.021212,0.0241986,-0.108553,-0.0390609,0.114418,0.150181,0.280591,0.297858,0.313908,-0.108755,-0.0391419,-0.0365503,0.140508,0.280965,0.297858,0.316563,0.368952,0.374328,0.377688,0.377688,0.389113,0.389785,0.391801,0.368952,0.374328,0.374328,0.377688,0.389113,0.389785,0.391801,0.269455,0.265591,0.474435,0.474593,0.379277,0.379277,0.0142517,0.0163047,0.241893,0.242149,-0.166777,-0.247305,0.348045,0.392032,0.374194,0.374194,0.0203869,0.0228138,0.0298778,0.0318413,0.272456,0.270435,0.47382,0.474409,0.379277,0.379277,0.0142445,0.0142819,0.241892,0.242021,-0.239697,-0.166553,0.386477,0.348479,0.374194,0.374194,0.0201907,0.0203797,0.0297442,0.0301451,-0.0950764,1.81615e-05,0.229426,0.280402,0.457668,0.482963,0.489198,-0.0950764,-0.000234698,0.00317908,0.269455,0.458177,0.482963,0.489198,0.365591,0.372434,0.381232,0.379277,0.394917,0.394917,0.394917,0.365591,0.372434,0.372434,0.379277,0.394917,0.394917,0.394917,-0.166928,-0.166553,-0.165915,-0.15091,-0.126364,-0.122869,-0.107074,-0.185346,-0.166553,-0.153801,-0.141583,-0.122869,-0.122128,-0.107002,0.374194,0.374194,0.374194,0.376344,0.376344,0.378495,0.384946,0.374194,0.374194,0.378495,0.378495,0.378495,0.378495,0.384946,0.137975,0.433751,0.190281,0.0207409,0.0618106,0.0626611,0.0634693,0.202274,0.212286,0.428889,0.43798,0.42883,0.430134,0.221647,0.0230795,0.0625205,0.0633243,0.0689272,0.206505,0.42883,0.431189,0.43798,0.0423691,0.292472,0.0506306,0.0236351,-0.100692,-0.0952803,-0.0901408,0.0412709,0.149004,0.282039,0.298148,0.297606,0.310636,0.0662673,0.0262046,-0.102623,-0.0956847,-0.0913534,-0.0100345,0.279953,0.288322,0.298148,0.57387,0.614881,0.615356,0.00741953,0.530877,0.572752,0.575249,0.608356,0.652507,0.662512,0.675177,0.584176,0.610009,0.61909,0.00656632,0.530888,0.575249,0.586657,0.614881,0.653413,0.661829,0.672832,0.253927,0.260275,0.264143,0.00317891,0.231266,0.247018,0.250029,0.256026,0.279496,0.284915,0.303239,0.282976,0.25939,0.264921,0.00285338,0.231266,0.246965,0.253222,0.259225,0.280465,0.284915,0.287104,-9999,-9999
