TIMESTAMP,TA_F_MDS,TA_F_MDS_QC,TA_F_MDS_NIGHT,TA_F_MDS_NIGHT_SD,TA_F_MDS_NIGHT_QC,TA_F_MDS_DAY,TA_F_MDS_DAY_SD,TA_F_MDS_DAY_QC,TA_ERA,TA_ERA_NIGHT,TA_ERA_NIGHT_SD,TA_ERA_DAY,TA_ERA_DAY_SD,TA_F,TA_F_QC,TA_F_NIGHT,TA_F_NIGHT_SD,TA_F_NIGHT_QC,TA_F_DAY,TA_F_DAY_SD,TA_F_DAY_QC,SW_IN_POT,SW_IN_F_MDS,SW_IN_F_MDS_QC,SW_IN_ERA,SW_IN_F,SW_IN_F_QC,LW_IN_F_MDS,LW_IN_F_MDS_QC,LW_IN_ERA,LW_IN_F,LW_IN_F_QC,LW_IN_JSB,LW_IN_JSB_QC,LW_IN_JSB_ERA,LW_IN_JSB_F,LW_IN_JSB_F_QC,VPD_F_MDS,VPD_F_MDS_QC,VPD_ERA,VPD_F,VPD_F_QC,PA_ERA,PA_F,PA_F_QC,P_ERA,P_F,P_F_QC,WS_ERA,WS_F,WS_F_QC,USTAR,USTAR_QC,NETRAD,NETRAD_QC,PPFD_IN,PPFD_IN_QC,PPFD_OUT,PPFD_OUT_QC,CO2_F_MDS,CO2_F_MDS_QC,TS_F_MDS_1,TS_F_MDS_1_QC,SWC_F_MDS_1,SWC_F_MDS_1_QC,G_F_MDS,G_F_MDS_QC,LE_F_MDS,LE_F_MDS_QC,LE_CORR,LE_RANDUNC,H_F_MDS,H_F_MDS_QC,H_CORR,H_RANDUNC,EBC_CF_N,EBC_CF_METHOD,NIGHT_D,DAY_D,NIGHT_RANDUNC_N,DAY_RANDUNC_N,NEE_CUT_REF,NEE_VUT_REF,NEE_CUT_REF_QC,NEE_VUT_REF_QC,NEE_CUT_REF_RANDUNC,NEE_VUT_REF_RANDUNC,NEE_CUT_REF_JOINTUNC,NEE_VUT_REF_JOINTUNC,NEE_CUT_USTAR50,NEE_VUT_USTAR50,NEE_CUT_USTAR50_QC,NEE_VUT_USTAR50_QC,NEE_CUT_USTAR50_RANDUNC,NEE_VUT_USTAR50_RANDUNC,NEE_CUT_USTAR50_JOINTUNC,NEE_VUT_USTAR50_JOINTUNC,NEE_CUT_MEAN,NEE_VUT_MEAN,NEE_CUT_MEAN_QC,NEE_VUT_MEAN_QC,NEE_CUT_SE,NEE_VUT_SE,NEE_CUT_05,NEE_CUT_16,NEE_CUT_25,NEE_CUT_50,NEE_CUT_75,NEE_CUT_84,NEE_CUT_95,NEE_VUT_05,NEE_VUT_16,NEE_VUT_25,NEE_VUT_50,NEE_VUT_75,NEE_VUT_84,NEE_VUT_95,NEE_CUT_05_QC,NEE_CUT_16_QC,NEE_CUT_25_QC,NEE_CUT_50_QC,NEE_CUT_75_QC,NEE_CUT_84_QC,NEE_CUT_95_QC,NEE_VUT_05_QC,NEE_VUT_16_QC,NEE_VUT_25_QC,NEE_VUT_50_QC,NEE_VUT_75_QC,NEE_VUT_84_QC,NEE_VUT_95_QC,NEE_CUT_REF_NIGHT,NEE_VUT_REF_NIGHT,NEE_CUT_REF_NIGHT_SD,NEE_VUT_REF_NIGHT_SD,NEE_CUT_REF_NIGHT_QC,NEE_VUT_REF_NIGHT_QC,NEE_CUT_REF_NIGHT_RANDUNC,NEE_VUT_REF_NIGHT_RANDUNC,NEE_CUT_REF_NIGHT_JOINTUNC,NEE_VUT_REF_NIGHT_JOINTUNC,NEE_CUT_REF_DAY,NEE_VUT_REF_DAY,NEE_CUT_REF_DAY_SD,NEE_VUT_REF_DAY_SD,NEE_CUT_REF_DAY_QC,NEE_VUT_REF_DAY_QC,NEE_CUT_REF_DAY_RANDUNC,NEE_VUT_REF_DAY_RANDUNC,NEE_CUT_REF_DAY_JOINTUNC,NEE_VUT_REF_DAY_JOINTUNC,NEE_CUT_USTAR50_NIGHT,NEE_VUT_USTAR50_NIGHT,NEE_CUT_USTAR50_NIGHT_SD,NEE_VUT_USTAR50_NIGHT_SD,NEE_CUT_USTAR50_NIGHT_QC,NEE_VUT_USTAR50_NIGHT_QC,NEE_CUT_USTAR50_NIGHT_RANDUNC,NEE_VUT_USTAR50_NIGHT_RANDUNC,NEE_CUT_USTAR50_NIGHT_JOINTUNC,NEE_VUT_USTAR50_NIGHT_JOINTUNC,NEE_CUT_USTAR50_DAY,NEE_VUT_USTAR50_DAY,NEE_CUT_USTAR50_DAY_SD,NEE_VUT_USTAR50_DAY_SD,NEE_CUT_USTAR50_DAY_QC,NEE_VUT_USTAR50_DAY_QC,NEE_CUT_USTAR50_DAY_RANDUNC,NEE_VUT_USTAR50_DAY_RANDUNC,NEE_CUT_USTAR50_DAY_JOINTUNC,NEE_VUT_USTAR50_DAY_JOINTUNC,NEE_CUT_05_NIGHT,NEE_CUT_16_NIGHT,NEE_CUT_25_NIGHT,NEE_CUT_50_NIGHT,NEE_CUT_75_NIGHT,NEE_CUT_84_NIGHT,NEE_CUT_95_NIGHT,NEE_VUT_05_NIGHT,NEE_VUT_16_NIGHT,NEE_VUT_25_NIGHT,NEE_VUT_50_NIGHT,NEE_VUT_75_NIGHT,NEE_VUT_84_NIGHT,NEE_VUT_95_NIGHT,NEE_CUT_05_NIGHT_QC,NEE_CUT_16_NIGHT_QC,NEE_CUT_25_NIGHT_QC,NEE_CUT_50_NIGHT_QC,NEE_CUT_75_NIGHT_QC,NEE_CUT_84_NIGHT_QC,NEE_CUT_95_NIGHT_QC,NEE_VUT_05_NIGHT_QC,NEE_VUT_16_NIGHT_QC,NEE_VUT_25_NIGHT_QC,NEE_VUT_50_NIGHT_QC,NEE_VUT_75_NIGHT_QC,NEE_VUT_84_NIGHT_QC,NEE_VUT_95_NIGHT_QC,NEE_CUT_05_DAY,NEE_CUT_16_DAY,NEE_CUT_25_DAY,NEE_CUT_50_DAY,NEE_CUT_75_DAY,NEE_CUT_84_DAY,NEE_CUT_95_DAY,NEE_VUT_05_DAY,NEE_VUT_16_DAY,NEE_VUT_25_DAY,NEE_VUT_50_DAY,NEE_VUT_75_DAY,NEE_VUT_84_DAY,NEE_VUT_95_DAY,NEE_CUT_05_DAY_QC,NEE_CUT_16_DAY_QC,NEE_CUT_25_DAY_QC,NEE_CUT_50_DAY_QC,NEE_CUT_75_DAY_QC,NEE_CUT_84_DAY_QC,NEE_CUT_95_DAY_QC,NEE_VUT_05_DAY_QC,NEE_VUT_16_DAY_QC,NEE_VUT_25_DAY_QC,NEE_VUT_50_DAY_QC,NEE_VUT_75_DAY_QC,NEE_VUT_84_DAY_QC,NEE_VUT_95_DAY_QC,RECO_NT_VUT_REF,RECO_NT_VUT_USTAR50,RECO_NT_VUT_MEAN,RECO_NT_VUT_SE,RECO_NT_VUT_05,RECO_NT_VUT_16,RECO_NT_VUT_25,RECO_NT_VUT_50,RECO_NT_VUT_75,RECO_NT_VUT_84,RECO_NT_VUT_95,RECO_NT_CUT_REF,RECO_NT_CUT_USTAR50,RECO_NT_CUT_MEAN,RECO_NT_CUT_SE,RECO_NT_CUT_05,RECO_NT_CUT_16,RECO_NT_CUT_25,RECO_NT_CUT_50,RECO_NT_CUT_75,RECO_NT_CUT_84,RECO_NT_CUT_95,GPP_NT_VUT_REF,GPP_NT_VUT_USTAR50,GPP_NT_VUT_MEAN,GPP_NT_VUT_SE,GPP_NT_VUT_05,GPP_NT_VUT_16,GPP_NT_VUT_25,GPP_NT_VUT_50,GPP_NT_VUT_75,GPP_NT_VUT_84,GPP_NT_VUT_95,GPP_NT_CUT_REF,GPP_NT_CUT_USTAR50,GPP_NT_CUT_MEAN,GPP_NT_CUT_SE,GPP_NT_CUT_05,GPP_NT_CUT_16,GPP_NT_CUT_25,GPP_NT_CUT_50,GPP_NT_CUT_75,GPP_NT_CUT_84,GPP_NT_CUT_95,RECO_DT_VUT_REF,RECO_DT_VUT_USTAR50,RECO_DT_VUT_MEAN,RECO_DT_VUT_SE,RECO_DT_VUT_05,RECO_DT_VUT_16,RECO_DT_VUT_25,RECO_DT_VUT_50,RECO_DT_VUT_75,RECO_DT_VUT_84,RECO_DT_VUT_95,RECO_DT_CUT_REF,RECO_DT_CUT_USTAR50,RECO_DT_CUT_MEAN,RECO_DT_CUT_SE,RECO_DT_CUT_05,RECO_DT_CUT_16,RECO_DT_CUT_25,RECO_DT_CUT_50,RECO_DT_CUT_75,RECO_DT_CUT_84,RECO_DT_CUT_95,GPP_DT_VUT_REF,GPP_DT_VUT_USTAR50,GPP_DT_VUT_MEAN,GPP_DT_VUT_SE,GPP_DT_VUT_05,GPP_DT_VUT_16,GPP_DT_VUT_25,GPP_DT_VUT_50,GPP_DT_VUT_75,GPP_DT_VUT_84,GPP_DT_VUT_95,GPP_DT_CUT_REF,GPP_DT_CUT_USTAR50,GPP_DT_CUT_MEAN,GPP_DT_CUT_SE,GPP_DT_CUT_05,GPP_DT_CUT_16,GPP_DT_CUT_25,GPP_DT_CUT_50,GPP_DT_CUT_75,GPP_DT_CUT_84,GPP_DT_CUT_95,RECO_SR,RECO_SR_N
200701,1.007,1.0,-0.445,2.376,1.0,2.986,1.874,1.0,-0.788,-2.365,2.081,1.352,2.995,1.007,1.0,-0.445,2.376,1.0,2.986,1.874,1.0,199.128,141.771,1.0,112.995,141.771,1.0,-9999,-9999,254.854,254.854,0.0,218.803,1.0,225.134,218.803,1.0,3.993,1.0,2.627,3.993,1.0,91.891,91.891,0.0,2.023,0.645,0.999328,1.865,2.388,0.838038,0.338742794798,0.820564516129,25.7344034546,0.999327956989,272.831289894,0.999327956989,77.2951099577,0.999327956989,381.541,0.999328,-0.073,1.0,13.859,1.0,-2.12713,1.0,20.6997,0.992608,27.4715,0.349904,0.383964,0.999328,0.509575,0.720559,0.991935,1,27.5161,20.4839,27.5161,20.4839,-0.0660779,-0.0749413,0.954301,0.939516,0.0141423,0.0142611,0.0175021,0.0168925,-0.0746922,-0.0750703,0.946909,0.939516,0.0141085,0.0142488,0.0174748,0.0168821,-0.0658387,-0.0658044,0.944724,0.934005,0.00194264,0.00269666,-0.078848,-0.0762561,-0.0750703,-0.0666833,-0.0608442,-0.0556338,-0.0477613,-0.0817893,-0.0766064,-0.075144,-0.0672714,-0.061436,-0.0584981,-0.0499398,0.939516,0.938844,0.939516,0.935484,0.90793,0.980511,0.981183,0.964382,0.946909,0.959677,0.932796,0.898522,0.922715,0.917339,0.299212,0.296952,0.303661,0.302712,0.947005,0.947005,0.017348,0.0174832,0.0529756,0.0457156,-0.572383,-0.581603,0.632202,0.640645,0.944086,0.930108,0.0218353,0.0220338,0.070668,0.0733871,0.293552,0.302533,0.304252,0.301974,0.947005,0.947005,0.0172965,0.0174894,0.0529588,0.0457179,-0.562686,-0.575061,0.629831,0.635055,0.948771,0.93172,0.0217974,0.0219843,0.0706563,0.0733723,0.234126,0.249097,0.264579,0.291749,0.326423,0.349206,0.384857,0.246141,0.256815,0.272867,0.300883,0.333297,0.341296,0.352,0.93318,0.936636,0.942396,0.947005,0.955069,0.965438,0.974654,0.933219,0.93894,0.941244,0.947005,0.947005,0.949309,0.955069,-0.694035,-0.620625,-0.593479,-0.555151,-0.512317,-0.486205,-0.459567,-0.698312,-0.627803,-0.60344,-0.566013,-0.513987,-0.4878,-0.461397,0.830451,0.885484,0.911674,0.948771,0.981183,0.990399,0.990399,0.811788,0.865284,0.887097,0.933333,0.959677,0.97043,0.979647,0.358476,0.338305,0.362869,0.00519753,0.326312,0.332863,0.33417,0.353823,0.386361,0.404036,0.423121,0.334683,0.334044,0.350045,0.00599774,0.30267,0.307891,0.322945,0.334955,0.376148,0.403084,0.417732,0.422001,0.413376,0.428674,0.00456462,0.396526,0.40147,0.40436,0.419447,0.44638,0.473331,0.47684,0.410363,0.408736,0.415883,0.00575545,0.356882,0.366436,0.398925,0.410947,0.438671,0.459944,0.477616,0.470593,0.64749,0.496206,0.0109287,0.384976,0.443687,0.462913,0.479212,0.522741,0.541894,0.647502,0.430992,0.476245,0.489489,0.0098119,0.386683,0.43153,0.451965,0.475835,0.520782,0.535423,0.64749,0.499682,0.734953,0.578829,0.0106485,0.499367,0.509255,0.514168,0.578276,0.615131,0.621117,0.734953,0.499367,0.578276,0.567224,0.011241,0.478329,0.499822,0.511698,0.563791,0.596684,0.629629,0.734953,-9999,-9999
200702,1.059,1.0,0.325,1.568,1.0,1.895,1.512,1.0,1.385,0.061,1.512,2.908,1.954,1.059,1.0,0.325,1.568,1.0,1.895,1.512,1.0,258.524,164.195,1.0,140.55,164.195,1.0,-9999,-9999,288.545,288.545,0.0,238.79,1.0,249.925,238.79,1.0,2.241,1.0,2.496,2.241,1.0,91.355,91.355,0.0,1.439,1.121,1.0,2.664,3.802,0.752976,0.614300017663,0.723214285714,57.347827381,1.0,315.75905506,1.0,111.472016369,1.0,380.01,0.985119,0.836,1.0,18.806,1.0,0.266176,-9999,26.2562,0.981399,37.8925,0.561385,13.3879,0.985119,19.3212,0.853768,0.981399,1,25.7143,22.2857,25.7143,22.2857,0.191129,0.208208,0.981399,0.97619,0.0207015,0.0205697,0.0310459,0.0352761,0.197194,0.204169,0.979911,0.976935,0.0206665,0.0205733,0.0310225,0.0352783,0.221008,0.225098,0.978869,0.977176,0.00408431,0.00520534,0.194875,0.20325,0.204169,0.208208,0.22899,0.249523,0.260384,0.194875,0.201844,0.20325,0.20742,0.24998,0.259161,0.261765,0.981399,0.978423,0.976935,0.97619,0.97619,0.97247,0.97247,0.981399,0.981399,0.978423,0.982143,0.973958,0.97247,0.96875,0.566965,0.565939,0.436717,0.437082,0.979396,0.979396,0.0263917,0.0263796,0.0414015,0.0373712,-0.232637,-0.232891,0.887568,0.901274,0.977273,0.974026,0.0303123,0.0299373,0.0603366,0.0582458,0.567322,0.568511,0.436926,0.435082,0.979396,0.979396,0.0263714,0.0263611,0.0413886,0.0373581,-0.245744,-0.232562,0.894598,0.90158,0.980519,0.974026,0.0302327,0.0299698,0.0602967,0.0582625,0.545703,0.554115,0.561453,0.577321,0.604214,0.617914,0.629033,0.550394,0.560237,0.564799,0.578288,0.60823,0.613179,0.618555,0.979396,0.979396,0.979396,0.979396,0.979396,0.980769,0.980769,0.979396,0.979396,0.979396,0.979396,0.979396,0.979396,0.979396,-0.286582,-0.263045,-0.251914,-0.239879,-0.187015,-0.158705,-0.12203,-0.270827,-0.25521,-0.251985,-0.226782,-0.176686,-0.155283,-0.126879,0.957792,0.961039,0.972403,0.980519,0.987013,0.988636,0.99026,0.948052,0.961039,0.962662,0.974026,0.98539,0.988636,0.988636,0.556413,0.543999,0.558228,0.00263155,0.541198,0.544947,0.546732,0.552677,0.566675,0.576386,0.58628,0.542612,0.547019,0.555331,0.00255216,0.541607,0.543363,0.544947,0.549792,0.557848,0.566868,0.582328,0.352988,0.33983,0.33313,0.00291225,0.307286,0.320477,0.324555,0.337496,0.345907,0.349825,0.351606,0.339362,0.349825,0.334323,0.00193155,0.309912,0.321871,0.325786,0.336467,0.340574,0.347419,0.351039,0.683515,0.837344,0.788696,0.0127046,0.690049,0.699239,0.713032,0.80328,0.831067,0.8393,0.883588,0.874832,0.78152,0.781605,0.0125123,0.666663,0.69165,0.707458,0.790792,0.830299,0.839662,0.883753,0.575199,0.599384,0.590588,0.00491589,0.544497,0.556668,0.562681,0.589192,0.610323,0.621848,0.649487,0.591003,0.575593,0.587937,0.00701088,0.520899,0.55119,0.559295,0.589192,0.61152,0.619715,0.650747,-9999,-9999
200703,-0.061,1.0,-1.802,1.694,1.0,1.61,1.936,1.0,1.89,-0.125,1.921,3.827,2.764,-0.061,1.0,-1.802,1.694,1.0,1.61,1.936,1.0,337.733,230.642,1.0,226.304,230.642,1.0,-9999,-9999,265.652,265.652,0.0,228.385,1.0,233.079,228.385,1.0,2.6,1.0,3.427,2.6,1.0,91.362,91.362,0.0,0.873,0.9,1.0,2.748,2.966,0.776882,0.552092461497,0.730510752688,107.849959677,1.0,441.602417017,0.998655913978,83.0047715054,1.0,375.385,0.99328,2.448,1.0,14.546,1.0,0.309489,-9999,19.972,0.989247,27.32,0.345087,58.1173,0.99328,79.4995,0.926372,0.989247,1,23.4839,24.5161,23.4839,24.5161,-0.031444,-0.0118028,0.980511,0.980511,0.0203511,0.0203703,0.0294546,0.0255766,-0.0226743,-0.0112397,0.980511,0.980511,0.0204297,0.0203473,0.029509,0.0255582,-0.0254822,-0.0186453,0.978377,0.977083,0.00284067,0.00223784,-0.0524103,-0.0476743,-0.0431949,-0.0252226,-0.0112397,-0.00508762,0.000442312,-0.0426023,-0.0342663,-0.0327177,-0.0169335,-0.00726053,-0.00333343,0.00102147,0.981855,0.981183,0.981183,0.980511,0.980511,0.976478,0.976478,0.981183,0.980511,0.980511,0.980511,0.975806,0.976478,0.976478,0.538288,0.536105,0.55311,0.553713,0.982527,0.982527,0.0286446,0.0287245,0.0500814,0.0389409,-0.539911,-0.539931,0.824243,0.82344,0.980161,0.980161,0.0268597,0.0268333,0.0675216,0.0668431,0.538379,0.535927,0.553089,0.553726,0.982527,0.982527,0.0286254,0.0287709,0.0500704,0.0389752,-0.56117,-0.536938,0.844147,0.821527,0.978817,0.978871,0.0270899,0.0267251,0.0676135,0.0667997,0.443463,0.49122,0.507677,0.535781,0.564041,0.573382,0.596027,0.453016,0.511634,0.524066,0.535132,0.557785,0.56422,0.576819,0.981124,0.981124,0.981124,0.982527,0.982527,0.982527,0.982527,0.981124,0.981124,0.981124,0.982527,0.982527,0.982527,0.982527,-0.674136,-0.633121,-0.609678,-0.558645,-0.51813,-0.509222,-0.491766,-0.654084,-0.626888,-0.598206,-0.541868,-0.513959,-0.504446,-0.484739,0.952957,0.968441,0.969731,0.978817,0.982796,0.984086,0.986667,0.947688,0.961989,0.968441,0.978871,0.982796,0.984086,0.984086,0.617484,0.622778,0.629111,0.00220178,0.603036,0.616397,0.62084,0.624782,0.643086,0.645434,0.651273,0.62084,0.616449,0.61908,0.00348301,0.577338,0.58645,0.602005,0.622778,0.634603,0.644129,0.648454,0.642707,0.634018,0.647756,0.0020525,0.627284,0.634581,0.6375,0.648012,0.656817,0.658534,0.663932,0.632433,0.639124,0.644562,0.00226646,0.61989,0.631023,0.634018,0.646353,0.656366,0.658047,0.663932,0.573965,0.55743,0.600634,0.0184399,0.443961,0.531467,0.542509,0.57449,0.644435,0.687398,0.739087,0.526059,0.553955,0.591689,0.0190192,0.47422,0.523677,0.529426,0.558224,0.587237,0.661786,0.930572,0.743311,0.728789,0.760673,0.0133708,0.627139,0.715885,0.718593,0.743311,0.807421,0.816948,0.839416,0.725401,0.740321,0.756205,0.0132172,0.666498,0.699602,0.704033,0.725789,0.774794,0.812395,0.961601,-9999,-9999
200704,0.723,1.0,-0.267,0.972,1.0,1.486,1.101,1.0,3.419,1.595,1.391,4.835,2.355,0.723,1.0,-0.267,0.972,1.0,1.486,1.101,1.0,412.928,194.335,1.0,235.025,194.335,1.0,-9999,-9999,300.801,300.801,0.0,260.912,1.0,258.944,260.912,1.0,0.813,1.0,3.027,0.813,1.0,91.0,91.0,0.0,3.288,2.24,1.0,2.303,2.346,0.511111,-9999,-9999,61.9112777778,1.0,371.247343766,0.997916666667,211.787465278,1.0,366.569,0.997222,2.029,1.0,20.0,1.0,0.84375,-9999,15.4186,0.997222,21.2868,0.325282,11.8668,0.997222,16.3832,0.56963,2.0,2,21.0,27.0,21.0,27.0,0.260433,0.293089,0.988889,0.988194,0.0216708,0.0208697,0.0397865,0.0374193,0.27583,0.293089,0.988194,0.988194,0.0217513,0.0205954,0.0398304,0.037267,0.283079,0.289565,0.976302,0.969236,0.00492358,0.00532419,0.246035,0.253294,0.260668,0.268902,0.309625,0.320028,0.340788,0.248039,0.26224,0.267958,0.27583,0.320308,0.324358,0.339397,0.845833,0.992361,0.989583,0.989583,0.963889,0.9875,0.924306,0.989583,0.988889,0.989583,0.988194,0.960417,0.988194,0.923611,0.932783,0.928256,0.376946,0.363642,1.0,1.0,0.0306344,0.0291606,0.0966242,0.0886386,-0.244994,-0.234189,0.875491,0.872643,0.978665,0.978665,0.0284706,0.0276381,0.082912,0.0833878,0.930858,0.952469,0.382178,0.378431,1.0,1.0,0.0307594,0.0288544,0.0966639,0.0885384,-0.240362,-0.228507,0.865833,0.870115,0.978665,0.978665,0.0285691,0.0272256,0.0829459,0.083252,0.812444,0.854032,0.880698,0.927098,0.993761,1.03731,1.09716,0.828251,0.880649,0.901074,0.921488,1.00979,1.04806,1.09983,0.944444,0.984127,0.996825,1.0,1.0,1.0,1.0,0.942857,0.969841,0.990476,1.0,1.0,1.0,1.0,-0.368661,-0.312121,-0.28283,-0.241275,-0.184058,-0.156379,-0.113933,-0.362608,-0.318578,-0.288514,-0.238052,-0.193627,-0.161229,-0.112332,0.87743,0.921133,0.973727,0.978665,0.98109,0.98109,0.98978,0.864982,0.907352,0.927404,0.978665,0.98109,0.98109,0.98109,0.933115,0.972856,1.00737,0.0178108,0.918114,0.929579,0.931973,0.944158,1.0738,1.10335,1.21075,0.942196,0.937135,1.004,0.0163802,0.921028,0.931914,0.932743,0.98962,1.0738,1.10625,1.19624,0.664909,0.679767,0.71781,0.013767,0.643222,0.661305,0.664433,0.679767,0.766214,0.784257,0.883415,0.668178,0.661305,0.720922,0.0135012,0.65531,0.663533,0.664708,0.742542,0.756154,0.779341,0.881039,0.861898,0.965299,0.796231,0.0151819,0.654652,0.685143,0.707652,0.778668,0.845193,0.907083,0.960468,1.04537,0.947179,0.968454,0.0125635,0.835382,0.859839,0.885297,0.970259,1.04537,1.05119,1.06046,0.617407,0.668916,0.612123,0.00856217,0.52922,0.559441,0.567425,0.60085,0.665225,0.6773,0.701128,0.77605,0.760927,0.78951,0.00548925,0.747948,0.75543,0.769508,0.782765,0.815162,0.830078,0.831561,-9999,-9999
200705,6.56,1.0,4.321,1.889,1.0,8.034,1.933,1.0,7.912,5.563,1.886,9.465,3.147,6.56,1.0,4.321,1.889,1.0,8.034,1.933,1.0,464.108,303.331,1.0,316.776,303.331,1.0,-9999,-9999,315.908,315.908,0.0,272.382,1.0,270.06,272.382,1.0,3.851,1.0,5.226,3.851,1.0,91.106,91.106,0.0,1.374,1.684,1.0,2.481,2.535,0.893817,0.445985488538,0.869623655914,179.951619624,1.0,583.329153226,1.0,42.1737634409,1.0,370.249,0.999328,9.481,1.0,15.819,1.0,8.53121,-9999,44.9098,0.997984,62.5713,0.384611,77.7838,0.999328,108.373,0.750838,0.99664,1,19.1613,28.8387,19.1613,28.8387,-0.900167,-0.896514,0.995968,0.994624,0.0248633,0.0247474,0.026785,0.0273694,-0.897405,-0.895924,0.995296,0.994624,0.0249359,0.0241698,0.0268524,0.0268482,-0.903095,-0.901885,0.99506,0.993464,0.00218849,0.00261893,-0.917591,-0.915849,-0.913033,-0.903601,-0.89844,-0.895924,-0.885717,-0.922138,-0.915849,-0.913024,-0.903492,-0.896514,-0.89247,-0.884582,0.99664,0.997984,0.999328,0.993952,0.995296,0.994624,0.99328,0.991263,0.997984,0.991935,0.995968,0.994624,0.995296,0.99328,0.979095,0.982859,0.540837,0.537472,0.998302,1.0,0.034097,0.0339701,0.0721746,0.0649883,-2.06168,-2.05689,1.75494,1.75063,0.989989,0.991101,0.0328186,0.0326509,0.0650269,0.0598259,0.969015,0.967907,0.551476,0.523131,1.0,1.0,0.0343689,0.0326056,0.0723034,0.0642855,-2.07084,-2.06773,1.75732,1.74562,0.992214,0.991101,0.0328352,0.0321481,0.0650352,0.059553,0.855995,0.892864,0.914441,0.967279,1.00204,1.02009,1.04169,0.866428,0.899302,0.913141,0.961839,1.00214,1.01011,1.03426,0.996604,0.998302,1.0,1.0,1.0,1.0,1.0,0.996604,0.998302,0.998302,1.0,1.0,1.0,1.0,-2.1617,-2.13975,-2.11337,-2.07234,-2.03999,-2.02747,-2.00758,-2.16208,-2.13427,-2.1127,-2.06996,-2.04214,-2.03401,-2.01427,0.9855,0.988837,0.989949,0.992214,0.996663,0.998888,1.0,0.979819,0.987724,0.988837,0.991101,0.992214,0.993326,0.996663,1.19992,1.20867,1.19761,0.00426659,1.14201,1.17383,1.17782,1.20307,1.2179,1.22218,1.23337,1.22922,1.19981,1.19392,0.00353443,1.14485,1.17383,1.17968,1.19477,1.20867,1.21718,1.23145,2.10066,2.1046,2.0995,0.00402851,2.03245,2.07269,2.07856,2.10418,2.1179,2.12067,2.13644,2.11659,2.09722,2.09702,0.00375331,2.04386,2.07238,2.07897,2.10066,2.11028,2.11907,2.1313,1.10974,1.04922,1.06266,0.0119348,0.946506,0.981682,1.00882,1.05884,1.12888,1.13717,1.15052,1.22966,1.06737,1.09834,0.0133002,0.976736,1.01044,1.02006,1.07699,1.16789,1.17693,1.22966,2.06784,2.06788,2.05505,0.00635762,1.97921,2.01449,2.03328,2.05607,2.0773,2.08622,2.10816,2.0455,2.04605,2.07507,0.00627488,2.01456,2.03615,2.04657,2.06818,2.10045,2.10977,2.13728,-9999,-9999
200706,11.315,1.0,8.483,2.219,1.0,12.989,2.336,1.0,11.854,9.401,1.846,13.305,3.396,11.315,1.0,8.483,2.219,1.0,12.989,2.336,1.0,485.015,337.663,1.0,339.52,337.663,1.0,-9999,-9999,348.065,348.065,0.0,292.082,1.0,293.723,292.082,1.0,5.753,1.0,7.198,5.753,1.0,91.106,91.106,0.0,0.048,0.003,1.0,2.065,2.033,0.933333,0.367020699776,0.933333333333,188.985,1.0,648.577149823,0.999305555556,45.1295,1.0,364.418,0.998611,16.212,1.0,8.304,1.0,11.3322,-9999,49.8556,0.989583,66.2422,0.520283,83.6712,0.998611,111.172,0.741015,0.989583,1,17.8333,30.1667,17.8333,30.1667,-1.8404,-1.81276,0.973611,0.965972,0.0255526,0.0253731,0.0466271,0.02975,-1.82638,-1.8147,0.971528,0.965972,0.0254748,0.0253234,0.0465846,0.0297077,-1.84368,-1.82282,0.967934,0.964792,0.00724609,0.0028963,-1.96149,-1.88808,-1.86077,-1.82679,-1.81417,-1.81008,-1.80201,-1.86203,-1.83744,-1.83584,-1.82238,-1.81276,-1.80637,-1.80171,0.977778,0.976389,0.975,0.971528,0.965972,0.959722,0.965278,0.975,0.973611,0.973611,0.960417,0.965972,0.965278,0.965278,1.30003,1.32003,0.506543,0.45801,0.948039,0.948039,0.0356711,0.0352769,0.105727,0.0685683,-3.57915,-3.56426,2.50777,2.49349,0.983548,0.980251,0.0330214,0.0328435,0.0792154,0.0667813,1.32036,1.31632,0.515371,0.457386,0.948039,0.948039,0.0355295,0.0351826,0.105679,0.0685199,-3.58463,-3.5643,2.51998,2.49262,0.985699,0.976989,0.0329333,0.0327887,0.0791787,0.0667544,1.03487,1.16833,1.22574,1.29828,1.34628,1.36739,1.39026,1.1516,1.23832,1.25941,1.30473,1.34225,1.35591,1.38391,0.925708,0.935076,0.942484,0.948039,0.962854,0.962854,0.962854,0.933224,0.935076,0.936928,0.948039,0.953595,0.957298,0.95915,-3.70083,-3.66281,-3.63621,-3.58882,-3.53888,-3.5188,-3.48433,-3.66287,-3.62647,-3.61289,-3.57128,-3.53421,-3.51017,-3.46947,0.958459,0.967168,0.973692,0.985699,0.990072,0.991183,0.994444,0.945412,0.969391,0.970502,0.976989,0.987921,0.989032,0.989032,1.65598,1.6691,1.65179,0.00537962,1.60491,1.61826,1.63912,1.65641,1.67038,1.68087,1.68802,1.67038,1.65703,1.63214,0.00784067,1.50968,1.58343,1.60817,1.65029,1.66729,1.67038,1.68373,3.48958,3.4838,3.47461,0.00558653,3.41816,3.46,3.46552,3.48341,3.49188,3.49451,3.50212,3.50096,3.48341,3.47582,0.00462513,3.4338,3.46171,3.46602,3.48278,3.48958,3.495,3.50119,2.1586,1.98908,2.206,0.0417999,1.96025,1.98526,1.99739,2.14384,2.19893,2.71423,2.73739,1.89125,2.16753,2.13117,0.0395521,1.85921,1.95155,1.97081,2.07928,2.16403,2.18915,2.72503,3.8337,3.83638,3.92717,0.023035,3.82284,3.82928,3.83449,3.85922,3.90409,4.20941,4.22769,3.82205,3.87675,3.8805,0.0225094,3.69209,3.80152,3.82284,3.84638,3.88711,3.92362,4.22254,-9999,-9999
200707,16.178,1.0,12.883,2.203,1.0,18.291,2.348,1.0,14.819,12.054,2.17,16.601,3.768,16.178,1.0,12.883,2.203,1.0,18.291,2.348,1.0,474.283,374.851,1.0,342.444,374.851,1.0,-9999,-9999,362.57,362.57,0.0,302.894,1.0,304.396,302.894,1.0,11.641,1.0,9.695,11.641,1.0,91.291,91.291,0.0,0.005,0.0,1.0,2.074,2.215,0.914651,0.405317290197,0.974462365591,191.607983871,1.0,720.056722575,0.999327956989,60.0623319892,1.0,359.614,0.999328,21.605,1.0,6.0,1.0,11.8937,-9999,47.0529,0.741263,61.3911,0.610776,91.6112,0.997984,119.528,0.71303,0.741263,1,18.8065,29.1935,18.8065,29.1935,-0.723502,-0.704203,0.979839,0.977151,0.0244259,0.0244366,0.0355729,0.0259727,-0.714324,-0.703001,0.980511,0.977151,0.0244264,0.0245652,0.0355732,0.0260937,-0.729978,-0.711895,0.977302,0.97579,0.0080276,0.0015161,-0.823586,-0.756472,-0.726784,-0.715352,-0.708347,-0.704749,-0.70183,-0.726784,-0.722397,-0.717448,-0.711039,-0.7073,-0.704798,-0.701918,0.979839,0.979839,0.982527,0.980511,0.977151,0.977151,0.971102,0.982527,0.979839,0.980511,0.975806,0.977151,0.97043,0.96707,1.16355,1.18168,0.452008,0.443843,0.960573,0.953782,0.0339091,0.0338226,0.0796987,0.0516814,-1.87975,-1.87425,1.38873,1.38363,0.993363,0.992251,0.0319469,0.0320054,0.0496708,0.0500922,1.16986,1.18229,0.45878,0.442332,0.960573,0.953782,0.0338949,0.0340409,0.0796927,0.0518245,-1.88075,-1.87088,1.38986,1.38445,0.993363,0.992251,0.0319541,0.0321562,0.0496754,0.0501887,0.911073,1.05785,1.11977,1.16096,1.19306,1.2021,1.2141,1.08896,1.12303,1.13474,1.16763,1.19318,1.20118,1.22088,0.920392,0.937842,0.94501,0.957178,0.96595,0.967648,0.974533,0.932466,0.941238,0.948312,0.95548,0.960573,0.960573,0.967648,-1.9584,-1.92409,-1.90587,-1.88011,-1.85903,-1.84802,-1.82229,-1.93057,-1.91241,-1.89936,-1.872,-1.85396,-1.83534,-1.81924,0.984501,0.991138,0.991138,0.993363,0.995551,0.995551,0.996663,0.982277,0.986726,0.991138,0.992251,0.993363,0.995551,0.996663,1.40897,1.40325,1.40349,0.00403957,1.34012,1.39209,1.39828,1.41144,1.41667,1.42115,1.42252,1.41088,1.41065,1.39684,0.00590216,1.34247,1.36435,1.38971,1.40897,1.41612,1.42137,1.42768,2.1258,2.10625,2.11538,0.00514187,2.0505,2.09688,2.10684,2.12652,2.13182,2.13383,2.14575,2.12709,2.12497,2.12682,0.00511365,2.06424,2.10379,2.10878,2.12612,2.13794,2.15853,2.17097,1.33459,1.37361,1.35874,0.0145904,1.24457,1.27727,1.32554,1.3619,1.42174,1.42863,1.44974,1.35942,1.4552,1.42469,0.0167255,1.28898,1.33791,1.35395,1.4412,1.46489,1.47407,1.50647,2.11543,2.13145,2.11604,0.00971532,1.99485,2.08625,2.10928,2.12717,2.14553,2.16038,2.16968,2.23228,2.21194,2.19838,0.00905245,2.1344,2.14997,2.15865,2.19451,2.21808,2.23228,2.24048,-9999,-9999
200708,14.816,1.0,12.34,1.926,1.0,16.605,2.008,1.0,13.956,11.689,1.827,15.594,3.209,14.816,1.0,12.34,1.926,1.0,16.605,2.008,1.0,432.955,295.566,1.0,291.943,295.566,1.0,-9999,-9999,365.103,365.103,0.0,310.714,1.0,306.26,310.714,1.0,9.221,1.0,8.268,9.221,1.0,91.113,91.113,0.0,0.789,1.252,1.0,2.285,2.148,0.922715,0.411421031118,0.965053763441,152.536276882,1.0,566.874689001,0.998655913978,53.1429637097,1.0,356.983,1.0,18.419,1.0,7.303,1.0,5.46555,-9999,32.2112,0.0,47.5355,2.09693,66.5441,0.997984,98.2021,0.724385,2.0,2,20.1613,27.8387,20.1613,27.8387,-0.0668465,-0.0795474,0.995296,0.992608,0.0179256,0.0177479,0.0251608,0.0233399,-0.0723827,-0.0757623,0.994624,0.992608,0.0179568,0.0177774,0.025183,0.0233623,-0.0717255,-0.062981,0.989567,0.986761,0.00308342,0.00304467,-0.103948,-0.0881054,-0.0829014,-0.074418,-0.0598898,-0.0527932,-0.04219,-0.0838575,-0.0805544,-0.0763856,-0.0679613,-0.054582,-0.0502386,-0.0429069,0.995968,0.994624,0.993952,0.994624,0.995968,0.97379,0.979839,0.993952,0.994624,0.992608,0.995968,0.986559,0.968414,0.979167,1.25267,1.27401,0.402594,0.389829,0.995076,0.995076,0.0271779,0.0268955,0.0921953,0.0592181,-1.05482,-1.06099,1.20601,1.21262,0.992996,0.991802,0.0223535,0.0221403,0.0646545,0.0638835,1.26986,1.27426,0.413908,0.389802,0.995076,0.995076,0.0272337,0.0269558,0.0922117,0.0592456,-1.05177,-1.0602,1.20828,1.21038,0.994191,0.990689,0.022387,0.0221671,0.064666,0.0638928,1.10903,1.15774,1.19475,1.25536,1.30939,1.33393,1.36608,1.1945,1.21442,1.23042,1.27016,1.30506,1.31994,1.36409,0.985229,0.988455,0.990068,0.995076,0.995076,0.995076,0.996689,0.990153,0.993379,0.995076,0.995076,0.995076,0.995076,0.995076,-1.1545,-1.10105,-1.086,-1.04776,-1.00646,-0.979712,-0.945798,-1.14611,-1.09576,-1.07545,-1.05439,-1.00625,-0.975911,-0.955895,0.942364,0.976517,0.983521,0.992996,0.997693,0.998888,1.0,0.928399,0.963457,0.977712,0.990689,0.994191,0.996498,0.997693,1.41059,1.41391,1.41715,0.0048465,1.39023,1.39712,1.39872,1.40994,1.42598,1.42958,1.46824,1.40354,1.42573,1.40956,0.00461147,1.36506,1.38725,1.39748,1.40491,1.41475,1.42738,1.43582,1.49099,1.48967,1.48014,0.00332609,1.44047,1.45324,1.4653,1.48514,1.49152,1.49714,1.51213,1.48577,1.49811,1.48128,0.00301084,1.44833,1.46433,1.46975,1.484,1.48967,1.49387,1.50011,1.11478,0.971037,1.01597,0.0138272,0.883833,0.889722,0.928465,1.03194,1.0881,1.09701,1.12698,1.06423,1.13963,1.11777,0.00963786,0.983319,1.05695,1.08077,1.12298,1.1664,1.17935,1.18915,1.36817,1.26882,1.31582,0.00832835,1.249,1.26355,1.2676,1.30324,1.36846,1.37288,1.39999,1.4667,1.44202,1.43163,0.005562,1.38348,1.39413,1.40136,1.44083,1.45103,1.46767,1.48423,-9999,-9999
200709,11.015,1.0,9.064,1.863,1.0,12.678,1.751,1.0,10.385,8.504,1.584,12.021,2.707,11.015,1.0,9.064,1.863,1.0,12.678,1.751,1.0,367.193,237.042,1.0,236.041,237.042,1.0,-9999,-9999,345.658,345.658,0.0,302.017,1.0,291.951,302.017,1.0,4.791,1.0,5.037,4.791,1.0,91.383,91.383,0.0,1.456,1.837,1.0,1.971,2.285,0.932639,0.411669472149,0.941666666667,137.332430556,1.0,452.470040832,0.997222222222,44.1304861111,1.0,349.003,0.999306,14.899,1.0,8.524,1.0,1.80584,-9999,27.5852,0.745833,45.4263,0.516167,56.023,0.999306,92.2566,0.678837,0.744444,1,22.3667,25.6333,22.3667,25.6333,-0.304584,-0.28867,0.990278,0.988194,0.0199374,0.019818,0.0262745,0.0224067,-0.27218,-0.291074,0.990278,0.988194,0.0200092,0.0198589,0.026329,0.0224429,-0.293013,-0.286224,0.986563,0.984635,0.00266178,0.0019589,-0.322888,-0.311631,-0.305299,-0.291074,-0.283119,-0.277406,-0.276341,-0.30496,-0.298474,-0.291851,-0.288366,-0.279367,-0.277564,-0.272202,0.989583,0.992361,0.990278,0.988194,0.988889,0.9875,0.986806,0.990278,0.990278,0.990278,0.988194,0.9875,0.990278,0.989583,1.01198,1.00163,0.526262,0.504804,0.984271,0.984271,0.0289431,0.0284853,0.065409,0.0616817,-1.37108,-1.37761,1.37207,1.37336,0.992292,0.990903,0.0256229,0.0257118,0.0589033,0.0540912,1.02806,1.00156,0.540537,0.504925,0.985859,0.984271,0.0289987,0.0285335,0.0654336,0.0617039,-1.36427,-1.37608,1.38318,1.37229,0.993625,0.990903,0.0257571,0.0257738,0.0589618,0.0541207,0.901365,0.921358,0.938439,0.992341,1.02218,1.03867,1.06993,0.925507,0.943339,0.957349,0.999218,1.03413,1.05276,1.06976,0.978139,0.981169,0.981169,0.985859,0.985859,0.985859,0.987446,0.981169,0.982756,0.982756,0.984271,0.985859,0.987446,0.987446,-1.45921,-1.42434,-1.40329,-1.37005,-1.33511,-1.31826,-1.28614,-1.45067,-1.41875,-1.39974,-1.372,-1.34571,-1.32358,-1.28443,0.955097,0.977133,0.988387,0.993625,0.995014,0.998718,0.998718,0.953764,0.9758,0.978368,0.990903,0.995014,0.995014,0.995014,1.07667,1.0599,1.06561,0.00358913,1.03976,1.04726,1.06046,1.06889,1.07675,1.08257,1.08639,1.07966,1.08212,1.06417,0.00243181,1.03776,1.04365,1.05814,1.06465,1.07504,1.07968,1.08421,1.35322,1.35097,1.35184,0.00459688,1.31783,1.34472,1.3523,1.35708,1.36293,1.36454,1.36566,1.36278,1.3543,1.35718,0.00292393,1.32101,1.35055,1.35326,1.36096,1.36526,1.3676,1.37025,1.02571,1.01282,1.18299,0.0358455,0.957978,0.996053,1.02409,1.05925,1.43534,1.46275,1.48623,1.05399,1.1771,1.18546,0.0298852,1.00677,1.01773,1.03954,1.12612,1.19363,1.49101,1.53659,1.43937,1.4762,1.50843,0.0100419,1.42929,1.44626,1.46598,1.4872,1.55515,1.56394,1.59529,1.50527,1.44894,1.48429,0.0102012,1.37636,1.41356,1.43046,1.48158,1.53037,1.5732,1.57911,-9999,-9999
200710,5.435,1.0,4.284,1.37,1.0,6.649,1.462,1.0,6.009,4.56,1.392,7.557,2.144,5.435,1.0,4.284,1.37,1.0,6.649,1.462,1.0,287.896,154.07,1.0,165.292,154.07,1.0,-9999,-9999,311.59,311.59,0.0,280.928,1.0,266.883,280.928,1.0,2.146,1.0,3.408,2.146,1.0,91.372,91.372,0.0,1.697,1.645,1.0,1.922,2.161,0.899866,0.366298313326,0.899865591398,97.9024240229,0.898521505376,293.996951613,0.997983870968,29.6383467742,1.0,352.951,1.0,7.655,1.0,14.875,1.0,-4.10876,-9999,26.0408,1.0,49.5735,0.483959,27.7696,1.0,52.8646,0.583089,0.897177,1,24.8065,23.1935,24.8065,23.1935,0.00156404,-0.0434335,0.999328,0.998656,0.0217979,0.0215842,0.0333856,0.0313525,-0.0050779,-0.0434295,0.999328,0.998656,0.0217571,0.0212458,0.0333589,0.0311205,-0.0293124,-0.0256651,0.993112,0.990776,0.00375319,0.00320985,-0.0613482,-0.0535186,-0.0444813,-0.0355855,-0.0203585,-0.00294405,0.00156404,-0.0517513,-0.0465197,-0.0436904,-0.030744,-0.0050779,-0.00103986,0.00925825,0.999328,0.999328,0.998656,0.998656,0.999328,0.999328,0.999328,0.991935,0.998656,0.998656,0.986559,0.999328,0.999328,0.999328,0.768305,0.769016,0.484927,0.477415,0.99871,0.99871,0.0288342,0.0287164,0.0718196,0.0618497,-0.857015,-0.89768,1.14884,1.15058,1.0,0.998656,0.0306387,0.0301598,0.0926451,0.0786336,0.773214,0.766011,0.484775,0.47268,0.99871,0.99871,0.0287812,0.0283487,0.0717984,0.0616798,-0.832741,-0.901251,1.15242,1.15089,1.0,0.998656,0.0305802,0.0295965,0.0926257,0.0784193,0.594145,0.671952,0.698059,0.756197,0.78809,0.803507,0.833928,0.62651,0.691472,0.717261,0.755406,0.788009,0.80103,0.82626,0.992151,0.996129,0.99871,0.99871,0.99871,0.99871,0.99871,0.986774,0.996129,0.996129,0.99871,0.99871,0.99871,0.99871,-0.999776,-0.943397,-0.91528,-0.84953,-0.790166,-0.768533,-0.697108,-0.958333,-0.91839,-0.903841,-0.878572,-0.798724,-0.773151,-0.714615,0.896968,0.990475,0.998656,1.0,1.0,1.0,1.0,0.884871,0.976975,0.994565,0.998656,1.0,1.0,1.0,0.923688,0.925915,0.903936,0.00346473,0.861646,0.871884,0.887224,0.908371,0.9233,0.925503,0.928276,0.911432,0.914035,0.893551,0.00490775,0.837855,0.860962,0.868061,0.902388,0.917918,0.925503,0.927989,0.925729,0.969344,0.929602,0.00333221,0.889319,0.908694,0.912283,0.927026,0.945701,0.950487,0.968149,0.93179,0.919113,0.922864,0.00385152,0.876195,0.895158,0.905449,0.922831,0.936323,0.948966,0.968149,0.737501,0.352667,0.584171,0.0340798,0.339529,0.3542,0.372059,0.521246,0.736754,0.806787,0.959774,1.02191,1.1435,0.980826,0.0225749,0.734319,0.766338,0.894539,1.01711,1.06771,1.09773,1.12207,0.748292,0.542735,0.72486,0.0256465,0.538334,0.540458,0.570822,0.729469,0.804279,0.880796,1.01195,0.874622,0.996538,0.950544,0.0143815,0.802316,0.812909,0.874622,0.981203,1.01171,1.03246,1.04783,-9999,-9999
200711,1.714,1.0,-0.094,2.309,1.0,3.96,1.913,1.0,1.96,0.443,1.947,3.888,2.625,1.714,1.0,-0.094,2.309,1.0,3.96,1.913,1.0,217.126,150.437,1.0,132.295,150.437,1.0,-9999,-9999,265.66,265.66,0.0,232.023,1.0,233.085,232.023,1.0,3.261,1.0,3.072,3.261,1.0,91.33,91.33,0.0,0.658,1.837,1.0,2.019,2.107,0.854167,0.327733388609,0.823611111111,-9999,-9999,289.302638889,1.0,34.6026736111,1.0,356.579,1.0,3.186,0.654861,14.933,1.0,-7.80944,-9999,15.6676,0.999306,29.8262,0.323183,24.2731,1.0,46.2085,0.692327,1.0,2,27.0,21.0,27.0,20.9667,-0.209852,-0.215591,0.988889,0.984722,0.0138242,0.0135214,0.0252713,0.0249524,-0.21107,-0.215553,0.988889,0.984722,0.0138325,0.0133788,0.0252758,0.0248754,-0.219942,-0.225678,0.980365,0.975295,0.00299458,0.00320632,-0.25776,-0.246077,-0.240833,-0.212746,-0.205177,-0.203767,-0.202104,-0.264728,-0.2511,-0.246251,-0.215591,-0.210689,-0.209157,-0.203647,0.947222,0.972222,0.902083,0.990972,0.990972,0.989583,0.990972,0.927083,0.961111,0.972222,0.984722,0.9875,0.988889,0.989583,0.302204,0.306751,0.28965,0.290984,0.984805,0.984805,0.0186054,0.0182679,0.0509217,0.0511514,-0.846036,-0.849012,0.749268,0.757262,0.983564,0.983564,0.0188358,0.0183079,0.0758165,0.0542731,0.314629,0.305652,0.290648,0.289839,0.984805,0.984805,0.0186266,0.0180681,0.0509295,0.0510803,-0.855905,-0.855608,0.765362,0.758728,0.993564,0.983564,0.0188304,0.0181267,0.0758151,0.0542123,0.201852,0.249554,0.26662,0.303374,0.333523,0.344356,0.370855,0.198734,0.243955,0.262717,0.304243,0.329487,0.339511,0.35491,0.957977,0.979677,0.980959,0.984805,0.984805,0.984805,0.986087,0.945109,0.977113,0.979677,0.984805,0.984805,0.984805,0.984805,-0.966367,-0.938225,-0.911612,-0.860025,-0.80886,-0.791346,-0.76266,-0.954508,-0.922771,-0.904702,-0.864849,-0.831426,-0.820587,-0.789038,0.879177,0.960765,0.972049,0.990231,0.998413,0.998413,0.998413,0.874632,0.938874,0.960765,0.983564,0.993564,0.995231,0.996898,0.411081,0.408685,0.388023,0.00677505,0.280197,0.358182,0.359039,0.402339,0.411081,0.412145,0.44853,0.408258,0.411081,0.392018,0.00571811,0.307135,0.359039,0.369336,0.402339,0.411081,0.417145,0.444507,0.623693,0.624238,0.613701,0.00426027,0.534917,0.60476,0.60546,0.617644,0.624153,0.627442,0.652033,0.621703,0.62215,0.61196,0.00398169,0.547968,0.586409,0.605116,0.617687,0.623693,0.627442,0.647196,0.330836,0.371314,0.408244,0.0195001,0.292912,0.306435,0.319291,0.371314,0.466181,0.495955,0.684947,0.322654,0.354021,0.376285,0.0144762,0.244974,0.291184,0.317182,0.350644,0.431903,0.450671,0.536534,0.63434,0.587967,0.633084,0.0101807,0.566236,0.581909,0.587967,0.618399,0.636259,0.659785,0.745974,0.582275,0.64157,0.620658,0.00890493,0.558542,0.581648,0.583435,0.607706,0.628717,0.653112,0.736582,-9999,-9999
200712,-0.225,1.0,-1.216,1.973,1.0,1.184,1.553,1.0,-0.534,-1.819,1.697,1.274,2.489,-0.225,1.0,-1.216,1.973,1.0,1.184,1.553,1.0,182.2,123.207,1.0,100.363,123.207,1.0,-9999,-9999,259.443,259.443,0.0,218.77,1.0,228.511,218.77,1.0,2.999,1.0,2.448,2.999,1.0,91.746,91.746,0.0,0.808,0.094,1.0,2.001,2.687,0.829301,0.367361609498,0.797715053763,-9999,-9999,236.936928763,1.0,69.9929771505,1.0,357.921,0.998656,2.777,0.0,12.766,1.0,-11.4992,-9999,13.1869,0.991263,18.1815,0.350993,-0.0498991,1.0,-0.068799,0.692867,1.0,3,28.0645,19.9355,28.0645,19.9355,-0.245305,-0.262675,0.986559,0.977823,0.0120783,0.0120318,0.0248124,0.0221034,-0.250616,-0.263364,0.985887,0.977823,0.0120729,0.0120505,0.0248097,0.0221136,-0.25945,-0.264454,0.978847,0.975588,0.00373581,0.0032472,-0.295733,-0.282518,-0.275757,-0.262701,-0.245305,-0.23917,-0.221929,-0.321503,-0.281823,-0.276618,-0.263036,-0.249548,-0.24474,-0.240105,0.956317,0.966398,0.985215,0.977823,0.986559,0.987903,0.991263,0.956989,0.966398,0.966398,0.977823,0.985887,0.986559,0.987231,-0.068028,-0.0716325,0.318882,0.321426,0.982798,0.982798,0.0153229,0.0152225,0.0753922,0.0385042,-0.510035,-0.509427,0.520243,0.515347,0.983786,0.970543,0.0178903,0.0178914,0.0752394,0.0516806,-0.0596546,-0.0719988,0.318403,0.321772,0.982798,0.982798,0.0153104,0.0152511,0.0753897,0.0385156,-0.496965,-0.509452,0.510167,0.515348,0.990323,0.970543,0.0178917,0.0179108,0.0752397,0.0516873,-0.188324,-0.14747,-0.10929,-0.0617156,-0.0225556,0.0001671,0.0145897,-0.158228,-0.0993476,-0.087267,-0.0701462,-0.0353286,-0.0286128,-0.00824513,0.959836,0.964365,0.97819,0.98395,0.987367,0.990783,0.993088,0.979382,0.981646,0.981646,0.982798,0.98395,0.985063,0.986215,-0.631012,-0.585494,-0.561962,-0.516112,-0.455621,-0.439331,-0.395942,-0.613049,-0.572613,-0.553951,-0.513736,-0.486275,-0.475643,-0.44288,0.913582,0.937776,0.949406,0.991935,1.0,1.0,1.0,0.910357,0.929711,0.939474,0.970543,0.995161,0.995161,1.0,0.102941,0.0986352,0.0954638,0.00224831,0.0629313,0.075582,0.0899874,0.099551,0.105692,0.106898,0.109186,0.101609,0.102941,0.100348,0.0021944,0.0641473,0.08953,0.0970032,0.102546,0.107637,0.112234,0.118326,0.353083,0.361999,0.359918,0.00165236,0.344214,0.348082,0.352511,0.361449,0.36541,0.370851,0.373677,0.362839,0.353558,0.359798,0.00233167,0.32905,0.343105,0.351857,0.361485,0.366368,0.373712,0.382011,0.537031,0.44855,0.433047,0.0205323,0.290863,0.31238,0.355949,0.433009,0.462242,0.493807,0.537031,0.575982,0.460726,0.442262,0.0202833,0.280313,0.314323,0.337871,0.442656,0.460726,0.525887,0.575982,0.460126,0.331831,0.36878,0.0156525,0.295799,0.31124,0.32069,0.329859,0.351416,0.460126,0.648203,0.329892,0.327053,0.363705,0.0148318,0.208422,0.296526,0.31674,0.331831,0.411889,0.444105,0.491544,-9999,-9999
200801,0.767,1.0,-0.571,2.34,1.0,2.555,2.064,1.0,0.093,-1.388,1.79,2.068,2.637,0.767,1.0,-0.571,2.34,1.0,2.555,2.064,1.0,199.128,156.67,1.0,116.375,156.67,1.0,-9999,-9999,264.053,264.053,0.0,221.408,1.0,231.902,221.408,1.0,2.908,1.0,2.515,2.908,1.0,91.767,91.767,0.0,0.768,0.474,1.0,2.152,2.55,0.899866,0.356672108715,0.843413978495,-9999,-9999,300.724120768,0.999327956989,144.73188172,1.0,363.243,0.999328,3.007,0.0,-9999,-9999,-7.09355,-9999,16.0908,0.998656,22.1854,0.47256,-7.63358,0.998656,-10.5249,0.886006,1.0,3,27.4839,20.5161,27.4839,20.5161,0.176595,0.18619,0.977151,0.976478,0.0115165,0.0115346,0.0403562,0.0267883,0.18468,0.186792,0.972446,0.976478,0.0115027,0.011604,0.0403523,0.0268182,0.182524,0.187722,0.975991,0.975638,0.00529646,0.00434744,0.133465,0.13745,0.146094,0.183463,0.206151,0.214806,0.238087,0.143585,0.163872,0.167261,0.18619,0.206059,0.212228,0.239145,0.979167,0.985215,0.983199,0.972446,0.97379,0.97379,0.974462,0.984543,0.97379,0.982527,0.976478,0.974462,0.97379,0.974462,0.249393,0.241439,0.250843,0.263728,0.971924,0.969619,0.014674,0.0146777,0.0523459,0.0338241,0.0836842,0.0844827,0.378661,0.380329,0.971198,0.972734,0.016963,0.0170197,0.0735394,0.0671192,0.250868,0.254026,0.250813,0.248881,0.971924,0.978836,0.0146534,0.0147735,0.0523401,0.0338657,0.0812676,0.0817545,0.379039,0.379557,0.972734,0.972734,0.0169475,0.0171104,0.0735358,0.0671423,0.164844,0.180278,0.205942,0.251035,0.27278,0.280772,0.309309,0.191164,0.220067,0.232704,0.253346,0.273454,0.281014,0.307577,0.951058,0.966035,0.96723,0.980116,0.987071,0.988266,0.995349,0.951098,0.964883,0.974142,0.981268,0.985919,0.988266,0.994197,-0.0209174,0.00975346,0.0290687,0.0817191,0.14016,0.152866,0.185656,-0.0196577,0.0169839,0.0343803,0.0826625,0.134398,0.146835,0.180245,0.939009,0.958295,0.961444,0.97427,0.982258,0.98871,0.995161,0.939009,0.959908,0.961444,0.97427,0.979032,0.985484,0.993548,0.262613,0.259793,0.261803,0.0012723,0.241342,0.256062,0.260773,0.263616,0.265501,0.268017,0.268884,0.256513,0.259793,0.261803,0.0012723,0.241342,0.256062,0.260773,0.263616,0.265501,0.268017,0.268884,0.0947043,0.0730011,0.074081,0.00521057,0.00038612,0.0476518,0.0526333,0.0749794,0.096486,0.100268,0.115926,0.0716418,0.0751134,0.0792788,0.00611918,0.00242884,0.0473029,0.0520861,0.0770917,0.0995692,0.127713,0.131494,0.429574,0.4713,0.455367,0.00467594,0.402264,0.429574,0.433484,0.450319,0.471247,0.475454,0.496218,0.464243,0.4713,0.455367,0.00467594,0.402264,0.429574,0.433484,0.450319,0.471247,0.475454,0.496218,0.135357,0.11827,0.127719,0.00375326,0.0827958,0.100783,0.102892,0.127099,0.142773,0.147867,0.168468,0.123855,0.11827,0.127719,0.00375326,0.0827958,0.100783,0.102892,0.127099,0.142773,0.147867,0.168468,-9999,-9999
200802,0.776,1.0,-0.182,1.017,1.0,1.883,1.284,1.0,1.256,-0.194,1.328,2.927,2.093,0.776,1.0,-0.182,1.017,1.0,1.883,1.284,1.0,259.836,145.709,1.0,146.239,145.709,1.0,-9999,-9999,284.559,284.559,0.0,242.658,1.0,246.992,242.658,1.0,1.869,1.0,2.555,1.869,1.0,91.734,91.734,0.0,1.804,1.9,1.0,2.606,2.541,0.96408,0.403641258202,0.780890804598,-9999,-9999,278.740603448,0.998563218391,35.956408046,1.0,358.185,1.0,3.938,0.0,-9999,-9999,-1.08523,-9999,18.0431,1.0,24.8771,0.395984,15.3379,1.0,21.1474,0.71296,1.0,3,25.6897,22.3103,25.6897,22.3103,-0.203219,-0.216999,0.99569,0.99569,0.0140918,0.0139838,0.0423949,0.0423591,-0.216951,-0.216951,0.99569,0.99569,0.0140726,0.0140726,0.0423885,0.0423885,-0.215905,-0.215905,0.994684,0.994684,0.00583532,0.00583532,-0.290655,-0.26338,-0.234079,-0.215815,-0.194584,-0.183411,-0.158241,-0.290655,-0.26338,-0.234079,-0.215815,-0.194584,-0.183411,-0.158241,0.988506,0.993534,0.993534,0.994971,0.997126,0.997845,0.998563,0.988506,0.993534,0.993534,0.994971,0.997126,0.997845,0.998563,0.114485,0.116368,0.280257,0.280487,0.996021,0.996021,0.0179014,0.0177264,0.0471558,0.0470897,-0.579917,-0.576265,0.605189,0.598197,0.99373,0.995298,0.0207046,0.0205889,0.0475937,0.0475435,0.113935,0.113935,0.280545,0.280545,0.996021,0.996021,0.0178575,0.0178575,0.0471392,0.0471392,-0.581483,-0.581483,0.599831,0.599831,0.995298,0.995298,0.0206987,0.0206987,0.0475911,0.0475911,0.0237261,0.0582982,0.0848059,0.111809,0.13494,0.14555,0.167765,0.0237261,0.0582982,0.0848059,0.111809,0.13494,0.14555,0.167765,0.994695,0.996021,0.996021,0.996021,0.997347,0.998674,0.998674,0.994695,0.996021,0.996021,0.996021,0.997347,0.998674,0.998674,-0.660019,-0.618081,-0.596652,-0.576689,-0.547072,-0.532373,-0.499748,-0.660019,-0.618081,-0.596652,-0.576689,-0.547072,-0.532373,-0.499748,0.978261,0.990596,0.990596,0.995298,0.996865,0.996865,0.998433,0.978261,0.990596,0.990596,0.995298,0.996865,0.996865,0.998433,0.140594,0.136887,0.129561,0.0026968,0.0951356,0.103192,0.120348,0.136238,0.139372,0.140735,0.141809,0.137887,0.136887,0.129561,0.0026968,0.0951356,0.103192,0.120348,0.136238,0.139372,0.140735,0.141809,0.338405,0.353838,0.345466,0.00345793,0.306278,0.315376,0.329866,0.351724,0.355819,0.360859,0.378689,0.353702,0.353838,0.345466,0.00345793,0.306278,0.315376,0.329866,0.351724,0.355819,0.360859,0.378689,0.397291,0.343494,0.41163,0.0159339,0.273554,0.343257,0.348517,0.405226,0.424716,0.442986,0.519064,0.368993,0.343494,0.41163,0.0159339,0.273554,0.343257,0.348517,0.405226,0.424716,0.442986,0.519064,0.38197,0.355087,0.396073,0.00966671,0.330498,0.344269,0.359207,0.382684,0.418,0.422119,0.47,0.426753,0.355087,0.396073,0.00966671,0.330498,0.344269,0.359207,0.382684,0.418,0.422119,0.47,-9999,-9999
200803,1.84,1.0,0.129,1.809,1.0,3.48,1.941,1.0,2.873,0.797,2.187,4.859,3.032,1.84,1.0,0.129,1.809,1.0,3.48,1.941,1.0,340.429,250.392,1.0,230.213,250.392,1.0,-9999,-9999,275.22,275.22,0.0,231.111,1.0,240.12,231.111,1.0,3.364,1.0,3.725,3.364,1.0,91.093,91.093,0.0,0.467,0.197,1.0,2.666,3.49,0.933468,0.59997023908,0.858198924731,147.80416252,0.999327956989,479.074661691,0.997983870968,65.243313172,1.0,334.816,1.0,3.931,0.0,-9999,-9999,-1.09248,-9999,37.8118,0.999328,52.1334,0.597017,65.457,1.0,90.2497,1.15358,1.0,3,23.4194,24.5806,23.4194,24.5806,-0.0721764,-0.0650665,0.994624,0.994624,0.0157507,0.0157343,0.0184523,0.0184384,-0.065239,-0.065239,0.994624,0.994624,0.0157544,0.0157544,0.0184555,0.0184555,-0.0670155,-0.0670155,0.992003,0.992003,0.00261492,0.00261492,-0.0819845,-0.0778407,-0.0770652,-0.0719446,-0.0655878,-0.0586153,-0.0331354,-0.0819845,-0.0778407,-0.0770652,-0.0719446,-0.0655878,-0.0586153,-0.0331354,0.995296,0.994624,0.994624,0.991263,0.994624,0.989247,0.980511,0.995296,0.994624,0.994624,0.991263,0.994624,0.989247,0.980511,0.544797,0.551541,0.392887,0.405884,0.995792,0.995792,0.0195966,0.0195534,0.0297782,0.0297498,-0.639446,-0.641891,0.838608,0.841261,0.992151,0.993495,0.0230191,0.0230128,0.0363078,0.0363038,0.55169,0.55169,0.405919,0.405919,0.995792,0.995792,0.0196023,0.0196023,0.0297819,0.0297819,-0.641367,-0.641367,0.841624,0.841624,0.993495,0.993495,0.0230237,0.0230237,0.0363108,0.0363108,0.513444,0.521642,0.529398,0.548188,0.559584,0.566484,0.584026,0.513444,0.521642,0.529398,0.548188,0.559584,0.566484,0.584026,0.995792,0.995792,0.995792,0.995792,0.995792,0.995792,0.995792,0.995792,0.995792,0.995792,0.995792,0.995792,0.995792,0.995792,-0.701764,-0.673146,-0.6658,-0.646666,-0.630071,-0.61699,-0.561226,-0.701764,-0.673146,-0.6658,-0.646666,-0.630071,-0.61699,-0.561226,0.95914,0.981559,0.985484,0.993495,0.994839,0.994839,0.996129,0.95914,0.981559,0.985484,0.993495,0.994839,0.994839,0.996129,0.5768,0.587143,0.579176,0.00131053,0.568429,0.570619,0.57256,0.576655,0.585992,0.587425,0.595671,0.581164,0.587143,0.579176,0.00131053,0.568429,0.570619,0.57256,0.576655,0.585992,0.587425,0.595671,0.653826,0.652382,0.646192,0.00169318,0.619863,0.640813,0.644422,0.648741,0.65179,0.653588,0.654756,0.648741,0.652382,0.646192,0.00169318,0.619863,0.640813,0.644422,0.648741,0.65179,0.653588,0.654756,0.587106,0.5914,0.580774,0.00368246,0.53169,0.551861,0.562501,0.585771,0.592707,0.598038,0.616235,0.625504,0.5914,0.580774,0.00368246,0.53169,0.551861,0.562501,0.585771,0.592707,0.598038,0.616235,0.708618,0.704639,0.699595,0.00295298,0.655859,0.679697,0.683887,0.704693,0.709095,0.711128,0.729717,0.702125,0.704639,0.699595,0.00295298,0.655859,0.679697,0.683887,0.704693,0.709095,0.711128,0.729717,-9999,-9999
200804,2.088,0.0222222,0.686,1.254,0.0318841,3.187,1.348,0.0133333,5.103,2.88,1.904,6.817,3.031,5.071,0.0222222,2.82,1.857,0.0318841,6.81,3.026,0.0133333,415.047,230.639,0.0236111,273.537,274.448,0.0236111,-9999,-9999,295.566,295.566,0.0,249.31,0.0222222,255.092,254.847,0.0222222,2.055,0.0222222,4.308,4.279,0.0222222,90.962,90.962,0.0,1.495,1.495,0.0159722,3.341,3.281,0.926389,0.528920487044,0.752777777778,-9999,-9999,-9999,-9999,-9999,-9999,362.962,0.842361,3.935,0.0,-9999,-9999,-1.08898,-9999,40.8154,0.784028,43.067,0.87607,63.4794,0.784722,66.9812,1.85543,1.0,3,20.9,27.1,12.1,15.5,-0.278447,-0.273646,0.601389,0.575,0.028147,0.0282388,0.030728,0.0308122,-0.278427,-0.278427,0.576389,0.576389,0.0281139,0.0281139,0.0306977,0.0306977,-0.272862,-0.272862,0.572847,0.572847,0.0016456,0.0016456,-0.287415,-0.285201,-0.282837,-0.273646,-0.266831,-0.260547,-0.255567,-0.287415,-0.285201,-0.282837,-0.273646,-0.266831,-0.260547,-0.255567,0.629861,0.609722,0.640972,0.575,0.557639,0.552778,0.542361,0.629861,0.609722,0.640972,0.575,0.557639,0.552778,0.542361,0.696269,0.692099,0.394057,0.39514,0.490375,0.496811,0.0380296,0.038485,0.0601943,0.060483,-0.995123,-0.999908,1.0805,1.08372,0.635792,0.64073,0.038112,0.0380176,0.0624673,0.0624098,0.691872,0.691872,0.39547,0.39547,0.495224,0.495224,0.0380291,0.0380291,0.060194,0.060194,-1.00248,-1.00248,1.08593,1.08593,0.637026,0.637026,0.0380244,0.0380244,0.0624139,0.0624139,0.62618,0.643964,0.659835,0.686997,0.713674,0.737283,0.757007,0.62618,0.643964,0.659835,0.686997,0.713674,0.737283,0.757007,0.362749,0.409199,0.444134,0.493709,0.553874,0.571494,0.588889,0.362749,0.409199,0.444134,0.493709,0.553874,0.571494,0.588889,-1.07667,-1.04492,-1.02164,-0.998068,-0.963166,-0.945932,-0.911205,-1.07667,-1.04492,-1.02164,-0.998068,-0.963166,-0.945932,-0.911205,0.479911,0.561189,0.608896,0.635792,0.682176,0.693155,0.706603,0.479911,0.561189,0.608896,0.635792,0.682176,0.693155,0.706603,0.685673,0.70787,0.69433,0.00615419,0.660318,0.6651,0.668352,0.684994,0.692416,0.704403,0.794369,0.6651,0.70787,0.69433,0.00615419,0.660318,0.6651,0.668352,0.684994,0.692416,0.704403,0.794369,0.970852,0.986297,0.967193,0.00666692,0.922966,0.931152,0.937285,0.961894,0.976899,0.985313,1.06899,0.937285,0.986297,0.967193,0.00666692,0.922966,0.931152,0.937285,0.961894,0.976899,0.985313,1.06899,0.615973,0.598569,0.67685,0.0213911,0.549129,0.595508,0.597752,0.611051,0.773057,0.801255,0.912126,0.912126,0.598569,0.67685,0.0213911,0.549129,0.595508,0.597752,0.611051,0.773057,0.801255,0.912126,1.03426,0.925261,0.970967,0.0117755,0.90398,0.927297,0.930509,0.944452,0.987178,1.0465,1.11348,0.925937,0.925261,0.970967,0.0117755,0.90398,0.927297,0.930509,0.944452,0.987178,1.0465,1.11348,-9999,-9999
200805,3.86,0.778898,2.843,1.243,0.786078,4.527,1.146,0.774194,6.952,4.965,1.447,8.273,2.609,4.928,0.778898,3.324,1.368,0.786078,6.002,1.85,0.774194,465.289,173.243,0.77957,279.463,225.118,0.77957,-9999,-9999,326.327,326.327,0.0,286.017,0.778898,277.727,280.563,0.778898,1.247,0.778898,4.436,2.472,0.778898,90.764,90.764,0.0,2.473,3.441,0.772849,2.385,2.373,0.949597,0.397616791212,0.752016129032,-9999,-9999,377.261076702,0.770833333333,29.8898471467,0.772849462366,358.29,0.995296,3.931,0.0,-9999,-9999,-1.06675,-9999,40.4523,0.979167,42.6839,0.581522,55.4544,0.977823,58.5135,0.58687,1.0,3,19.0968,28.9032,19.0968,28.9032,-0.633913,-0.635914,0.920699,0.912634,0.0229656,0.0230268,0.0275401,0.0275911,-0.633927,-0.633927,0.912634,0.912634,0.0229148,0.0229148,0.0274978,0.0274978,-0.623781,-0.623781,0.910568,0.910568,0.00230385,0.00230385,-0.650427,-0.636422,-0.635597,-0.625537,-0.614626,-0.606022,-0.601279,-0.650427,-0.636422,-0.635597,-0.625537,-0.614626,-0.606022,-0.601279,0.956989,0.97043,0.944892,0.897177,0.889113,0.868952,0.884409,0.956989,0.97043,0.944892,0.897177,0.889113,0.868952,0.884409,1.10235,1.10844,0.394841,0.393803,0.842784,0.851104,0.0266253,0.0270197,0.0709886,0.0711375,-1.73932,-1.738,1.71571,1.73151,0.95348,0.956817,0.0322691,0.0322377,0.0785775,0.0785646,1.09426,1.09426,0.390199,0.390199,0.851104,0.851104,0.0266253,0.0266253,0.0709886,0.0709886,-1.73768,-1.73768,1.72654,1.72654,0.955705,0.955705,0.0321766,0.0321766,0.0785395,0.0785395,0.987424,1.02944,1.05939,1.09896,1.1363,1.16105,1.17901,0.987424,1.02944,1.05939,1.09896,1.1363,1.16105,1.17901,0.819949,0.831239,0.837861,0.851104,0.878778,0.886842,0.921477,0.819949,0.831239,0.837861,0.851104,0.878778,0.886842,0.921477,-1.84254,-1.79253,-1.77293,-1.7341,-1.68725,-1.64924,-1.60487,-1.84254,-1.79253,-1.77293,-1.7341,-1.68725,-1.64924,-1.60487,0.851502,0.903623,0.931829,0.955705,0.975091,0.985261,0.997775,0.851502,0.903623,0.931829,0.955705,0.975091,0.985261,0.997775,1.04753,1.06675,1.0618,0.00466163,1.02479,1.04185,1.04526,1.05286,1.06523,1.06849,1.13326,1.05959,1.06675,1.0618,0.00466163,1.02479,1.04185,1.04526,1.05286,1.06523,1.06849,1.13326,1.66042,1.70067,1.68558,0.00578621,1.64391,1.65573,1.66012,1.68002,1.69218,1.70266,1.76946,1.691,1.70067,1.68558,0.00578621,1.64391,1.65573,1.66012,1.68002,1.69218,1.70266,1.76946,1.27692,1.26065,1.25409,0.0124037,1.1945,1.22428,1.2361,1.26777,1.28419,1.29591,1.30859,1.28989,1.26065,1.25409,0.0124037,1.1945,1.22428,1.2361,1.26777,1.28419,1.29591,1.30859,1.69273,1.64999,1.65364,0.00876853,1.55981,1.62201,1.64333,1.65555,1.68323,1.70099,1.70966,1.65681,1.64999,1.65364,0.00876853,1.55981,1.62201,1.64333,1.65555,1.68323,1.70099,1.70966,-9999,-9999
200806,11.139,1.0,8.484,2.076,1.0,12.707,2.248,1.0,11.655,9.163,1.913,13.123,3.343,11.139,1.0,8.484,2.076,1.0,12.707,2.248,1.0,485.162,306.481,1.0,332.543,306.481,1.0,-9999,-9999,348.768,348.768,0.0,295.143,1.0,294.24,295.143,1.0,6.135,1.0,7.177,6.135,1.0,91.242,91.242,0.0,0.846,0.21,1.0,1.865,1.904,1.0,0.370770082377,0.941666666667,-9999,-9999,589.386409722,1.0,39.8590416667,1.0,356.075,0.999306,1.442,0.0,-9999,-9999,-1.08898,-9999,55.6402,0.995833,58.7095,0.568075,62.1347,0.997222,65.5623,0.676711,1.0,3,17.8333,30.1667,17.8333,30.1667,-1.11923,-1.11448,0.988194,0.979861,0.0225205,0.0223682,0.066498,0.0664465,-1.11486,-1.11486,0.979861,0.979861,0.0224766,0.0224766,0.0664831,0.0664831,-1.1228,-1.1228,0.980729,0.980729,0.00847057,0.00847057,-1.22529,-1.19673,-1.15146,-1.10696,-1.09601,-1.07159,-1.05553,-1.22529,-1.19673,-1.15146,-1.10696,-1.09601,-1.07159,-1.05553,0.99375,0.99375,0.991667,0.979167,0.974306,0.9625,0.975694,0.99375,0.99375,0.991667,0.979167,0.974306,0.9625,0.975694,1.68343,1.6645,0.401509,0.38469,0.949782,0.973856,0.0277876,0.0278112,0.117625,0.11763,-2.68386,-2.67411,2.22042,2.22394,0.996667,0.996667,0.0303734,0.0301001,0.0831254,0.0830259,1.66586,1.66586,0.393205,0.393205,0.951634,0.951634,0.0277876,0.0277876,0.117625,0.117625,-2.68955,-2.68955,2.21999,2.21999,0.996667,0.996667,0.030297,0.030297,0.0830975,0.0830975,1.42333,1.49616,1.55732,1.64853,1.69627,1.72475,1.74993,1.42333,1.49616,1.55732,1.64853,1.69627,1.72475,1.74993,0.931264,0.936819,0.94793,0.949782,0.97756,0.990741,0.990741,0.931264,0.936819,0.94793,0.949782,0.97756,0.990741,0.990741,-2.79972,-2.76299,-2.72723,-2.68299,-2.63476,-2.60824,-2.55924,-2.79972,-2.76299,-2.72723,-2.68299,-2.63476,-2.60824,-2.55924,0.965699,0.986703,0.992258,0.996667,0.998889,0.998889,0.998889,0.965699,0.986703,0.992258,0.996667,0.998889,0.998889,0.998889,1.87689,1.93195,1.88696,0.0093491,1.73686,1.8298,1.83724,1.91104,1.92861,1.93138,1.93661,1.93396,1.93195,1.88696,0.0093491,1.73686,1.8298,1.83724,1.91104,1.92861,1.93138,1.93661,3.01593,3.0468,3.00976,0.00395249,2.95938,2.98048,2.99398,3.0159,3.03,3.0318,3.03907,3.03829,3.0468,3.00976,0.00395249,2.95938,2.98048,2.99398,3.0159,3.03,3.0318,3.03907,2.10022,2.12728,2.13711,0.00846812,2.06785,2.09765,2.10093,2.12257,2.13668,2.21559,2.22194,2.06373,2.12728,2.13711,0.00846812,2.06785,2.09765,2.10093,2.12257,2.13668,2.21559,2.22194,3.22243,3.18414,3.21818,0.00565204,3.17156,3.18243,3.18571,3.2131,3.24597,3.26463,3.28198,3.18739,3.18414,3.21818,0.00565204,3.17156,3.18243,3.18571,3.2131,3.24597,3.26463,3.28198,-9999,-9999
200807,15.815,1.0,12.778,2.293,1.0,17.777,2.258,1.0,14.702,12.093,2.092,16.382,3.557,15.815,1.0,12.778,2.293,1.0,17.777,2.258,1.0,473.414,352.533,1.0,336.209,352.533,1.0,-9999,-9999,365.556,365.556,0.0,308.84,1.0,306.593,308.84,1.0,10.811,1.0,9.401,10.811,1.0,91.264,91.264,0.0,0.263,0.01,1.0,2.148,2.227,0.995296,0.427355808405,0.950940860215,192.350337302,0.677419354839,677.097317261,0.999327956989,54.05375,1.0,339.441,1.0,0.65,0.0,-9999,-9999,-1.1077,-9999,51.4361,0.997984,54.2735,0.592372,81.1177,0.998656,85.5925,0.731276,1.0,3,18.8387,29.1613,18.8387,29.1613,-1.17868,-1.1791,0.983199,0.983199,0.0188911,0.0189224,0.0485802,0.0485924,-1.17921,-1.17921,0.983199,0.983199,0.0188978,0.0188978,0.0485828,0.0485828,-1.17982,-1.17982,0.980074,0.980074,0.00936899,0.00936899,-1.2935,-1.23212,-1.19614,-1.1791,-1.17232,-1.14261,-1.0893,-1.2935,-1.23212,-1.19614,-1.1791,-1.17232,-1.14261,-1.0893,0.985887,0.985215,0.985215,0.983199,0.983871,0.969086,0.961694,0.985887,0.985215,0.985215,0.983199,0.983871,0.969086,0.961694,1.28724,1.28935,0.651449,0.648995,0.966799,0.966799,0.028166,0.0282949,0.12833,0.128359,-2.70935,-2.69884,1.76203,1.76373,0.993363,0.993363,0.0238075,0.0238062,0.055877,0.0558764,1.28952,1.28952,0.647023,0.647023,0.966799,0.966799,0.0281773,0.0281773,0.128333,0.128333,-2.70016,-2.70016,1.7633,1.7633,0.993363,0.993363,0.0238153,0.0238153,0.0558803,0.0558803,1.02177,1.14572,1.22723,1.28793,1.33547,1.39612,1.46674,1.02177,1.14572,1.22723,1.28793,1.33547,1.39612,1.46674,0.915771,0.937842,0.95482,0.966799,0.970194,0.975571,0.985946,0.915771,0.937842,0.95482,0.966799,0.970194,0.975571,0.985946,-2.78525,-2.74873,-2.73631,-2.70075,-2.67522,-2.64763,-2.61233,-2.78525,-2.74873,-2.73631,-2.70075,-2.67522,-2.64763,-2.61233,0.96904,0.988951,0.991175,0.993363,0.996663,0.996663,0.997775,0.96904,0.988951,0.991175,0.993363,0.996663,0.996663,0.997775,1.67747,1.70152,1.67851,0.0074926,1.55459,1.63743,1.65662,1.69524,1.70414,1.70609,1.72556,1.70286,1.70152,1.67851,0.0074926,1.55459,1.63743,1.65662,1.69524,1.70414,1.70609,1.72556,2.85108,2.88073,2.85833,0.004618,2.80533,2.83918,2.84722,2.86708,2.87549,2.88073,2.88475,2.88875,2.88073,2.85833,0.004618,2.80533,2.83918,2.84722,2.86708,2.87549,2.88073,2.88475,1.82983,1.91734,1.8445,0.00833542,1.74039,1.80934,1.8181,1.83473,1.86971,1.91495,1.92481,1.76276,1.91734,1.8445,0.00833542,1.74039,1.80934,1.8181,1.83473,1.86971,1.91495,1.92481,3.02576,3.06917,3.01417,0.00576489,2.94188,2.98022,2.98936,3.00589,3.03822,3.06166,3.07042,3.03822,3.06917,3.01417,0.00576489,2.94188,2.98022,2.98936,3.00589,3.03822,3.06166,3.07042,-9999,-9999
200808,16.221,1.0,13.598,2.03,1.0,18.125,2.003,1.0,14.643,12.153,1.965,16.45,3.443,16.221,1.0,13.598,2.03,1.0,18.125,2.003,1.0,431.153,328.827,1.0,307.28,328.827,1.0,-9999,-9999,365.67,365.67,0.0,305.482,1.0,306.677,305.482,1.0,11.346,1.0,9.01,11.346,1.0,91.217,91.217,0.0,0.147,0.068,1.0,2.124,2.336,0.990591,0.410484659146,0.975806451613,167.619926075,1.0,628.59456893,0.996639784946,64.4488978495,1.0,341.053,1.0,0.651,0.0,-9999,-9999,1.87992,-9999,26.485,0.99664,27.946,0.541838,87.9335,0.99664,92.7843,0.718613,1.0,3,20.2258,27.7742,20.2258,27.7742,-0.637238,-0.615865,0.989919,0.991263,0.0156114,0.0155825,0.0279235,0.0279074,-0.614436,-0.614436,0.991263,0.991263,0.015625,0.015625,0.0279311,0.0279311,-0.623269,-0.623269,0.987567,0.987567,0.00379159,0.00379159,-0.658829,-0.65021,-0.646768,-0.617133,-0.611181,-0.603907,-0.584984,-0.658829,-0.65021,-0.646768,-0.617133,-0.611181,-0.603907,-0.584984,0.991263,0.990591,0.991935,0.989919,0.987903,0.983871,0.978495,0.991263,0.990591,0.991935,0.989919,0.987903,0.983871,0.978495,0.755226,0.749173,0.397223,0.399295,0.98092,0.98092,0.0210466,0.0209936,0.065653,0.065636,-1.57069,-1.56909,1.15662,1.15579,0.998805,0.997693,0.0210013,0.0209699,0.0431908,0.0431756,0.754208,0.754208,0.397945,0.397945,0.98092,0.98092,0.0210797,0.0210797,0.0656636,0.0656636,-1.56903,-1.56903,1.15621,1.15621,0.998805,0.998805,0.0210118,0.0210118,0.0431959,0.0431959,0.65383,0.682878,0.701316,0.743832,0.772974,0.807254,0.838566,0.65383,0.682878,0.701316,0.743832,0.772974,0.807254,0.838566,0.960466,0.97138,0.98092,0.982618,0.982618,0.984316,0.990622,0.960466,0.97138,0.98092,0.982618,0.982618,0.984316,0.990622,-1.63022,-1.61728,-1.60443,-1.57796,-1.5526,-1.5418,-1.52313,-1.63022,-1.61728,-1.60443,-1.57796,-1.5526,-1.5418,-1.52313,0.969556,0.984841,0.9883,0.998805,1.0,1.0,1.0,0.969556,0.984841,0.9883,0.998805,1.0,1.0,1.0,0.823243,0.840876,0.83121,0.00205111,0.810298,0.818689,0.821713,0.829699,0.840978,0.844438,0.849399,0.840978,0.840876,0.83121,0.00205111,0.810298,0.818689,0.821713,0.829699,0.840978,0.844438,0.849399,1.4609,1.45531,1.45448,0.00276226,1.423,1.44035,1.45087,1.45709,1.46545,1.46913,1.47169,1.45603,1.45531,1.45448,0.00276226,1.423,1.44035,1.45087,1.45709,1.46545,1.46913,1.47169,0.963651,1.05736,1.03278,0.0114798,0.901113,0.94316,0.989101,1.03604,1.06093,1.11121,1.14518,0.926014,1.05736,1.03278,0.0114798,0.901113,0.94316,0.989101,1.03604,1.06093,1.11121,1.14518,1.58251,1.63096,1.62865,0.00662835,1.56301,1.58155,1.60571,1.62172,1.63364,1.67049,1.71852,1.62493,1.63096,1.62865,0.00662835,1.56301,1.58155,1.60571,1.62172,1.63364,1.67049,1.71852,-9999,-9999
200809,10.168,1.0,8.488,1.439,1.0,11.6,1.634,1.0,10.166,8.534,1.444,11.575,2.452,10.168,1.0,8.488,1.439,1.0,11.6,1.634,1.0,364.717,203.792,1.0,215.802,203.792,1.0,-9999,-9999,348.825,348.825,0.0,304.729,1.0,294.282,304.729,1.0,4.122,1.0,5.103,4.122,1.0,91.209,91.209,0.0,2.857,1.523,1.0,2.05,2.166,0.993056,0.405829824207,0.775,94.0763263889,1.0,391.128639332,0.999305555556,41.0543611111,1.0,341.884,1.0,0.65,0.0,-9999,-9999,9.95833,-9999,24.3238,0.995139,-9999,0.644061,55.2142,0.995139,-9999,0.762316,-9999,-9999,22.4667,25.5333,22.4667,25.5333,-0.105887,-0.0900332,0.990972,0.989583,0.0206026,0.0206484,0.0369161,0.0369417,-0.0957551,-0.0957551,0.989583,0.989583,0.0205985,0.0205985,0.0369138,0.0369138,-0.0937442,-0.0937442,0.982309,0.982309,0.00469819,0.00469819,-0.149981,-0.122901,-0.11773,-0.0949925,-0.0751124,-0.0616362,-0.0456305,-0.149981,-0.122901,-0.11773,-0.0949925,-0.0751124,-0.0616362,-0.0456305,0.993056,0.988194,0.993056,0.990972,0.968056,0.988889,0.988889,0.993056,0.988194,0.993056,0.990972,0.968056,0.988889,0.988889,1.02274,1.01601,0.312981,0.312524,0.982684,0.982684,0.0223278,0.0223319,0.0746556,0.0746568,-1.07116,-1.08056,1.39418,1.39914,0.994872,0.996154,0.0317335,0.0318288,0.113724,0.11375,1.02212,1.02212,0.312514,0.312514,0.982684,0.982684,0.0223653,0.0223653,0.0746668,0.0746668,-1.07601,-1.07601,1.39987,1.39987,0.994872,0.994872,0.0317043,0.0317043,0.113716,0.113716,0.946075,0.979317,0.997458,1.03409,1.09736,1.12179,1.16531,0.946075,0.979317,0.997458,1.03409,1.09736,1.12179,1.16531,0.944673,0.946123,0.946123,0.982684,0.984199,0.987374,0.99531,0.944673,0.946123,0.946123,0.982684,0.984199,0.987374,0.99531,-1.27377,-1.2155,-1.17869,-1.08913,-1.0283,-0.997089,-0.953736,-1.27377,-1.2155,-1.17869,-1.08913,-1.0283,-0.997089,-0.953736,0.967116,0.984308,0.985641,0.994872,0.997436,0.998718,0.998718,0.967116,0.984308,0.985641,0.994872,0.997436,0.998718,0.998718,1.05688,1.03294,1.04985,0.00634797,0.992404,0.997952,1.0169,1.04193,1.07453,1.09642,1.11438,1.03444,1.03294,1.04985,0.00634797,0.992404,0.997952,1.0169,1.04193,1.07453,1.09642,1.11438,1.1935,1.12869,1.1436,0.00966325,1.05353,1.07674,1.08153,1.12963,1.21235,1.21829,1.22562,1.12726,1.12869,1.1436,0.00966325,1.05353,1.07674,1.08153,1.12963,1.21235,1.21829,1.22562,1.37233,2.48597,1.87425,0.104811,0.816079,1.23152,1.32807,1.64122,2.49179,2.49711,2.7944,1.32205,2.48597,1.87425,0.104811,0.816079,1.23152,1.32807,1.64122,2.49179,2.49711,2.7944,1.44001,1.79641,1.59272,0.0377763,1.15203,1.39952,1.42426,1.47026,1.81468,1.84756,1.90302,1.80746,1.79641,1.59272,0.0377763,1.15203,1.39952,1.42426,1.47026,1.81468,1.84756,1.90302,-9999,-9999
200810,5.396,1.0,4.456,1.25,1.0,6.394,1.293,1.0,6.054,4.841,1.149,7.339,1.751,5.396,1.0,4.456,1.25,1.0,6.394,1.293,1.0,285.294,130.752,1.0,152.087,130.752,1.0,-9999,-9999,323.752,323.752,0.0,287.699,1.0,275.832,287.699,1.0,1.636,1.0,3.05,1.636,1.0,91.291,91.291,0.0,4.563,3.219,1.0,2.616,2.577,0.934812,-9999,-9999,70.2415389785,1.0,248.618326899,0.997311827957,31.7749663978,1.0,350.755,0.967742,0.642,0.0,-9999,-9999,9.99952,-9999,23.2852,0.959677,32.1047,0.540634,20.526,0.963038,28.3004,0.550273,1.0,3,24.871,23.129,24.871,23.129,0.140823,0.111007,0.969086,0.955645,0.0206596,0.0206866,0.0325929,0.03261,0.111425,0.111425,0.955645,0.955645,0.0206631,0.0206631,0.0325952,0.0325952,0.121472,0.121472,0.953377,0.953377,0.00428222,0.00428222,0.0567659,0.0945189,0.0982453,0.131448,0.142944,0.144936,0.15002,0.0567659,0.0945189,0.0982453,0.131448,0.142944,0.144936,0.15002,0.90793,0.931452,0.933468,0.972446,0.972446,0.973118,0.96707,0.90793,0.931452,0.933468,0.972446,0.972446,0.973118,0.96707,1.17815,1.16956,0.37255,0.378461,0.983664,0.982423,0.0247616,0.0249302,0.0928298,0.0928748,-1.06314,-1.0018,1.38124,1.37318,0.926229,0.943702,0.0315924,0.0315097,0.135807,0.135788,1.17934,1.17934,0.373502,0.373502,0.983664,0.983664,0.0247613,0.0247613,0.0928297,0.0928297,-1.05414,-1.05414,1.3747,1.3747,0.927573,0.927573,0.031602,0.031602,0.135809,0.135809,1.10102,1.12271,1.13837,1.19923,1.26348,1.30164,1.35141,1.10102,1.12271,1.13837,1.19923,1.26348,1.30164,1.35141,0.96371,0.981183,0.981183,0.983664,0.985008,0.985008,0.985008,0.96371,0.981183,0.981183,0.983664,0.985008,0.985008,0.985008,-1.3255,-1.21995,-1.15393,-1.05572,-0.971603,-0.955783,-0.925694,-1.3255,-1.21995,-1.15393,-1.05572,-0.971603,-0.955783,-0.925694,0.826369,0.881099,0.904129,0.927573,0.964225,0.964225,0.965691,0.826369,0.881099,0.904129,0.927573,0.964225,0.964225,0.965691,1.32446,1.32295,1.32074,0.0136302,1.20122,1.22174,1.24536,1.32453,1.34836,1.36252,1.52535,1.32652,1.32295,1.32074,0.0136302,1.20122,1.22174,1.24536,1.32453,1.34836,1.36252,1.52535,1.17673,1.21152,1.19926,0.0141033,1.08982,1.10409,1.15084,1.18708,1.21236,1.22027,1.40201,1.22027,1.21152,1.19926,0.0141033,1.08982,1.10409,1.15084,1.18708,1.21236,1.22027,1.40201,1.31768,1.22314,1.24519,0.022776,0.72259,1.20586,1.22092,1.2796,1.30247,1.31768,1.36193,1.20586,1.22314,1.24519,0.022776,0.72259,1.20586,1.22092,1.2796,1.30247,1.31768,1.36193,1.16468,1.14254,1.20511,0.0134082,1.02814,1.14268,1.16468,1.20252,1.24772,1.26814,1.32337,1.27049,1.14254,1.20511,0.0134082,1.02814,1.14268,1.16468,1.20252,1.24772,1.26814,1.32337,-9999,-9999
200811,-1.339,1.0,-2.303,1.685,1.0,-0.112,1.565,1.0,0.299,-0.975,1.628,1.934,2.094,-1.339,1.0,-2.303,1.685,1.0,-0.112,1.565,1.0,215.276,148.204,1.0,124.45,148.204,1.0,-9999,-9999,263.633,263.633,0.0,230.666,1.0,231.593,230.666,1.0,1.481,1.0,2.523,1.481,1.0,91.159,91.159,0.0,2.077,1.21,1.0,2.337,2.994,0.821528,0.410428249902,0.588888888889,18.2957104469,0.994444444444,284.044570954,0.998611111111,252.324451389,1.0,364.032,0.976389,0.619,0.0,-9999,-9999,9.95833,-9999,8.43319,0.970139,11.6274,0.483885,-20.4925,0.970833,-28.2542,0.713654,1.0,3,27.0667,20.9333,27.0667,20.9333,0.74328,0.743951,0.916667,0.906944,0.014344,0.013649,0.0452159,0.0450002,0.740497,0.740497,0.906944,0.906944,0.0140319,0.0140319,0.0451178,0.0451178,0.73035,0.73035,0.910799,0.910799,0.0059232,0.0059232,0.662951,0.669783,0.696912,0.743355,0.752759,0.755543,0.765684,0.662951,0.669783,0.696912,0.743355,0.752759,0.755543,0.765684,0.951389,0.951389,0.936806,0.9,0.888889,0.913889,0.885417,0.951389,0.951389,0.936806,0.9,0.888889,0.913889,0.885417,0.908789,0.90061,0.282133,0.282967,0.961918,0.961918,0.0185271,0.0176554,0.0753913,0.0751819,0.476917,0.483337,0.541982,0.526677,0.825635,0.848506,0.0207536,0.0197091,0.0708352,0.0705362,0.904227,0.904227,0.282252,0.282252,0.961918,0.961918,0.0181502,0.0181502,0.0752996,0.0752996,0.476305,0.476305,0.532017,0.532017,0.840786,0.840786,0.0202629,0.0202629,0.070693,0.070693,0.772387,0.78807,0.83049,0.905993,0.924332,0.934229,0.972001,0.772387,0.78807,0.83049,0.905993,0.924332,0.934229,0.972001,0.947816,0.959354,0.961918,0.961918,0.988841,0.988841,0.988841,0.947816,0.959354,0.961918,0.961918,0.988841,0.988841,0.988841,0.378353,0.402779,0.427695,0.475515,0.522176,0.538233,0.565814,0.378353,0.402779,0.427695,0.475515,0.522176,0.538233,0.565814,0.782698,0.798074,0.807237,0.845332,0.874481,0.877662,0.90645,0.782698,0.798074,0.807237,0.845332,0.874481,0.877662,0.90645,0.799707,0.721819,0.75826,0.00543431,0.726286,0.727434,0.730858,0.747938,0.771836,0.791329,0.814644,0.730858,0.721819,0.75826,0.00543431,0.726286,0.727434,0.730858,0.747938,0.771836,0.791329,0.814644,0.0657714,-0.0186778,0.0279092,0.00686217,-0.0207542,-0.0169902,-0.0112802,0.0137326,0.0675066,0.0722341,0.0861934,-0.0124967,-0.0186778,0.0279092,0.00686217,-0.0207542,-0.0169902,-0.0112802,0.0137326,0.0675066,0.0722341,0.0861934,0.794913,0.552978,0.709405,0.0248055,0.563316,0.576451,0.578413,0.6575,0.794913,0.874152,1.05058,0.737793,0.552978,0.709405,0.0248055,0.563316,0.576451,0.578413,0.6575,0.794913,0.874152,1.05058,0.182529,0.122899,0.190119,0.0145771,0.117129,0.128357,0.128698,0.163476,0.188058,0.244714,0.411951,0.13028,0.122899,0.190119,0.0145771,0.117129,0.128357,0.128698,0.163476,0.188058,0.244714,0.411951,-9999,-9999
200812,-1.78,1.0,-2.303,1.57,1.0,-1.041,1.078,1.0,-1.623,-2.713,1.389,-0.092,2.035,-1.78,1.0,-2.303,1.57,1.0,-1.041,1.078,1.0,181.89,112.292,1.0,93.921,112.292,1.0,-9999,-9999,260.312,260.312,0.0,225.649,1.0,229.15,225.649,1.0,1.96,1.0,2.157,1.96,1.0,91.225,91.225,0.0,1.344,0.561,1.0,2.447,3.678,0.737231,0.494316565144,0.551747311828,2.68323471493,0.995967741935,214.9112687,0.998655913978,105.485040323,1.0,365.101,0.979167,0.616,0.174731,-9999,-9999,9.90784,-9999,7.207,0.979167,9.93675,0.361979,-37.6131,0.979167,-51.8595,0.719717,1.0,3,28.0645,19.9355,28.0645,19.9355,0.45595,0.453728,0.907258,0.907258,0.0109345,0.0108142,0.0128698,0.0126102,0.453286,0.455187,0.907258,0.907258,0.0109286,0.010934,0.0128648,0.0127131,0.446459,0.447103,0.911206,0.911173,0.00116612,0.00118348,0.432028,0.440005,0.442372,0.44595,0.450933,0.453579,0.457389,0.432749,0.440756,0.442736,0.446799,0.452876,0.453728,0.458352,0.961694,0.909946,0.903898,0.903898,0.905242,0.907258,0.907258,0.962366,0.909946,0.903226,0.903226,0.90793,0.907258,0.907258,0.489941,0.497139,0.277476,0.282235,0.908986,0.908986,0.0143656,0.0142244,0.0225945,0.0224335,0.356885,0.358612,0.299948,0.303558,0.9,0.904839,0.0153194,0.0151195,0.0295407,0.03034,0.495871,0.496439,0.282049,0.282033,0.908986,0.908986,0.0143601,0.0143653,0.022591,0.022523,0.354247,0.357857,0.300128,0.303122,0.904839,0.904839,0.0153071,0.0153181,0.0295344,0.0304395,0.452783,0.467409,0.474344,0.49012,0.497779,0.502288,0.511812,0.453051,0.468003,0.475023,0.49077,0.498225,0.502698,0.512245,0.898618,0.907834,0.907834,0.91129,0.91129,0.91129,0.990783,0.898618,0.907834,0.907834,0.91129,0.91129,0.91129,0.990783,0.29084,0.320925,0.339524,0.353631,0.361426,0.371442,0.386354,0.293148,0.320329,0.339195,0.354089,0.363387,0.372938,0.387785,0.870798,0.891935,0.893548,0.903226,0.908065,0.912903,0.920968,0.870798,0.891935,0.891935,0.904839,0.908065,0.912903,0.920968,0.52994,0.511533,0.511457,0.00242254,0.496502,0.49757,0.498062,0.509759,0.520939,0.52994,0.536751,0.497603,0.511533,0.511457,0.00242254,0.496502,0.49757,0.498062,0.509759,0.520939,0.52994,0.536751,0.0784961,0.0563454,0.0643544,0.00222584,0.0437012,0.0497392,0.0540763,0.063544,0.0773971,0.0795969,0.0868937,0.0467775,0.0582467,0.0649982,0.00219808,0.0456058,0.0506579,0.0544272,0.0637274,0.0779563,0.0799599,0.0877821,0.568783,0.488691,0.546004,0.0187201,0.429375,0.452308,0.463487,0.49644,0.556937,0.77572,0.778695,0.429375,0.488691,0.546004,0.0187201,0.429375,0.452308,0.463487,0.49644,0.556937,0.77572,0.778695,0.094148,0.0381917,0.0669049,0.00874107,0.0141162,0.0193911,0.0281308,0.0414515,0.0941488,0.154889,0.156962,0.0400493,0.0381917,0.0669049,0.00874107,0.0141162,0.0193911,0.0281308,0.0414515,0.0941488,0.154889,0.156962,-9999,-9999
200901,-4.237,0.467742,-4.844,1.598,0.476959,-3.403,1.399,0.454839,-1.572,-2.664,1.415,-0.103,1.777,-2.699,0.467742,-3.739,1.669,0.476959,-1.305,1.698,0.454839,199.128,114.612,0.469086,102.805,95.928,0.469086,-9999,-9999,264.89,264.89,0.0,209.298,0.467742,232.519,229.54,0.467742,1.42,0.467742,2.169,1.465,0.467742,91.036,91.036,0.0,1.553,0.469,0.46371,2.825,3.65,0.485887,-9999,-9999,7.70040665752,0.999327956989,-9999,-9999,-9999,-9999,366.054,0.826613,0.531,1.0,-9999,-9999,9.96762,-9999,6.65127,0.820565,9.17053,0.363212,-28.1169,0.821909,-38.7665,0.827253,1.0,3,27.5161,20.4839,23.1613,17.0323,0.405119,0.424322,0.710349,0.707661,0.00840354,0.00843842,0.0551288,0.0574618,0.380031,0.424095,0.685484,0.707661,0.00839857,0.00852058,0.055128,0.0574739,0.430638,0.432181,0.67957,0.700773,0.00789191,0.00667803,0.373313,0.381897,0.40062,0.419751,0.433287,0.490866,0.508429,0.3711,0.38104,0.401395,0.427826,0.441741,0.494718,0.497915,0.648522,0.685484,0.705645,0.613575,0.74328,0.755376,0.780914,0.643145,0.655242,0.696909,0.731855,0.584005,0.74664,0.763441,0.400579,0.398598,0.32412,0.328543,0.689324,0.701272,0.0107902,0.010796,0.0701516,0.0687213,0.312788,0.44893,0.454401,0.515561,0.672888,0.726728,0.0122433,0.012358,0.116884,0.10849,0.403714,0.389429,0.325313,0.331515,0.689324,0.701272,0.0107856,0.0109439,0.0701509,0.0687447,0.315776,0.437414,0.452602,0.526926,0.677573,0.714055,0.0122332,0.0124084,0.116883,0.108496,0.358075,0.373136,0.382179,0.40389,0.472106,0.51177,0.594111,0.361381,0.378081,0.383978,0.40042,0.46145,0.513817,0.553755,0.61269,0.655061,0.667989,0.689324,0.70716,0.731652,0.745818,0.635305,0.668075,0.682326,0.701272,0.714371,0.741039,0.748165,0.226826,0.257925,0.282959,0.363254,0.46667,0.490407,0.545142,0.237392,0.276159,0.327206,0.419381,0.450912,0.491727,0.523744,0.430176,0.550614,0.607757,0.679186,0.742704,0.770737,0.781874,0.507826,0.60722,0.6649,0.714055,0.765899,0.773963,0.791398,0.474583,0.488581,0.494538,0.00716859,0.441703,0.46529,0.471514,0.487286,0.501317,0.508225,0.543077,0.512847,0.499488,0.507955,0.0088604,0.440403,0.465028,0.477643,0.491318,0.512843,0.541153,0.645756,0.046757,0.0644862,0.0623568,0.0107093,-0.0574003,-0.0217385,0.0385953,0.0626795,0.111754,0.12811,0.138546,0.135923,0.119457,0.077317,0.0123934,-0.0562745,-0.0132221,0.04168,0.0861989,0.124708,0.134583,0.164982,0.669589,0.687699,0.742987,0.0156362,0.647873,0.663541,0.669589,0.695392,0.804986,0.83881,0.895759,0.853132,0.670679,0.756006,0.0184106,0.611847,0.667729,0.675797,0.714779,0.816363,0.860161,0.940353,0.188718,0.188776,0.237863,0.0131142,0.18681,0.18813,0.188718,0.198559,0.23038,0.347008,0.388762,0.232817,0.202864,0.279981,0.0176195,0.186711,0.188178,0.190868,0.209378,0.362564,0.388762,0.520614,-9999,-9999
200902,0.977,0.0,-0.474,0.849,0.0,2.64,1.179,0.0,-0.31,-1.824,1.635,1.433,2.259,-0.31,0.0,-1.824,1.635,0.0,1.433,2.259,0.0,258.524,146.074,0.0,156.617,156.617,0.0,-9999,-9999,265.382,265.382,0.0,255.349,0.0,232.88,232.88,0.0,1.757,0.0,2.439,2.439,0.0,90.984,90.984,0.0,1.68,1.68,0.0,2.564,2.96,0.684524,0.315945845404,0.659970238095,42.78784375,0.714285714286,-9999,-9999,-9999,-9999,367.002,0.712054,0.392,0.715774,-9999,-9999,10.0039,-9999,15.0313,0.706101,20.7246,-9999,-25.2406,0.712054,-34.8007,-9999,1.0,3,25.7143,22.2857,0.0,0.0,0.297004,0.279419,0.290179,0.304315,-9999,-9999,-9999,-9999,0.315184,0.280046,0.271577,0.305804,-9999,-9999,-9999,-9999,0.298894,0.287995,0.293471,0.316741,0.00497108,0.00492362,0.239856,0.255729,0.267989,0.310606,0.326647,0.329415,0.331902,0.238925,0.253139,0.263298,0.279419,0.316037,0.324431,0.331475,0.4375,0.388393,0.344494,0.281994,0.25372,0.260417,0.258929,0.44122,0.328125,0.333333,0.304315,0.279762,0.25,0.243304,0.339349,0.257039,0.40623,0.42314,0.218077,0.235934,-9999,-9999,-9999,-9999,0.265596,0.238653,0.377339,0.401788,0.324111,0.407538,-9999,-9999,-9999,-9999,0.338235,0.300146,0.404345,0.396185,0.218077,0.227692,-9999,-9999,-9999,-9999,0.263323,0.234929,0.369986,0.394945,0.332016,0.394692,-9999,-9999,-9999,-9999,0.19609,0.225953,0.248848,0.331158,0.359923,0.379842,0.398784,0.19539,0.234099,0.252316,0.309957,0.350217,0.365767,0.386711,0.162637,0.191758,0.202747,0.218077,0.245604,0.262253,0.305385,0.186154,0.20967,0.211044,0.226319,0.260824,0.28044,0.327912,0.180634,0.206996,0.229807,0.256776,0.284323,0.295423,0.313132,0.1801,0.212923,0.229587,0.247648,0.276047,0.293751,0.308989,0.248941,0.274562,0.303148,0.330392,0.433018,0.461886,0.536844,0.271386,0.314441,0.315994,0.393069,0.461886,0.481084,0.54496,0.546568,0.571641,0.568472,0.00913767,0.476504,0.521764,0.538267,0.572537,0.591472,0.598102,0.630466,0.596118,0.588973,0.586096,0.0106309,0.487124,0.524877,0.544827,0.58865,0.598102,0.625768,0.715823,0.268833,0.291595,0.280477,0.0064258,0.226541,0.256035,0.263944,0.268935,0.290203,0.299365,0.319398,0.279143,0.273789,0.287203,0.00924825,0.231395,0.25927,0.264781,0.27119,0.29872,0.308997,0.412887,0.777617,0.790818,0.808392,0.0113478,0.685648,0.724657,0.761522,0.802849,0.854201,0.887913,0.89748,0.684909,0.813535,0.823286,0.0145945,0.651191,0.749577,0.761594,0.82963,0.882524,0.893715,0.937283,0.514725,0.498342,0.526801,0.00733967,0.469788,0.487171,0.497908,0.512848,0.535595,0.592367,0.601225,0.540747,0.504845,0.556582,0.0121331,0.477255,0.497739,0.50436,0.522883,0.594782,0.611323,0.673279,-9999,-9999
200903,3.006,0.0456989,0.758,0.432,0.0322581,5.158,1.64,0.0591398,2.508,0.641,1.865,4.293,2.516,2.69,0.0456989,0.731,1.894,0.0322581,4.567,2.59,0.0591398,337.733,302.036,0.0,208.34,208.34,0.0,-9999,-9999,281.29,281.29,0.0,245.406,0.0,244.586,244.586,0.0,1.928,0.0456989,3.081,3.093,0.0456989,91.065,91.065,0.0,2.696,2.387,0.0443548,2.427,2.506,0.168011,-9999,-9999,-9999,-9999,-9999,-9999,-9999,-9999,368.692,0.18078,0.292,0.0,-9999,-9999,9.90784,-9999,1.47432,0.177419,-9999,-9999,-12.3646,0.178763,-9999,-9999,-9999,-9999,23.4839,24.5161,0.0,0.0,0.184428,0.226822,0.0443548,0.047043,-9999,-9999,-9999,-9999,0.153781,0.226822,0.0403226,0.047043,-9999,-9999,-9999,-9999,0.167801,0.193524,0.0441868,0.0486727,0.0127416,0.0126938,0.0702783,0.0986704,0.100532,0.153772,0.233298,0.247839,0.279327,0.0975557,0.101274,0.108076,0.225695,0.237089,0.248338,0.284402,0.031586,0.0255376,0.0336022,0.0403226,0.0625,0.0537634,0.0658602,0.0329301,0.0369624,0.0329301,0.0483871,0.0490591,0.0564516,0.0705645,0.118138,0.184068,0.313268,0.343523,0.0374731,0.0415054,-9999,-9999,-9999,-9999,0.174497,0.246763,0.23361,0.305803,0.0432445,0.0553413,-9999,-9999,-9999,-9999,0.118138,0.186275,0.313268,0.346707,0.0374731,0.0388172,-9999,-9999,-9999,-9999,0.174515,0.246763,0.233617,0.305803,0.0432445,0.0553413,-9999,-9999,-9999,-9999,0.0247337,0.0855538,0.0867402,0.118353,0.199342,0.20692,0.293315,0.0844449,0.0871505,0.0952879,0.179149,0.206853,0.208296,0.311176,0.0295161,0.0321505,0.0334946,0.0374731,0.0428495,0.0441935,0.0468817,0.0321505,0.0334946,0.0347849,0.0388172,0.0441935,0.0441935,0.0549462,0.0974268,0.101083,0.104982,0.175594,0.242992,0.253649,0.277825,0.0996369,0.104982,0.110311,0.227734,0.251746,0.267203,0.276718,0.0336606,0.0336606,0.0336606,0.0432445,0.0553413,0.0701262,0.0850865,0.0336606,0.0336606,0.0392122,0.0553413,0.0701262,0.0755026,0.0864306,0.647806,0.664541,0.6506,0.00513528,0.588599,0.621258,0.634977,0.659082,0.668693,0.671598,0.68479,0.665079,0.684176,0.654612,0.00656842,0.597705,0.62137,0.639798,0.663804,0.66966,0.674657,0.704882,0.399622,0.437719,0.457076,0.0168367,0.248398,0.386444,0.390088,0.43342,0.544193,0.563793,0.570324,0.511307,0.530395,0.486811,0.0163244,0.313303,0.387567,0.399857,0.530231,0.563793,0.566188,0.603402,0.924947,0.910922,0.879596,0.00949752,0.80657,0.820939,0.830612,0.884523,0.916512,0.922653,0.950164,0.805711,0.827846,0.861061,0.0131635,0.696252,0.808054,0.821299,0.854881,0.912046,0.922456,0.950164,0.837531,0.799148,0.810032,0.00384819,0.77169,0.779745,0.791907,0.806419,0.835515,0.837903,0.843954,0.781943,0.77314,0.82081,0.00799856,0.777167,0.781943,0.794455,0.812209,0.838164,0.839975,0.857753,-9999,-9999
200904,4.262,0.0,2.089,0.698,0.0,5.958,1.369,0.0,3.575,1.428,1.878,5.248,2.922,3.575,0.0,1.428,1.878,0.0,5.248,2.922,0.0,412.928,363.992,0.0,278.954,278.954,0.0,-9999,-9999,283.533,283.533,0.0,225.233,0.0,246.237,246.237,0.0,4.515,0.0,3.765,3.765,0.0,90.969,90.969,0.0,0.915,0.915,0.0,2.723,2.723,0.0,-9999,-9999,-9999,-9999,-9999,-9999,-9999,-9999,369.564,0.0,3.561,0.256944,-9999,-9999,9.95833,-9999,41.7831,0.0,-9999,1.10343,71.7567,0.0,-9999,1.43692,-9999,-9999,21.0,27.0,8.36667,10.7,-0.819554,-0.798901,0.0,0.0,0.0495857,0.0431102,0.0562016,0.0515181,-0.817474,-0.798901,0.0,0.0,0.048914,0.0463923,0.0556099,0.0542944,-0.816565,-0.807829,0.0,0.0,0.00526494,0.00510971,-0.854079,-0.844093,-0.837615,-0.830841,-0.798448,-0.791183,-0.777785,-0.846994,-0.838209,-0.83572,-0.811068,-0.791183,-0.781795,-0.767272,0.0,0.0,0.0,0.0,0.0,0.0,0.0,0.0,0.0,0.0,0.0,0.0,0.0,0.0,0.444146,0.45635,0.268755,0.258306,0.0,0.0,0.0691746,0.0558568,0.07669,0.0575327,-1.74372,-1.70929,1.07564,1.1407,0.0,0.0,0.0657586,0.0598092,0.0931001,0.0957815,0.452947,0.456432,0.263787,0.258416,0.0,0.0,0.0691746,0.0638076,0.07669,0.0652796,-1.73928,-1.70929,1.08467,1.1407,0.0,0.0,0.0642581,0.0621406,0.0920464,0.0972544,0.375423,0.396039,0.436626,0.445821,0.461915,0.462258,0.481274,0.373179,0.434698,0.437387,0.45538,0.461998,0.462267,0.487929,0.0,0.0,0.0,0.0,0.0,0.0,0.0,0.0,0.0,0.0,0.0,0.0,0.0,0.0,-1.8072,-1.79003,-1.78564,-1.75294,-1.69312,-1.65822,-1.60762,-1.80709,-1.79026,-1.7832,-1.72754,-1.67617,-1.64063,-1.60704,0.0,0.0,0.0,0.0,0.0,0.0,0.0,0.0,0.0,0.0,0.0,0.0,0.0,0.0,0.692209,0.6975,0.678634,0.00454664,0.595793,0.662559,0.673777,0.683717,0.693124,0.701798,0.707436,0.682966,0.707436,0.66862,0.00702907,0.586385,0.601754,0.667565,0.682966,0.687977,0.697504,0.707436,1.48339,1.4964,1.48646,0.00674163,1.40536,1.44046,1.45599,1.48637,1.52043,1.52206,1.55076,1.50703,1.52491,1.48518,0.00678526,1.38058,1.43715,1.44824,1.4888,1.52043,1.52206,1.55076,1.01086,0.963705,0.86653,0.0238778,0.630056,0.649129,0.681378,0.933725,0.985859,1.00733,1.01998,0.896897,0.742252,0.806687,0.0250676,0.615901,0.643886,0.652604,0.756236,0.968885,0.998798,1.01998,1.32696,1.26551,1.24752,0.0104469,1.14884,1.16222,1.17133,1.26331,1.31846,1.32679,1.32789,1.16222,1.19268,1.22879,0.0108407,1.13827,1.15854,1.16424,1.20399,1.27049,1.3262,1.32885,-9999,-9999
200905,8.869,0.962366,6.663,1.705,0.969355,10.337,1.902,0.957373,8.661,5.989,1.962,10.438,3.393,8.897,0.962366,6.703,1.708,0.969355,10.357,1.967,0.957373,464.108,333.987,0.96371,328.177,329.993,0.96371,-9999,-9999,315.742,315.742,0.0,270.876,0.962366,269.938,272.136,0.962366,5.941,0.962366,5.633,5.911,0.962366,91.254,91.254,0.0,0.565,0.272,0.952957,2.382,2.261,0.410618,-9999,-9999,-9999,-9999,648.835987179,0.952956989247,49.2181266026,0.952956989247,364.102,0.705645,12.139,0.399194,-9999,-9999,8.48182,-9999,44.4778,0.701613,46.9314,0.65692,81.6176,0.705645,86.12,0.845545,1.0,2,19.1613,28.8387,19.1613,28.8387,-1.26364,-1.24975,0.655242,0.655242,0.0310204,0.0290821,0.0486108,0.0434828,-1.25025,-1.24878,0.65457,0.655242,0.0307803,0.0297545,0.0484579,0.0439354,-1.27295,-1.2618,0.652184,0.656384,0.00552406,0.00424424,-1.34075,-1.31371,-1.29907,-1.26523,-1.24891,-1.23885,-1.23206,-1.31526,-1.29883,-1.28552,-1.25175,-1.24321,-1.23418,-1.23195,0.638441,0.639785,0.634409,0.655242,0.652554,0.653898,0.668011,0.638441,0.634409,0.681452,0.65457,0.668683,0.668011,0.667339,0.848004,0.835343,0.45024,0.453769,0.662054,0.670543,0.0470062,0.0424786,0.122114,0.104545,-2.57219,-2.56149,1.93437,1.95554,0.648101,0.642539,0.0387303,0.0371376,0.0515354,0.0478252,0.855753,0.845143,0.44878,0.455127,0.662054,0.668846,0.0467552,0.0442994,0.122018,0.105298,-2.56609,-2.55694,1.94121,1.95297,0.649213,0.645876,0.0383699,0.0375662,0.0512651,0.0481588,0.566007,0.679524,0.726933,0.822762,0.861373,0.904933,0.923623,0.633103,0.714481,0.786466,0.837991,0.869939,0.905532,0.925245,0.604329,0.611121,0.614516,0.662054,0.675637,0.697708,0.71129,0.611121,0.614516,0.662054,0.668846,0.697708,0.699406,0.71129,-2.61192,-2.5945,-2.5869,-2.56555,-2.54224,-2.52651,-2.50492,-2.60815,-2.59164,-2.58637,-2.56025,-2.54175,-2.53137,-2.51496,0.629191,0.639202,0.639202,0.648101,0.655887,0.664786,0.672573,0.635865,0.63809,0.639202,0.646989,0.655887,0.658112,0.668123,0.936272,0.949612,0.91605,0.00771017,0.817703,0.872949,0.874399,0.923292,0.948529,0.959443,0.987017,0.960278,0.987017,0.897975,0.010837,0.717356,0.822997,0.872264,0.923291,0.948322,0.959443,0.985412,2.16846,2.19839,2.17785,0.00540492,2.11722,2.13642,2.15857,2.17173,2.19828,2.21885,2.23424,2.21759,2.23726,2.17092,0.0065987,2.1,2.12858,2.14469,2.17087,2.1969,2.2187,2.23269,0.980548,1.31704,0.965765,0.0465214,0.410475,0.566483,0.644673,0.980548,1.17966,1.3126,1.3571,1.09513,1.02502,0.980871,0.0658168,0.412684,0.483327,0.644673,0.960076,1.16993,1.31664,1.36265,2.27449,2.45845,2.27002,0.0270558,1.91396,2.07112,2.11343,2.27674,2.38085,2.45845,2.47833,2.27674,2.31211,2.27868,0.0412132,1.90188,1.93353,2.11343,2.27674,2.37777,2.45846,2.48223,-9999,-9999
200906,13.574,1.0,10.65,1.982,1.0,15.297,2.208,1.0,13.293,10.721,1.989,14.81,3.551,13.574,1.0,10.65,1.982,1.0,15.297,2.208,1.0,485.015,341.603,1.0,337.633,341.603,1.0,-9999,-9999,355.917,355.917,0.0,294.101,1.0,299.5,294.101,1.0,9.033,1.0,8.74,9.033,1.0,91.243,91.243,0.0,0.066,0.676,1.0,2.206,2.227,0.960417,0.347216694567,0.960416666667,155.951281802,0.916666666667,655.945653664,0.999305555556,50.7847152778,1.0,347.183,1.0,17.633,0.988889,-9999,-9999,10.8219,-9999,60.4553,1.0,63.7903,0.620453,74.9629,1.0,79.0981,0.691978,0.915972,1,17.8,30.2,17.8,30.2,-1.43691,-1.44024,0.99375,0.99375,0.0235945,0.0243829,0.0539535,0.0534685,-1.42546,-1.43897,0.99375,0.99375,0.0240916,0.0243448,0.0541727,0.0534511,-1.42522,-1.44254,0.983906,0.990885,0.00764087,0.00762716,-1.53546,-1.47261,-1.46067,-1.42459,-1.38749,-1.37557,-1.36837,-1.54167,-1.48329,-1.47138,-1.44024,-1.39627,-1.38812,-1.37557,0.999306,0.997917,0.997222,0.99375,0.934028,0.988194,0.938194,0.999306,0.997917,0.995139,0.99375,0.988889,0.988889,0.988194,1.55191,1.46147,0.549384,0.588792,1.0,1.0,0.0327584,0.0358349,0.165384,0.155542,-3.08539,-3.12338,2.35334,2.36635,0.98681,0.991254,0.0305476,0.0307989,0.100103,0.0767821,1.55074,1.53606,0.545767,0.540202,1.0,1.0,0.035206,0.0354935,0.165886,0.155463,-3.10019,-3.11282,2.36009,2.37212,0.990143,0.990143,0.0305118,0.0308656,0.100093,0.0768088,1.19226,1.34887,1.43492,1.52511,1.63653,1.67308,1.70926,1.19012,1.35821,1.40573,1.50626,1.61704,1.66092,1.69937,0.90305,0.988235,0.992157,1.0,1.0,1.0,1.0,0.933878,0.992157,0.996078,1.0,1.0,1.0,1.0,-3.22195,-3.17372,-3.14805,-3.09005,-3.03653,-2.98306,-2.9226,-3.21546,-3.1703,-3.15478,-3.10726,-3.04868,-3.02963,-2.96218,0.917599,0.967993,0.982366,0.988961,0.994516,0.996738,0.997849,0.952616,0.983477,0.983477,0.992294,0.995627,0.996738,0.997849,1.74574,1.80324,1.75071,0.0136384,1.54304,1.67241,1.71052,1.75203,1.80757,1.82419,1.83933,1.77782,1.80757,1.76173,0.0134829,1.53027,1.69395,1.7409,1.78806,1.82294,1.83677,1.8405,3.19993,3.24221,3.19325,0.00806296,3.07773,3.14199,3.17146,3.21002,3.2253,3.23515,3.24348,3.19323,3.23303,3.18695,0.00927032,3.05665,3.12397,3.16107,3.20968,3.22236,3.23229,3.24266,2.17717,3.0355,2.30344,0.085279,1.7622,1.79814,1.82571,1.98254,2.97385,2.9957,3.0358,2.01062,1.79368,2.23965,0.0829844,1.6068,1.79814,1.82243,1.97032,2.92909,2.98912,3.0355,3.95807,4.44312,3.97684,0.0601664,3.41161,3.55508,3.66298,3.87868,4.39829,4.4319,4.52698,3.81402,3.56175,3.96339,0.0556952,3.43319,3.55972,3.7378,3.86877,4.36739,4.4319,4.52698,-9999,-9999
200907,17.654,1.0,14.602,2.073,1.0,19.612,2.128,1.0,15.721,12.94,2.151,17.51,3.74,17.654,1.0,14.602,2.073,1.0,19.612,2.128,1.0,474.283,361.014,1.0,341.297,361.014,1.0,-9999,-9999,367.116,367.116,0.0,308.023,1.0,307.741,308.023,1.0,14.106,1.0,10.734,14.106,1.0,91.385,91.385,0.0,0.028,0.0,1.0,2.154,2.168,0.303091,-9999,-9999,146.526145833,1.0,693.261725149,0.999327956989,60.3924260753,1.0,339.92,0.47379,22.369,1.0,-9999,-9999,11.5945,-9999,49.272,0.47379,51.99,0.505252,86.6719,0.47379,91.4531,0.814047,1.0,2,18.8065,29.1935,13.3226,21.7742,-0.900545,-0.904953,0.440188,0.444892,0.0185005,0.017822,0.0740769,0.0739391,-0.907145,-0.904779,0.428763,0.444892,0.0185073,0.0180152,0.0740787,0.0739859,-0.936387,-0.961612,0.427554,0.438693,0.0133356,0.0130865,-1.07862,-1.044,-1.00689,-0.912992,-0.905971,-0.900545,-0.795279,-1.08877,-1.04714,-1.04273,-0.922315,-0.907254,-0.903624,-0.8085,0.469086,0.459677,0.447581,0.416667,0.446909,0.440188,0.392473,0.468414,0.460349,0.459677,0.417339,0.429435,0.422043,0.377688,1.25652,1.27913,0.4738,0.433577,0.449726,0.473496,0.0291189,0.0267149,0.177509,0.173225,-2.25885,-2.2718,1.5073,1.51949,0.410567,0.427215,0.0225467,0.0223793,0.0694534,0.056458,1.26269,1.29272,0.482098,0.432971,0.449726,0.473496,0.0292955,0.0268881,0.177538,0.173252,-2.24895,-2.26467,1.50009,1.51759,0.415017,0.426103,0.0224739,0.0226781,0.0694298,0.0565771,0.865557,0.970743,1.04567,1.25319,1.29037,1.32095,1.54116,0.849119,0.958902,0.988217,1.22526,1.28409,1.30121,1.50272,0.42907,0.441143,0.442935,0.451519,0.492266,0.494058,0.502547,0.432466,0.442935,0.442935,0.475288,0.482079,0.502547,0.505942,-2.36995,-2.33518,-2.31005,-2.25621,-2.22382,-2.20379,-2.17613,-2.35458,-2.32525,-2.30602,-2.27016,-2.23441,-2.22159,-2.19236,0.308862,0.361809,0.37957,0.41498,0.430552,0.439451,0.448313,0.357397,0.386207,0.398406,0.426103,0.439451,0.444976,0.450538,1.16448,1.66188,1.39756,0.0449402,1.02066,1.09858,1.11821,1.62034,1.64459,1.66849,1.68404,1.62326,1.69073,1.47186,0.0396819,1.05428,1.10541,1.12906,1.62326,1.64517,1.66188,1.68001,2.18531,2.56665,2.35918,0.0333541,2.10882,2.12943,2.14219,2.44517,2.54916,2.56683,2.59358,2.53907,2.59787,2.40825,0.0302135,2.10882,2.14138,2.17301,2.53079,2.55115,2.57161,2.5922,1.57957,1.38385,1.29691,0.0428238,0.880597,0.923218,0.978462,1.38461,1.50411,1.56386,1.63624,1.432,0.953117,1.21201,0.0517203,0.805057,0.888415,0.923218,1.13517,1.45844,1.56252,1.59651,2.15871,1.97615,1.95142,0.0409535,1.54881,1.61813,1.78943,1.9762,2.04162,2.15315,2.44474,1.76187,1.79277,1.90392,0.0481229,1.52868,1.59719,1.61973,1.95294,2.03391,2.15306,2.44083,-9999,-9999
200908,15.171,1.0,12.278,2.325,1.0,17.286,2.442,1.0,14.297,11.789,1.922,16.116,3.402,15.171,1.0,12.278,2.325,1.0,17.286,2.442,1.0,432.955,313.889,1.0,302.367,313.889,1.0,-9999,-9999,360.751,360.751,0.0,307.393,1.0,303.058,307.393,1.0,9.528,1.0,8.56,9.528,1.0,91.325,91.325,0.0,0.282,0.219,1.0,2.055,2.055,0.0,-9999,-9999,119.709136425,1.0,600.721612903,0.997983870968,55.8804099462,1.0,338.735,0.0,20.807,1.0,-9999,-9999,6.37165,-9999,41.0636,0.0,-9999,-9999,72.1168,0.0,-9999,-9999,-9999,-9999,20.129,27.871,0.0,0.0,-0.870516,-0.876593,0.0,0.0,-9999,-9999,-9999,-9999,-0.848219,-0.875826,0.0,0.0,-9999,-9999,-9999,-9999,-0.916457,-0.944433,0.0,0.0,0.0155133,0.0164895,-1.07982,-1.04927,-1.01767,-0.88735,-0.867854,-0.846862,-0.765,-1.09576,-1.05126,-1.04322,-0.902765,-0.869635,-0.850404,-0.793189,0.0,0.0,0.0,0.0,0.0,0.0,0.0,0.0,0.0,0.0,0.0,0.0,0.0,0.0,1.11366,1.07498,0.398192,0.433457,0.0,0.0,-9999,-9999,-9999,-9999,-2.25545,-2.24611,1.65454,1.62836,0.0,0.0,-9999,-9999,-9999,-9999,1.12048,1.08596,0.400126,0.436079,0.0,0.0,-9999,-9999,-9999,-9999,-2.21811,-2.23952,1.62522,1.63489,0.0,0.0,-9999,-9999,-9999,-9999,0.682488,0.778431,0.840558,1.08578,1.12386,1.15192,1.36591,0.650791,0.76658,0.790069,1.04733,1.1145,1.13163,1.35921,0.0,0.0,0.0,0.0,0.0,0.0,0.0,0.0,0.0,0.0,0.0,0.0,0.0,0.0,-2.41413,-2.37068,-2.34086,-2.2509,-2.21145,-2.19097,-2.16225,-2.39462,-2.36811,-2.33582,-2.2628,-2.21397,-2.2042,-2.17248,0.0,0.0,0.0,0.0,0.0,0.0,0.0,0.0,0.0,0.0,0.0,0.0,0.0,0.0,1.13732,1.45727,1.26851,0.0336738,1.02705,1.05494,1.09225,1.41349,1.44673,1.46155,1.47055,1.41351,1.47417,1.32521,0.026042,1.02705,1.09148,1.12115,1.41351,1.44878,1.45785,1.46812,2.17393,2.33309,2.21294,0.0198308,2.03026,2.10716,2.1507,2.19625,2.31932,2.32566,2.33167,2.28742,2.32239,2.24166,0.0151763,2.04472,2.13419,2.16031,2.28594,2.32011,2.32941,2.34513,1.20439,1.42266,1.12253,0.0448624,0.68658,0.721469,0.838631,1.17767,1.38297,1.43845,1.47864,1.1219,0.761731,1.03597,0.0486856,0.68658,0.705883,0.743007,0.872267,1.32224,1.42211,1.44498,1.99825,1.91203,1.84758,0.0309431,1.54452,1.58916,1.68333,1.91253,1.97316,1.99825,2.08813,1.65212,1.68402,1.79495,0.0346541,1.54289,1.54937,1.58916,1.83058,1.9527,1.97466,2.08654,-9999,-9999
200909,9.239,1.0,7.695,1.241,1.0,10.55,1.613,1.0,9.392,7.77,1.302,10.782,2.252,9.239,1.0,7.695,1.241,1.0,10.55,1.613,1.0,367.193,188.384,1.0,208.381,188.384,1.0,-9999,-9999,341.806,341.806,0.0,300.085,1.0,289.117,300.085,1.0,4.253,1.0,4.701,4.253,1.0,91.351,91.351,0.0,3.106,2.506,1.0,2.315,2.315,0.0,-9999,-9999,64.9240902778,1.0,360.660826093,0.998611111111,35.0603888889,1.0,335.162,0.0,13.465,1.0,-9999,-9999,-1.67936,-9999,23.7733,0.0,-9999,1.64202,32.7407,0.0,-9999,6.697,-9999,-9999,22.3667,25.6333,0.333333,0.0333333,-0.461924,-0.452917,0.0,0.0,0.102236,0.099378,0.108393,0.100866,-0.465079,-0.452711,0.0,0.0,0.102236,0.099378,0.108393,0.100866,-0.45716,-0.466912,0.0,0.0,0.00524961,0.00405064,-0.500448,-0.482979,-0.48068,-0.465736,-0.447795,-0.410958,-0.399839,-0.501166,-0.487434,-0.480958,-0.468448,-0.461948,-0.452917,-0.404527,0.0,0.0,0.0,0.0,0.0,0.0,0.0,0.0,0.0,0.0,0.0,0.0,0.0,0.0,0.914798,0.969703,0.173405,0.189909,0.0,0.0,0.104038,0.105473,0.126896,0.127307,-1.6537,-1.64979,1.49828,1.50352,0.0,0.0,0.303418,0.177164,0.325336,0.19883,0.940897,0.971518,0.187536,0.191176,0.0,0.0,0.104038,0.105473,0.126896,0.127307,-1.64502,-1.64869,1.49996,1.50844,0.0,0.0,0.303418,0.177164,0.325336,0.19883,0.832343,0.855469,0.871612,0.942996,0.976169,1.00078,1.03377,0.841266,0.861877,0.870323,0.956767,0.989176,1.00446,1.03507,0.0,0.0,0.0,0.0,0.0,0.0,0.0,0.0,0.0,0.0,0.0,0.0,0.0,0.0,-1.77228,-1.74052,-1.71307,-1.63744,-1.55409,-1.50574,-1.4589,-1.76745,-1.74308,-1.72497,-1.65418,-1.60052,-1.56257,-1.4798,0.0,0.0,0.0,0.0,0.0,0.0,0.0,0.0,0.0,0.0,0.0,0.0,0.0,0.0,1.09396,1.17119,1.10119,0.0213428,0.987132,1.00599,1.08592,1.15175,1.16623,1.16874,1.18653,1.15175,1.16055,1.13506,0.00868761,0.987558,1.08591,1.09347,1.1522,1.16874,1.18434,1.19054,1.59441,1.6239,1.56811,0.0199202,1.4583,1.47153,1.55446,1.59463,1.62556,1.62996,1.63429,1.63453,1.62563,1.59222,0.00762678,1.46801,1.54284,1.56675,1.60271,1.62556,1.63099,1.63453,0.965369,1.0845,0.957923,0.0144733,0.809878,0.832432,0.856848,0.964531,1.03492,1.073,1.08465,0.968617,0.85713,0.922529,0.0169178,0.781735,0.809878,0.829505,0.921015,1.02109,1.06711,1.08396,1.40013,1.4745,1.37392,0.0146325,1.23224,1.25184,1.28639,1.37337,1.45989,1.47269,1.4832,1.25679,1.28561,1.34181,0.0151152,1.21456,1.23557,1.24779,1.34195,1.44184,1.45771,1.47503,-9999,-9999
200910,8.68,1.0,6.691,1.993,1.0,10.821,2.044,1.0,8.015,6.204,1.789,9.96,2.639,8.68,1.0,6.691,1.993,1.0,10.821,2.044,1.0,287.896,210.553,1.0,183.171,210.553,1.0,-9999,-9999,319.368,319.368,0.0,275.041,1.0,272.606,275.041,1.0,4.66,1.0,4.309,4.66,1.0,91.355,91.355,0.0,0.403,0.477,0.999328,1.812,2.176,0.513441,0.325529439145,0.5,51.3036108013,0.998655913978,402.038777539,0.996639784946,34.0053351636,0.999327956989,335.125,0.764113,10.053,1.0,-9999,-9999,1.08375,-9999,29.064,0.764113,-9999,0.453404,41.7166,0.764113,-9999,0.638415,-9999,-9999,24.8065,23.1935,24.8065,22.8387,-0.479354,-0.476607,0.736559,0.741935,0.0150659,0.0147318,0.0294846,0.0224,-0.470607,-0.476853,0.719758,0.741935,0.0151467,0.0146454,0.029526,0.0223433,-0.476981,-0.48474,0.72547,0.732443,0.00384587,0.00276584,-0.507258,-0.500775,-0.495477,-0.484624,-0.464164,-0.450085,-0.443718,-0.50947,-0.502372,-0.49989,-0.486535,-0.476853,-0.468624,-0.450085,0.745968,0.745296,0.747312,0.741935,0.719758,0.705645,0.707661,0.745968,0.745968,0.745296,0.718414,0.741935,0.719758,0.705645,0.799213,0.878097,0.261052,0.295543,0.72043,0.752688,0.0173991,0.0157315,0.0611681,0.0632488,-1.83838,-1.89018,1.49837,1.53821,0.717742,0.731183,0.0236681,0.0240848,0.122156,0.094978,0.851459,0.87605,0.296787,0.295558,0.72043,0.752688,0.0173087,0.0157943,0.0611424,0.0632645,-1.84367,-1.88213,1.51858,1.53693,0.719086,0.731183,0.023953,0.0238266,0.122212,0.0949129,0.77702,0.78962,0.796817,0.855656,0.884053,0.906903,0.929391,0.783776,0.793551,0.799416,0.870066,0.89702,0.916073,0.941715,0.717742,0.717742,0.717742,0.72043,0.752688,0.758065,0.759409,0.717742,0.72043,0.72043,0.752688,0.758065,0.759409,0.760753,-2.01353,-1.97273,-1.93669,-1.85005,-1.76995,-1.73305,-1.70761,-2.00536,-1.9821,-1.96174,-1.89375,-1.82651,-1.79835,-1.72882,0.668988,0.694648,0.701613,0.719086,0.731183,0.732527,0.732527,0.694648,0.716398,0.717742,0.729839,0.732527,0.732527,0.735215,1.10104,1.06064,1.05362,0.0113225,1.02882,1.03391,1.0405,1.05785,1.09356,1.09581,1.10034,1.02884,1.05439,1.06083,0.00371625,1.02884,1.03391,1.03669,1.05785,1.0753,1.09485,1.09908,1.60093,1.53749,1.53836,0.0111639,1.50854,1.51846,1.52422,1.52685,1.5919,1.59671,1.60093,1.52498,1.525,1.53781,0.00578446,1.48506,1.51551,1.5184,1.52498,1.54009,1.59597,1.60104,0.985735,1.06727,1.02748,0.00918581,0.895984,0.974023,0.987527,1.0244,1.06728,1.07555,1.1167,1.01644,1.01752,1.03419,0.00970686,0.932764,0.978051,0.987527,1.0244,1.06548,1.07555,1.1167,1.51792,1.57362,1.53721,0.00793199,1.44135,1.47877,1.51006,1.52895,1.57362,1.57825,1.61145,1.48474,1.50616,1.53537,0.00833536,1.45606,1.47775,1.50467,1.51975,1.57196,1.57888,1.61026,-9999,-9999
200911,4.82,1.0,3.742,1.76,1.0,6.211,1.519,1.0,4.004,2.488,1.709,5.951,2.521,4.82,1.0,3.742,1.76,1.0,6.211,1.519,1.0,217.126,152.717,1.0,131.459,152.717,1.0,-9999,-9999,284.096,284.096,0.0,245.828,1.0,246.651,245.828,1.0,4.53,1.0,3.707,4.53,1.0,91.403,91.403,0.0,0.37,0.143,1.0,2.585,3.624,0.9,0.481550783635,0.869444444444,11.5741227904,0.997222222222,292.044057104,0.997916666667,31.6012083333,1.0,310.499,1.0,6.028,1.0,-9999,-9999,-3.35072,-9999,17.1945,1.0,23.7071,0.357323,18.6363,1.0,25.6951,0.755378,1.0,2,27.0,21.0,27.0,21.0,-0.609232,-0.614632,0.989583,0.990278,0.0238151,0.0234395,0.0263211,0.0264409,-0.605447,-0.614801,0.984028,0.990278,0.0237844,0.023513,0.0262934,0.0265061,-0.6025,-0.608613,0.985295,0.987708,0.00275226,0.00209906,-0.633511,-0.61517,-0.611411,-0.606888,-0.594915,-0.592752,-0.563666,-0.632438,-0.621556,-0.613964,-0.60939,-0.605314,-0.597084,-0.592752,0.992361,0.990278,0.990278,0.984028,0.978472,0.984722,0.959722,0.992361,0.992361,0.990278,0.990278,0.984028,0.978472,0.984722,0.781355,0.77322,0.583083,0.588247,0.98545,0.98664,0.0298275,0.0297694,0.0431426,0.0389747,-2.3403,-2.33785,1.84373,1.8458,0.982049,0.995382,0.0357896,0.0346484,0.0657619,0.0616557,0.778353,0.772724,0.585285,0.585012,0.98545,0.98664,0.0297817,0.02974,0.0431109,0.0389523,-2.33757,-2.35197,1.84246,1.844,0.982049,0.995382,0.0357537,0.0349308,0.0657423,0.0618148,0.727038,0.748191,0.75722,0.779631,0.798626,0.810532,0.830966,0.724726,0.74642,0.756169,0.770064,0.789785,0.796732,0.814027,0.981746,0.981746,0.984215,0.98545,0.98664,0.98664,0.9903,0.981746,0.98545,0.98545,0.98664,0.98664,0.98664,0.9903,-2.4334,-2.38989,-2.37546,-2.34242,-2.30339,-2.27955,-2.24253,-2.43791,-2.39421,-2.37436,-2.33806,-2.30486,-2.29221,-2.25979,0.960693,0.975534,0.978867,0.985382,0.995382,0.995382,0.996898,0.968867,0.982049,0.983716,0.995382,0.995382,0.995382,0.995382,0.840426,0.852664,0.858535,0.00446721,0.824055,0.836944,0.839056,0.85291,0.866975,0.886536,0.908501,0.866239,0.864134,0.872551,0.00604203,0.820386,0.839056,0.843197,0.864129,0.898439,0.908501,0.943898,1.44982,1.46746,1.46715,0.00273196,1.44786,1.4529,1.45494,1.46393,1.4722,1.47929,1.50342,1.47118,1.46958,1.47505,0.00352301,1.44801,1.45251,1.45593,1.47095,1.49266,1.50206,1.51494,0.766111,0.770333,0.796826,0.00576704,0.737979,0.750839,0.771388,0.785538,0.82878,0.834592,0.847576,0.747299,0.820127,0.810149,0.00591507,0.750589,0.770723,0.780907,0.815849,0.830529,0.843723,0.870916,1.42162,1.43701,1.43212,0.00257675,1.40823,1.41133,1.42162,1.42943,1.44195,1.45098,1.4593,1.41098,1.41053,1.42918,0.00285733,1.40639,1.40921,1.41572,1.42455,1.43733,1.44636,1.45925,-9999,-9999
200912,1.776,1.0,1.035,2.301,1.0,2.814,1.762,1.0,0.858,-0.053,1.855,2.141,1.915,1.776,1.0,1.035,2.301,1.0,2.814,1.762,1.0,182.2,104.271,1.0,84.165,104.271,1.0,-9999,-9999,287.313,287.313,0.0,242.821,1.0,249.018,242.821,1.0,2.566,1.0,2.345,2.566,1.0,90.733,90.733,0.0,5.677,13.469,1.0,3.03,3.385,0.331989,-9999,-9999,-4.98974537844,0.993951612903,199.970764556,0.999327956989,65.3729233871,1.0,337.07,0.834677,1.535,1.0,-9999,-9999,-4.02402,-9999,26.9978,0.824597,37.2236,0.602376,-30.0788,0.834005,-41.4715,0.844295,0.819892,1,28.0968,19.9032,28.0968,19.8387,0.389966,0.403429,0.780914,0.784946,0.0169209,0.0163996,0.0498662,0.0438121,0.383347,0.40471,0.774194,0.78629,0.0168952,0.0165101,0.0498575,0.0438536,0.38536,0.400706,0.779402,0.785887,0.00632724,0.00526422,0.328931,0.337946,0.347081,0.382035,0.422028,0.431761,0.438604,0.339971,0.354946,0.376377,0.403429,0.43158,0.4362,0.43801,0.758065,0.768817,0.770833,0.772849,0.790323,0.790995,0.801075,0.771505,0.771505,0.769489,0.784946,0.811828,0.796371,0.794355,0.85487,0.84459,0.41277,0.410537,0.848363,0.848363,0.0202106,0.0201019,0.0272072,0.0253224,-0.329133,-0.245956,1.07754,1.04416,0.666553,0.697199,0.0270735,0.0254451,0.154943,0.141473,0.852635,0.847966,0.412424,0.411013,0.848363,0.848363,0.0201926,0.0202581,0.0271938,0.0254466,-0.311003,-0.254801,1.06842,1.04791,0.669779,0.698812,0.0270135,0.0255837,0.154933,0.141498,0.802339,0.834276,0.840865,0.853484,0.862225,0.870705,0.882767,0.817316,0.834754,0.842981,0.847201,0.861787,0.865553,0.880025,0.836843,0.848363,0.848363,0.848363,0.848363,0.848363,0.848363,0.848363,0.848363,0.848363,0.848363,0.848363,0.848363,0.848363,-0.525217,-0.459411,-0.427304,-0.320485,-0.190299,-0.154293,-0.10848,-0.48702,-0.421499,-0.367267,-0.260347,-0.170119,-0.143167,-0.103715,0.606876,0.640747,0.648812,0.671392,0.724618,0.735908,0.761715,0.627844,0.647199,0.652037,0.700424,0.729457,0.745586,0.766553,1.40154,1.40579,1.41083,0.00418409,1.36987,1.37767,1.3912,1.40274,1.43276,1.44275,1.44562,1.4272,1.44562,1.41901,0.00402346,1.37251,1.39086,1.39609,1.42938,1.43831,1.445,1.4509,0.963531,1.00108,1.01012,0.00907095,0.936802,0.942295,0.957999,0.992349,1.05935,1.06485,1.10719,1.05028,1.06227,1.03365,0.00996825,0.935454,0.949424,0.969809,1.05028,1.07444,1.09977,1.11732,0.849412,0.84582,0.718299,0.0196989,0.501565,0.537669,0.580401,0.757679,0.826852,0.831038,0.856788,0.77195,0.504777,0.71348,0.0178266,0.504745,0.539062,0.614063,0.751428,0.801129,0.828705,0.853871,0.561723,0.578329,0.503391,0.0119131,0.384283,0.42812,0.447363,0.466621,0.561723,0.576447,0.589741,0.466621,0.453039,0.485812,0.0117972,0.381001,0.386962,0.434765,0.456106,0.554885,0.576051,0.589741,-9999,-9999
