TIMESTAMP,TA_F_MDS,TA_F_MDS_QC,TA_F_MDS_NIGHT,TA_F_MDS_NIGHT_SD,TA_F_MDS_NIGHT_QC,TA_F_MDS_DAY,TA_F_MDS_DAY_SD,TA_F_MDS_DAY_QC,TA_ERA,TA_ERA_NIGHT,TA_ERA_NIGHT_SD,TA_ERA_DAY,TA_ERA_DAY_SD,TA_F,TA_F_QC,TA_F_NIGHT,TA_F_NIGHT_SD,TA_F_NIGHT_QC,TA_F_DAY,TA_F_DAY_SD,TA_F_DAY_QC,SW_IN_POT,SW_IN_F_MDS,SW_IN_F_MDS_QC,SW_IN_ERA,SW_IN_F,SW_IN_F_QC,LW_IN_F_MDS,LW_IN_F_MDS_QC,LW_IN_ERA,LW_IN_F,LW_IN_F_QC,LW_IN_JSB,LW_IN_JSB_QC,LW_IN_JSB_ERA,LW_IN_JSB_F,LW_IN_JSB_F_QC,VPD_F_MDS,VPD_F_MDS_QC,VPD_ERA,VPD_F,VPD_F_QC,PA_ERA,PA_F,PA_F_QC,P_ERA,P_F,P_F_QC,WS_ERA,WS_F,WS_F_QC,USTAR,USTAR_QC,NETRAD,NETRAD_QC,PPFD_IN,PPFD_IN_QC,PPFD_OUT,PPFD_OUT_QC,SW_OUT,SW_OUT_QC,LW_OUT,LW_OUT_QC,CO2_F_MDS,CO2_F_MDS_QC,TS_F_MDS_1,TS_F_MDS_1_QC,G_F_MDS,G_F_MDS_QC,LE_F_MDS,LE_F_MDS_QC,LE_CORR,LE_RANDUNC,H_F_MDS,H_F_MDS_QC,H_CORR,H_RANDUNC,EBC_CF_N,EBC_CF_METHOD,NIGHT_D,DAY_D,NIGHT_RANDUNC_N,DAY_RANDUNC_N,NEE_CUT_REF,NEE_VUT_REF,NEE_CUT_REF_QC,NEE_VUT_REF_QC,NEE_CUT_REF_RANDUNC,NEE_VUT_REF_RANDUNC,NEE_CUT_REF_JOINTUNC,NEE_VUT_REF_JOINTUNC,NEE_CUT_USTAR50,NEE_VUT_USTAR50,NEE_CUT_USTAR50_QC,NEE_VUT_USTAR50_QC,NEE_CUT_USTAR50_RANDUNC,NEE_VUT_USTAR50_RANDUNC,NEE_CUT_USTAR50_JOINTUNC,NEE_VUT_USTAR50_JOINTUNC,NEE_CUT_MEAN,NEE_VUT_MEAN,NEE_CUT_MEAN_QC,NEE_VUT_MEAN_QC,NEE_CUT_SE,NEE_VUT_SE,NEE_CUT_05,NEE_CUT_16,NEE_CUT_25,NEE_CUT_50,NEE_CUT_75,NEE_CUT_84,NEE_CUT_95,NEE_VUT_05,NEE_VUT_16,NEE_VUT_25,NEE_VUT_50,NEE_VUT_75,NEE_VUT_84,NEE_VUT_95,NEE_CUT_05_QC,NEE_CUT_16_QC,NEE_CUT_25_QC,NEE_CUT_50_QC,NEE_CUT_75_QC,NEE_CUT_84_QC,NEE_CUT_95_QC,NEE_VUT_05_QC,NEE_VUT_16_QC,NEE_VUT_25_QC,NEE_VUT_50_QC,NEE_VUT_75_QC,NEE_VUT_84_QC,NEE_VUT_95_QC,NEE_CUT_REF_NIGHT,NEE_VUT_REF_NIGHT,NEE_CUT_REF_NIGHT_SD,NEE_VUT_REF_NIGHT_SD,NEE_CUT_REF_NIGHT_QC,NEE_VUT_REF_NIGHT_QC,NEE_CUT_REF_NIGHT_RANDUNC,NEE_VUT_REF_NIGHT_RANDUNC,NEE_CUT_REF_NIGHT_JOINTUNC,NEE_VUT_REF_NIGHT_JOINTUNC,NEE_CUT_REF_DAY,NEE_VUT_REF_DAY,NEE_CUT_REF_DAY_SD,NEE_VUT_REF_DAY_SD,NEE_CUT_REF_DAY_QC,NEE_VUT_REF_DAY_QC,NEE_CUT_REF_DAY_RANDUNC,NEE_VUT_REF_DAY_RANDUNC,NEE_CUT_REF_DAY_JOINTUNC,NEE_VUT_REF_DAY_JOINTUNC,NEE_CUT_USTAR50_NIGHT,NEE_VUT_USTAR50_NIGHT,NEE_CUT_USTAR50_NIGHT_SD,NEE_VUT_USTAR50_NIGHT_SD,NEE_CUT_USTAR50_NIGHT_QC,NEE_VUT_USTAR50_NIGHT_QC,NEE_CUT_USTAR50_NIGHT_RANDUNC,NEE_VUT_USTAR50_NIGHT_RANDUNC,NEE_CUT_USTAR50_NIGHT_JOINTUNC,NEE_VUT_USTAR50_NIGHT_JOINTUNC,NEE_CUT_USTAR50_DAY,NEE_VUT_USTAR50_DAY,NEE_CUT_USTAR50_DAY_SD,NEE_VUT_USTAR50_DAY_SD,NEE_CUT_USTAR50_DAY_QC,NEE_VUT_USTAR50_DAY_QC,NEE_CUT_USTAR50_DAY_RANDUNC,NEE_VUT_USTAR50_DAY_RANDUNC,NEE_CUT_USTAR50_DAY_JOINTUNC,NEE_VUT_USTAR50_DAY_JOINTUNC,NEE_CUT_05_NIGHT,NEE_CUT_16_NIGHT,NEE_CUT_25_NIGHT,NEE_CUT_50_NIGHT,NEE_CUT_75_NIGHT,NEE_CUT_84_NIGHT,NEE_CUT_95_NIGHT,NEE_VUT_05_NIGHT,NEE_VUT_16_NIGHT,NEE_VUT_25_NIGHT,NEE_VUT_50_NIGHT,NEE_VUT_75_NIGHT,NEE_VUT_84_NIGHT,NEE_VUT_95_NIGHT,NEE_CUT_05_NIGHT_QC,NEE_CUT_16_NIGHT_QC,NEE_CUT_25_NIGHT_QC,NEE_CUT_50_NIGHT_QC,NEE_CUT_75_NIGHT_QC,NEE_CUT_84_NIGHT_QC,NEE_CUT_95_NIGHT_QC,NEE_VUT_05_NIGHT_QC,NEE_VUT_16_NIGHT_QC,NEE_VUT_25_NIGHT_QC,NEE_VUT_50_NIGHT_QC,NEE_VUT_75_NIGHT_QC,NEE_VUT_84_NIGHT_QC,NEE_VUT_95_NIGHT_QC,NEE_CUT_05_DAY,NEE_CUT_16_DAY,NEE_CUT_25_DAY,NEE_CUT_50_DAY,NEE_CUT_75_DAY,NEE_CUT_84_DAY,NEE_CUT_95_DAY,NEE_VUT_05_DAY,NEE_VUT_16_DAY,NEE_VUT_25_DAY,NEE_VUT_50_DAY,NEE_VUT_75_DAY,NEE_VUT_84_DAY,NEE_VUT_95_DAY,NEE_CUT_05_DAY_QC,NEE_CUT_16_DAY_QC,NEE_CUT_25_DAY_QC,NEE_CUT_50_DAY_QC,NEE_CUT_75_DAY_QC,NEE_CUT_84_DAY_QC,NEE_CUT_95_DAY_QC,NEE_VUT_05_DAY_QC,NEE_VUT_16_DAY_QC,NEE_VUT_25_DAY_QC,NEE_VUT_50_DAY_QC,NEE_VUT_75_DAY_QC,NEE_VUT_84_DAY_QC,NEE_VUT_95_DAY_QC,RECO_NT_VUT_REF,RECO_NT_VUT_USTAR50,RECO_NT_VUT_MEAN,RECO_NT_VUT_SE,RECO_NT_VUT_05,RECO_NT_VUT_16,RECO_NT_VUT_25,RECO_NT_VUT_50,RECO_NT_VUT_75,RECO_NT_VUT_84,RECO_NT_VUT_95,RECO_NT_CUT_REF,RECO_NT_CUT_USTAR50,RECO_NT_CUT_MEAN,RECO_NT_CUT_SE,RECO_NT_CUT_05,RECO_NT_CUT_16,RECO_NT_CUT_25,RECO_NT_CUT_50,RECO_NT_CUT_75,RECO_NT_CUT_84,RECO_NT_CUT_95,GPP_NT_VUT_REF,GPP_NT_VUT_USTAR50,GPP_NT_VUT_MEAN,GPP_NT_VUT_SE,GPP_NT_VUT_05,GPP_NT_VUT_16,GPP_NT_VUT_25,GPP_NT_VUT_50,GPP_NT_VUT_75,GPP_NT_VUT_84,GPP_NT_VUT_95,GPP_NT_CUT_REF,GPP_NT_CUT_USTAR50,GPP_NT_CUT_MEAN,GPP_NT_CUT_SE,GPP_NT_CUT_05,GPP_NT_CUT_16,GPP_NT_CUT_25,GPP_NT_CUT_50,GPP_NT_CUT_75,GPP_NT_CUT_84,GPP_NT_CUT_95,RECO_DT_VUT_REF,RECO_DT_VUT_USTAR50,RECO_DT_VUT_MEAN,RECO_DT_VUT_SE,RECO_DT_VUT_05,RECO_DT_VUT_16,RECO_DT_VUT_25,RECO_DT_VUT_50,RECO_DT_VUT_75,RECO_DT_VUT_84,RECO_DT_VUT_95,RECO_DT_CUT_REF,RECO_DT_CUT_USTAR50,RECO_DT_CUT_MEAN,RECO_DT_CUT_SE,RECO_DT_CUT_05,RECO_DT_CUT_16,RECO_DT_CUT_25,RECO_DT_CUT_50,RECO_DT_CUT_75,RECO_DT_CUT_84,RECO_DT_CUT_95,GPP_DT_VUT_REF,GPP_DT_VUT_USTAR50,GPP_DT_VUT_MEAN,GPP_DT_VUT_SE,GPP_DT_VUT_05,GPP_DT_VUT_16,GPP_DT_VUT_25,GPP_DT_VUT_50,GPP_DT_VUT_75,GPP_DT_VUT_84,GPP_DT_VUT_95,GPP_DT_CUT_REF,GPP_DT_CUT_USTAR50,GPP_DT_CUT_MEAN,GPP_DT_CUT_SE,GPP_DT_CUT_05,GPP_DT_CUT_16,GPP_DT_CUT_25,GPP_DT_CUT_50,GPP_DT_CUT_75,GPP_DT_CUT_84,GPP_DT_CUT_95,RECO_SR,RECO_SR_N
201201,-9999,-9999,-9999,-9999,-9999,-9999,-9999,-9999,8.96,7.084,2.504,11.449,3.632,8.96,0.0,7.084,2.504,0.0,11.449,3.632,0.0,191.927,287.788,0.610887,109.572,109.448,0.610887,-9999,-9999,307.772,307.772,0.0,-9999,-9999,308.105,308.105,0.0,-9999,-9999,4.494,4.494,0.0,102.27,102.27,0.0,2.816,2.816,0.0,1.874,1.874,0.0,-9999,-9999,-9999,-9999,-9999,-9999,-9999,-9999,-9999,-9999,-9999,-9999,-9999,-9999,-9999,-9999,-9999,1.0,192.119,0.0,-9999,-9999,34.342,0.0,-9999,-9999,-9999,-9999,27.3226,20.6774,0.0,0.0,-8.42513,-8.48187,0.0,0.0,-9999,-9999,-9999,-9999,-8.17173,-8.48217,0.0,0.0,-9999,-9999,-9999,-9999,-8.44588,-8.47807,0.0,0.0,0.0222056,0.024957,-8.72309,-8.60422,-8.55252,-8.41613,-8.3645,-8.35004,-8.19223,-8.72774,-8.66333,-8.60422,-8.47559,-8.38673,-8.35004,-8.19223,0.0,0.0,0.0,0.0,0.0,0.0,0.0,0.0,0.0,0.0,0.0,0.0,0.0,0.0,0.413175,0.423441,5.72087,5.72432,0.0,0.0,-9999,-9999,-9999,-9999,-19.3934,-19.5341,3.28948,3.38198,0.0,0.0,-9999,-9999,-9999,-9999,0.624507,0.422932,5.50237,5.72533,0.0,0.0,-9999,-9999,-9999,-9999,-19.1054,-19.5341,3.08611,3.38198,0.0,0.0,-9999,-9999,-9999,-9999,0.121366,0.167241,0.213962,0.355899,0.488653,0.609843,0.624507,0.0786168,0.191032,0.27304,0.423441,0.5531,0.619727,0.624507,0.0,0.0,0.0,0.0,0.0,0.0,0.0,0.0,0.0,0.0,0.0,0.0,0.0,0.0,-20.0163,-19.952,-19.9487,-19.1054,-19.0049,-18.9871,-18.9789,-20.0301,-19.952,-19.9487,-19.5341,-19.0887,-19.0103,-18.9871,0.0,0.0,0.0,0.0,0.0,0.0,0.0,0.0,0.0,0.0,0.0,0.0,0.0,0.0,2.20037,1.82845,2.10501,0.0328331,1.81848,1.83991,1.86831,2.08765,2.30295,2.32943,2.33474,2.20037,2.02337,2.05695,0.0306377,1.81848,1.83394,1.84982,1.9971,2.27239,2.31493,2.33045,10.6682,10.3106,10.5831,0.0545247,10.0634,10.1951,10.2458,10.4481,10.8872,10.9613,11.0495,10.2465,10.1951,10.5028,0.0492959,10.0634,10.1951,10.2436,10.3817,10.8312,10.9014,11.0406,3.50615,3.39805,3.46251,0.0628647,2.83547,3.03463,3.23837,3.43761,3.61118,3.67322,4.29862,3.39009,3.52219,3.36149,0.0658734,2.52219,2.9402,3.15325,3.30214,3.59952,3.63618,4.2956,5.21052,5.18487,5.4345,0.0565593,4.92748,5.18161,5.21052,5.25999,5.42036,6.01074,6.0626,5.36756,5.1761,5.34952,0.0529708,4.86066,5.1761,5.1853,5.23988,5.38959,5.62,6.0626,-9999,-9999
201202,-9999,-9999,-9999,-9999,-9999,-9999,-9999,-9999,10.299,8.443,2.215,12.474,3.378,10.299,0.0,8.443,2.215,0.0,12.474,3.378,0.0,253.285,287.826,0.579741,152.219,151.838,0.579741,-9999,-9999,311.667,311.667,0.0,-9999,-9999,312.376,312.376,0.0,-9999,-9999,5.244,5.244,0.0,101.959,101.959,0.0,0.463,0.463,0.0,1.93,1.93,0.0,-9999,-9999,-9999,-9999,-9999,-9999,-9999,-9999,-9999,-9999,-9999,-9999,-9999,-9999,-9999,-9999,-9999,1.0,192.316,0.0,-9999,-9999,34.0952,0.0,-9999,-9999,-9999,-9999,25.8276,22.1724,0.0,0.0,-8.43319,-8.48715,0.0,0.0,-9999,-9999,-9999,-9999,-8.1798,-8.4878,0.0,0.0,-9999,-9999,-9999,-9999,-8.44708,-8.47948,0.0,0.0,0.0217444,0.0243205,-8.70892,-8.60436,-8.55535,-8.40801,-8.36745,-8.34971,-8.20241,-8.71519,-8.66484,-8.60436,-8.47981,-8.38532,-8.34971,-8.20241,0.0,0.0,0.0,0.0,0.0,0.0,0.0,0.0,0.0,0.0,0.0,0.0,0.0,0.0,1.01572,1.02613,5.17425,5.17678,0.0,0.0,-9999,-9999,-9999,-9999,-18.7728,-18.8976,4.02464,4.11149,0.0,0.0,-9999,-9999,-9999,-9999,1.24195,1.02494,4.87769,5.17771,0.0,0.0,-9999,-9999,-9999,-9999,-18.5072,-18.8976,3.82822,4.11149,0.0,0.0,-9999,-9999,-9999,-9999,0.734776,0.775574,0.816954,1.00441,1.09511,1.22846,1.24195,0.676406,0.784809,0.878452,1.02846,1.15687,1.23315,1.24195,0.0,0.0,0.0,0.0,0.0,0.0,0.0,0.0,0.0,0.0,0.0,0.0,0.0,0.0,-19.3634,-19.2808,-19.2717,-18.5072,-18.4034,-18.3929,-18.3846,-19.3834,-19.2808,-19.2717,-18.8976,-18.4919,-18.4135,-18.3929,0.0,0.0,0.0,0.0,0.0,0.0,0.0,0.0,0.0,0.0,0.0,0.0,0.0,0.0,2.42958,2.05893,2.32491,0.0322528,2.05169,2.08141,2.10238,2.26607,2.51993,2.54452,2.55289,2.42958,2.21792,2.2731,0.0297408,2.05169,2.07701,2.08871,2.19336,2.5077,2.52014,2.54978,10.9156,10.5467,10.8044,0.0535963,10.3069,10.4348,10.4849,10.6462,11.1094,11.189,11.2289,10.4925,10.3977,10.7202,0.0485289,10.3069,10.4348,10.4849,10.5728,11.0626,11.1291,11.2223,3.75129,3.65247,3.7181,0.0656828,3.12666,3.24146,3.45782,3.72413,3.87188,3.90411,4.6166,3.68963,3.78795,3.62055,0.0679777,2.76824,3.22258,3.42778,3.57287,3.84665,3.881,4.61384,6.73455,6.79933,7.04049,0.0683579,6.41213,6.73422,6.74197,6.8383,7.04542,7.70634,7.81981,6.94264,6.69651,6.93366,0.0647222,6.34205,6.69921,6.73006,6.79717,7.00017,7.3309,7.81981,-9999,-9999
201203,-9999,-9999,-9999,-9999,-9999,-9999,-9999,-9999,10.735,9.048,1.785,12.376,2.638,10.735,0.0,9.048,1.785,0.0,12.376,2.638,0.0,335.432,287.788,0.52957,157.014,156.672,0.52957,-9999,-9999,331.297,331.297,0.0,-9999,-9999,333.895,333.895,0.0,-9999,-9999,4.283,4.283,0.0,101.749,101.749,0.0,4.328,4.328,0.0,2.184,2.184,0.0,-9999,-9999,-9999,-9999,-9999,-9999,-9999,-9999,-9999,-9999,-9999,-9999,-9999,-9999,-9999,-9999,-9999,1.0,192.119,0.0,-9999,-9999,34.342,0.0,-9999,-9999,-9999,-9999,23.4194,24.5806,0.0,0.0,-8.42513,-8.48187,0.0,0.0,-9999,-9999,-9999,-9999,-8.17173,-8.48217,0.0,0.0,-9999,-9999,-9999,-9999,-8.44588,-8.47807,0.0,0.0,0.0222056,0.024957,-8.72309,-8.60422,-8.55252,-8.41613,-8.3645,-8.35004,-8.19223,-8.72774,-8.66333,-8.60422,-8.47559,-8.38673,-8.35004,-8.19223,0.0,0.0,0.0,0.0,0.0,0.0,0.0,0.0,0.0,0.0,0.0,0.0,0.0,0.0,2.15099,2.16304,3.62832,3.62805,0.0,0.0,-9999,-9999,-9999,-9999,-17.9007,-18.019,4.87498,4.9652,0.0,0.0,-9999,-9999,-9999,-9999,2.38083,2.16243,3.15026,3.63051,0.0,0.0,-9999,-9999,-9999,-9999,-17.6431,-18.019,4.70067,4.9652,0.0,0.0,-9999,-9999,-9999,-9999,1.80875,1.86263,1.9048,2.15099,2.2422,2.38083,2.40694,1.75947,1.86892,1.98628,2.1755,2.31199,2.38083,2.40694,0.0,0.0,0.0,0.0,0.0,0.0,0.0,0.0,0.0,0.0,0.0,0.0,0.0,0.0,-18.5342,-18.3852,-18.3577,-17.6569,-17.5571,-17.5571,-17.5501,-18.5705,-18.3852,-18.3653,-18.019,-17.629,-17.5765,-17.5571,0.0,0.0,0.0,0.0,0.0,0.0,0.0,0.0,0.0,0.0,0.0,0.0,0.0,0.0,2.49393,2.1183,2.38591,0.0325964,2.1112,2.14221,2.16287,2.31933,2.58034,2.60858,2.61641,2.49393,2.27407,2.33277,0.0300184,2.1112,2.13785,2.14943,2.25051,2.57196,2.58014,2.6135,10.9725,10.6005,10.864,0.0544507,10.3572,10.4955,10.5461,10.7033,11.1738,11.2532,11.3012,10.5461,10.4458,10.7787,0.049194,10.3572,10.4955,10.5363,10.6323,11.1273,11.1894,11.2951,3.82776,3.73078,3.79663,0.0667623,3.20884,3.31067,3.5315,3.80374,3.95533,3.97807,4.71471,3.77826,3.86963,3.69934,0.0689078,2.83892,3.3041,3.50662,3.65454,3.9209,3.9593,4.71201,6.79102,6.88215,7.10677,0.0683259,6.47658,6.78894,6.80131,6.91272,7.12023,7.76596,7.88671,7.00332,6.75406,6.99904,0.0648421,6.41048,6.75619,6.78673,6.8705,7.07706,7.41183,7.88671,-9999,-9999
201204,-9999,-9999,-9999,-9999,-9999,-9999,-9999,-9999,14.059,11.602,1.901,15.941,3.349,14.059,0.0,11.602,1.901,0.0,15.941,3.349,0.0,412.286,298.935,0.476389,264.334,263.989,0.476389,-9999,-9999,332.477,332.477,0.0,-9999,-9999,335.188,335.188,0.0,-9999,-9999,5.906,5.906,0.0,101.696,101.696,0.0,2.527,2.527,0.0,1.985,1.985,0.0,-9999,-9999,-9999,-9999,-9999,-9999,-9999,-9999,-9999,-9999,-9999,-9999,-9999,-9999,-9999,-9999,-9999,1.0,192.084,0.0,-9999,-9999,34.2208,0.0,-9999,-9999,-9999,-9999,20.8667,27.1333,0.0,0.0,-8.42058,-8.47585,0.0,0.0,-9999,-9999,-9999,-9999,-8.16738,-8.47741,0.0,0.0,-9999,-9999,-9999,-9999,-8.43948,-8.47063,0.0,0.0,0.0218838,0.0245746,-8.71318,-8.5919,-8.54445,-8.41066,-8.36746,-8.33968,-8.1889,-8.71318,-8.6525,-8.5919,-8.46901,-8.38665,-8.33968,-8.1889,0.0,0.0,0.0,0.0,0.0,0.0,0.0,0.0,0.0,0.0,0.0,0.0,0.0,0.0,3.21473,3.22828,1.28937,1.27662,0.0,0.0,-9999,-9999,-9999,-9999,-16.8351,-16.9398,5.90144,5.98682,0.0,0.0,-9999,-9999,-9999,-9999,3.31246,3.22465,1.30994,1.2868,0.0,0.0,-9999,-9999,-9999,-9999,-16.4775,-16.9398,5.88669,5.98682,0.0,0.0,-9999,-9999,-9999,-9999,2.79751,2.93795,2.97784,3.21205,3.31246,3.31879,3.33916,2.84899,2.97784,3.13249,3.22828,3.31344,3.33884,3.34347,0.0,0.0,0.0,0.0,0.0,0.0,0.0,0.0,0.0,0.0,0.0,0.0,0.0,0.0,-17.4159,-17.1938,-17.1444,-16.6596,-16.5943,-16.5145,-16.4219,-17.4159,-17.2316,-17.1474,-16.9398,-16.6121,-16.5892,-16.4775,0.0,0.0,0.0,0.0,0.0,0.0,0.0,0.0,0.0,0.0,0.0,0.0,0.0,0.0,3.19099,2.87998,3.06282,0.0297253,2.82121,2.83223,2.88305,2.96498,3.25413,3.27953,3.28783,3.19099,2.84801,3.00133,0.0285248,2.82103,2.82484,2.83328,2.94829,3.19099,3.25639,3.28586,11.6921,11.3574,11.5335,0.050417,11.1016,11.1677,11.2255,11.3768,11.827,11.9088,11.937,11.3402,11.0154,11.4408,0.0469982,11.1016,11.1677,11.2077,11.309,11.8009,11.827,11.9359,4.48283,4.42343,4.49385,0.0753226,3.76047,4.04678,4.08943,4.4794,4.6614,4.71824,5.57747,4.63626,4.59475,4.41555,0.0747804,3.56866,4.01762,4.08943,4.41159,4.61527,4.70123,5.53569,10.2661,10.5452,10.7066,0.0887746,9.85282,10.2387,10.2633,10.5332,10.7554,11.4593,11.781,10.5632,10.2221,10.5619,0.0861405,9.77145,10.2009,10.2368,10.5124,10.7026,11.2381,11.7631,-9999,-9999
201205,-9999,-9999,-9999,-9999,-9999,-9999,-9999,-9999,17.743,14.077,2.336,20.103,4.551,17.743,0.0,14.077,2.336,0.0,20.103,4.551,0.0,464.662,337.054,0.433468,329.305,328.885,0.433468,-9999,-9999,331.77,331.77,0.0,-9999,-9999,334.413,334.413,0.0,-9999,-9999,10.871,10.871,0.0,101.481,101.481,0.0,0.085,0.085,0.0,2.034,2.034,0.0,-9999,-9999,-9999,-9999,-9999,-9999,-9999,-9999,-9999,-9999,-9999,-9999,-9999,-9999,-9999,-9999,-9999,1.0,192.853,0.0,-9999,-9999,33.869,0.0,-9999,-9999,-9999,-9999,18.8065,29.1935,0.0,0.0,-8.33093,-8.39531,0.0,0.0,-9999,-9999,-9999,-9999,-8.09222,-8.39741,0.0,0.0,-9999,-9999,-9999,-9999,-8.35202,-8.38451,0.0,0.0,0.0222584,0.0247648,-8.65066,-8.49438,-8.46457,-8.3206,-8.2829,-8.24417,-8.11545,-8.65066,-8.55523,-8.49438,-8.39145,-8.29055,-8.24417,-8.11545,0.0,0.0,0.0,0.0,0.0,0.0,0.0,0.0,0.0,0.0,0.0,0.0,0.0,0.0,3.76687,3.76061,0.155987,0.143942,0.0,0.0,-9999,-9999,-9999,-9999,-15.6431,-15.7412,7.2112,7.29339,0.0,0.0,-9999,-9999,-9999,-9999,3.82612,3.75542,0.162947,0.154245,0.0,0.0,-9999,-9999,-9999,-9999,-15.3026,-15.7412,7.1395,7.29339,0.0,0.0,-9999,-9999,-9999,-9999,3.38332,3.53286,3.57594,3.77501,3.8154,3.82327,3.82669,3.38332,3.54645,3.76617,3.80583,3.81706,3.82612,3.82669,0.0,0.0,0.0,0.0,0.0,0.0,0.0,0.0,0.0,0.0,0.0,0.0,0.0,0.0,-16.1421,-15.9353,-15.8867,-15.5711,-15.4461,-15.3599,-15.3234,-16.1538,-16.0269,-15.9214,-15.7412,-15.5156,-15.4439,-15.3305,0.0,0.0,0.0,0.0,0.0,0.0,0.0,0.0,0.0,0.0,0.0,0.0,0.0,0.0,4.01127,3.80159,3.86342,0.0363107,3.40607,3.50996,3.74019,3.92033,4.01646,4.09567,4.12728,4.01127,3.51668,3.79344,0.0406011,3.39879,3.49552,3.51507,3.85867,3.99754,4.0337,4.11982,12.4512,12.199,12.248,0.0517737,11.6248,11.7966,11.9741,12.3057,12.5053,12.5736,12.6217,12.2405,11.6089,12.1455,0.0540198,11.6089,11.7385,11.7977,12.1971,12.4458,12.518,12.6217,5.22202,5.20967,5.28613,0.0885911,4.42253,4.6358,5.10683,5.22705,5.45852,5.63341,6.5555,5.62629,5.41844,5.23298,0.0852896,4.34095,4.61355,5.1067,5.22705,5.45593,5.62629,6.45015,11.967,11.8203,11.9789,0.0690105,11.283,11.6448,11.7296,11.8877,12.1589,12.3281,12.9831,12.0722,11.9055,11.8929,0.0687388,11.0735,11.5715,11.6685,11.8278,11.977,12.3004,12.8422,-9999,-9999
201206,-9999,-9999,-9999,-9999,-9999,-9999,-9999,-9999,20.133,16.641,2.604,22.228,4.595,20.133,0.0,16.641,2.604,0.0,22.228,4.595,0.0,485.626,358.968,0.416667,347.118,346.998,0.416667,-9999,-9999,345.519,345.519,0.0,-9999,-9999,349.485,349.485,0.0,-9999,-9999,13.197,13.197,0.0,101.26,101.26,0.0,0.033,0.033,0.0,2.126,2.126,0.0,-9999,-9999,-9999,-9999,-9999,-9999,-9999,-9999,-9999,-9999,-9999,-9999,-9999,-9999,-9999,-9999,-9999,1.0,192.97,0.0,-9999,3.22198,33.9311,0.0,-9999,2.80623,-9999,-9999,18.0,30.0,0.766667,1.33333,-8.38384,-8.44564,0.0,0.0,0.322611,0.305802,0.339623,0.3348,-8.15089,-8.44937,0.0,0.0,0.356506,0.305973,0.371971,0.334956,-8.41432,-8.44104,0.0,0.0,0.0204649,0.0231342,-8.69043,-8.54096,-8.50281,-8.38215,-8.36138,-8.32867,-8.17242,-8.69043,-8.60126,-8.54096,-8.44553,-8.36095,-8.32867,-8.17242,0.0,0.0,0.0,0.0,0.0,0.0,0.0,0.0,0.0,0.0,0.0,0.0,0.0,0.0,3.71543,3.71424,0.193232,0.177619,0.0,0.0,0.14599,0.157765,0.210821,0.214726,-15.1558,-15.2503,7.71016,7.79039,0.0,0.0,0.537839,0.481165,0.59541,0.54543,3.77657,3.70465,0.202028,0.190904,0.0,0.0,0.156235,0.151363,0.218041,0.210066,-14.8333,-15.2503,7.62484,7.79039,0.0,0.0,0.533575,0.45616,0.591561,0.523503,3.33304,3.47238,3.5152,3.72252,3.76886,3.77657,3.77699,3.33304,3.48525,3.71452,3.76093,3.77026,3.77657,3.77699,0.0,0.0,0.0,0.0,0.0,0.0,0.0,0.0,0.0,0.0,0.0,0.0,0.0,0.0,-15.6193,-15.4201,-15.371,-15.1298,-15.0073,-14.9092,-14.8665,-15.6364,-15.521,-15.4201,-15.2503,-15.0701,-15.0073,-14.8665,0.0,0.0,0.0,0.0,0.0,0.0,0.0,0.0,0.0,0.0,0.0,0.0,0.0,0.0,4.59323,4.48239,4.43595,0.0477921,3.80452,3.98414,4.16274,4.53088,4.68766,4.71023,4.74349,4.59323,3.98414,4.36141,0.0562841,3.7927,3.96837,3.98994,4.5213,4.68766,4.71023,4.7493,13.1054,12.9318,12.8771,0.0562175,12.135,12.3505,12.7139,13.0107,13.1266,13.1994,13.2631,13.0148,12.135,12.7757,0.063688,12.0922,12.2746,12.3534,12.9147,13.065,13.1471,13.2631,5.71455,5.73832,5.81978,0.099432,4.99767,5.03674,5.53242,5.78478,6.0356,6.22935,7.21244,6.30859,5.97285,5.78726,0.0945512,4.81491,5.01724,5.62885,5.79786,6.02291,6.22935,7.05959,12.4241,11.9869,12.179,0.0695503,11.5921,11.6707,11.8524,12.1578,12.4144,12.4774,13.1114,12.4075,12.3525,12.1288,0.0686693,11.3088,11.6257,11.8362,12.1336,12.403,12.4499,12.8936,-9999,-9999
201207,20.045,0.696237,15.834,1.314,0.835125,22.709,4.217,0.612903,21.373,17.411,2.754,23.873,4.997,20.91,0.696237,16.224,1.699,0.835125,23.859,4.887,0.612903,473.349,354.694,0.774194,346.049,352.119,0.774194,347.78,0.696237,352.45,351.294,0.696237,357.671,0.696237,357.083,358.762,0.696237,10.503,0.696237,13.023,12.08,0.696237,101.316,101.285,0.612903,0.0,0.0,0.0,1.69,2.311,0.612903,0.442870614035,0.612903225806,227.409223684,0.612903225806,684.927721491,0.612903225806,32.7370910088,0.612903225806,52.311683114,0.612903225806,419.828688596,0.612903225806,380.057,0.696237,18.059,0.696237,-9999,1.0,198.84,0.68414,-9999,0.738479,26.1189,0.685484,-9999,0.569449,-9999,-9999,18.5806,29.4194,18.5806,28.8065,-8.23575,-8.22736,0.670699,0.672715,0.0473865,0.045447,0.0593665,0.0572066,-8.15063,-8.22581,0.666667,0.672715,0.0479567,0.0455193,0.0598226,0.0572641,-8.20643,-8.20731,0.672009,0.672799,0.00547901,0.00482085,-8.26473,-8.24105,-8.23384,-8.21773,-8.17747,-8.16953,-8.1493,-8.25111,-8.24105,-8.23445,-8.21004,-8.18629,-8.17156,-8.15989,0.676075,0.676747,0.670699,0.676747,0.677419,0.676747,0.674059,0.676747,0.676747,0.666667,0.677419,0.677419,0.666667,0.665995,3.65089,3.64628,0.455664,0.459257,0.808527,0.808527,0.037922,0.0387008,0.102043,0.0938283,-15.2548,-15.2376,8.82574,8.82277,0.587319,0.590656,0.0670436,0.0708237,0.122845,0.102814,3.65705,3.64987,0.427863,0.457479,0.800038,0.808527,0.0386145,0.0381199,0.102303,0.0935902,-15.1258,-15.2374,8.80515,8.82301,0.586207,0.590656,0.0718257,0.0678157,0.125519,0.100766,3.39786,3.48924,3.51269,3.65089,3.67358,3.67871,3.68097,3.39786,3.50754,3.64628,3.66607,3.67634,3.67849,3.68124,0.81362,0.811922,0.811922,0.808527,0.810224,0.81362,0.810224,0.81362,0.811922,0.808527,0.800038,0.81362,0.81362,0.810224,-15.3044,-15.2749,-15.2548,-15.1913,-15.1204,-15.069,-14.9917,-15.2871,-15.2749,-15.2548,-15.2092,-15.166,-15.1258,-15.051,0.592881,0.593993,0.587319,0.586244,0.582907,0.588469,0.590693,0.593993,0.593993,0.587319,0.592881,0.593993,0.586207,0.578458,4.85888,5.03482,4.82112,0.0441005,4.3493,4.50506,4.53615,4.81564,5.07153,5.12858,5.23732,4.85888,4.50506,4.8032,0.05287,4.3275,4.47374,4.5326,4.78016,5.08631,5.17271,5.29706,13.1498,13.2606,13.0282,0.0449989,12.5838,12.6962,12.744,13.0633,13.2406,13.3221,13.4626,13.3798,12.6557,13.0096,0.0543049,12.5582,12.6625,12.7042,13.0449,13.3146,13.4001,13.4914,5.36233,5.45229,5.44097,0.0447057,5.03765,5.06688,5.29244,5.46508,5.55568,5.60531,6.02077,5.57529,5.46508,5.44911,0.0430913,4.82419,5.06188,5.33926,5.47961,5.57529,5.60036,5.93865,12.0073,12.1213,12.1315,0.0422105,11.5692,11.951,12.0061,12.0965,12.1637,12.4382,12.64,12.0489,12.0088,12.0584,0.0459418,11.4055,11.7845,11.9438,12.0634,12.1347,12.3133,12.5139,-9999,-9999
201208,21.611,1.0,17.204,2.271,1.0,24.768,4.911,1.0,21.597,17.726,2.425,24.372,5.005,21.611,1.0,17.204,2.271,1.0,24.768,4.911,1.0,429.234,313.019,0.979167,310.187,313.041,0.979167,356.532,0.977823,355.15,356.456,0.977823,364.251,0.979167,360.043,363.857,0.979167,13.357,1.0,12.957,13.357,1.0,101.216,101.145,0.962366,0.011,0.011,0.0,1.616,2.311,0.963038,0.395530805556,0.952284946237,199.214751583,0.952284946237,614.544503306,0.952284946237,30.7383058519,0.950268817204,48.5546847222,0.952284946237,423.107054361,0.952284946237,388.187,0.952957,17.53,0.977823,-9999,1.0,212.299,0.974462,-9999,0.925624,-5.87137,0.974462,-9999,0.669205,-9999,-9999,20.0645,27.9355,20.0645,27.9355,-7.63191,-7.63302,0.948925,0.948253,0.0403915,0.0405013,0.0751215,0.0657055,-7.62141,-7.62203,0.950269,0.948253,0.0397764,0.0405321,0.0747926,0.0657244,-7.60786,-7.61551,0.937147,0.946287,0.00840998,0.00796934,-7.67712,-7.6634,-7.63986,-7.62629,-7.58786,-7.53673,-7.50357,-7.67371,-7.66921,-7.66153,-7.6295,-7.59334,-7.56573,-7.50357,0.958333,0.958333,0.949597,0.936156,0.915995,0.901882,0.909946,0.959005,0.959005,0.959005,0.929435,0.959677,0.962366,0.909946,4.01594,3.99801,0.647752,0.647766,0.998464,0.998464,0.0363395,0.0373581,0.0421649,0.0413328,-15.5271,-15.5165,10.2137,10.2121,0.912264,0.911317,0.0612091,0.061285,0.116394,0.108001,4.00312,3.9924,0.635193,0.648462,0.998464,0.998464,0.0369962,0.0373192,0.0427322,0.0412977,-15.5004,-15.4944,10.1698,10.2,0.91441,0.911317,0.0602627,0.0615271,0.115899,0.108138,3.96231,3.97682,3.99022,4.00351,4.01594,4.01959,4.04018,3.97651,3.98422,3.99366,4.00331,4.0132,4.01959,4.02682,0.996766,0.991996,0.998464,0.998464,0.998464,0.998464,0.990622,0.998464,0.998464,0.998464,0.998464,0.998464,0.998464,0.987388,-15.5911,-15.5662,-15.5271,-15.5033,-15.4253,-15.3682,-15.3213,-15.5873,-15.5694,-15.5588,-15.5074,-15.4452,-15.3915,-15.3145,0.92857,0.929765,0.912264,0.887638,0.859627,0.85625,0.814643,0.92857,0.92853,0.916756,0.889863,0.931118,0.857444,0.833139,5.24167,5.49099,5.24973,0.03464,4.89498,5.01691,5.10492,5.2029,5.45023,5.56459,5.57661,5.24167,5.03949,5.26529,0.0393622,4.88542,4.95703,5.10382,5.20509,5.52237,5.57013,5.61037,12.9299,13.113,12.8661,0.0373663,12.4866,12.6102,12.6775,12.8621,13.1006,13.1949,13.2071,13.1457,12.6609,12.8732,0.0426539,12.4634,12.5703,12.6637,12.8417,13.1518,13.2025,13.2342,5.75439,6.66499,6.24974,0.0966342,5.34324,5.57812,5.62447,6.15749,6.71594,7.02857,7.07734,6.87149,6.78349,6.45002,0.0921775,5.50967,5.68203,5.83727,6.6117,6.87149,7.03826,7.20564,12.7856,12.804,12.6411,0.0526147,12.216,12.2699,12.2876,12.5708,12.8342,12.9101,13.2608,13.0775,12.9101,12.7324,0.0525958,12.216,12.3347,12.4567,12.7599,12.8587,13.1151,13.2772,-9999,-9999
201209,19.814,1.0,15.587,2.591,1.0,23.538,5.13,1.0,19.42,15.84,2.57,22.569,5.092,19.814,1.0,15.587,2.591,1.0,23.538,5.13,1.0,360.554,254.341,1.0,254.641,254.341,1.0,349.616,1.0,346.394,349.616,1.0,356.036,1.0,350.444,356.036,1.0,11.62,1.0,10.518,11.62,1.0,101.463,101.406,1.0,0.006,0.006,0.0,1.523,1.859,1.0,0.310425694444,1.0,151.719675,1.0,495.254426389,1.0,26.74461513,0.999305555556,39.9530923611,1.0,410.803407639,1.0,409.324,1.0,15.763,1.0,-9999,1.0,137.273,0.993056,-9999,0.652481,1.33105,0.993056,-9999,0.661504,-9999,-9999,22.4667,25.5333,22.4667,23.2667,-4.50155,-4.48343,0.91875,0.927778,0.0298266,0.0292839,0.056047,0.0547644,-4.49339,-4.47794,0.920139,0.927778,0.0302285,0.0294121,0.0562619,0.054833,-4.49605,-4.51542,0.921302,0.931563,0.0102373,0.00873193,-4.61135,-4.56176,-4.54096,-4.49656,-4.47789,-4.46685,-4.37324,-4.61957,-4.56934,-4.56172,-4.50193,-4.48746,-4.47678,-4.41094,0.970139,0.961111,0.948611,0.917361,0.919444,0.892361,0.888889,0.961806,0.961111,0.956944,0.917361,0.939583,0.910417,0.881944,4.16083,4.15748,0.259055,0.273052,0.98643,0.98643,0.025773,0.0258787,0.0451302,0.0445517,-11.7853,-11.7482,8.36811,8.31149,0.85837,0.875524,0.0515582,0.0504821,0.118912,0.0993948,4.19392,4.16049,0.237596,0.274476,0.98643,0.98643,0.0257521,0.0257373,0.0451183,0.0444697,-11.8,-11.7408,8.33524,8.31162,0.861302,0.875524,0.051576,0.0490594,0.11892,0.0986799,4.06063,4.08674,4.09738,4.13793,4.15929,4.16083,4.17029,4.06251,4.08862,4.1167,4.14824,4.16054,4.16115,4.17115,0.997101,0.975318,0.963763,0.969444,0.98643,0.98643,0.98643,0.960732,0.970899,0.997101,0.998551,0.98643,0.98643,0.98643,-11.8931,-11.8811,-11.8414,-11.7592,-11.7239,-11.6668,-11.5201,-11.9053,-11.881,-11.8613,-11.7973,-11.7444,-11.7097,-11.5959,0.946039,0.910717,0.919845,0.869814,0.831811,0.824119,0.792436,0.941928,0.92766,0.931921,0.85196,0.852016,0.825401,0.805957,5.38955,5.68069,5.41955,0.0422792,4.99179,5.10686,5.16603,5.38955,5.65137,5.71283,5.833,5.39854,5.33807,5.45312,0.0439954,4.99888,5.10599,5.16668,5.41007,5.71058,5.7686,5.85829,9.91328,10.1586,9.93517,0.0374717,9.55621,9.68148,9.74372,9.89248,10.1672,10.2125,10.3205,10.2125,9.83146,9.94917,0.0411628,9.49217,9.60929,9.72844,9.91416,10.1947,10.2257,10.3504,7.1671,8.05755,7.39949,0.196286,5.83084,6.07651,6.27119,7.1671,8.25948,8.57795,9.26837,8.86853,8.29979,7.65806,0.200722,5.83084,6.12165,6.31704,8.14858,8.49822,8.86853,9.41073,10.5097,9.94062,9.87525,0.0741653,8.85638,9.52977,9.64313,9.84734,10.242,10.3301,10.5097,10.323,10.0269,9.93418,0.0835298,8.85638,9.59982,9.69618,10.0031,10.2765,10.4107,10.5528,-9999,-9999
201210,17.028,1.0,13.744,2.066,1.0,20.558,3.937,1.0,16.498,14.261,2.086,18.89,3.733,17.028,1.0,13.744,2.066,1.0,20.558,3.937,1.0,279.294,175.873,0.997312,173.723,175.973,0.997312,344.721,1.0,342.874,344.721,1.0,351.943,0.997312,346.586,351.816,0.997312,8.076,1.0,7.635,8.076,1.0,101.609,101.61,1.0,0.873,0.873,0.0,1.673,1.621,1.0,0.280887768817,1.0,95.910921371,1.0,343.445024194,1.0,20.4007739114,0.997311827957,28.419625672,1.0,394.921945565,1.0,440.995,1.0,14.913,1.0,-9999,1.0,77.0481,0.965054,-9999,0.481763,7.42039,0.967742,-9999,0.52538,-9999,-9999,24.8387,23.1613,19.2581,18.6774,-0.80483,-0.813526,0.890457,0.895833,0.0333335,0.0326551,0.0642361,0.0483363,-0.863463,-0.838841,0.880376,0.893145,0.0333026,0.0326616,0.06422,0.0483407,-0.800941,-0.81048,0.862668,0.881888,0.0134962,0.0102483,-0.919722,-0.865857,-0.857606,-0.820134,-0.797054,-0.756036,-0.600536,-0.871967,-0.863463,-0.84487,-0.817947,-0.80483,-0.792187,-0.657608,0.866935,0.87836,0.87836,0.902554,0.924731,0.829973,0.719086,0.84207,0.880376,0.877688,0.891801,0.890457,0.924059,0.74328,4.40877,4.38571,0.3777,0.369582,0.973499,0.972155,0.0355765,0.0372421,0.130454,0.0670126,-6.28631,-6.27961,6.05266,6.01138,0.795858,0.808614,0.0548985,0.0528089,0.106485,0.0942147,4.32667,4.39245,0.392344,0.377861,0.955335,0.972155,0.0364146,0.0358219,0.130685,0.0662339,-6.31396,-6.339,6.03282,6.01062,0.79452,0.802812,0.0532812,0.0522184,0.10566,0.093885,4.25473,4.30351,4.31619,4.34025,4.4004,4.55453,4.86401,4.25067,4.29113,4.31034,4.33063,4.38108,4.40255,4.78313,0.969727,0.953945,0.955335,0.909872,0.972155,0.909872,0.737796,0.969727,0.967146,0.955335,0.967093,0.970914,0.909872,0.754731,-6.44844,-6.39559,-6.35258,-6.29306,-6.23075,-6.2131,-6.18326,-6.41144,-6.34722,-6.30468,-6.28631,-6.21729,-6.19117,-6.10448,0.773721,0.701868,0.710347,0.794456,0.843921,0.823648,0.87764,0.763887,0.738387,0.790429,0.795858,0.825051,0.861639,0.874957,5.22353,5.51385,5.25303,0.0553955,4.73213,4.87655,4.96481,5.19017,5.51285,5.53442,5.90716,5.22353,5.19017,5.37054,0.0632999,4.75968,4.94401,5.0588,5.43627,5.53442,5.68656,6.10623,6.02749,6.35269,6.06391,0.052059,5.52247,5.6996,5.78255,6.02749,6.36111,6.39385,6.50092,6.39275,6.05364,6.17148,0.0567194,5.55674,5.73626,5.8689,6.23078,6.39275,6.43739,6.70202,5.84343,5.51478,5.72719,0.0692141,4.97492,5.18356,5.34398,5.77333,5.97179,6.13185,6.43282,5.70705,5.2899,6.01393,0.15219,5.06687,5.19037,5.58719,5.84769,6.19871,6.31474,7.30837,5.57311,5.98241,5.8075,0.0436904,5.48082,5.5257,5.64333,5.84981,5.98402,6.09618,6.14468,5.89241,5.72578,5.89324,0.0615894,5.48082,5.57536,5.65378,5.87415,6.09618,6.13591,6.36987,-9999,-9999
201211,11.999,1.0,9.273,2.273,1.0,15.553,3.968,1.0,12.291,10.739,2.112,14.32,2.953,11.999,1.0,9.273,2.273,1.0,15.553,3.968,1.0,208.278,111.381,1.0,105.463,111.381,1.0,332.952,1.0,332.505,332.952,1.0,332.32,1.0,335.219,332.32,1.0,3.845,1.0,4.22,3.845,1.0,101.864,101.909,1.0,3.956,3.956,0.0,1.869,1.05,0.997917,0.202742487023,0.997916666667,58.1508104167,1.0,219.515254861,1.0,14.479105899,0.978472222222,17.2134124594,0.990277777778,367.944338889,1.0,458.606,0.977778,10.099,1.0,-9999,1.0,38.4794,0.821528,-9999,0.330404,14.4834,0.915972,-9999,0.457903,-9999,-9999,27.2,20.8,2.33333,1.9,0.189516,0.69971,0.176389,0.317361,0.07369,0.0739561,0.391641,0.387548,-0.0367443,0.661222,0.147222,0.315972,0.0739539,0.0743889,0.39169,0.387631,0.359836,0.454801,0.225573,0.261771,0.0531192,0.0549124,-0.026576,-0.0162013,0.0227957,0.341953,0.732882,0.75309,0.818332,-0.00304448,0.0261949,0.0493506,0.644128,0.748446,0.787046,0.86006,0.147222,0.145833,0.135417,0.1375,0.394444,0.40625,0.363194,0.147222,0.135417,0.135417,0.353472,0.406944,0.373611,0.394444,2.33895,3.12964,0.514192,0.546171,0.166667,0.4,0.086177,0.086177,0.371836,0.34715,-2.60255,-2.49941,4.08357,4.16754,0.191486,0.213781,0.121759,0.116995,0.497024,0.503483,2.28031,3.1303,0.453441,0.546864,0.165432,0.4,0.086177,0.086177,0.371836,0.34715,-3.0255,-2.58523,4.4898,4.1986,0.126335,0.210534,0.118373,0.120471,0.496205,0.504302,2.28031,2.29275,2.33895,2.78634,2.99908,3.01617,3.0816,2.32744,2.36769,2.37541,2.80693,3.00592,3.04026,3.12964,0.165432,0.165432,0.166667,0.16415,0.203704,0.203704,0.4,0.165432,0.165432,0.165432,0.402564,0.402564,0.402564,0.4,-3.12216,-3.05011,-3.01546,-2.94914,-2.1951,-2.08635,-1.95717,-3.08723,-3.0166,-2.99891,-2.49941,-2.0895,-2.0372,-1.95118,0.0564214,0.102597,0.102597,0.0994228,0.336219,0.300649,0.384719,0.0564214,0.126335,0.12785,0.213781,0.300649,0.386306,0.384719,2.49117,2.24965,2.75057,0.0717191,2.24963,2.24967,2.24986,2.92115,3.12449,3.26546,3.2858,2.49117,2.26512,2.6737,0.0677572,2.24963,2.24967,2.24988,2.49117,3.10393,3.1292,3.284,2.41799,1.58843,2.29628,0.0378807,1.5884,2.18554,2.22249,2.339,2.44132,2.47994,2.55034,2.26113,2.30187,2.31386,0.0389296,1.57921,2.18554,2.224,2.32497,2.47417,2.53591,2.59335,2.61427,4.23279,3.07713,0.228475,0.891066,1.52302,1.66289,3.49175,4.33193,4.6769,4.78587,3.89682,4.32664,4.06194,0.475919,0.891066,1.57035,2.01881,3.9295,4.67468,4.78279,7.18382,4.56409,4.78351,3.27807,0.242188,1.18056,1.59992,1.75968,2.44318,4.78351,4.90257,5.04688,4.60511,4.69216,3.87557,0.283511,1.28925,1.65071,1.99852,4.60543,4.89599,5.04686,6.18205,-9999,-9999
201212,8.383,1.0,6.977,1.723,1.0,10.35,2.498,1.0,8.708,7.818,1.616,9.953,1.812,8.383,1.0,6.977,1.723,1.0,10.35,2.498,1.0,174.604,74.732,1.0,72.464,74.732,1.0,316.033,1.0,324.321,316.033,1.0,316.017,1.0,326.247,316.017,1.0,2.328,1.0,2.684,2.328,1.0,101.81,101.856,1.0,5.905,5.905,0.0,2.104,1.67,1.0,0.248571236559,1.0,27.6007043011,1.0,147.050049059,1.0,11.6037287389,0.969086021505,11.200817442,0.986559139785,350.583857527,1.0,422.143,0.999328,8.011,1.0,-9999,1.0,23.6931,0.887769,-9999,0.358181,4.59616,0.883065,-9999,0.397338,-9999,-9999,28.0,20.0,28.0,18.4516,1.63192,1.76134,0.109543,0.119624,0.0195805,0.0195826,0.171271,0.194109,1.62147,1.73813,0.0920699,0.112231,0.0196262,0.0195957,0.171276,0.19411,1.81409,1.86671,0.177554,0.21786,0.0262825,0.027189,1.62008,1.63192,1.67528,1.78258,1.88917,1.97222,2.15803,1.66585,1.72297,1.72695,1.83601,1.9109,2.1092,2.21425,0.0920699,0.109543,0.0920699,0.0893817,0.077957,0.561828,0.292339,0.112231,0.0920699,0.0920699,0.0840054,0.626344,0.403898,0.440188,1.75262,1.9382,0.152138,0.193139,0.00115207,0.00115207,0.0243651,0.0243651,0.161165,0.191134,1.32056,1.36008,1.25328,1.28862,0.26129,0.285484,0.0300245,0.0298223,0.266284,0.350759,1.76521,1.9382,0.0991647,0.193139,0.00115207,0.00115207,0.0243651,0.0243238,0.161165,0.191129,1.27877,1.30639,1.32267,1.3671,0.219355,0.267742,0.0299985,0.0299582,0.266282,0.35077,1.70333,1.76521,1.76521,1.88886,1.98861,2.08383,2.1811,1.58545,1.80195,1.84373,1.91971,2.02219,2.1811,2.21829,0.701613,0.00115207,0.00115207,0.00115207,0.0,0.0,0.419355,0.668203,0.00115207,0.00115207,0.00115207,0.0,0.419355,0.419355,1.27396,1.28547,1.30867,1.36219,1.71199,1.81464,2.01346,1.2972,1.3045,1.32998,1.50461,1.77267,2.00348,2.08028,0.214516,0.219355,0.262903,0.26129,0.301613,0.354839,0.527419,0.219355,0.219355,0.267742,0.187097,0.382258,0.5,0.469355,1.86981,1.57643,2.06353,0.0680617,1.54403,1.56534,1.57539,1.9499,2.45629,2.56901,2.6461,1.86981,1.74223,2.00436,0.0645744,1.53945,1.55035,1.56985,1.86981,2.39491,2.50551,2.63937,0.513149,-0.161699,0.197032,0.046799,-0.200181,-0.165843,-0.100812,0.123954,0.452526,0.547672,0.599899,-0.0735599,0.120759,0.190274,0.0447911,-0.193667,-0.156873,-0.0665737,0.131373,0.397621,0.549369,0.612516,2.30892,3.49262,2.67751,0.187981,0.589181,1.20286,1.45127,2.5428,3.7117,3.76849,4.11235,3.43859,3.9322,3.52361,0.440291,0.589181,1.23006,2.01301,3.55113,3.76847,3.88175,5.13187,3.43453,3.54462,2.18402,0.235673,0.0559988,0.0929948,0.92185,1.65582,3.5757,3.70198,3.80136,3.45901,3.49783,2.7263,0.265677,0.0676379,0.143545,1.21519,3.45937,3.687,3.80135,4.62292,-9999,-9999
201301,6.271,1.0,3.868,2.095,1.0,9.433,3.908,1.0,6.983,5.141,2.477,9.407,3.575,6.271,1.0,3.868,2.095,1.0,9.433,3.908,1.0,191.927,110.944,1.0,115.966,110.944,1.0,293.018,1.0,297.613,293.018,1.0,277.062,1.0,296.969,277.062,1.0,2.741,1.0,3.398,2.741,1.0,102.329,102.337,1.0,0.417,0.417,0.0,1.624,1.26,0.999328,0.17205742393,0.999327956989,46.5423225806,1.0,211.38084207,1.0,18.169813787,0.988575268817,16.5061221285,0.994623655914,339.379752688,1.0,422.502,0.995968,3.976,1.0,-9999,1.0,16.7187,0.863575,-9999,0.3051,22.1865,0.887097,-9999,0.544286,-9999,-9999,27.3226,20.6774,14.8065,11.3548,1.65594,1.71621,0.629704,0.620968,0.0341659,0.0172611,0.173686,0.18467,1.77318,1.7717,0.613575,0.615591,0.0169108,0.0169108,0.17113,0.184638,1.70839,1.71479,0.63162,0.631989,0.0238488,0.0239759,1.4255,1.50822,1.58992,1.71515,1.84522,1.84881,1.87174,1.4255,1.49795,1.60059,1.73058,1.8608,1.86568,1.88012,0.670699,0.65457,0.655914,0.618952,0.616263,0.61828,0.614247,0.670699,0.655914,0.655914,0.620968,0.616263,0.614247,0.612231,1.66438,1.73002,0.117016,0.0671151,0.826506,0.83248,0.02166,0.02166,0.223389,0.223389,1.50658,1.55482,0.63283,0.635062,0.367204,0.339324,0.0247767,0.0247375,0.127795,0.122843,1.73002,1.73002,0.0671151,0.0671151,0.83248,0.83248,0.02166,0.02166,0.223389,0.223389,1.68268,1.67924,0.566635,0.559889,0.321966,0.326805,0.0247375,0.0247375,0.127788,0.122843,1.38277,1.43388,1.58828,1.73002,1.86956,1.87855,1.88937,1.38261,1.43388,1.58674,1.73002,1.86956,1.87855,1.88937,0.827744,0.825354,0.836064,0.83248,0.838411,0.834827,0.838411,0.827744,0.825354,0.836064,0.83248,0.838411,0.834827,0.838411,1.35611,1.4457,1.47007,1.55238,1.67759,1.69644,1.71009,1.35611,1.46175,1.48483,1.58836,1.68711,1.70241,1.7158,0.460676,0.429416,0.429416,0.334485,0.318894,0.320584,0.318894,0.460676,0.434178,0.415438,0.339324,0.325192,0.318894,0.325192,1.75698,1.75813,1.75099,0.0157125,1.58354,1.6108,1.67791,1.75049,1.84309,1.86635,1.87808,1.70137,1.75813,1.75099,0.0157125,1.58354,1.6108,1.67791,1.75049,1.84309,1.86635,1.87808,0.0276141,-0.0135697,0.0362319,0.00947726,-0.0442233,-0.027705,-0.0219076,0.0276141,0.0631287,0.0937878,0.151444,0.0494269,-0.015049,0.042602,0.00937648,-0.0321126,-0.0251193,-0.0109033,0.042422,0.0752754,0.0942221,0.151444,1.70176,1.69847,1.12612,0.0982488,0.557968,0.598479,0.668149,0.791378,1.64981,1.70172,1.70364,1.64981,1.69847,1.12612,0.0982488,0.557968,0.598479,0.668149,0.791378,1.64981,1.70172,1.70364,0.471228,0.530865,0.225521,0.0345181,0.0,2.67319e-05,0.000307244,0.251278,0.42804,0.536716,0.53901,0.291365,0.530865,0.225521,0.0345181,0.0,2.67319e-05,0.000307244,0.251278,0.42804,0.536716,0.53901,-9999,-9999
201302,9.263,1.0,6.085,2.49,1.0,12.969,4.328,1.0,9.032,6.813,2.541,11.622,3.936,9.263,1.0,6.085,2.49,1.0,12.969,4.328,1.0,251.952,165.345,1.0,167.093,165.345,1.0,293.566,1.0,297.582,293.566,1.0,289.707,1.0,296.935,289.707,1.0,4.851,1.0,4.546,4.851,1.0,102.135,102.136,1.0,0.496,0.496,0.0,1.842,1.811,1.0,0.242438244048,1.0,77.2154263393,1.0,313.041279018,1.0,25.4842370777,0.995535714286,23.1658087798,1.0,356.849009673,1.0,417.172,1.0,5.757,1.0,-9999,1.0,14.7333,0.885417,-9999,0.258237,50.9586,0.906994,-9999,0.743591,-9999,-9999,25.8571,22.1429,17.3929,14.1786,1.20061,1.25325,0.699405,0.69494,0.0228782,0.00574227,0.0962281,0.0936452,1.27797,1.27797,0.68378,0.68378,0.00402584,0.00402584,0.0935556,0.0935556,1.2809,1.2811,0.611737,0.611737,0.0152247,0.0152048,1.15571,1.18801,1.19489,1.2519,1.35101,1.37495,1.47692,1.15571,1.18801,1.19489,1.25325,1.35101,1.37495,1.47682,0.700893,0.783482,0.775298,0.69494,0.438244,0.436012,0.247024,0.700893,0.783482,0.775298,0.69494,0.438244,0.436012,0.247024,1.50544,1.56891,0.129365,0.113318,0.82509,0.803112,0.00509907,0.00509907,0.109208,0.109208,0.758769,0.792619,0.565086,0.568123,0.554516,0.571173,0.00595797,0.00595797,0.0576956,0.0575896,1.56891,1.56891,0.113318,0.113318,0.803112,0.803112,0.00509907,0.00509907,0.109208,0.109208,0.845028,0.845028,0.531882,0.531882,0.547226,0.547226,0.00595797,0.00595797,0.0576956,0.0575896,1.3888,1.45251,1.46133,1.56891,1.64923,1.67069,1.89131,1.3888,1.45251,1.46133,1.56891,1.64923,1.67069,1.89131,0.778645,0.914442,0.90779,0.803112,0.597996,0.502147,0.169894,0.778645,0.914442,0.90779,0.803112,0.597996,0.502147,0.169894,0.758769,0.788448,0.797686,0.833568,0.894452,0.903222,0.911465,0.76147,0.788448,0.797686,0.836269,0.894452,0.903009,0.911465,0.554516,0.635315,0.633614,0.609012,0.499513,0.332244,0.370237,0.554516,0.635315,0.633614,0.609012,0.499513,0.332244,0.370237,1.66798,1.67225,1.73759,0.0235118,1.53964,1.58565,1.61343,1.67835,1.88386,1.88569,1.91621,1.58971,1.67225,1.73759,0.0235118,1.53964,1.58565,1.61343,1.67835,1.88386,1.88569,1.91621,0.420125,0.394273,0.456492,0.0172159,0.233777,0.327992,0.404875,0.443182,0.515733,0.539591,0.655973,0.421468,0.394273,0.456686,0.0172062,0.233777,0.327992,0.404875,0.443182,0.515733,0.539591,0.655973,1.79181,1.78835,1.59732,0.108248,0.717341,0.821472,1.05639,1.63014,1.79188,2.01475,2.80286,1.73711,1.78835,1.59732,0.108248,0.717341,0.821472,1.05639,1.63014,1.79188,2.01475,2.80286,0.698475,0.648023,0.500434,0.0431835,0.0,0.186027,0.367542,0.432759,0.665872,0.720689,1.01513,0.432759,0.648023,0.500434,0.0431835,0.0,0.186027,0.367542,0.432759,0.665872,0.720689,1.01513,-9999,-9999
201303,13.504,1.0,10.06,2.228,1.0,16.8,4.184,1.0,13.011,10.687,2.194,15.239,3.83,13.504,1.0,10.06,2.228,1.0,16.8,4.184,1.0,332.67,209.923,1.0,205.859,209.923,1.0,320.684,1.0,326.65,320.684,1.0,322.442,1.0,328.8,322.442,1.0,6.884,1.0,5.717,6.884,1.0,101.883,101.879,1.0,1.022,1.022,0.0,1.717,1.92,0.999328,0.287989547586,0.999327956989,119.68733871,1.0,402.439941532,1.0,28.7769730306,0.997311827957,26.6449112331,0.999327956989,382.861111559,1.0,415.22,1.0,9.38,1.0,-9999,1.0,18.8468,0.97043,-9999,0.276035,74.5629,0.971102,-9999,0.615582,-9999,-9999,23.5161,24.4839,22.8065,23.5484,1.36981,1.3853,0.75,0.744624,0.0139072,0.0137184,0.0467659,0.0467101,1.39829,1.39829,0.741935,0.741935,0.0134306,0.0134306,0.0466264,0.0466264,1.36265,1.36265,0.760064,0.760064,0.00605453,0.00605453,1.29485,1.31247,1.32401,1.36888,1.397,1.40177,1.40753,1.29485,1.31247,1.32401,1.36888,1.397,1.40177,1.40753,0.906586,0.868952,0.931452,0.747984,0.647849,0.68078,0.584005,0.906586,0.868952,0.931452,0.747984,0.647849,0.68078,0.584005,1.86211,1.87326,0.233566,0.237888,0.690388,0.690388,0.0202521,0.020454,0.0447505,0.0448423,0.800782,0.818591,0.795258,0.788163,0.816543,0.806669,0.0193703,0.0196214,0.0645429,0.0646187,1.87326,1.87326,0.237888,0.237888,0.690388,0.690388,0.0191431,0.0191431,0.0442597,0.0442597,0.842772,0.842772,0.785086,0.785086,0.801508,0.801508,0.0174742,0.0174742,0.0639994,0.0639994,1.69954,1.79117,1.81044,1.83438,1.86211,1.87098,1.92424,1.69954,1.79117,1.81044,1.83438,1.86211,1.87098,1.92424,0.978008,0.958261,0.65148,0.670764,0.690388,0.690388,0.530972,0.978008,0.958261,0.65148,0.670764,0.690388,0.690388,0.530972,0.729794,0.755566,0.77006,0.80387,0.844963,0.878701,0.907997,0.729794,0.755566,0.77006,0.80387,0.844963,0.878701,0.907997,0.85695,0.835923,0.819123,0.593567,0.888254,0.744448,0.648077,0.85695,0.835923,0.819123,0.593567,0.888254,0.744448,0.648077,2.00543,2.01229,2.04105,0.0194412,1.88469,1.92068,1.98211,2.00543,2.09548,2.14824,2.1998,2.14327,2.01229,2.04105,0.0194412,1.88469,1.92068,1.98211,2.00543,2.09548,2.14824,2.1998,0.644622,0.613999,0.678396,0.0221142,0.502919,0.5362,0.577759,0.636551,0.772823,0.806366,0.881639,0.644622,0.613999,0.678396,0.0221142,0.502919,0.5362,0.577759,0.636551,0.772823,0.806366,0.881639,1.92032,1.92773,1.88091,0.069588,1.29349,1.38341,1.64756,1.85864,1.95231,2.2229,2.4148,1.84747,1.92773,1.88091,0.069588,1.29349,1.38341,1.64756,1.85864,1.95231,2.2229,2.41479,0.883035,0.710845,0.641544,0.0378883,0.0,0.488969,0.535776,0.666856,0.769361,0.884972,0.915955,0.586754,0.710845,0.641544,0.0378883,0.0,0.488969,0.535776,0.666856,0.769361,0.884972,0.915955,-9999,-9999
201304,16.964,1.0,13.077,2.02,1.0,19.939,4.235,1.0,16.563,13.556,2.214,18.855,4.13,16.964,1.0,13.077,2.02,1.0,19.939,4.235,1.0,410.09,293.114,1.0,282.97,293.114,1.0,327.247,1.0,329.008,327.247,1.0,325.137,1.0,331.385,325.137,1.0,10.994,1.0,10.116,10.994,1.0,101.662,101.649,1.0,0.37,0.37,0.0,2.304,2.933,0.999306,0.472459367612,0.999305555556,177.040636806,1.0,562.251666667,1.0,37.2883886968,0.996527777778,37.0747090278,1.0,404.704984722,1.0,401.105,1.0,12.553,1.0,-9999,1.0,46.87,0.941667,-9999,0.483117,88.5448,0.940278,-9999,0.674978,-9999,-9999,20.9333,27.0667,20.9333,27.0333,1.87667,1.87107,0.899306,0.896528,0.0196736,0.0203175,0.0737814,0.0739557,1.85733,1.85733,0.895833,0.895833,0.0204013,0.0204013,0.0739788,0.0739788,1.87178,1.87178,0.892552,0.892552,0.00845166,0.00845166,1.77424,1.80023,1.84999,1.86461,1.90243,1.94245,1.94546,1.77424,1.80023,1.84999,1.86461,1.90243,1.94245,1.94546,0.861806,0.854861,0.883333,0.897222,0.897917,0.906944,0.918056,0.861806,0.854861,0.883333,0.897222,0.897917,0.906944,0.918056,3.0331,3.02664,0.350944,0.349563,0.968795,0.968795,0.025579,0.0268748,0.0478726,0.0485773,0.875239,0.871373,1.52237,1.5471,0.845642,0.8407,0.0271029,0.0278391,0.153722,0.153853,3.02664,3.02664,0.349563,0.349563,0.968795,0.968795,0.0271358,0.0271358,0.0487222,0.0487222,0.848141,0.848141,1.54456,1.54456,0.839279,0.839279,0.0278443,0.0278443,0.153854,0.153854,2.9888,3.01088,3.01671,3.02664,3.04652,3.09181,3.10768,2.9888,3.01088,3.01671,3.02664,3.04652,3.09181,3.10768,0.960462,0.962128,0.968795,0.968795,0.965541,0.962208,0.96062,0.960462,0.962128,0.968795,0.968795,0.965541,0.962208,0.96062,0.640622,0.694089,0.79293,0.854321,0.948682,0.996716,1.00675,0.640622,0.694089,0.79293,0.854321,0.948682,0.996716,1.00675,0.749695,0.771449,0.821524,0.840473,0.847382,0.864547,0.868071,0.749695,0.771449,0.821524,0.840473,0.847382,0.864547,0.868071,4.0395,4.06623,4.03742,0.0279205,3.68456,3.73492,3.99018,4.05888,4.14838,4.18639,4.28561,4.04274,4.06623,4.03742,0.0279205,3.68456,3.73492,3.99018,4.05888,4.14838,4.18639,4.28561,2.18807,2.2089,2.16564,0.0305135,1.81829,1.87128,2.09828,2.1759,2.29502,2.34747,2.471,2.18807,2.2089,2.16564,0.0305135,1.81829,1.87128,2.09828,2.1759,2.29502,2.34747,2.471,3.53008,3.54272,3.49052,0.0270454,3.19396,3.32484,3.43169,3.50099,3.53689,3.54478,3.85365,3.501,3.54272,3.49052,0.0270454,3.19396,3.32484,3.43169,3.50099,3.53689,3.54478,3.85365,1.34206,1.51651,1.3971,0.0248157,1.06748,1.26037,1.28542,1.39374,1.49419,1.51276,1.66903,1.45226,1.51651,1.3971,0.0248157,1.06748,1.26037,1.28542,1.39374,1.49419,1.51276,1.66903,-9999,-9999
201305,18.866,1.0,14.984,1.833,1.0,21.395,4.082,1.0,18.621,15.135,2.285,20.883,4.274,18.866,1.0,14.984,1.833,1.0,21.395,4.082,1.0,463.423,332.036,1.0,316.952,332.036,1.0,339.926,1.0,340.305,339.926,1.0,339.049,1.0,343.769,339.049,1.0,12.474,1.0,12.006,12.474,1.0,101.535,101.517,1.0,0.231,0.231,0.0,2.048,3.229,1.0,0.492287634409,1.0,212.191083877,0.999327956989,644.035759208,0.999327956989,34.6188619129,0.997311827957,44.3692597885,0.998655913978,413.641809812,1.0,398.694,1.0,14.786,1.0,-9999,1.0,86.3232,0.96707,-9999,0.411559,67.7471,0.969086,-9999,0.610195,-9999,-9999,18.871,29.129,18.871,29.129,-1.08772,-1.10182,0.952285,0.950941,0.0260803,0.0261187,0.0464849,0.0465065,-1.10758,-1.10758,0.950941,0.950941,0.0259673,0.0259673,0.0464216,0.0464216,-1.10434,-1.10434,0.950067,0.950067,0.00526681,0.00526681,-1.15019,-1.14225,-1.13678,-1.10525,-1.08127,-1.06529,-1.05129,-1.15019,-1.14225,-1.13678,-1.10525,-1.08127,-1.06529,-1.05129,0.931452,0.931452,0.946237,0.950941,0.966398,0.953629,0.962366,0.931452,0.931452,0.946237,0.950941,0.966398,0.953629,0.962366,3.47266,3.46783,0.480208,0.475519,0.985484,0.985484,0.0287466,0.0297109,0.0423349,0.0429956,-3.92845,-3.94833,3.69599,3.7141,0.930568,0.928418,0.0368119,0.0365512,0.105531,0.105441,3.46491,3.46491,0.476457,0.476457,0.985484,0.985484,0.0296682,0.0296682,0.042966,0.042966,-3.95589,-3.95589,3.71841,3.71841,0.928418,0.928418,0.036481,0.036481,0.105416,0.105416,3.31438,3.41876,3.42948,3.46458,3.47346,3.48092,3.51504,3.31438,3.41876,3.42948,3.46458,3.47346,3.48092,3.51504,0.996774,0.998387,0.998387,0.985484,0.985484,0.983692,0.983692,0.996774,0.998387,0.998387,0.985484,0.985484,0.983692,0.983692,-4.05516,-4.03673,-4.00794,-3.9525,-3.86194,-3.83892,-3.81914,-4.05516,-4.03673,-4.00794,-3.9525,-3.86194,-3.83892,-3.81914,0.891628,0.897849,0.907834,0.917742,0.935868,0.942627,0.947158,0.891628,0.897849,0.907834,0.917742,0.935868,0.942627,0.947158,4.46273,4.48201,4.41784,0.02489,4.13663,4.19139,4.26281,4.46683,4.52137,4.54124,4.62403,4.47503,4.48201,4.41784,0.02489,4.13663,4.19139,4.26281,4.46683,4.52137,4.54124,4.62403,5.57404,5.58959,5.52217,0.0259029,5.2463,5.30028,5.3457,5.56271,5.58983,5.67587,5.76114,5.57404,5.58959,5.52217,0.0259029,5.2463,5.30028,5.3457,5.56271,5.58983,5.67587,5.76114,4.44063,4.34696,4.36275,0.00702662,4.28584,4.31208,4.33553,4.35646,4.38458,4.41231,4.4416,4.35182,4.34696,4.36275,0.00702662,4.28584,4.31208,4.33553,4.35646,4.38458,4.41231,4.4416,4.98142,5.24205,5.14147,0.0191502,4.9193,4.97594,5.00055,5.17852,5.24123,5.2563,5.29912,5.22813,5.24205,5.14147,0.0191502,4.9193,4.97594,5.00055,5.17852,5.24123,5.2563,5.29912,-9999,-9999
201306,21.313,1.0,17.433,1.969,1.0,23.64,4.182,1.0,21.325,17.628,2.443,23.543,4.56,21.313,1.0,17.433,1.969,1.0,23.64,4.182,1.0,485.468,342.552,1.0,323.239,342.552,1.0,359.861,1.0,359.664,359.861,1.0,365.295,1.0,364.992,365.295,1.0,13.315,1.0,13.393,13.315,1.0,101.223,101.222,1.0,0.224,0.224,0.0,1.965,3.2,0.998611,0.485099556738,0.998611111111,228.586691667,1.0,672.876252778,1.0,30.8825623148,0.997916666667,47.6405236111,1.0,424.932140278,1.0,399.933,1.0,17.155,1.0,-9999,1.0,144.694,0.991667,-9999,0.654713,28.0633,0.993056,-9999,0.661709,-9999,-9999,18.0,30.0,18.0,30.0,-4.1219,-4.1124,0.971528,0.963889,0.0317572,0.0315792,0.0573294,0.057231,-4.07706,-4.07706,0.957639,0.957639,0.0315587,0.0315587,0.0572197,0.0572197,-4.14453,-4.14453,0.964965,0.964965,0.00725069,0.00725069,-4.2565,-4.21071,-4.15277,-4.13019,-4.12126,-4.11525,-4.1075,-4.2565,-4.21071,-4.15277,-4.13019,-4.12126,-4.11525,-4.1075,0.922222,0.949306,0.990278,0.986806,0.956944,0.956944,0.964583,0.922222,0.949306,0.990278,0.986806,0.956944,0.956944,0.964583,4.39861,4.40491,0.512865,0.514257,0.998148,0.998148,0.0361527,0.0360388,0.0467403,0.0466523,-8.99446,-8.9836,6.53009,6.52713,0.955556,0.943333,0.0431326,0.0430758,0.0917785,0.0917518,4.41992,4.41992,0.496938,0.496938,0.988889,0.988889,0.0359823,0.0359823,0.0466086,0.0466086,-8.93811,-8.93811,6.49337,6.49337,0.938889,0.938889,0.0436066,0.0436066,0.0920022,0.0920022,4.35113,4.38496,4.39861,4.41702,4.43315,4.44421,4.44575,4.35113,4.38496,4.39861,4.41702,4.43315,4.44421,4.44575,1.0,1.0,0.998148,0.988889,0.985185,0.987037,0.987037,1.0,1.0,0.998148,0.988889,0.985185,0.987037,0.987037,-9.21571,-9.15286,-9.04807,-9.01251,-8.99918,-8.99083,-8.9768,-9.21571,-9.15286,-9.04807,-9.01251,-8.99918,-8.99083,-8.9768,0.912222,0.926667,0.923333,0.967778,0.972222,0.98,0.944444,0.912222,0.926667,0.923333,0.967778,0.972222,0.98,0.944444,5.56492,5.61733,5.54668,0.0301965,5.18908,5.24455,5.46896,5.57326,5.66318,5.75765,5.79661,5.6412,5.61733,5.54668,0.0301965,5.18908,5.24455,5.46896,5.57326,5.66318,5.75765,5.79661,9.70768,9.69439,9.69121,0.0326384,9.29998,9.3598,9.62903,9.70008,9.79911,9.89554,9.97496,9.70768,9.69439,9.69121,0.0326384,9.29998,9.3598,9.62903,9.70008,9.79911,9.89554,9.97496,6.44866,6.19757,6.30265,0.0349136,5.89858,5.95645,6.20026,6.30177,6.44866,6.52134,6.60027,6.24533,6.19757,6.30265,0.0349136,5.89858,5.95645,6.20026,6.30177,6.44866,6.52134,6.60027,9.70228,9.58726,9.68629,0.0327281,9.50563,9.53943,9.63346,9.708,9.76399,9.77826,9.89717,9.68426,9.58726,9.68629,0.0327281,9.50563,9.53943,9.63346,9.708,9.76399,9.77826,9.89717,-9999,-9999
201307,21.581,1.0,17.336,2.268,1.0,24.251,4.73,1.0,22.47,18.513,2.656,24.96,4.867,21.581,1.0,17.336,2.268,1.0,24.251,4.73,1.0,474.26,346.16,1.0,340.407,346.16,1.0,359.998,1.0,362.11,359.998,1.0,367.996,1.0,367.673,367.996,1.0,12.902,1.0,14.4,12.902,1.0,101.212,101.173,1.0,0.0,0.0,0.0,1.641,2.7,0.999328,0.462614933654,0.999327956989,230.964519489,1.0,672.761383065,1.0,27.8341330788,0.999327956989,48.8368413978,1.0,424.999789651,1.0,397.905,1.0,19.313,1.0,-9999,1.0,189.384,0.999328,-9999,0.756448,3.72039,0.999328,-9999,0.664885,-9999,-9999,18.5484,29.4516,18.5484,29.4516,-5.86378,-5.86074,0.97379,0.969086,0.0495797,0.0495658,0.242961,0.242959,-5.84195,-5.84195,0.967742,0.967742,0.0495072,0.0495072,0.242947,0.242947,-5.84772,-5.84772,0.966734,0.966734,0.0311985,0.0311985,-6.19897,-6.10034,-6.03487,-5.85052,-5.65555,-5.62465,-5.58826,-6.19897,-6.10034,-6.03487,-5.85052,-5.65555,-5.62465,-5.58826,0.991935,0.989247,0.989247,0.969758,0.947581,0.953629,0.933468,0.991935,0.989247,0.989247,0.969758,0.947581,0.953629,0.933468,6.42338,6.39213,0.927264,0.904238,1.0,1.0,0.0589554,0.0583018,0.0647861,0.0641918,-13.2769,-13.253,9.94012,9.91029,0.957953,0.950426,0.0671466,0.0691623,0.363589,0.363966,6.37696,6.37696,0.902769,0.902769,1.0,1.0,0.0579513,0.0579513,0.0638736,0.0638736,-13.2143,-13.2143,9.90378,9.90378,0.948276,0.948276,0.0686551,0.0686551,0.36387,0.36387,6.36117,6.38011,6.38305,6.40776,6.42332,6.43383,6.46491,6.36117,6.38011,6.38305,6.40776,6.42332,6.43383,6.46491,1.0,1.0,1.0,1.0,1.0,1.0,1.0,1.0,1.0,1.0,1.0,1.0,1.0,1.0,-13.7653,-13.6246,-13.5423,-13.2447,-12.9456,-12.9099,-12.8669,-13.7653,-13.6246,-13.5423,-13.2447,-12.9456,-12.9099,-12.8669,0.987097,0.982796,0.982796,0.951502,0.915944,0.846237,0.904004,0.987097,0.982796,0.982796,0.951502,0.915944,0.846237,0.904004,8.06277,8.06595,8.02432,0.0376219,7.55518,7.61856,7.91568,8.06699,8.17407,8.26826,8.30974,8.09867,8.06595,8.02432,0.0376219,7.55518,7.61856,7.91568,8.06699,8.17407,8.26826,8.30974,13.9562,13.9079,13.872,0.0419753,13.3487,13.4447,13.6307,13.9507,14.0268,14.1366,14.2112,13.9562,13.9079,13.872,0.0419753,13.3487,13.4447,13.6307,13.9507,14.0268,14.1366,14.2112,7.80396,8.21503,7.88588,0.0293059,7.58063,7.71072,7.7939,7.86332,7.98183,8.10195,8.13119,7.86332,8.21503,7.88588,0.0293059,7.58063,7.71072,7.7939,7.86332,7.98183,8.10195,8.13119,13.4014,13.8059,13.5106,0.0591793,12.6997,12.979,13.3856,13.5862,13.7894,13.8808,13.9282,13.5173,13.8059,13.5106,0.0591793,12.6997,12.979,13.3856,13.5862,13.7894,13.8808,13.9282,-9999,-9999
201308,20.909,1.0,16.928,1.672,1.0,23.745,4.286,1.0,20.979,17.334,2.421,23.579,4.507,20.909,1.0,16.928,1.672,1.0,23.745,4.286,1.0,431.107,315.494,1.0,307.697,315.494,1.0,356.304,1.0,357.126,356.304,1.0,365.136,1.0,362.21,365.136,1.0,11.054,1.0,11.503,11.054,1.0,101.342,101.314,1.0,0.002,0.002,0.0,1.619,2.563,0.999328,0.461340711508,0.999327956989,203.474858199,1.0,618.386380376,1.0,25.4135342742,0.998655913978,46.5576673387,1.0,420.262231183,1.0,398.333,1.0,18.42,1.0,-9999,1.0,172.314,0.995296,-9999,0.666712,2.77392,0.995296,-9999,0.626645,-9999,-9999,19.9677,28.0323,19.9677,28.0323,-6.83039,-6.88794,0.987231,0.984543,0.0562677,0.055748,0.0845396,0.0841945,-6.88772,-6.88772,0.984543,0.984543,0.0558036,0.0558036,0.0842314,0.0842314,-6.80188,-6.80188,0.979536,0.979536,0.011759,0.011759,-6.8928,-6.88794,-6.86817,-6.80167,-6.77118,-6.76176,-6.70466,-6.8928,-6.88794,-6.86817,-6.80167,-6.77118,-6.76176,-6.70466,0.983199,0.984543,0.977823,0.971774,0.989247,0.969758,0.959005,0.983199,0.984543,0.977823,0.971774,0.989247,0.969758,0.959005,5.4763,5.44659,0.821643,0.800807,0.998464,0.998464,0.060464,0.061792,0.0683163,0.0694944,-15.1642,-15.2383,10.9073,10.9666,0.979492,0.974878,0.0800098,0.0800862,0.112968,0.113022,5.44856,5.44856,0.795944,0.795944,0.998464,0.998464,0.0627814,0.0627814,0.0703756,0.0703756,-15.2394,-15.2394,10.9688,10.9688,0.974878,0.974878,0.0804909,0.0804909,0.113309,0.113309,5.4453,5.44873,5.46557,5.4815,5.50482,5.51232,5.52021,5.4453,5.44873,5.46557,5.4815,5.50482,5.51232,5.52021,0.998464,0.998464,0.998464,1.0,0.998464,0.998464,1.0,0.998464,0.998464,0.998464,1.0,0.998464,0.998464,1.0,-15.247,-15.2379,-15.2257,-15.14,-15.0873,-15.0784,-14.9638,-15.247,-15.2379,-15.2257,-15.14,-15.0873,-15.0784,-14.9638,0.972653,0.974878,0.962361,0.952974,0.98275,0.949475,0.931033,0.972653,0.974878,0.962361,0.952974,0.98275,0.949475,0.931033,6.71534,6.76844,6.77283,0.0340154,6.39463,6.43683,6.71534,6.76104,6.8909,7.02928,7.06785,6.78296,6.76844,6.77283,0.0340154,6.39463,6.43683,6.71534,6.76104,6.8909,7.02928,7.06785,13.6133,13.6562,13.5747,0.03196,13.2651,13.296,13.4092,13.5883,13.6645,13.8263,13.8845,13.6133,13.6562,13.5747,0.03196,13.2651,13.296,13.4092,13.5883,13.6645,13.8263,13.8845,5.25473,5.20655,5.30062,0.0445326,4.91211,4.97987,5.09994,5.245,5.61986,5.66663,5.71968,5.21874,5.20655,5.30062,0.0445326,4.91211,4.97987,5.09994,5.245,5.61986,5.66663,5.71968,12.22,12.4008,12.4323,0.0342099,12.0119,12.2063,12.2959,12.4009,12.6472,12.7044,12.7163,12.2959,12.4008,12.4323,0.0342099,12.0119,12.2063,12.2959,12.4009,12.6472,12.7044,12.7163,-9999,-9999
201309,20.126,1.0,16.705,1.838,1.0,23.133,3.904,1.0,19.694,16.938,2.216,22.095,4.052,20.126,1.0,16.705,1.838,1.0,23.133,3.904,1.0,363.101,242.633,1.0,243.668,242.633,1.0,353.336,1.0,352.987,353.336,1.0,366.377,1.0,357.672,366.377,1.0,11.249,1.0,10.588,11.249,1.0,101.219,101.227,1.0,0.48,0.48,0.0,1.817,2.106,1.0,0.384960416667,1.0,144.450100694,1.0,471.563471528,1.0,21.7185945873,0.989583333333,37.81296875,1.0,412.224554167,1.0,397.245,1.0,17.422,1.0,-9999,1.0,142.667,0.971528,-9999,0.630533,-16.9037,0.971528,-9999,0.692502,-9999,-9999,22.4,25.6,22.4,25.4333,-4.13416,-4.18903,0.940278,0.944444,0.0507746,0.0498603,0.0734575,0.0728286,-4.18831,-4.18831,0.943056,0.943056,0.0496775,0.0496775,0.0727035,0.0727035,-4.19298,-4.19298,0.932917,0.932917,0.00723548,0.00723548,-4.26469,-4.25477,-4.24242,-4.18903,-4.15767,-4.1486,-4.13089,-4.26469,-4.25477,-4.24242,-4.18903,-4.15767,-4.1486,-4.13089,0.909028,0.922917,0.922222,0.944444,0.945833,0.945833,0.895139,0.909028,0.922917,0.922222,0.944444,0.945833,0.945833,0.895139,5.01655,4.98976,0.537788,0.503188,0.982515,0.982515,0.0443606,0.0459159,0.106839,0.107494,-11.8342,-11.9097,8.97758,9.05375,0.902526,0.910112,0.0778655,0.0812586,0.122883,0.125061,4.98807,4.98807,0.503095,0.503095,0.982515,0.982515,0.0460721,0.0460721,0.10756,0.10756,-11.9069,-11.9069,9.04708,9.04708,0.907334,0.907334,0.0803712,0.0803712,0.124486,0.124486,4.75471,4.79875,4.83962,4.89048,4.96993,4.99314,5.0281,4.75471,4.79875,4.83962,4.89048,4.96993,4.99314,5.0281,0.988258,0.984409,0.985798,0.984283,0.987061,0.982515,0.982515,0.988258,0.984409,0.985798,0.984283,0.987061,0.982515,0.982515,-11.9328,-11.9197,-11.9139,-11.8458,-11.8071,-11.7296,-11.6855,-11.9328,-11.9197,-11.9139,-11.8458,-11.8071,-11.7296,-11.6855,0.89233,0.860306,0.907334,0.899748,0.901304,0.903706,0.909475,0.89233,0.860306,0.907334,0.899748,0.901304,0.903706,0.909475,5.78415,5.7626,5.67256,0.0200684,5.40859,5.53238,5.55502,5.67765,5.78103,5.78771,5.83396,5.78548,5.7626,5.67256,0.0200684,5.40859,5.53238,5.55502,5.67765,5.78103,5.78771,5.83396,9.95747,9.95091,9.86553,0.018177,9.65335,9.72155,9.76428,9.9032,9.95329,9.96461,10.0181,9.95747,9.95091,9.86553,0.018177,9.65335,9.72155,9.76428,9.9032,9.95329,9.96461,10.0181,3.74146,3.65468,3.69293,0.0438226,3.40305,3.44857,3.52255,3.62474,3.74146,3.82151,4.35865,3.6813,3.65468,3.69293,0.0438226,3.40305,3.44857,3.52255,3.62474,3.74146,3.82151,4.35865,8.34394,8.40901,8.41707,0.0216895,8.20663,8.29962,8.31859,8.40879,8.45014,8.46938,8.7338,8.3779,8.40901,8.41707,0.0216895,8.20663,8.29962,8.31859,8.40879,8.45014,8.46938,8.7338,-9999,-9999
201310,15.976,1.0,11.877,2.647,1.0,20.345,5.397,1.0,15.865,13.26,2.562,18.641,4.987,15.976,1.0,11.877,2.647,1.0,20.345,5.397,1.0,281.944,189.077,1.0,191.823,189.077,1.0,325.118,1.0,321.0,325.118,1.0,330.138,1.0,322.606,330.138,1.0,10.047,1.0,9.678,10.047,1.0,101.543,101.55,1.0,0.012,0.012,0.0,1.637,1.231,1.0,0.237584005376,1.0,98.4320826613,1.0,357.541168011,1.0,18.0424885753,1.0,30.1271626344,1.0,383.926144489,1.0,418.686,1.0,12.083,1.0,-9999,1.0,86.1072,0.938844,-9999,0.580731,2.1061,0.94422,-9999,0.783582,-9999,-9999,24.7742,23.2258,24.7742,10.7419,-2.48014,-2.58882,0.850806,0.834005,0.0474052,0.0459239,0.240516,0.240228,-2.58108,-2.58108,0.829301,0.829301,0.0457667,0.0457667,0.240198,0.240198,-2.65146,-2.65162,0.832611,0.832611,0.03194,0.0319166,-3.01496,-2.93544,-2.82416,-2.58182,-2.4808,-2.46384,-2.45025,-3.01496,-2.93544,-2.82416,-2.58182,-2.4808,-2.46384,-2.45205,0.761425,0.662634,0.802419,0.829301,0.881048,0.903898,0.854167,0.761425,0.662634,0.802419,0.829301,0.881048,0.903898,0.854167,3.13484,3.11612,0.410946,0.414546,0.965802,0.967146,0.0471971,0.0447503,0.126082,0.125187,-8.24463,-8.43749,6.25581,6.47028,0.729329,0.693447,0.0984909,0.0991741,0.396497,0.394844,3.11612,3.11612,0.414546,0.414546,0.967146,0.967146,0.0464365,0.0464365,0.1258,0.1258,-8.42308,-8.42308,6.48815,6.48815,0.683688,0.683688,0.0989601,0.0989601,0.396614,0.39479,2.80742,2.89919,2.954,3.04215,3.11612,3.13302,3.14171,2.80742,2.89919,2.954,3.04215,3.11612,3.13302,3.14171,0.968706,0.963437,0.955529,0.959454,0.967146,0.967146,0.959351,0.968706,0.963437,0.955529,0.959454,0.967146,0.967146,0.959351,-8.95774,-8.92345,-8.72259,-8.43293,-8.20875,-8.15531,-8.06945,-8.95774,-8.92345,-8.72259,-8.43293,-8.20875,-8.15908,-8.06945,0.562322,0.517797,0.638728,0.703265,0.798886,0.786375,0.845111,0.562322,0.517797,0.638728,0.703265,0.798886,0.786375,0.845111,4.09921,4.05792,3.7561,0.0381598,3.23958,3.46077,3.65895,3.76857,3.88122,3.9831,4.0947,3.98054,4.05792,3.7561,0.0381598,3.23958,3.46077,3.65895,3.76857,3.88122,3.9831,4.0947,6.60676,6.639,6.40772,0.0353919,5.81068,6.15349,6.33038,6.4356,6.58653,6.59439,6.62504,6.60676,6.639,6.40757,0.0353862,5.81068,6.15349,6.33038,6.4356,6.58653,6.59439,6.62504,1.07839,0.550055,2.74621,0.216029,0.54701,1.02478,1.7637,2.66701,3.39412,4.18399,4.37432,2.2701,0.550055,2.74621,0.216029,0.54701,1.02478,1.7637,2.66701,3.39412,4.18399,4.37432,5.05515,3.12256,4.95125,0.184275,3.12263,3.28602,3.64767,5.25908,5.63893,6.01289,6.52785,4.60862,3.12256,4.95125,0.184275,3.12263,3.28602,3.64767,5.25908,5.63893,6.01289,6.52785,-9999,-9999
201311,12.182,1.0,9.158,2.511,1.0,16.124,4.978,1.0,12.805,11.038,2.45,15.114,3.955,12.182,1.0,9.158,2.511,1.0,16.124,4.978,1.0,210.147,122.449,1.0,127.027,122.449,1.0,320.67,1.0,319.895,320.67,1.0,323.975,1.0,321.395,323.975,1.0,6.073,1.0,6.875,6.073,1.0,101.807,101.829,1.0,0.816,0.816,0.0,1.603,0.878,1.0,0.184993055556,1.0,56.8347298611,1.0,232.078327778,1.0,12.9188310112,0.990972222222,19.4929304563,0.995833333333,365.290559722,1.0,435.8,0.990972,8.394,1.0,-9999,1.0,42.4775,0.895833,-9999,0.434058,11.5782,0.895833,-9999,0.741438,-9999,-9999,27.1333,20.8667,9.06667,1.9,-0.440514,-0.459555,0.584028,0.576389,0.0623741,0.061997,0.148501,0.141199,-0.459514,-0.459514,0.576389,0.576389,0.061997,0.061997,0.148343,0.141199,-0.515567,-0.519277,0.590122,0.590122,0.0185521,0.0179305,-0.725344,-0.666296,-0.599924,-0.49207,-0.440514,-0.396762,-0.353168,-0.721536,-0.666296,-0.599924,-0.49207,-0.450438,-0.412575,-0.360301,0.463194,0.459028,0.527778,0.572222,0.584028,0.580556,0.710417,0.463194,0.459028,0.527778,0.572222,0.727083,0.580556,0.710417,2.05235,2.13494,0.471304,0.435477,0.708903,0.701496,0.063967,0.0634161,0.159088,0.158867,-3.62174,-3.7778,3.68174,3.77988,0.420397,0.412063,0.164081,0.165377,0.524443,0.515296,2.13494,2.13494,0.435477,0.435477,0.701496,0.701496,0.0634161,0.0634161,0.158867,0.158867,-3.77771,-3.77771,3.77926,3.77926,0.412063,0.412063,0.165327,0.165327,0.524834,0.515281,1.77517,1.98527,2.06282,2.10101,2.24575,2.2766,2.32978,1.77517,1.98527,2.06282,2.10101,2.24575,2.2766,2.32978,0.910026,0.856553,0.704962,0.701496,0.657051,0.661847,0.665693,0.910026,0.856553,0.704962,0.701496,0.657051,0.661847,0.665693,-4.54718,-4.48404,-4.15264,-3.7778,-3.54973,-3.48781,-3.4765,-4.53879,-4.48404,-4.15264,-3.78379,-3.55767,-3.50796,-3.48102,0.20575,0.192114,0.266385,0.412063,0.553795,0.517439,0.545859,0.20575,0.192114,0.266385,0.404271,0.553795,0.517439,0.628615,2.24468,2.24774,2.20157,0.0231643,1.65314,2.14215,2.15905,2.22413,2.27773,2.30343,2.34525,2.24256,2.24774,2.20157,0.0231643,1.65314,2.14215,2.15905,2.22413,2.27773,2.30343,2.34525,2.74638,2.70725,2.72085,0.0323675,2.19131,2.56034,2.57639,2.69013,2.83991,3.00692,3.02105,2.73056,2.70725,2.71714,0.0326621,2.18982,2.55983,2.56718,2.67644,2.83991,3.009,3.02105,1.67242,1.58775,2.37844,0.122185,0.834837,1.60752,1.67242,2.37016,2.84445,3.02804,3.77082,2.59644,1.58775,2.37844,0.122185,0.834837,1.60752,1.67242,2.37016,2.84445,3.02804,3.77082,3.48999,1.69754,2.95277,0.171386,1.67274,1.71731,2.14374,2.33055,4.13977,4.27695,4.65933,3.66826,1.69754,2.95277,0.171386,1.67274,1.71731,2.14374,2.33055,4.13977,4.27695,4.65933,-9999,-9999
201312,6.644,1.0,3.612,2.902,1.0,10.887,5.258,1.0,7.208,5.196,3.004,10.026,4.36,6.644,1.0,3.612,2.902,1.0,10.887,5.258,1.0,174.917,107.771,1.0,113.337,107.771,1.0,289.208,1.0,289.999,289.208,1.0,284.127,1.0,288.622,284.127,1.0,4.219,1.0,5.056,4.219,1.0,102.188,102.232,1.0,0.402,0.402,0.0,1.754,0.854,0.999328,0.153315202471,0.999327956989,38.4299717742,1.0,202.082515457,1.0,16.6727750658,0.999327956989,19.8372412634,1.0,337.048633737,1.0,441.995,1.0,3.473,1.0,-9999,1.0,22.8045,0.909946,-9999,0.203608,24.9409,0.919355,-9999,0.499361,-9999,-9999,28.0,20.0,0.0,0.0,1.00961,0.593276,0.589382,0.578629,-9999,-9999,-9999,-9999,0.654648,0.593276,0.578629,0.578629,-9999,-9999,-9999,-9999,0.79383,0.64597,0.582308,0.582325,0.0455438,0.0337897,0.358205,0.391561,0.609716,0.661883,1.06119,1.10017,1.12836,0.312558,0.365253,0.547703,0.604567,0.694856,0.954613,0.985093,0.560484,0.560484,0.573253,0.578629,0.597446,0.591398,0.600134,0.560484,0.560484,0.573253,0.578629,0.597446,0.600134,0.590054,1.2596,1.30301,0.388461,0.361969,0.753456,0.752304,-9999,-9999,-9999,-9999,0.571521,-0.452116,1.58041,2.11091,0.359677,0.335484,-9999,-9999,-9999,-9999,1.30301,1.30301,0.361969,0.361969,0.752304,0.752304,-9999,-9999,-9999,-9999,-0.310177,-0.452116,2.07156,2.11091,0.335484,0.335484,-9999,-9999,-9999,-9999,1.24523,1.24523,1.25038,1.28181,1.29703,1.30301,1.30301,1.23146,1.24062,1.24344,1.26679,1.29396,1.30301,1.30301,0.751152,0.751152,0.737327,0.747696,0.735023,0.752304,0.752304,0.737327,0.753456,0.737327,0.747696,0.751152,0.752304,0.752304,-0.980316,-0.837735,-0.399762,-0.293445,0.695695,0.77237,0.807698,-1.02045,-0.966799,-0.476617,-0.426002,-0.154613,0.434281,0.477944,0.293548,0.293548,0.335484,0.335484,0.379032,0.387097,0.393548,0.293548,0.293548,0.324194,0.335484,0.379032,0.393548,0.387097,0.991895,0.972904,0.958063,0.008657,0.855342,0.891997,0.947108,0.959146,0.984132,1.02177,1.02974,0.957106,0.972904,0.958063,0.008657,0.855342,0.891997,0.947108,0.959146,0.984132,1.02177,1.02974,0.404211,0.379629,0.312093,0.031169,-0.00275856,0.0438771,0.259574,0.310404,0.425173,0.442662,0.587898,-0.0145914,0.318257,0.164233,0.0432446,-0.150797,-0.138598,-0.101343,0.193951,0.362513,0.415398,0.578351,1.59824,1.87195,1.70442,0.0981899,0.717309,0.848444,1.12741,1.71262,1.96299,2.20078,2.53398,1.89818,1.87195,1.70442,0.0981899,0.717309,0.848444,1.12741,1.71262,1.96299,2.20078,2.53398,3.38092,0.73099,2.10509,0.255816,0.222794,0.266233,0.634242,1.18352,3.86296,3.94486,4.31526,3.61161,0.73099,2.10509,0.255816,0.222794,0.266233,0.634242,1.18352,3.86296,3.94486,4.31526,-9999,-9999
201401,9.744,1.0,6.711,2.857,1.0,13.748,5.32,1.0,10.714,8.679,3.108,13.396,4.704,9.744,1.0,6.711,2.857,1.0,13.748,5.32,1.0,191.927,116.964,1.0,115.302,116.964,1.0,306.039,1.0,309.136,306.039,1.0,295.962,1.0,309.601,295.962,1.0,5.089,1.0,7.222,5.089,1.0,102.169,102.188,0.999328,0.478,0.478,0.0,1.607,1.011,1.0,0.154886424731,1.0,47.2128409117,0.999327956989,215.713361044,0.999327956989,18.092132717,0.997983870968,20.0335739676,0.999327956989,353.967355639,0.999327956989,433.923,1.0,3.855,1.0,-9999,1.0,14.4888,0.888441,-9999,0.294523,33.8968,0.889113,-9999,0.562413,-9999,-9999,27.3226,20.6774,0.0,0.0,1.76737,1.50609,0.574597,0.514113,-9999,-9999,-9999,-9999,1.62993,1.50609,0.514113,0.514113,-9999,-9999,-9999,-9999,1.59341,1.51056,0.518767,0.455393,0.0234182,0.0222982,1.2388,1.43471,1.54398,1.61772,1.71177,1.71988,1.76737,1.20786,1.24935,1.4657,1.50813,1.61891,1.64713,1.68482,0.319892,0.323925,0.323925,0.693548,0.506048,0.638441,0.574597,0.274866,0.319892,0.323925,0.514113,0.514113,0.576613,0.574597,1.61783,1.61839,0.111845,0.115617,0.834443,0.823733,-9999,-9999,-9999,-9999,1.80663,1.21123,1.21857,1.61047,0.231567,0.104071,-9999,-9999,-9999,-9999,1.61839,1.61839,0.115617,0.115617,0.823733,0.823733,-9999,-9999,-9999,-9999,1.49043,1.21123,1.4809,1.61047,0.104071,0.104071,-9999,-9999,-9999,-9999,1.48547,1.51621,1.54392,1.61783,1.61839,1.64244,1.64429,1.51762,1.5864,1.60333,1.61512,1.63208,1.64244,1.64749,0.825994,0.815284,0.824757,0.834443,0.823733,0.519073,0.519073,0.835637,0.823733,0.833248,0.82369,0.519073,0.519073,0.519073,0.600624,1.01673,1.2776,1.52384,1.74745,1.79045,1.80722,0.592229,0.609481,1.08042,1.21503,1.48836,1.63888,1.64729,0.0518433,0.0610599,0.104071,0.104071,0.404531,0.236329,0.231567,0.0518433,0.0421659,0.0610599,0.0748848,0.104071,0.236329,0.231567,1.85741,1.85763,1.80278,0.0207714,1.51145,1.62304,1.68932,1.85687,1.85779,1.85823,1.89445,1.50864,1.85692,1.69066,0.0308697,1.4319,1.45052,1.47727,1.65407,1.85755,1.85781,1.85927,0.361566,0.351534,0.292261,0.0361405,-0.139328,-0.0617814,0.234763,0.342459,0.386662,0.431685,0.607211,-0.139584,0.22699,0.097242,0.0471536,-0.252318,-0.209242,-0.174919,0.182685,0.313685,0.322917,0.454079,2.26361,2.27663,2.63345,0.0965593,2.05272,2.13244,2.15482,2.27663,2.85398,3.31618,3.91441,2.26415,2.05272,2.25253,0.126703,0.86819,0.917417,1.88821,2.21184,2.58427,2.8843,3.699,1.04302,0.0,0.420806,0.0856779,0.0,0.0,0.0,0.0,0.966923,1.00573,1.49545,0.0,0.0,0.266428,0.0761594,0.0,0.0,0.0,0.0,0.000231859,0.966923,1.04302,-9999,-9999
201402,11.872,1.0,10.115,1.652,1.0,13.899,2.777,1.0,10.761,9.202,1.783,12.56,2.547,11.872,1.0,10.115,1.652,1.0,13.899,2.777,1.0,251.952,122.248,1.0,119.519,122.248,1.0,327.421,1.0,332.2,327.421,1.0,331.837,1.0,334.884,331.837,1.0,4.061,1.0,3.322,4.061,1.0,101.783,101.787,1.0,5.65,5.65,0.0,2.023,2.17,0.999256,0.240753181991,0.998511904762,60.9876599702,1.0,236.063340774,1.0,16.4846145379,0.967261904762,16.0615210909,0.991071428571,371.255653274,1.0,415.631,1.0,8.448,1.0,-9999,1.0,20.9477,0.948661,-9999,0.32583,23.6115,0.949405,-9999,0.461049,-9999,-9999,25.8571,22.1429,21.3929,18.1786,2.09147,2.04449,0.620536,0.525298,0.0281167,0.0289238,0.0948671,0.102768,2.12865,2.04449,0.546131,0.525298,0.0288977,0.0289238,0.0951015,0.102768,2.06964,2.01853,0.5875,0.482068,0.0224858,0.0216013,1.64478,1.98933,2.03398,2.0904,2.15492,2.17054,2.22047,1.64478,1.92258,2.00371,2.05103,2.08616,2.1198,2.13784,0.209077,0.730655,0.515625,0.620536,0.749256,0.791667,0.869048,0.209077,0.333333,0.360119,0.384673,0.412946,0.535714,0.543899,1.74695,1.64748,0.183556,0.30633,0.819615,0.69766,0.0378737,0.0378737,0.089534,0.118885,2.32256,2.3427,0.832461,0.848624,0.388847,0.327744,0.0410455,0.0410455,0.100238,0.184933,1.80745,1.64748,0.29363,0.30633,0.703209,0.69766,0.0378737,0.0378737,0.089534,0.118885,2.33106,2.3427,0.83373,0.848624,0.36614,0.327744,0.0410858,0.0411668,0.100255,0.18496,1.28379,1.64519,1.64748,1.73773,1.79962,1.80745,1.8231,1.28858,1.57221,1.64748,1.68236,1.76731,1.79759,1.79759,0.271429,0.69766,0.69766,0.971868,0.971868,0.703209,0.971868,0.271429,0.960602,0.69766,0.578187,0.578187,0.703209,0.703209,1.92132,2.27208,2.31631,2.33449,2.42375,2.45497,2.5232,1.92132,2.00029,2.29668,2.31071,2.3427,2.36093,2.38467,0.0404433,0.141624,0.388847,0.36614,0.488102,0.580392,0.751475,0.0404433,0.0614833,0.388847,0.32929,0.327744,0.361482,0.232039,1.95778,1.95737,1.90392,0.0269533,1.44477,1.73271,1.80114,1.95737,1.98377,1.98713,2.01031,1.59035,1.98377,1.84987,0.0267506,1.44477,1.69404,1.73282,1.85847,1.95778,1.98377,1.99079,-0.0413055,-0.0871168,-0.114652,0.0315322,-0.362845,-0.348215,-0.209278,-0.129745,-0.0818888,-0.0436363,0.0877341,-0.357586,-0.144884,-0.219772,0.0327807,-0.435704,-0.409146,-0.381376,-0.213208,-0.126672,-0.0894748,-0.0370055,2.34669,2.36019,2.84767,0.119494,2.12806,2.21071,2.23391,2.36019,3.31417,3.72362,4.38393,2.34726,2.12806,2.61272,0.11249,1.80651,1.93923,2.21067,2.34669,2.67913,3.34444,4.01402,1.05036,0.0,0.426151,0.0867786,0.0,0.0,0.0,0.0,0.982401,1.01886,1.5166,0.0,0.0,0.277322,0.0765453,0.0,0.0,0.0,0.0,0.161873,0.982401,1.05036,-9999,-9999
201403,14.477,1.0,11.938,1.674,1.0,16.878,3.312,1.0,13.41,11.199,1.886,15.507,3.293,14.477,1.0,11.938,1.674,1.0,16.878,3.312,1.0,332.67,189.33,1.0,183.765,189.33,1.0,328.289,1.0,331.152,328.289,1.0,333.489,1.0,333.735,333.489,1.0,6.839,1.0,5.548,6.839,1.0,101.827,101.823,1.0,2.15,2.15,0.0,1.927,1.934,0.999328,0.224468142302,0.999327956989,105.095264785,1.0,323.612165105,0.676747311828,23.8750332197,0.98185483871,23.3036269577,0.998655913978,387.586827957,1.0,416.713,1.0,11.107,1.0,-9999,1.0,33.0958,0.939516,-9999,0.439381,51.2923,0.942204,-9999,0.735761,-9999,-9999,23.5161,24.4839,23.5161,22.4194,2.58026,2.40426,0.774866,0.744624,0.0157754,0.0208751,0.222663,0.227767,2.48246,2.40426,0.754704,0.744624,0.0155027,0.0208751,0.222644,0.227767,2.44538,2.36236,0.732544,0.679335,0.0287525,0.0277033,2.10644,2.1673,2.29111,2.48527,2.59873,2.61151,2.62242,2.08937,2.12464,2.17672,2.40426,2.48246,2.57826,2.58072,0.515457,0.387097,0.693548,0.754032,0.850134,0.803763,0.795699,0.511425,0.544355,0.420027,0.744624,0.754704,0.773522,0.77621,2.20706,2.11394,0.229126,0.155493,0.9114,0.904836,0.0281451,0.0252009,0.0581463,0.0608245,2.7663,2.52596,1.07087,1.15843,0.643455,0.590836,0.0284718,0.024556,0.403368,0.392392,2.21167,2.11394,0.230406,0.155493,0.9114,0.904836,0.0213214,0.0281451,0.0551674,0.0621022,2.58031,2.52596,1.06593,1.15843,0.604525,0.590836,0.0208985,0.0287321,0.402905,0.392675,2.08391,2.1099,2.11467,2.16146,2.20706,2.21167,2.23096,2.08117,2.10095,2.1099,2.11726,2.20706,2.21167,2.25341,0.708212,0.9114,0.904836,0.949703,0.9114,0.9114,0.520666,0.708212,0.793383,0.9114,0.706921,0.9114,0.9114,0.934904,1.9661,2.0414,2.29761,2.59697,2.8066,2.84613,2.87213,1.91798,1.97862,2.0902,2.52596,2.59697,2.76187,2.76675,0.262046,0.410239,0.491046,0.592239,0.667939,0.748143,0.731831,0.323025,0.286448,0.417242,0.590836,0.592239,0.648616,0.643455,2.20136,2.20018,2.2582,0.0189656,2.14714,2.16092,2.19714,2.21707,2.29549,2.29873,2.52564,2.50638,2.29549,2.31254,0.020066,2.14784,2.19547,2.20576,2.29549,2.43089,2.44408,2.50638,-0.181751,-0.204081,-0.104366,0.0285819,-0.282875,-0.270796,-0.231755,-0.185259,-0.0592712,0.0534672,0.129148,-0.281486,-0.186964,-0.132839,0.0233719,-0.281773,-0.27303,-0.214586,-0.172462,-0.0990296,-0.058572,0.0915167,2.4922,2.51057,3.21245,0.157664,2.30646,2.32521,2.41235,2.51057,4.29186,4.34143,5.07929,2.49268,2.30646,3.01811,0.134699,2.31767,2.33937,2.44546,2.53576,3.09106,4.29415,4.44605,1.37321,0.0,0.564158,0.11356,0.0,0.0,0.0,0.0,1.24001,1.38697,1.90076,0.0,0.0,0.356614,0.100928,0.0,0.0,0.0,0.0,0.00889862,1.26354,1.43108,-9999,-9999
201404,16.172,1.0,12.685,1.943,1.0,18.872,3.983,1.0,15.311,12.303,2.3,17.639,3.997,16.172,1.0,12.685,1.943,1.0,18.872,3.983,1.0,410.09,267.832,1.0,271.036,267.832,1.0,334.289,1.0,331.133,334.289,1.0,338.555,1.0,333.715,338.555,1.0,8.557,1.0,7.649,8.557,1.0,101.64,101.643,1.0,0.988,0.988,0.0,1.807,2.219,1.0,0.332354166667,1.0,170.054061806,1.0,521.958983333,1.0,29.1661011088,0.993055555556,31.2448678487,0.999305555556,399.52314375,1.0,411.805,1.0,12.1,1.0,-9999,1.0,55.5477,0.952778,-9999,0.566845,80.1232,0.952778,-9999,0.567927,-9999,-9999,20.9333,27.0667,20.9333,27.0667,2.07012,2.01345,0.90625,0.898611,0.0195104,0.019543,0.0763169,0.0763662,2.08782,2.01345,0.899306,0.898611,0.0197422,0.019543,0.0763765,0.0763662,2.06122,2.09201,0.890781,0.872639,0.0105048,0.0094729,1.96569,1.99689,2.00447,2.0495,2.09791,2.14445,2.17887,2.01169,2.0277,2.04838,2.07456,2.14445,2.17535,2.17924,0.936806,0.922222,0.921528,0.899306,0.9,0.859028,0.799306,0.897917,0.898611,0.9,0.904861,0.859028,0.76875,0.782639,3.31865,3.25854,0.319936,0.280789,0.995455,0.995455,0.0235634,0.0236096,0.0929954,0.0951113,0.993805,0.945782,1.52473,1.54235,0.83413,0.821035,0.0278465,0.0263967,0.0632074,0.0686235,3.34433,3.25854,0.308334,0.280789,0.995455,0.995455,0.0234171,0.0235634,0.0929585,0.0950998,1.00424,0.945782,1.52238,1.54235,0.821964,0.821035,0.028465,0.0279873,0.0634823,0.0692509,3.20673,3.2134,3.22325,3.30375,3.34433,3.39332,3.44177,3.24862,3.25029,3.26716,3.32871,3.39784,3.43456,3.45126,0.987352,0.989019,0.989019,0.995455,0.995455,0.951515,0.948261,0.995455,0.995455,0.995455,0.995455,0.951515,0.863413,0.863413,0.902776,0.939294,0.952849,0.980369,1.01457,1.05278,1.10165,0.94278,0.952849,0.980369,1.00351,1.05327,1.07954,1.10773,0.895452,0.865341,0.815951,0.817331,0.822053,0.782197,0.778721,0.819801,0.815951,0.817331,0.821964,0.782197,0.763241,0.698511,3.72795,3.72488,3.76566,0.00625244,3.71291,3.72373,3.72795,3.75476,3.8002,3.80398,3.81268,3.7465,3.84755,3.73974,0.00869278,3.6595,3.67408,3.6885,3.73338,3.76468,3.80127,3.84098,1.69453,1.71143,1.67296,0.00826654,1.57562,1.60361,1.62869,1.68198,1.71393,1.71718,1.73663,1.69076,1.75973,1.67852,0.00759279,1.5919,1.61599,1.6629,1.68403,1.71183,1.72344,1.73114,3.64716,3.87853,3.99829,0.0690074,3.53874,3.57158,3.6241,3.81834,4.34902,4.40687,4.71972,3.59484,3.63941,3.86719,0.069324,3.49575,3.55239,3.56536,3.65955,4.07366,4.36384,4.61831,1.92457,1.63397,1.69335,0.0347945,1.44043,1.45073,1.50549,1.6035,1.92457,1.96546,2.01558,1.45734,1.49853,1.64236,0.0330311,1.44043,1.47006,1.5062,1.5356,1.65577,1.92508,2.01558,-9999,-9999
201405,19.633,1.0,15.552,1.761,1.0,22.272,4.201,1.0,19.15,15.602,2.41,21.431,4.467,19.633,1.0,15.552,1.761,1.0,22.272,4.201,1.0,463.423,334.695,1.0,329.799,334.695,1.0,340.927,1.0,338.489,340.927,1.0,342.379,1.0,341.778,342.379,1.0,13.775,1.0,12.673,13.775,1.0,101.532,101.529,1.0,0.045,0.045,0.0,2.049,2.884,1.0,0.447331317204,1.0,215.256403226,1.0,649.865716398,1.0,31.470125672,1.0,41.6220557796,1.0,416.883045699,1.0,405.381,1.0,14.166,1.0,-9999,1.0,103.019,0.975134,-9999,0.509634,60.0391,0.975134,-9999,0.582368,-9999,-9999,18.871,29.129,18.871,29.129,-0.277086,-0.260114,0.962366,0.949597,0.0222877,0.0210928,0.0597834,0.0331415,-0.283761,-0.259569,0.954973,0.949597,0.0221313,0.0210765,0.0597252,0.0331311,-0.288792,-0.258507,0.956804,0.951378,0.0077392,0.00415753,-0.391225,-0.351767,-0.330294,-0.278378,-0.259619,-0.24082,-0.225458,-0.303593,-0.282224,-0.277086,-0.260114,-0.246272,-0.231099,-0.222021,0.969086,0.967742,0.967742,0.963038,0.946909,0.948253,0.942204,0.96707,0.959005,0.962366,0.949597,0.948925,0.946237,0.942204,4.35439,4.34833,0.427534,0.378552,1.0,0.996604,0.0240251,0.0239393,0.0480804,0.024843,-3.21175,-3.18099,3.77705,3.79165,0.937028,0.918182,0.029983,0.0292251,0.0685613,0.047058,4.33693,4.34973,0.409069,0.377708,0.996604,0.996604,0.0248899,0.0239354,0.0485183,0.0248393,-3.21067,-3.18099,3.77106,3.79165,0.927051,0.918182,0.0312255,0.0296593,0.0691137,0.0473289,4.21685,4.26886,4.30618,4.34317,4.34762,4.35215,4.35439,4.33661,4.34054,4.34254,4.34693,4.35005,4.35382,4.35505,0.996774,0.998387,0.998387,0.996604,0.996604,0.996604,1.0,1.0,0.996604,0.996604,0.996604,0.996604,0.996604,0.996604,-3.30037,-3.27398,-3.26461,-3.20781,-3.17463,-3.15067,-3.12705,-3.24257,-3.21164,-3.20948,-3.1812,-3.15371,-3.13787,-3.12439,0.950461,0.947084,0.947121,0.933731,0.915991,0.912842,0.905043,0.944894,0.93814,0.933691,0.918182,0.917143,0.912842,0.906081,5.03057,5.02605,5.0411,0.00412388,5.00278,5.00796,5.01489,5.04062,5.05875,5.07608,5.08279,5.0367,5.04077,5.01094,0.0102136,4.85981,4.91655,4.98767,5.02365,5.05198,5.07158,5.08319,5.27068,5.28562,5.29981,0.00596739,5.25,5.25719,5.27232,5.30018,5.32407,5.34751,5.35587,5.35446,5.32453,5.29974,0.00577136,5.23846,5.25403,5.26967,5.30513,5.32453,5.34311,5.35585,5.48711,5.63374,5.45229,0.0315401,5.20105,5.23941,5.33535,5.41434,5.48711,5.63516,5.84291,5.49478,5.46776,5.36408,0.0325123,5.15586,5.18247,5.20105,5.32129,5.45944,5.49478,5.84291,5.35908,5.55457,5.43998,0.018059,5.2887,5.33051,5.35348,5.39832,5.49699,5.55433,5.62678,5.48746,5.49623,5.41006,0.01602,5.27991,5.33731,5.34559,5.36896,5.47375,5.49623,5.62678,-9999,-9999
201406,21.533,1.0,17.175,2.208,1.0,24.148,4.614,1.0,21.393,17.228,2.747,23.892,5.081,21.533,1.0,17.175,2.208,1.0,24.148,4.614,1.0,485.468,363.136,1.0,355.609,363.136,1.0,353.126,1.0,348.517,353.126,1.0,358.6,1.0,352.772,358.6,1.0,14.862,1.0,14.393,14.862,1.0,101.065,101.079,1.0,0.0,0.0,0.0,1.878,2.676,1.0,0.440813888889,1.0,241.2802875,1.0,711.6958,1.0,32.9458354167,1.0,47.2452722222,1.0,426.27565625,1.0,401.674,1.0,16.239,1.0,-9999,1.0,146.119,0.994444,-9999,0.635899,41.3259,0.994444,-9999,0.642075,-9999,-9999,18.0,30.0,18.0,30.0,-3.09271,-3.08117,0.988889,0.98125,0.0328232,0.0319466,0.0598919,0.0432881,-3.08231,-3.0821,0.986806,0.98125,0.0326542,0.0319714,0.0597994,0.0433064,-3.10315,-3.07154,0.983368,0.978403,0.00861274,0.00634953,-3.19761,-3.16396,-3.16222,-3.09271,-3.0742,-3.06376,-3.02804,-3.12291,-3.09546,-3.09326,-3.08231,-3.06833,-3.03704,-3.02161,0.99375,0.992361,0.992361,0.988889,0.978472,0.973611,0.972222,0.992361,0.983333,0.986111,0.986806,0.974306,0.965278,0.957639,4.93976,4.93729,0.519668,0.477717,1.0,0.998148,0.0315599,0.0309871,0.053797,0.0329086,-7.7323,-7.71303,6.20782,6.18183,0.982222,0.971111,0.0459787,0.0446158,0.0682861,0.0629707,4.94338,4.94256,0.49857,0.474025,0.998148,0.998148,0.0320272,0.0310002,0.0540725,0.032921,-7.71844,-7.71763,6.18895,6.18734,0.98,0.971111,0.046536,0.0456508,0.0686626,0.0637083,4.83095,4.8607,4.86587,4.93668,4.94575,4.94784,4.95802,4.90986,4.93346,4.93668,4.94256,4.94639,4.95562,4.95816,1.0,1.0,1.0,0.998148,0.992593,0.998148,0.998148,1.0,0.998148,0.998148,0.998148,0.998148,0.988889,0.998148,-7.82877,-7.79628,-7.79435,-7.7323,-7.71303,-7.6953,-7.63492,-7.76093,-7.73819,-7.73234,-7.71809,-7.70575,-7.64932,-7.61088,0.99,0.987778,0.987778,0.982222,0.971111,0.958889,0.956667,0.987778,0.974444,0.982222,0.98,0.96,0.956667,0.938889,5.63454,5.63432,5.68664,0.0113676,5.6084,5.63454,5.63916,5.65526,5.7172,5.79298,5.82994,5.74014,5.83088,5.66306,0.0134074,5.52539,5.5877,5.60582,5.64108,5.7172,5.74801,5.82616,8.70271,8.71643,8.75776,0.014072,8.63001,8.70271,8.70835,8.7188,8.79581,8.88858,8.91223,8.90009,8.91319,8.76621,0.0119523,8.67072,8.69742,8.71571,8.74264,8.79581,8.87799,8.9106,6.28155,6.36684,6.40671,0.0174327,6.30336,6.32153,6.33025,6.36654,6.42386,6.56481,6.65536,6.30233,6.33026,6.37877,0.0143445,6.28159,6.31575,6.32944,6.3486,6.37966,6.44876,6.57004,9.03517,8.9633,9.00736,0.0110376,8.92181,8.94553,8.9537,8.97481,9.03517,9.09894,9.14331,8.93831,8.95645,9.00168,0.00878133,8.92181,8.95093,8.96374,8.98564,9.02292,9.05651,9.11943,-9999,-9999
201407,22.018,1.0,17.94,1.884,1.0,24.581,4.545,1.0,22.846,18.983,2.523,25.276,4.669,22.018,1.0,17.94,1.884,1.0,24.581,4.545,1.0,474.26,328.804,1.0,337.227,328.804,1.0,370.424,1.0,366.538,370.424,1.0,376.895,1.0,372.528,376.895,1.0,13.366,1.0,14.836,13.366,1.0,101.349,101.331,1.0,0.0,0.0,0.0,1.718,2.589,1.0,0.458950268817,1.0,222.059375572,0.999327956989,657.409085349,1.0,29.1849950955,0.997983870968,45.4379704301,1.0,429.769398522,1.0,391.143,1.0,17.861,1.0,-9999,1.0,157.851,0.99664,-9999,0.617663,24.1002,0.99664,-9999,0.597659,-9999,-9999,18.5484,29.4516,18.5484,29.4516,-5.56034,-5.55221,0.965054,0.960349,0.0359221,0.034916,0.0448307,0.0409715,-5.58775,-5.55301,0.960349,0.960349,0.0359844,0.034931,0.0448807,0.0409843,-5.56358,-5.55066,0.967389,0.957762,0.00471525,0.00312899,-5.63678,-5.58978,-5.57638,-5.56264,-5.54826,-5.53614,-5.52201,-5.5843,-5.56931,-5.56565,-5.55311,-5.52913,-5.52643,-5.52097,0.991263,0.960349,0.962366,0.959677,0.950269,0.952285,0.950269,0.961022,0.961022,0.962366,0.960349,0.951613,0.950941,0.955645,4.74438,4.78485,0.614182,0.578444,1.0,1.0,0.0369535,0.0366844,0.0680833,0.0777211,-11.7266,-11.7414,8.96025,8.96896,0.942714,0.935447,0.050193,0.0493265,0.0593037,0.0537371,4.745,4.78485,0.593282,0.578444,1.0,1.0,0.0374895,0.0367916,0.0683758,0.0777717,-11.7706,-11.7427,8.92881,8.96979,0.935113,0.935447,0.0513469,0.0497273,0.0602834,0.0541052,4.68748,4.73329,4.74049,4.76209,4.81699,4.84766,4.88395,4.73329,4.74135,4.74652,4.81043,4.84766,4.87839,4.88423,1.0,1.0,1.0,1.0,0.998208,1.0,0.998208,1.0,1.0,1.0,1.0,1.0,0.998208,0.99651,-11.8064,-11.792,-11.7687,-11.7557,-11.7414,-11.7288,-11.7246,-11.792,-11.7739,-11.7663,-11.7541,-11.7422,-11.7313,-11.7253,0.985688,0.923433,0.934297,0.920356,0.935447,0.976826,0.942677,0.923433,0.919169,0.920319,0.936225,0.935447,0.918168,0.924694,5.51521,5.51329,5.55399,0.0129738,5.4281,5.45243,5.47117,5.54817,5.61003,5.64796,5.68335,5.43063,5.45533,5.50086,0.0167599,5.32178,5.39295,5.42458,5.47117,5.57769,5.59608,5.68335,11.0582,11.0663,11.1043,0.0104808,10.9895,11.0294,11.0422,11.0969,11.1384,11.1868,11.2073,11.0476,11.0431,11.0644,0.012933,10.9492,10.9876,10.9895,11.0422,11.1138,11.1453,11.2054,6.59048,5.79918,5.90145,0.129385,4.82147,4.91989,4.94843,5.82646,6.45364,6.52087,6.94175,6.61358,5.04672,5.57336,0.139393,4.73943,4.77893,4.85001,4.94833,6.26533,6.47773,6.94175,10.8262,10.9646,10.9392,0.0646013,10.4154,10.4916,10.5304,10.8978,11.3187,11.3788,11.6653,11.444,10.4434,10.8048,0.0709539,10.3875,10.4269,10.4872,10.5409,11.0451,11.3384,11.6653,-9999,-9999
201408,20.995,1.0,16.962,1.745,1.0,23.884,4.439,1.0,21.64,18.025,2.305,24.227,4.449,20.995,1.0,16.962,1.745,1.0,23.884,4.439,1.0,431.107,291.031,1.0,302.616,291.031,1.0,362.757,1.0,361.13,362.757,1.0,373.719,1.0,366.599,373.719,1.0,11.471,1.0,12.479,11.471,1.0,101.28,101.271,1.0,0.0,0.0,0.0,1.612,2.232,1.0,0.419748655914,1.0,187.135733871,1.0,575.445142473,1.0,25.7808463023,0.997983870968,42.2937688172,1.0,423.029946909,1.0,388.014,1.0,17.769,1.0,-9999,1.0,147.98,0.999328,-9999,0.655321,17.2595,0.999328,-9999,0.59464,-9999,-9999,20.0,28.0,20.0,28.0,-5.16129,-5.20542,0.966398,0.956317,0.043591,0.0407194,0.07604,0.0667915,-5.22892,-5.18123,0.958333,0.954973,0.0425564,0.0406046,0.0754517,0.0667216,-5.18912,-5.15803,0.960719,0.94879,0.00971161,0.00902631,-5.28077,-5.25262,-5.23355,-5.20419,-5.16159,-5.12801,-5.10075,-5.22892,-5.21294,-5.20542,-5.17288,-5.12672,-5.10705,-5.05568,0.991935,0.984543,0.977823,0.974462,0.940188,0.938844,0.929435,0.958333,0.959677,0.956317,0.955645,0.93078,0.925403,0.918683,4.92694,4.93494,0.494257,0.455033,0.998387,0.998387,0.0336115,0.0336813,0.0663929,0.0423433,-12.0484,-12.1313,9.60162,9.65079,0.943123,0.926532,0.0620688,0.0594979,0.0897674,0.0915238,4.92955,4.94017,0.468215,0.453415,0.998387,0.998387,0.0339609,0.0335452,0.0665704,0.0422352,-12.1616,-12.0955,9.67531,9.62319,0.929576,0.924143,0.065984,0.0626519,0.0925178,0.0936048,4.82294,4.84341,4.89493,4.92665,4.93494,4.95792,4.98991,4.91085,4.92306,4.92642,4.93216,4.95792,4.97439,5.01492,1.0,1.0,1.0,0.998387,0.998387,0.998387,0.984882,0.998387,0.998387,0.986418,0.998387,0.998387,0.984882,0.97478,-12.1766,-12.1457,-12.1399,-12.108,-12.054,-12.016,-11.9731,-12.1608,-12.1374,-12.1206,-12.0806,-12.0149,-11.9983,-11.9458,0.929576,0.985663,0.974996,0.956545,0.907952,0.886243,0.890943,0.929576,0.932292,0.956545,0.929909,0.88962,0.905605,0.879649,5.71887,5.7164,5.75007,0.0074958,5.68652,5.70956,5.71512,5.73368,5.76987,5.8143,5.84462,5.6862,5.73351,5.70729,0.0127255,5.56403,5.58853,5.65422,5.71512,5.74119,5.78237,5.83976,10.9048,10.8976,10.9082,0.00706963,10.8429,10.8567,10.8742,10.9126,10.9343,10.9525,10.9696,10.9381,10.9624,10.8964,0.00652438,10.8295,10.8472,10.8581,10.9021,10.9198,10.9381,10.9609,5.1094,5.43386,5.19689,0.075692,4.45557,4.63854,4.84922,5.10374,5.56635,5.70992,5.93442,5.11441,5.072,5.11376,0.0647245,4.53009,4.67667,4.78775,5.09105,5.27715,5.56625,5.90815,9.9779,10.4467,10.2328,0.0394186,9.80542,9.94268,10.0845,10.1832,10.4307,10.5206,10.6581,10.3104,10.1708,10.2352,0.0345848,9.89357,10.0228,10.0602,10.2148,10.4018,10.432,10.5579,-9999,-9999
201409,20.472,1.0,16.703,1.726,1.0,23.734,4.562,1.0,20.538,17.375,2.257,23.274,4.259,20.472,1.0,16.703,1.726,1.0,23.734,4.562,1.0,363.101,240.976,1.0,250.049,240.976,1.0,359.617,1.0,357.27,359.617,1.0,372.613,1.0,362.367,372.613,1.0,10.92,1.0,11.081,10.92,1.0,101.121,101.126,1.0,0.036,0.036,0.0,1.595,1.764,0.864583,0.341227220696,0.852777777778,145.697549306,1.0,473.2377375,1.0,21.514333222,0.989583333333,35.2509291667,1.0,418.178951389,1.0,403.129,0.996528,17.07,1.0,-9999,1.0,123.233,0.984028,-9999,0.625616,7.06383,0.984028,-9999,0.619787,-9999,-9999,22.3667,25.6333,22.3667,25.6333,-2.8633,-2.90218,0.929861,0.90625,0.0412516,0.039459,0.071764,0.0587924,-2.86468,-2.89027,0.921528,0.904167,0.0399838,0.0395276,0.0710427,0.0588385,-2.87764,-2.85196,0.915243,0.899306,0.00810515,0.00634851,-2.96717,-2.93545,-2.91327,-2.87786,-2.84862,-2.818,-2.7994,-2.90646,-2.89174,-2.88142,-2.85983,-2.82313,-2.80457,-2.79001,0.963889,0.945833,0.94375,0.927778,0.920139,0.875694,0.865972,0.941667,0.904167,0.892361,0.871528,0.879167,0.867361,0.861806,4.90032,4.86178,0.516507,0.43748,0.992929,0.981944,0.0404215,0.0422514,0.0927632,0.0626211,-9.40253,-9.43774,7.83565,8.12663,0.87373,0.839554,0.0630715,0.0581079,0.10924,0.119779,4.91287,4.87008,0.500164,0.437213,0.992929,0.981944,0.0397383,0.041011,0.0924675,0.061791,-9.41614,-9.42385,7.97821,8.12215,0.857906,0.835708,0.0632721,0.061701,0.109356,0.121562,4.67826,4.72081,4.78042,4.82382,4.86696,4.8878,4.91133,4.78763,4.80788,4.81908,4.85393,4.8878,4.90032,4.91771,0.998485,0.994318,0.992929,0.982937,0.981944,0.992929,0.992929,0.980159,0.992929,0.975992,0.981944,0.992929,0.992929,0.994444,-9.43826,-9.41754,-9.40589,-9.38305,-9.31119,-9.23915,-9.21718,-9.43774,-9.42727,-9.41614,-9.39053,-9.22779,-9.21779,-9.20539,0.878965,0.838331,0.866892,0.850297,0.781094,0.796075,0.790009,0.839554,0.863094,0.857906,0.858013,0.760652,0.759726,0.807182,5.4856,5.49378,5.60051,0.0347781,5.3691,5.403,5.42402,5.46484,5.88808,5.90336,5.91421,5.77476,5.89968,5.56561,0.0322147,5.33262,5.40263,5.40823,5.48674,5.77476,5.88973,5.91009,8.32739,8.38405,8.45247,0.0379663,8.16914,8.20716,8.23546,8.35336,8.75198,8.76878,8.78091,8.78091,8.76436,8.44325,0.0328428,8.19264,8.23082,8.28503,8.36062,8.68342,8.75892,8.78091,4.45203,4.45957,4.5316,0.0778734,3.80577,3.87086,4.02665,4.45203,5.00182,5.06996,5.11211,4.44886,4.29921,4.21051,0.0988579,3.28962,3.39425,3.73785,4.02665,4.90339,5.00105,5.07143,7.72338,7.51595,7.48962,0.0431423,7.11905,7.1702,7.23332,7.50811,7.72338,7.74136,7.82136,7.52659,7.35376,7.32051,0.0535389,6.801,6.94754,7.07139,7.27101,7.5996,7.71993,7.80063,-9999,-9999
201410,18.276,1.0,14.602,2.237,1.0,22.161,5.054,1.0,18.103,15.616,2.191,20.732,4.336,18.276,1.0,14.602,2.237,1.0,22.161,5.054,1.0,281.944,170.503,1.0,176.747,170.503,1.0,348.419,1.0,343.508,348.419,1.0,362.204,1.0,347.281,362.204,1.0,10.318,1.0,9.992,10.318,1.0,101.452,101.493,1.0,0.686,0.686,0.0,1.746,1.0,1.0,0.195747311828,1.0,93.1290389785,1.0,331.512233199,1.0,15.9351318326,0.985887096774,23.5434226369,0.996639784946,400.878605511,1.0,425.172,1.0,15.147,1.0,-9999,1.0,79.0868,0.948253,-9999,0.495501,5.59091,0.949597,-9999,0.648554,-9999,-9999,24.7742,23.2258,24.7742,15.9677,-0.966,-1.01872,0.780242,0.726478,0.0335926,0.0329597,0.0918698,0.0684082,-0.955987,-1.01373,0.776882,0.724462,0.0335696,0.0330097,0.0918613,0.0684323,-1.05149,-1.02707,0.745497,0.711038,0.0112458,0.00961416,-1.14888,-1.13766,-1.12124,-1.05085,-0.977141,-0.966645,-0.956781,-1.15709,-1.08695,-1.06874,-1.02386,-0.978414,-0.96706,-0.956246,0.836694,0.821909,0.810484,0.801075,0.775538,0.676747,0.777554,0.581317,0.802419,0.572581,0.710349,0.777554,0.77621,0.776882,3.92654,3.97496,0.417929,0.384517,0.884156,0.822014,0.0307936,0.0325603,0.134756,0.0806164,-6.06131,-6.2254,6.48514,6.60598,0.670109,0.621967,0.0732111,0.074513,0.180059,0.243638,3.9987,3.97496,0.395425,0.384517,0.882812,0.822014,0.0305904,0.0312279,0.13471,0.0800875,-6.12144,-6.21449,6.56022,6.6466,0.663878,0.61811,0.0675292,0.0769429,0.177824,0.244392,3.65817,3.78837,3.83217,3.92953,3.9987,4.05075,4.14887,3.86906,3.92535,3.92953,3.97496,4.05075,4.07285,4.15347,0.888321,0.886017,0.887361,0.822014,0.882812,0.813945,0.700831,0.884156,0.884156,0.822014,0.822014,0.813945,0.804537,0.700831,-6.5911,-6.45044,-6.28156,-6.21895,-6.14956,-6.12144,-6.05804,-6.66308,-6.55349,-6.28647,-6.21444,-6.15395,-6.08956,-6.05804,0.466424,0.492419,0.72909,0.57742,0.523142,0.663878,0.670109,0.451289,0.474776,0.501594,0.61811,0.663878,0.663878,0.670109,4.39352,4.41285,4.52291,0.0190296,4.36116,4.36732,4.3754,4.53255,4.63028,4.63765,4.6732,4.49126,4.63765,4.43568,0.029737,4.00086,4.2319,4.29543,4.41454,4.62208,4.63765,4.69263,5.38869,5.42658,5.54972,0.020692,5.38503,5.4009,5.42484,5.54293,5.60655,5.70064,5.80951,5.55567,5.59364,5.48718,0.0252646,5.1667,5.37023,5.38869,5.43326,5.57929,5.62597,5.80699,5.4469,5.32744,4.83157,0.131968,2.88054,3.37032,4.60275,5.22282,5.35292,5.38944,5.45314,5.42775,5.22257,4.47784,0.146886,2.90037,3.40392,3.45893,4.65948,5.30523,5.38709,5.45314,5.6653,5.79499,5.64956,0.0492907,5.04799,5.37814,5.46097,5.66015,5.75303,5.80024,6.42825,5.74654,5.57258,5.4091,0.0720081,4.72759,4.79515,4.90061,5.57206,5.67517,5.71366,5.84191,-9999,-9999
201411,12.221,1.0,9.78,1.893,1.0,15.389,4.23,1.0,12.851,11.258,1.991,14.922,3.151,12.221,1.0,9.78,1.893,1.0,15.389,4.23,1.0,210.147,106.343,1.0,109.017,106.343,1.0,336.721,1.0,333.107,336.721,1.0,336.683,1.0,335.878,336.683,1.0,4.286,1.0,5.026,4.286,1.0,101.951,101.988,1.0,1.223,1.223,0.0,1.443,0.641,1.0,0.132475,1.0,57.3939361111,1.0,209.9229125,1.0,10.5145986171,0.974305555556,14.1016934404,0.991666666667,370.43500625,1.0,437.606,0.999306,11.975,1.0,-9999,1.0,40.6583,0.877778,-9999,0.482099,15.2855,0.886111,-9999,0.56061,-9999,-9999,27.1333,20.8667,1.9,0.333333,1.68183,1.70204,0.422917,0.364583,0.110039,0.110016,0.22452,0.356594,1.6676,1.70918,0.418056,0.364583,0.102668,0.110016,0.221001,0.356594,1.5839,1.51435,0.418229,0.376111,0.0356348,0.040271,0.996909,1.34102,1.57667,1.6676,1.70531,1.73243,1.75285,0.995243,1.02436,1.33157,1.66566,1.69172,1.70276,1.7276,0.309722,0.33125,0.356944,0.418056,0.364583,0.445139,0.522917,0.309722,0.309722,0.33125,0.418056,0.399306,0.445833,0.397917,3.84945,4.11414,0.301961,0.301686,0.519278,0.516809,0.107378,0.114948,0.199025,0.195371,-1.26031,-1.54527,2.88477,3.51069,0.300649,0.171212,0.254524,0.274321,0.676166,0.946496,3.85156,4.11414,0.297071,0.301686,0.519278,0.516809,0.107378,0.114948,0.199025,0.195371,-1.29354,-1.52951,2.91082,3.50667,0.289899,0.171212,0.254524,0.274321,0.676166,0.946496,3.7828,3.81427,3.84405,3.87458,4.11414,4.14942,4.16809,3.84405,3.84945,3.85156,4.11414,4.14942,4.1654,4.16809,0.59321,0.59321,0.520513,0.616762,0.516809,0.516809,0.518044,0.520513,0.519278,0.519278,0.516809,0.516809,0.516809,0.518044,-3.16608,-2.40475,-1.82354,-1.29398,-1.26031,-1.15188,-1.0255,-3.16907,-3.10528,-2.42503,-1.54527,-1.29398,-1.29354,-1.26001,0.0455267,0.096176,0.154185,0.289899,0.300649,0.433766,0.433694,0.0455267,0.0455267,0.096176,0.171212,0.289899,0.289899,0.300649,4.18964,4.19007,4.11239,0.0205143,3.92535,3.94351,3.94481,4.19007,4.21236,4.23691,4.23909,3.97928,3.94533,4.04836,0.0234448,3.85936,3.87387,3.92534,3.96703,4.19188,4.21236,4.23861,2.46428,2.48089,2.59816,0.0549188,2.22244,2.27497,2.27793,2.48477,2.85282,2.93353,3.24,2.27785,2.27773,2.46446,0.0533085,2.1659,2.19357,2.20736,2.27773,2.5925,2.85208,3.24,3.70913,3.67461,4.9284,0.410576,2.09015,2.58662,3.38341,3.70913,7.28346,8.99867,9.00019,3.70913,8.99867,4.2805,0.395765,1.7496,2.28283,2.5393,3.47521,3.80799,8.99657,9.00019,3.48829,3.41715,3.93861,0.124968,3.08105,3.31153,3.4208,3.4883,4.73023,5.07141,5.07263,3.27502,5.07141,3.37401,0.176651,1.73654,2.01887,2.27031,3.44754,3.75434,5.0711,5.07262,-9999,-9999
201412,10.395,1.0,9.343,1.04,1.0,11.868,2.014,1.0,11.019,10.187,1.505,12.185,1.58,10.395,1.0,9.343,1.04,1.0,11.868,2.014,1.0,174.917,63.63,0.99328,67.751,63.986,0.99328,340.376,0.991935,340.016,340.439,0.991935,334.784,0.99328,343.452,334.927,0.99328,2.134,1.0,2.823,2.134,1.0,101.932,101.938,0.967742,7.23,7.23,0.0,2.204,1.31,0.968414,0.201607590061,0.968413978495,31.0508340236,0.967741935484,129.377975086,0.967741935484,8.10115564477,0.913978494624,8.6555825719,0.951612903226,364.742453284,0.967741935484,424.536,0.989919,11.56,0.991935,-9999,1.0,21.9641,0.895161,-9999,0.805252,5.21068,0.893145,-9999,0.437939,-9999,-9999,28.0,20.0,0.0,0.0,2.61724,2.61527,0.341398,0.340726,-9999,-9999,-9999,-9999,2.61414,2.62381,0.341398,0.340726,-9999,-9999,-9999,-9999,2.45651,2.38606,0.332728,0.326411,0.0466503,0.0508398,1.67214,2.22665,2.28673,2.57967,2.61724,2.62412,2.6868,1.67214,1.80336,2.23845,2.57967,2.61474,2.61724,2.62524,0.297715,0.30578,0.30578,0.340726,0.341398,0.340726,0.350134,0.297715,0.297715,0.30578,0.340726,0.341398,0.341398,0.341398,2.99945,3.02359,0.117386,0.136854,0.456221,0.456221,-9999,-9999,-9999,-9999,1.85379,1.81546,2.92108,2.98608,0.180645,0.179032,-9999,-9999,-9999,-9999,2.99945,3.02359,0.117386,0.136854,0.456221,0.456221,-9999,-9999,-9999,-9999,1.84663,1.83519,2.93352,2.9779,0.180645,0.179032,-9999,-9999,-9999,-9999,2.94927,2.94927,2.96804,2.99945,3.02359,3.02359,3.02915,2.99931,2.99945,2.99945,3.02172,3.02359,3.02359,3.02915,0.457373,0.457373,0.457373,0.456221,0.456221,0.456221,0.455069,0.456221,0.456221,0.456221,0.456221,0.456221,0.456221,0.455069,-0.373565,0.919582,1.05823,1.80883,1.84405,1.85379,2.0592,-0.373565,-0.070094,0.946891,1.73312,1.84013,1.84405,1.84803,0.0774194,0.0951613,0.0951613,0.179032,0.180645,0.180645,0.2,0.0774194,0.0774194,0.0951613,0.179032,0.180645,0.180645,0.180645,3.2278,3.22822,3.20345,0.00586771,3.15269,3.15385,3.15484,3.22822,3.22995,3.23211,3.23506,3.17756,3.15463,3.17971,0.00784651,3.09259,3.10605,3.15313,3.15737,3.22898,3.23044,3.23349,0.604005,0.604416,0.817386,0.0543684,0.535887,0.540092,0.541846,0.604416,0.975414,1.0091,1.52649,0.539664,0.54049,0.723194,0.0510643,0.418572,0.53545,0.537505,0.577898,0.94104,1.00523,1.52649,3.52481,3.46245,4.6583,0.404021,1.90784,2.40151,3.07133,3.31597,6.94587,8.67827,8.67827,3.52481,8.67827,4.12571,0.378441,1.79829,2.34101,2.63083,3.18973,3.564,8.67827,8.67827,2.21313,2.16309,2.78578,0.130713,2.08509,2.13253,2.1774,2.25044,3.21937,4.0702,4.0702,2.0872,4.0702,2.31344,0.17188,0.235351,1.45867,1.69382,2.17724,2.98823,4.0702,4.0702,-9999,-9999
